model,jammer_mode,train_seed,episode,epsilon,return,collisions,collision_rate,switches,switch_rate,steps,mean_td_mse,updates
no_polynomial,sweeping,1,0,1.0,78.30000000000001,7,0.07,82,0.82,100,0.11895195143045606,37
no_polynomial,sweeping,1,1,0.9090909090909091,68.69999999999996,12,0.12,82,0.82,100,0.025136806862428786,137
no_polynomial,sweeping,1,2,0.8333333333333334,70.09999999999998,11,0.11,86,0.86,100,0.0287584647256881,237
no_polynomial,sweeping,1,3,0.7692307692307692,72.19999999999999,10,0.1,88,0.88,100,0.015101419105194509,337
no_polynomial,sweeping,1,4,0.7142857142857143,70.59999999999997,11,0.11,85,0.85,100,0.008151793787255883,437
no_polynomial,sweeping,1,5,0.6666666666666666,82.40000000000002,5,0.05,79,0.79,100,0.005992733761668205,537
no_polynomial,sweeping,1,6,0.625,76.70000000000002,8,0.08,80,0.8,100,0.0032711818919051437,637
no_polynomial,sweeping,1,7,0.5882352941176471,75.4,9,0.09,74,0.74,100,0.0031115396099630744,737
no_polynomial,sweeping,1,8,0.5555555555555556,74.9,9,0.09,79,0.79,100,0.005051091153873131,837
no_polynomial,sweeping,1,9,0.5263157894736842,81.10000000000004,6,0.06,75,0.75,100,0.004001645583193749,937
no_polynomial,sweeping,1,10,0.5,77.70000000000002,8,0.08,70,0.7,100,0.003972062700195238,1037
no_polynomial,sweeping,1,11,0.47619047619047616,69.59999999999998,12,0.12,74,0.74,100,0.003245744799496606,1137
no_polynomial,sweeping,1,12,0.45454545454545453,81.00000000000003,6,0.06,75,0.75,100,0.005468642385676503,1237
no_polynomial,sweeping,1,13,0.4347826086956522,73.6,10,0.1,74,0.74,100,0.0036339674599003046,1337
no_polynomial,sweeping,1,14,0.4166666666666667,89.30000000000008,2,0.02,69,0.69,100,0.0059849815350025894,1437
no_polynomial,sweeping,1,15,0.4,83.50000000000004,5,0.05,69,0.69,100,0.004666432982776314,1537
no_polynomial,sweeping,1,16,0.3846153846153846,86.80000000000005,3,0.03,75,0.75,100,0.004689891131129116,1637
no_polynomial,sweeping,1,17,0.37037037037037035,83.30000000000005,5,0.05,72,0.72,100,0.008728328035213053,1737
no_polynomial,sweeping,1,18,0.35714285714285715,87.10000000000004,3,0.03,72,0.72,100,0.006253740647807717,1837
no_polynomial,sweeping,1,19,0.3448275862068966,91.40000000000008,1,0.01,67,0.67,100,0.0061679876944981515,1937
no_polynomial,sweeping,1,20,0.3333333333333333,93.50000000000006,0,0.0,65,0.65,100,0.008657491239719093,2037
no_polynomial,sweeping,1,21,0.3225806451612903,80.00000000000001,7,0.07,66,0.66,100,0.006303928587585688,2137
no_polynomial,sweeping,1,22,0.3125,84.90000000000002,5,0.05,55,0.55,100,0.006195818590931594,2237
no_polynomial,sweeping,1,23,0.30303030303030304,74.19999999999999,10,0.1,68,0.68,100,0.005455614430829882,2337
no_polynomial,sweeping,1,24,0.29411764705882354,87.70000000000006,3,0.03,66,0.66,100,0.006164166750386358,2437
no_polynomial,sweeping,1,25,0.2857142857142857,89.8000000000001,2,0.02,64,0.64,100,0.006081706914119423,2537
no_polynomial,sweeping,1,26,0.2777777777777778,79.90000000000003,7,0.07,67,0.67,100,0.007247049564030022,2637
no_polynomial,sweeping,1,27,0.27027027027027023,86.10000000000008,4,0.04,63,0.63,100,0.006375145751517266,2737
no_polynomial,sweeping,1,28,0.2631578947368421,89.60000000000005,2,0.02,66,0.66,100,0.007262612951453775,2837
no_polynomial,sweeping,1,29,0.25641025641025644,93.90000000000006,0,0.0,61,0.61,100,0.0055957444640807805,2937
no_polynomial,sweeping,1,30,0.25,79.00000000000003,8,0.08,58,0.58,100,0.005338837422896176,3037
no_polynomial,sweeping,1,31,0.24390243902439027,92.80000000000005,1,0.01,53,0.53,100,0.004181892802007496,3137
no_polynomial,sweeping,1,32,0.23809523809523808,88.70000000000003,3,0.03,56,0.56,100,0.005842397739179432,3237
no_polynomial,sweeping,1,33,0.23255813953488372,84.80000000000004,5,0.05,55,0.55,100,0.0056443971046246585,3337
no_polynomial,sweeping,1,34,0.22727272727272727,92.30000000000007,1,0.01,58,0.58,100,0.005195200243033469,3437
no_polynomial,sweeping,1,35,0.2222222222222222,84.80000000000001,5,0.05,57,0.57,100,0.007679925777483732,3537
no_polynomial,sweeping,1,36,0.2173913043478261,84.70000000000003,5,0.05,57,0.57,100,0.005429263230180368,3637
no_polynomial,sweeping,1,37,0.2127659574468085,86.00000000000004,4,0.04,63,0.63,100,0.005536120578180998,3737
no_polynomial,sweeping,1,38,0.20833333333333334,87.00000000000006,3,0.03,73,0.73,100,0.005792984280269593,3837
no_polynomial,sweeping,1,39,0.2040816326530612,88.50000000000006,3,0.03,57,0.57,100,0.005943132853135466,3937
no_polynomial,sweeping,1,40,0.2,90.70000000000006,2,0.02,55,0.55,100,0.006215167276095599,4037
no_polynomial,sweeping,1,41,0.19607843137254904,90.90000000000009,2,0.02,53,0.53,100,0.006568576819263399,4137
no_polynomial,sweeping,1,42,0.1923076923076923,89.50000000000006,2,0.02,67,0.67,100,0.007938115473371,4237
no_polynomial,sweeping,1,43,0.18867924528301888,90.70000000000005,2,0.02,55,0.55,100,0.00632223687833175,4337
no_polynomial,sweeping,1,44,0.18518518518518517,92.90000000000006,1,0.01,51,0.51,100,0.00735339971492067,4437
no_polynomial,sweeping,1,45,0.18181818181818182,92.10000000000005,1,0.01,60,0.6,100,0.005899536008946597,4537
no_polynomial,sweeping,1,46,0.17857142857142858,86.10000000000008,4,0.04,63,0.63,100,0.006126773688010872,4637
no_polynomial,sweeping,1,47,0.17543859649122806,86.10000000000005,4,0.04,62,0.62,100,0.006885430938564241,4737
no_polynomial,sweeping,1,48,0.1724137931034483,92.40000000000005,1,0.01,57,0.57,100,0.005894033603835851,4837
no_polynomial,sweeping,1,49,0.1694915254237288,85.10000000000005,5,0.05,54,0.54,100,0.0066244607418775555,4937
no_polynomial,sweeping,1,50,0.16666666666666666,92.40000000000006,1,0.01,57,0.57,100,0.006223441718611866,5037
no_polynomial,sweeping,1,51,0.1639344262295082,86.90000000000005,4,0.04,55,0.55,100,0.004189907066756859,5137
no_polynomial,sweeping,1,52,0.16129032258064516,82.30000000000004,6,0.06,63,0.63,100,0.0051700678630732,5237
no_polynomial,sweeping,1,53,0.15873015873015872,90.60000000000005,2,0.02,56,0.56,100,0.005559204911114648,5337
no_polynomial,sweeping,1,54,0.15625,87.80000000000004,4,0.04,45,0.45,100,0.006003651756327599,5437
no_polynomial,sweeping,1,55,0.15384615384615385,92.80000000000007,1,0.01,53,0.53,100,0.0077694454649463295,5537
no_polynomial,sweeping,1,56,0.15151515151515152,84.80000000000003,5,0.05,55,0.55,100,0.0071685366076417265,5637
no_polynomial,sweeping,1,57,0.14925373134328357,92.20000000000005,2,0.02,40,0.4,100,0.005556016582995653,5737
no_polynomial,sweeping,1,58,0.14705882352941177,92.10000000000008,1,0.01,60,0.6,100,0.006114214465487749,5837
no_polynomial,sweeping,1,59,0.14492753623188406,94.20000000000007,0,0.0,58,0.58,100,0.005768987738993019,5937
no_polynomial,sweeping,1,60,0.14285714285714285,91.50000000000007,2,0.02,47,0.47,100,0.004911454343236983,6037
no_polynomial,sweeping,1,61,0.14084507042253522,90.20000000000005,2,0.02,60,0.6,100,0.0066673917439766224,6137
no_polynomial,sweeping,1,62,0.1388888888888889,92.80000000000005,1,0.01,53,0.53,100,0.004558664611540735,6237
no_polynomial,sweeping,1,63,0.136986301369863,82.40000000000002,6,0.06,61,0.61,100,0.00450710017234087,6337
no_polynomial,sweeping,1,64,0.13513513513513511,94.60000000000005,0,0.0,54,0.54,100,0.005799633970018476,6437
no_polynomial,sweeping,1,65,0.13333333333333333,93.60000000000004,1,0.01,45,0.45,100,0.00649665436707437,6537
no_polynomial,sweeping,1,66,0.13157894736842105,95.10000000000005,0,0.0,49,0.49,100,0.006042287453310564,6637
no_polynomial,sweeping,1,67,0.12987012987012986,86.60000000000002,4,0.04,58,0.58,100,0.006739420183002949,6737
no_polynomial,sweeping,1,68,0.12820512820512822,87.20000000000003,4,0.04,52,0.52,100,0.005439073548186571,6837
no_polynomial,sweeping,1,69,0.12658227848101264,93.10000000000007,1,0.01,50,0.5,100,0.006823654854670167,6937
no_polynomial,sweeping,1,70,0.125,88.00000000000003,4,0.04,43,0.43,100,0.008200214561074972,7037
no_polynomial,sweeping,1,71,0.1234567901234568,89.10000000000005,3,0.03,52,0.52,100,0.00722448919666931,7137
no_polynomial,sweeping,1,72,0.12195121951219513,93.00000000000006,1,0.01,51,0.51,100,0.006810609963722527,7237
no_polynomial,sweeping,1,73,0.12048192771084336,93.00000000000003,1,0.01,51,0.51,100,0.007947780068498105,7337
no_polynomial,sweeping,1,74,0.11904761904761904,88.60000000000005,3,0.03,57,0.57,100,0.004786970922723412,7437
no_polynomial,sweeping,1,75,0.11764705882352941,95.80000000000004,0,0.0,42,0.42,100,0.0058710916060954335,7537
no_polynomial,sweeping,1,76,0.11627906976744186,93.90000000000003,1,0.01,42,0.42,100,0.0069538035418372605,7637
no_polynomial,sweeping,1,77,0.1149425287356322,90.20000000000003,3,0.03,40,0.4,100,0.005882444387534633,7737
no_polynomial,sweeping,1,78,0.11363636363636363,95.00000000000004,0,0.0,50,0.5,100,0.005713396975770593,7837
no_polynomial,sweeping,1,79,0.11235955056179775,91.00000000000006,2,0.02,52,0.52,100,0.007743646090384573,7937
no_polynomial,sweeping,1,80,0.1111111111111111,90.20000000000005,3,0.03,40,0.4,100,0.012062390903010964,8037
no_polynomial,sweeping,1,81,0.10989010989010989,91.70000000000006,2,0.02,45,0.45,100,0.005677350128535181,8137
no_polynomial,sweeping,1,82,0.10869565217391305,95.10000000000005,0,0.0,49,0.49,100,0.007564293779432773,8237
no_polynomial,sweeping,1,83,0.1075268817204301,93.00000000000006,1,0.01,51,0.51,100,0.006202638235408813,8337
no_polynomial,sweeping,1,84,0.10638297872340426,94.90000000000006,0,0.0,51,0.51,100,0.005826505664736033,8437
no_polynomial,sweeping,1,85,0.10526315789473684,95.50000000000003,0,0.0,45,0.45,100,0.006254845093935728,8537
no_polynomial,sweeping,1,86,0.10416666666666667,93.30000000000001,1,0.01,48,0.48,100,0.008477037467528134,8637
no_polynomial,sweeping,1,87,0.10309278350515465,91.80000000000004,2,0.02,44,0.44,100,0.005468916888348758,8737
no_polynomial,sweeping,1,88,0.1020408163265306,93.20000000000003,1,0.01,49,0.49,100,0.007205155834089965,8837
no_polynomial,sweeping,1,89,0.10101010101010101,87.60000000000002,4,0.04,48,0.48,100,0.006968603460118175,8937
no_polynomial,sweeping,1,90,0.1,91.80000000000001,2,0.02,44,0.44,100,0.006836229206528515,9037
no_polynomial,sweeping,1,91,0.09900990099009901,95.2000000000001,0,0.0,48,0.48,100,0.006547121993498876,9137
no_polynomial,sweeping,1,92,0.09803921568627452,95.00000000000003,0,0.0,50,0.5,100,0.008349109156988561,9237
no_polynomial,sweeping,1,93,0.0970873786407767,90.30000000000001,3,0.03,40,0.4,100,0.006407631011679769,9337
no_polynomial,sweeping,1,94,0.09615384615384615,92.60000000000005,1,0.01,55,0.55,100,0.005838635971304029,9437
no_polynomial,sweeping,1,95,0.09523809523809523,90.60000000000002,2,0.02,56,0.56,100,0.009072339951526374,9537
no_polynomial,sweeping,1,96,0.09433962264150944,94.90000000000008,0,0.0,51,0.51,100,0.005752956209471449,9637
no_polynomial,sweeping,1,97,0.09345794392523366,94.90000000000006,0,0.0,51,0.51,100,0.006616536362562328,9737
no_polynomial,sweeping,1,98,0.09259259259259259,95.80000000000007,0,0.0,42,0.42,100,0.005484199575148523,9837
no_polynomial,sweeping,1,99,0.09174311926605504,94.10000000000002,1,0.01,40,0.4,100,0.007449550387682393,9937
no_polynomial,sweeping,1,100,0.09090909090909091,91.10000000000008,2,0.02,50,0.5,100,0.005451040065381676,10037
no_polynomial,sweeping,1,101,0.0900900900900901,93.50000000000006,1,0.01,46,0.46,100,0.006426979887764901,10137
no_polynomial,sweeping,1,102,0.08928571428571429,93.20000000000005,1,0.01,49,0.49,100,0.0061186513327993455,10237
no_polynomial,sweeping,1,103,0.08849557522123894,93.90000000000006,1,0.01,42,0.42,100,0.004509603646583855,10337
no_polynomial,sweeping,1,104,0.08771929824561403,93.70000000000005,1,0.01,44,0.44,100,0.005745827844366431,10437
no_polynomial,sweeping,1,105,0.08695652173913043,94.60000000000001,1,0.01,35,0.35,100,0.0048965332109946755,10537
no_polynomial,sweeping,1,106,0.08620689655172414,96.10000000000005,0,0.0,39,0.39,100,0.003951021537650376,10637
no_polynomial,sweeping,1,107,0.08547008547008547,95.60000000000005,0,0.0,44,0.44,100,0.006618387589696795,10737
no_polynomial,sweeping,1,108,0.0847457627118644,96.00000000000004,0,0.0,40,0.4,100,0.007050298715475947,10837
no_polynomial,sweeping,1,109,0.08403361344537814,93.80000000000005,1,0.01,42,0.42,100,0.006826486238278449,10937
no_polynomial,sweeping,1,110,0.08333333333333333,91.40000000000006,2,0.02,48,0.48,100,0.005905345787759871,11037
no_polynomial,sweeping,1,111,0.08264462809917356,91.30000000000004,2,0.02,48,0.48,100,0.009685283345170319,11137
no_polynomial,sweeping,1,112,0.0819672131147541,95.10000000000007,0,0.0,49,0.49,100,0.004888188797049224,11237
no_polynomial,sweeping,1,113,0.08130081300813008,95.00000000000004,0,0.0,50,0.5,100,0.0055361210438422855,11337
no_polynomial,sweeping,1,114,0.08064516129032258,89.60000000000008,3,0.03,47,0.47,100,0.005218964733649046,11437
no_polynomial,sweeping,1,115,0.08,94.10000000000005,1,0.01,39,0.39,100,0.005204682401381433,11537
no_polynomial,sweeping,1,116,0.07936507936507936,92.90000000000006,1,0.01,52,0.52,100,0.005901416540145874,11637
no_polynomial,sweeping,1,117,0.07874015748031496,95.90000000000003,0,0.0,41,0.41,100,0.012136810489464552,11737
no_polynomial,sweeping,1,118,0.078125,93.00000000000003,1,0.01,51,0.51,100,0.007094096431974322,11837
no_polynomial,sweeping,1,119,0.07751937984496124,92.70000000000003,2,0.02,35,0.35,100,0.006062149666249752,11937
no_polynomial,sweeping,1,120,0.07692307692307693,95.90000000000006,0,0.0,41,0.41,100,0.006175233568064868,12037
no_polynomial,sweeping,1,121,0.07633587786259542,94.10000000000008,1,0.01,40,0.4,100,0.006708917543292046,12137
no_polynomial,sweeping,1,122,0.07575757575757576,92.20000000000003,1,0.01,59,0.59,100,0.008618403936270624,12237
no_polynomial,sweeping,1,123,0.07518796992481203,93.60000000000007,1,0.01,45,0.45,100,0.006307808491401374,12337
no_polynomial,sweeping,1,124,0.07462686567164178,93.80000000000004,1,0.01,43,0.43,100,0.0047834673500619825,12437
no_polynomial,sweeping,1,125,0.07407407407407407,95.30000000000007,0,0.0,47,0.47,100,0.005064920834265649,12537
no_polynomial,sweeping,1,126,0.07352941176470588,93.50000000000009,1,0.01,46,0.46,100,0.007382252195384353,12637
no_polynomial,sweeping,1,127,0.07299270072992702,95.90000000000006,0,0.0,41,0.41,100,0.006012997507350519,12737
no_polynomial,sweeping,1,128,0.07246376811594203,95.90000000000008,0,0.0,41,0.41,100,0.004844356835819781,12837
no_polynomial,sweeping,1,129,0.07194244604316546,95.00000000000007,0,0.0,50,0.5,100,0.006715025261510164,12937
no_polynomial,sweeping,1,130,0.07142857142857142,93.80000000000007,1,0.01,43,0.43,100,0.007005370354745537,13037
no_polynomial,sweeping,1,131,0.07092198581560284,90.20000000000002,3,0.03,41,0.41,100,0.006101767945801839,13137
no_polynomial,sweeping,1,132,0.07042253521126761,95.60000000000005,0,0.0,44,0.44,100,0.005212383433245122,13237
no_polynomial,sweeping,1,133,0.06993006993006992,93.50000000000007,1,0.01,46,0.46,100,0.004888554455246777,13337
no_polynomial,sweeping,1,134,0.06944444444444445,93.30000000000004,1,0.01,48,0.48,100,0.007350205346010625,13437
no_polynomial,sweeping,1,135,0.06896551724137931,94.50000000000006,1,0.01,36,0.36,100,0.00678150583524257,13537
no_polynomial,sweeping,1,136,0.0684931506849315,95.30000000000007,0,0.0,47,0.47,100,0.005551348314620555,13637
no_polynomial,sweeping,1,137,0.06802721088435375,94.50000000000003,1,0.01,35,0.35,100,0.0054566067270934585,13737
no_polynomial,sweeping,1,138,0.06756756756756756,96.20000000000006,0,0.0,38,0.38,100,0.006413065171800554,13837
no_polynomial,sweeping,1,139,0.06711409395973154,94.30000000000007,1,0.01,38,0.38,100,0.005808203320484608,13937
no_polynomial,sweeping,1,140,0.06666666666666667,96.30000000000007,0,0.0,37,0.37,100,0.0054045191267505285,14037
no_polynomial,sweeping,1,141,0.06622516556291391,95.20000000000006,0,0.0,48,0.48,100,0.007237203868571669,14137
no_polynomial,sweeping,1,142,0.06578947368421052,93.60000000000004,1,0.01,45,0.45,100,0.006879256679676473,14237
no_polynomial,sweeping,1,143,0.06535947712418301,91.50000000000003,2,0.02,47,0.47,100,0.00685277808457613,14337
no_polynomial,sweeping,1,144,0.06493506493506493,93.40000000000008,1,0.01,47,0.47,100,0.007173581896349788,14437
no_polynomial,sweeping,1,145,0.06451612903225806,93.60000000000005,1,0.01,45,0.45,100,0.005960497627966106,14537
no_polynomial,sweeping,1,146,0.06410256410256411,93.50000000000007,1,0.01,46,0.46,100,0.0062042571255005894,14637
no_polynomial,sweeping,1,147,0.06369426751592357,96.20000000000003,0,0.0,38,0.38,100,0.0072930890321731565,14737
no_polynomial,sweeping,1,148,0.06329113924050632,91.90000000000002,2,0.02,43,0.43,100,0.004986139526590705,14837
no_polynomial,sweeping,1,149,0.06289308176100629,93.70000000000003,1,0.01,44,0.44,100,0.0048170369432773445,14937
no_polynomial,sweeping,1,150,0.0625,95.40000000000005,0,0.0,46,0.46,100,0.005177726796828211,15037
no_polynomial,sweeping,1,151,0.06211180124223602,93.30000000000007,1,0.01,48,0.48,100,0.00502478358335793,15137
no_polynomial,sweeping,1,152,0.0617283950617284,94.10000000000004,1,0.01,40,0.4,100,0.0038876526639796795,15237
no_polynomial,sweeping,1,153,0.06134969325153374,93.00000000000003,1,0.01,51,0.51,100,0.0038674908899702133,15337
no_polynomial,sweeping,1,154,0.06097560975609757,94.60000000000005,1,0.01,35,0.35,100,0.003472576775820926,15437
no_polynomial,sweeping,1,155,0.06060606060606061,95.50000000000004,0,0.0,45,0.45,100,0.004797440534457564,15537
no_polynomial,sweeping,1,156,0.06024096385542168,96.30000000000004,0,0.0,37,0.37,100,0.006050803847610951,15637
no_polynomial,sweeping,1,157,0.059880239520958084,90.10000000000004,3,0.03,42,0.42,100,0.0063730168039910495,15737
no_polynomial,sweeping,1,158,0.05952380952380952,93.80000000000005,1,0.01,42,0.42,100,0.0062691328325308856,15837
no_polynomial,sweeping,1,159,0.0591715976331361,95.90000000000005,0,0.0,41,0.41,100,0.006859135499689728,15937
no_polynomial,sweeping,1,160,0.058823529411764705,92.10000000000005,2,0.02,41,0.41,100,0.006509029413573444,16037
no_polynomial,sweeping,1,161,0.05847953216374269,91.80000000000005,2,0.02,44,0.44,100,0.009053261587396264,16137
no_polynomial,sweeping,1,162,0.05813953488372093,89.90000000000002,3,0.03,44,0.44,100,0.006237214163411409,16237
no_polynomial,sweeping,1,163,0.057803468208092484,94.90000000000006,0,0.0,51,0.51,100,0.007187903372105211,16337
no_polynomial,sweeping,1,164,0.0574712643678161,94.70000000000002,1,0.01,34,0.34,100,0.005699137878837064,16437
no_polynomial,sweeping,1,165,0.05714285714285714,94.00000000000003,1,0.01,41,0.41,100,0.005279555667657405,16537
no_polynomial,sweeping,1,166,0.056818181818181816,95.40000000000005,0,0.0,46,0.46,100,0.004540170981781558,16637
no_polynomial,sweeping,1,167,0.05649717514124294,95.20000000000006,0,0.0,48,0.48,100,0.006216266825795173,16737
no_polynomial,sweeping,1,168,0.056179775280898875,94.40000000000005,1,0.01,37,0.37,100,0.005817021352704614,16837
no_polynomial,sweeping,1,169,0.0558659217877095,94.30000000000005,1,0.01,38,0.38,100,0.004586594437714666,16937
no_polynomial,sweeping,1,170,0.05555555555555555,92.80000000000004,1,0.01,53,0.53,100,0.005615514370147139,17037
no_polynomial,sweeping,1,171,0.055248618784530384,95.70000000000005,0,0.0,43,0.43,100,0.006046594195067883,17137
no_polynomial,sweeping,1,172,0.054945054945054944,96.30000000000004,0,0.0,37,0.37,100,0.006440067258663476,17237
no_polynomial,sweeping,1,173,0.0546448087431694,93.50000000000003,1,0.01,46,0.46,100,0.005454740056302398,17337
no_polynomial,sweeping,1,174,0.05434782608695653,94.70000000000002,1,0.01,33,0.33,100,0.004141130270436406,17437
no_polynomial,sweeping,1,175,0.05405405405405406,94.20000000000006,1,0.01,39,0.39,100,0.004530112022766843,17537
no_polynomial,sweeping,1,176,0.05376344086021505,93.20000000000005,1,0.01,49,0.49,100,0.006658738804981112,17637
no_polynomial,sweeping,1,177,0.053475935828877004,91.60000000000007,2,0.02,46,0.46,100,0.004910714065190404,17737
no_polynomial,sweeping,1,178,0.05319148936170213,94.20000000000006,1,0.01,39,0.39,100,0.005462549166986718,17837
no_polynomial,sweeping,1,179,0.052910052910052914,94.50000000000001,1,0.01,36,0.36,100,0.0043399373861029746,17937
no_polynomial,sweeping,1,180,0.05263157894736842,93.70000000000005,1,0.01,44,0.44,100,0.005531815194990486,18037
no_polynomial,sweeping,1,181,0.05235602094240837,96.10000000000004,0,0.0,39,0.39,100,0.005320582838030532,18137
no_polynomial,sweeping,1,182,0.052083333333333336,93.90000000000003,1,0.01,42,0.42,100,0.007004630415467545,18237
no_polynomial,sweeping,1,183,0.05181347150259067,95.80000000000005,0,0.0,42,0.42,100,0.005775400014827028,18337
no_polynomial,sweeping,1,184,0.051546391752577324,96.00000000000006,0,0.0,40,0.4,100,0.005235336013138294,18437
no_polynomial,sweeping,1,185,0.05128205128205128,95.50000000000004,0,0.0,45,0.45,100,0.00641036826884374,18537
no_polynomial,sweeping,1,186,0.0510204081632653,96.00000000000006,0,0.0,40,0.4,100,0.005760398593265563,18637
no_polynomial,sweeping,1,187,0.050761421319796954,96.70000000000005,0,0.0,33,0.33,100,0.004705068964976817,18737
no_polynomial,sweeping,1,188,0.050505050505050504,96.20000000000005,0,0.0,38,0.38,100,0.005790035738609731,18837
no_polynomial,sweeping,1,189,0.05025125628140704,94.10000000000005,1,0.01,40,0.4,100,0.004414548747008667,18937
no_polynomial,sweeping,1,190,0.05,95.20000000000006,0,0.0,48,0.48,100,0.009298067439813167,19037
no_polynomial,sweeping,1,191,0.04975124378109452,96.40000000000005,0,0.0,36,0.36,100,0.005568669360363856,19137
no_polynomial,sweeping,1,192,0.04950495049504951,96.70000000000005,0,0.0,33,0.33,100,0.005492009430890903,19237
no_polynomial,sweeping,1,193,0.04926108374384236,91.70000000000005,2,0.02,44,0.44,100,0.007869011897128075,19337
no_polynomial,sweeping,1,194,0.04901960784313726,95.30000000000007,0,0.0,47,0.47,100,0.00801500060595572,19437
no_polynomial,sweeping,1,195,0.04878048780487805,96.00000000000003,0,0.0,40,0.4,100,0.006360503605101257,19537
no_polynomial,sweeping,1,196,0.04854368932038835,96.30000000000004,0,0.0,37,0.37,100,0.00434533602441661,19637
no_polynomial,sweeping,1,197,0.04830917874396135,93.80000000000003,1,0.01,42,0.42,100,0.005452851167647168,19737
no_polynomial,sweeping,1,198,0.04807692307692307,94.60000000000002,1,0.01,35,0.35,100,0.0033869893837254494,19837
no_polynomial,sweeping,1,199,0.04784688995215311,96.90000000000006,0,0.0,31,0.31,100,0.006823544098297134,19937
no_polynomial,sweeping,2,0,1.0,75.60000000000002,8,0.08,92,0.92,100,0.18963872450026306,37
no_polynomial,sweeping,2,1,0.9090909090909091,72.29999999999998,10,0.1,85,0.85,100,0.03235516380518675,137
no_polynomial,sweeping,2,2,0.8333333333333334,66.59999999999994,13,0.13,85,0.85,100,0.025488360105082392,237
no_polynomial,sweeping,2,3,0.7692307692307692,76.10000000000004,8,0.08,85,0.85,100,0.010576570956036448,337
no_polynomial,sweeping,2,4,0.7142857142857143,77.60000000000002,7,0.07,91,0.91,100,0.021023842729628085,437
no_polynomial,sweeping,2,5,0.6666666666666666,75.9,8,0.08,89,0.89,100,0.008568685112986713,537
no_polynomial,sweeping,2,6,0.625,76.79999999999998,8,0.08,80,0.8,100,0.004439406836172566,637
no_polynomial,sweeping,2,7,0.5882352941176471,72.69999999999997,10,0.1,81,0.81,100,0.004167956747114659,737
no_polynomial,sweeping,2,8,0.5555555555555556,75.6,9,0.09,72,0.72,100,0.0029014107829425486,837
no_polynomial,sweeping,2,9,0.5263157894736842,86.60000000000005,3,0.03,77,0.77,100,0.003921493799425662,937
no_polynomial,sweeping,2,10,0.5,80.80000000000004,6,0.06,78,0.78,100,0.0032214961666613817,1037
no_polynomial,sweeping,2,11,0.47619047619047616,78.00000000000001,8,0.08,68,0.68,100,0.004543234079610556,1137
no_polynomial,sweeping,2,12,0.45454545454545453,83.10000000000004,5,0.05,73,0.73,100,0.0051542205305304374,1237
no_polynomial,sweeping,2,13,0.4347826086956522,85.30000000000005,4,0.04,69,0.69,100,0.005976753355935216,1337
no_polynomial,sweeping,2,14,0.4166666666666667,83.50000000000004,5,0.05,70,0.7,100,0.004920682234223932,1437
no_polynomial,sweeping,2,15,0.4,88.00000000000004,3,0.03,63,0.63,100,0.005807977996300906,1537
no_polynomial,sweeping,2,16,0.3846153846153846,79.5,7,0.07,70,0.7,100,0.00418339722789824,1637
no_polynomial,sweeping,2,17,0.37037037037037035,89.30000000000007,2,0.02,69,0.69,100,0.005827619826886803,1737
no_polynomial,sweeping,2,18,0.35714285714285715,81.30000000000003,6,0.06,71,0.71,100,0.009266404574736953,1837
no_polynomial,sweeping,2,19,0.3448275862068966,77.69999999999997,8,0.08,71,0.71,100,0.0077209646441042425,1937
no_polynomial,sweeping,2,20,0.3333333333333333,85.60000000000005,4,0.04,68,0.68,100,0.007010053121484816,2037
no_polynomial,sweeping,2,21,0.3225806451612903,87.50000000000004,3,0.03,68,0.68,100,0.0072077365289442245,2137
no_polynomial,sweeping,2,22,0.3125,86.80000000000004,4,0.04,56,0.56,100,0.005588903944008052,2237
no_polynomial,sweeping,2,23,0.30303030303030304,87.80000000000008,3,0.03,64,0.64,100,0.005219722108449787,2337
no_polynomial,sweeping,2,24,0.29411764705882354,91.80000000000004,1,0.01,63,0.63,100,0.007347251866012812,2437
no_polynomial,sweeping,2,25,0.2857142857142857,87.50000000000004,3,0.03,68,0.68,100,0.007745040005538613,2537
no_polynomial,sweeping,2,26,0.2777777777777778,90.10000000000008,2,0.02,61,0.61,100,0.005113920050207526,2637
no_polynomial,sweeping,2,27,0.27027027027027023,78.80000000000003,8,0.08,59,0.59,100,0.005236043430631981,2737
no_polynomial,sweeping,2,28,0.2631578947368421,93.70000000000003,1,0.01,44,0.44,100,0.003750792940845713,2837
no_polynomial,sweeping,2,29,0.25641025641025644,87.90000000000003,3,0.03,64,0.64,100,0.006315953717567027,2937
no_polynomial,sweeping,2,30,0.25,86.20000000000005,4,0.04,61,0.61,100,0.00566994737368077,3037
no_polynomial,sweeping,2,31,0.24390243902439027,84.20000000000003,5,0.05,61,0.61,100,0.007314407587982714,3137
no_polynomial,sweeping,2,32,0.23809523809523808,86.80000000000005,4,0.04,55,0.55,100,0.0059914515400305395,3237
no_polynomial,sweeping,2,33,0.23255813953488372,90.80000000000005,2,0.02,54,0.54,100,0.0053377116366755215,3337
no_polynomial,sweeping,2,34,0.22727272727272727,88.70000000000005,3,0.03,55,0.55,100,0.006281716475496068,3437
no_polynomial,sweeping,2,35,0.2222222222222222,82.00000000000003,6,0.06,64,0.64,100,0.0075755550316534935,3537
no_polynomial,sweeping,2,36,0.2173913043478261,88.20000000000007,3,0.03,61,0.61,100,0.006226245574653149,3637
no_polynomial,sweeping,2,37,0.2127659574468085,91.90000000000012,1,0.01,62,0.62,100,0.006911058239638806,3737
no_polynomial,sweeping,2,38,0.20833333333333334,84.70000000000002,5,0.05,58,0.58,100,0.005331140690250322,3837
no_polynomial,sweeping,2,39,0.2040816326530612,92.90000000000005,1,0.01,52,0.52,100,0.00706275156699121,3937
no_polynomial,sweeping,2,40,0.2,93.00000000000006,1,0.01,51,0.51,100,0.0055522617138922216,4037
no_polynomial,sweeping,2,41,0.19607843137254904,91.10000000000005,2,0.02,51,0.51,100,0.008912046668119728,4137
no_polynomial,sweeping,2,42,0.1923076923076923,88.60000000000004,3,0.03,56,0.56,100,0.0068729680520482365,4237
no_polynomial,sweeping,2,43,0.18867924528301888,89.60000000000005,3,0.03,46,0.46,100,0.005440966482274235,4337
no_polynomial,sweeping,2,44,0.18518518518518517,92.00000000000006,1,0.01,61,0.61,100,0.006589950509369374,4437
no_polynomial,sweeping,2,45,0.18181818181818182,90.30000000000004,2,0.02,59,0.59,100,0.0064365494786761705,4537
no_polynomial,sweeping,2,46,0.17857142857142858,87.60000000000002,4,0.04,48,0.48,100,0.006098880439531058,4637
no_polynomial,sweeping,2,47,0.17543859649122806,93.10000000000005,1,0.01,50,0.5,100,0.005614887219853699,4737
no_polynomial,sweeping,2,48,0.1724137931034483,89.30000000000003,3,0.03,50,0.5,100,0.0059840796422213315,4837
no_polynomial,sweeping,2,49,0.1694915254237288,91.00000000000003,2,0.02,51,0.51,100,0.006446361807174981,4937
no_polynomial,sweeping,2,50,0.16666666666666666,90.80000000000004,2,0.02,54,0.54,100,0.007724947952665389,5037
no_polynomial,sweeping,2,51,0.1639344262295082,94.90000000000002,0,0.0,51,0.51,100,0.006424742734525353,5137
no_polynomial,sweeping,2,52,0.16129032258064516,88.80000000000004,3,0.03,54,0.54,100,0.007565394169650972,5237
no_polynomial,sweeping,2,53,0.15873015873015872,93.10000000000005,1,0.01,50,0.5,100,0.008401440349407494,5337
no_polynomial,sweeping,2,54,0.15625,91.50000000000006,2,0.02,46,0.46,100,0.004294894835911691,5437
no_polynomial,sweeping,2,55,0.15384615384615385,91.30000000000001,2,0.02,49,0.49,100,0.005277104931883514,5537
no_polynomial,sweeping,2,56,0.15151515151515152,93.60000000000004,1,0.01,44,0.44,100,0.004150260785827413,5637
no_polynomial,sweeping,2,57,0.14925373134328357,93.40000000000005,1,0.01,47,0.47,100,0.007523179748095572,5737
no_polynomial,sweeping,2,58,0.14705882352941177,95.10000000000005,0,0.0,49,0.49,100,0.0065708282426930964,5837
no_polynomial,sweeping,2,59,0.14492753623188406,87.10000000000004,4,0.04,52,0.52,100,0.00665879248525016,5937
no_polynomial,sweeping,2,60,0.14285714285714285,91.60000000000002,2,0.02,46,0.46,100,0.0054863986279815435,6037
no_polynomial,sweeping,2,61,0.14084507042253522,93.30000000000005,1,0.01,48,0.48,100,0.0065299966931343075,6137
no_polynomial,sweeping,2,62,0.1388888888888889,95.20000000000006,0,0.0,48,0.48,100,0.0066306034359149635,6237
no_polynomial,sweeping,2,63,0.136986301369863,88.50000000000007,3,0.03,58,0.58,100,0.007376750712282955,6337
no_polynomial,sweeping,2,64,0.13513513513513511,93.20000000000006,1,0.01,49,0.49,100,0.006300451948773116,6437
no_polynomial,sweeping,2,65,0.13333333333333333,93.40000000000003,1,0.01,47,0.47,100,0.007088852371089161,6537
no_polynomial,sweeping,2,66,0.13157894736842105,89.20000000000007,3,0.03,51,0.51,100,0.006894215063657612,6637
no_polynomial,sweeping,2,67,0.12987012987012986,91.50000000000004,2,0.02,47,0.47,100,0.006784025626257062,6737
no_polynomial,sweeping,2,68,0.12820512820512822,92.60000000000008,1,0.01,55,0.55,100,0.0071144798072054986,6837
no_polynomial,sweeping,2,69,0.12658227848101264,92.90000000000006,1,0.01,52,0.52,100,0.00828151767840609,6937
no_polynomial,sweeping,2,70,0.125,94.00000000000009,0,0.0,60,0.6,100,0.006793629107996821,7037
no_polynomial,sweeping,2,71,0.1234567901234568,91.90000000000008,2,0.02,43,0.43,100,0.0066310499515384435,7137
no_polynomial,sweeping,2,72,0.12195121951219513,95.70000000000006,0,0.0,43,0.43,100,0.005709169181063772,7237
no_polynomial,sweeping,2,73,0.12048192771084336,88.90000000000003,3,0.03,53,0.53,100,0.006439167300704866,7337
no_polynomial,sweeping,2,74,0.11904761904761904,93.90000000000005,1,0.01,42,0.42,100,0.005719999887514859,7437
no_polynomial,sweeping,2,75,0.11764705882352941,93.40000000000005,1,0.01,47,0.47,100,0.008185619988944381,7537
no_polynomial,sweeping,2,76,0.11627906976744186,91.30000000000003,2,0.02,48,0.48,100,0.007177775225136429,7637
no_polynomial,sweeping,2,77,0.1149425287356322,95.30000000000007,0,0.0,47,0.47,100,0.007574263366404921,7737
no_polynomial,sweeping,2,78,0.11363636363636363,89.4,3,0.03,48,0.48,100,0.006808207372669131,7837
no_polynomial,sweeping,2,79,0.11235955056179775,94.20000000000005,1,0.01,39,0.39,100,0.006222865581512451,7937
no_polynomial,sweeping,2,80,0.1111111111111111,91.70000000000005,2,0.02,45,0.45,100,0.005658126482740044,8037
no_polynomial,sweeping,2,81,0.10989010989010989,90.00000000000004,3,0.03,42,0.42,100,0.00687174016609788,8137
no_polynomial,sweeping,2,82,0.10869565217391305,91.30000000000003,2,0.02,49,0.49,100,0.005718812888953834,8237
no_polynomial,sweeping,2,83,0.1075268817204301,91.10000000000008,2,0.02,51,0.51,100,0.006056184233166277,8337
no_polynomial,sweeping,2,84,0.10638297872340426,89.60000000000007,3,0.03,45,0.45,100,0.007814500220119954,8437
no_polynomial,sweeping,2,85,0.10526315789473684,91.4,2,0.02,48,0.48,100,0.005619522868655622,8537
no_polynomial,sweeping,2,86,0.10416666666666667,89.30000000000004,3,0.03,50,0.5,100,0.006596948818769306,8637
no_polynomial,sweeping,2,87,0.10309278350515465,95.20000000000007,0,0.0,48,0.48,100,0.008536179424263537,8737
no_polynomial,sweeping,2,88,0.1020408163265306,86.90000000000003,4,0.04,54,0.54,100,0.005951641704887152,8837
no_polynomial,sweeping,2,89,0.10101010101010101,93.10000000000005,1,0.01,50,0.5,100,0.007252218148205429,8937
no_polynomial,sweeping,2,90,0.1,92.90000000000003,2,0.02,31,0.31,100,0.005306112298276275,9037
no_polynomial,sweeping,2,91,0.09900990099009901,95.70000000000006,0,0.0,43,0.43,100,0.006513881264254451,9137
no_polynomial,sweeping,2,92,0.09803921568627452,93.30000000000008,1,0.01,47,0.47,100,0.006428849331568926,9237
no_polynomial,sweeping,2,93,0.0970873786407767,94.80000000000007,0,0.0,52,0.52,100,0.006778544764965772,9337
no_polynomial,sweeping,2,94,0.09615384615384615,94.50000000000004,1,0.01,35,0.35,100,0.005914235103409738,9437
no_polynomial,sweeping,2,95,0.09523809523809523,95.30000000000004,0,0.0,47,0.47,100,0.008229693488683552,9537
no_polynomial,sweeping,2,96,0.09433962264150944,93.30000000000011,1,0.01,48,0.48,100,0.005481209957506508,9637
no_polynomial,sweeping,2,97,0.09345794392523366,95.70000000000007,0,0.0,43,0.43,100,0.00818181388778612,9737
no_polynomial,sweeping,2,98,0.09259259259259259,87.00000000000004,4,0.04,54,0.54,100,0.008432660056278109,9837
no_polynomial,sweeping,2,99,0.09174311926605504,89.40000000000003,3,0.03,48,0.48,100,0.008290980951860547,9937
no_polynomial,sweeping,2,100,0.09090909090909091,92.10000000000005,1,0.01,60,0.6,100,0.007767002265900373,10037
no_polynomial,sweeping,2,101,0.0900900900900901,96.20000000000003,0,0.0,38,0.38,100,0.005179185015149415,10137
no_polynomial,sweeping,2,102,0.08928571428571429,92.10000000000004,2,0.02,41,0.41,100,0.004708862212719395,10237
no_polynomial,sweeping,2,103,0.08849557522123894,93.30000000000004,1,0.01,48,0.48,100,0.005409278746228665,10337
no_polynomial,sweeping,2,104,0.08771929824561403,94.80000000000004,0,0.0,52,0.52,100,0.0073727524583227936,10437
no_polynomial,sweeping,2,105,0.08695652173913043,95.70000000000006,0,0.0,43,0.43,100,0.007521950316149741,10537
no_polynomial,sweeping,2,106,0.08620689655172414,91.20000000000005,2,0.02,50,0.5,100,0.007602401718031615,10637
no_polynomial,sweeping,2,107,0.08547008547008547,93.60000000000004,1,0.01,45,0.45,100,0.007009810919407755,10737
no_polynomial,sweeping,2,108,0.0847457627118644,96.50000000000006,0,0.0,35,0.35,100,0.005417017401196062,10837
no_polynomial,sweeping,2,109,0.08403361344537814,95.50000000000007,0,0.0,45,0.45,100,0.006905628277454525,10937
no_polynomial,sweeping,2,110,0.08333333333333333,96.80000000000004,0,0.0,32,0.32,100,0.005735316805075854,11037
no_polynomial,sweeping,2,111,0.08264462809917356,95.60000000000007,0,0.0,44,0.44,100,0.006118871023645624,11137
no_polynomial,sweeping,2,112,0.0819672131147541,93.30000000000004,1,0.01,47,0.47,100,0.005861500058090314,11237
no_polynomial,sweeping,2,113,0.08130081300813008,94.70000000000007,0,0.0,53,0.53,100,0.005447639753110706,11337
no_polynomial,sweeping,2,114,0.08064516129032258,95.90000000000006,0,0.0,41,0.41,100,0.005595846793148666,11437
no_polynomial,sweeping,2,115,0.08,93.50000000000009,1,0.01,46,0.46,100,0.005582392025971785,11537
no_polynomial,sweeping,2,116,0.07936507936507936,94.00000000000004,1,0.01,41,0.41,100,0.00580304185859859,11637
no_polynomial,sweeping,2,117,0.07874015748031496,94.10000000000004,1,0.01,40,0.4,100,0.006281598601490259,11737
no_polynomial,sweeping,2,118,0.078125,96.30000000000004,0,0.0,37,0.37,100,0.004795291385380551,11837
no_polynomial,sweeping,2,119,0.07751937984496124,93.20000000000003,1,0.01,49,0.49,100,0.00842272010166198,11937
no_polynomial,sweeping,2,120,0.07692307692307693,93.80000000000007,1,0.01,43,0.43,100,0.004713262958684936,12037
no_polynomial,sweeping,2,121,0.07633587786259542,94.20000000000002,1,0.01,39,0.39,100,0.005895669995807111,12137
no_polynomial,sweeping,2,122,0.07575757575757576,89.70000000000006,3,0.03,46,0.46,100,0.005327738072955981,12237
no_polynomial,sweeping,2,123,0.07518796992481203,93.20000000000007,1,0.01,49,0.49,100,0.005824953226838261,12337
no_polynomial,sweeping,2,124,0.07462686567164178,95.70000000000007,0,0.0,43,0.43,100,0.005837636347860098,12437
no_polynomial,sweeping,2,125,0.07407407407407407,94.50000000000003,1,0.01,36,0.36,100,0.004553668255684897,12537
no_polynomial,sweeping,2,126,0.07352941176470588,92.50000000000006,2,0.02,37,0.37,100,0.005418942125979811,12637
no_polynomial,sweeping,2,127,0.07299270072992702,95.80000000000005,0,0.0,42,0.42,100,0.005050413624849171,12737
no_polynomial,sweeping,2,128,0.07246376811594203,94.00000000000004,1,0.01,41,0.41,100,0.00684833312407136,12837
no_polynomial,sweeping,2,129,0.07194244604316546,93.80000000000008,1,0.01,43,0.43,100,0.005929601265816018,12937
no_polynomial,sweeping,2,130,0.07142857142857142,94.60000000000002,1,0.01,34,0.34,100,0.007670110599137843,13037
no_polynomial,sweeping,2,131,0.07092198581560284,92.60000000000002,2,0.02,36,0.36,100,0.00600539504783228,13137
no_polynomial,sweeping,2,132,0.07042253521126761,90.70000000000005,3,0.03,36,0.36,100,0.0054062030906789,13237
no_polynomial,sweeping,2,133,0.06993006993006992,92.20000000000005,2,0.02,39,0.39,100,0.005481816260144114,13337
no_polynomial,sweeping,2,134,0.06944444444444445,96.50000000000004,0,0.0,35,0.35,100,0.006064701932482422,13437
no_polynomial,sweeping,2,135,0.06896551724137931,95.90000000000006,0,0.0,41,0.41,100,0.006005282253026962,13537
no_polynomial,sweeping,2,136,0.0684931506849315,94.30000000000003,1,0.01,38,0.38,100,0.005951692080125213,13637
no_polynomial,sweeping,2,137,0.06802721088435375,96.70000000000005,0,0.0,33,0.33,100,0.0045804609719198195,13737
no_polynomial,sweeping,2,138,0.06756756756756756,95.90000000000006,0,0.0,41,0.41,100,0.00803912966279313,13837
no_polynomial,sweeping,2,139,0.06711409395973154,93.60000000000004,1,0.01,45,0.45,100,0.0061257312074303625,13937
no_polynomial,sweeping,2,140,0.06666666666666667,94.10000000000005,1,0.01,40,0.4,100,0.0066451421473175286,14037
no_polynomial,sweeping,2,141,0.06622516556291391,95.80000000000005,0,0.0,42,0.42,100,0.005449722106568515,14137
no_polynomial,sweeping,2,142,0.06578947368421052,95.00000000000006,0,0.0,50,0.5,100,0.0052332548168487845,14237
no_polynomial,sweeping,2,143,0.06535947712418301,91.50000000000006,2,0.02,47,0.47,100,0.006827134371269495,14337
no_polynomial,sweeping,2,144,0.06493506493506493,91.90000000000005,2,0.02,42,0.42,100,0.006995530533604324,14437
no_polynomial,sweeping,2,145,0.06451612903225806,96.10000000000008,0,0.0,39,0.39,100,0.005920913827139884,14537
no_polynomial,sweeping,2,146,0.06410256410256411,91.70000000000007,2,0.02,44,0.44,100,0.007108795058447867,14637
no_polynomial,sweeping,2,147,0.06369426751592357,94.10000000000007,1,0.01,39,0.39,100,0.006282855158206075,14737
no_polynomial,sweeping,2,148,0.06329113924050632,92.90000000000006,1,0.01,52,0.52,100,0.007102105559315532,14837
no_polynomial,sweeping,2,149,0.06289308176100629,94.60000000000004,1,0.01,35,0.35,100,0.0061887782346457245,14937
no_polynomial,sweeping,2,150,0.0625,93.80000000000004,1,0.01,43,0.43,100,0.005340178787009791,15037
no_polynomial,sweeping,2,151,0.06211180124223602,94.20000000000005,1,0.01,39,0.39,100,0.005753957491833717,15137
no_polynomial,sweeping,2,152,0.0617283950617284,96.00000000000006,0,0.0,40,0.4,100,0.006918378726113588,15237
no_polynomial,sweeping,2,153,0.06134969325153374,92.00000000000001,2,0.02,42,0.42,100,0.007425335622392595,15337
no_polynomial,sweeping,2,154,0.06097560975609757,96.70000000000003,0,0.0,33,0.33,100,0.004561121931765229,15437
no_polynomial,sweeping,2,155,0.06060606060606061,95.50000000000009,0,0.0,45,0.45,100,0.006725390122737735,15537
no_polynomial,sweeping,2,156,0.06024096385542168,91.60000000000004,2,0.02,46,0.46,100,0.007549219555221498,15637
no_polynomial,sweeping,2,157,0.059880239520958084,96.40000000000003,0,0.0,36,0.36,100,0.00637262221192941,15737
no_polynomial,sweeping,2,158,0.05952380952380952,96.30000000000004,0,0.0,37,0.37,100,0.008625927509274333,15837
no_polynomial,sweeping,2,159,0.0591715976331361,96.30000000000005,0,0.0,37,0.37,100,0.006365914477501064,15937
no_polynomial,sweeping,2,160,0.058823529411764705,91.90000000000003,2,0.02,43,0.43,100,0.005878670967649669,16037
no_polynomial,sweeping,2,161,0.05847953216374269,97.10000000000002,0,0.0,29,0.29,100,0.005637107703369111,16137
no_polynomial,sweeping,2,162,0.05813953488372093,94.00000000000003,1,0.01,41,0.41,100,0.007779857109999284,16237
no_polynomial,sweeping,2,163,0.057803468208092484,93.60000000000002,1,0.01,45,0.45,100,0.006296382683794946,16337
no_polynomial,sweeping,2,164,0.0574712643678161,93.50000000000004,1,0.01,46,0.46,100,0.00611943090800196,16437
no_polynomial,sweeping,2,165,0.05714285714285714,93.90000000000002,1,0.01,42,0.42,100,0.006507594913709908,16537
no_polynomial,sweeping,2,166,0.056818181818181816,96.90000000000003,0,0.0,31,0.31,100,0.004391000185860321,16637
no_polynomial,sweeping,2,167,0.05649717514124294,94.60000000000005,1,0.01,35,0.35,100,0.004903522161766887,16737
no_polynomial,sweeping,2,168,0.056179775280898875,92.80000000000001,2,0.02,33,0.33,100,0.0038133392634335907,16837
no_polynomial,sweeping,2,169,0.0558659217877095,94.00000000000006,1,0.01,41,0.41,100,0.00505226619541645,16937
no_polynomial,sweeping,2,170,0.05555555555555555,94.40000000000003,1,0.01,37,0.37,100,0.005229000668041408,17037
no_polynomial,sweeping,2,171,0.055248618784530384,96.00000000000004,0,0.0,40,0.4,100,0.0055154766363557425,17137
no_polynomial,sweeping,2,172,0.054945054945054944,95.50000000000006,0,0.0,45,0.45,100,0.0054768391139805314,17237
no_polynomial,sweeping,2,173,0.0546448087431694,96.60000000000005,0,0.0,34,0.34,100,0.004224562860326841,17337
no_polynomial,sweeping,2,174,0.05434782608695653,96.00000000000006,0,0.0,40,0.4,100,0.006177385094342753,17437
no_polynomial,sweeping,2,175,0.05405405405405406,96.10000000000002,0,0.0,39,0.39,100,0.005963502021040767,17537
no_polynomial,sweeping,2,176,0.05376344086021505,96.60000000000005,0,0.0,34,0.34,100,0.0037095020618289707,17637
no_polynomial,sweeping,2,177,0.053475935828877004,96.00000000000003,0,0.0,40,0.4,100,0.0050848576449789105,17737
no_polynomial,sweeping,2,178,0.05319148936170213,96.20000000000005,0,0.0,38,0.38,100,0.003691348013235256,17837
no_polynomial,sweeping,2,179,0.052910052910052914,96.80000000000005,0,0.0,32,0.32,100,0.004996583473403007,17937
no_polynomial,sweeping,2,180,0.05263157894736842,94.20000000000003,1,0.01,39,0.39,100,0.004995592924533412,18037
no_polynomial,sweeping,2,181,0.05235602094240837,96.00000000000007,0,0.0,40,0.4,100,0.005694801129866391,18137
no_polynomial,sweeping,2,182,0.052083333333333336,95.80000000000004,0,0.0,42,0.42,100,0.0073446507239714265,18237
no_polynomial,sweeping,2,183,0.05181347150259067,92.00000000000001,2,0.02,42,0.42,100,0.004882096744840965,18337
no_polynomial,sweeping,2,184,0.051546391752577324,95.60000000000005,0,0.0,44,0.44,100,0.004741655270336196,18437
no_polynomial,sweeping,2,185,0.05128205128205128,96.60000000000005,0,0.0,34,0.34,100,0.004524244528729468,18537
no_polynomial,sweeping,2,186,0.0510204081632653,92.30000000000004,2,0.02,39,0.39,100,0.006114074521465227,18637
no_polynomial,sweeping,2,187,0.050761421319796954,96.70000000000005,0,0.0,33,0.33,100,0.005499374081846326,18737
no_polynomial,sweeping,2,188,0.050505050505050504,94.50000000000006,1,0.01,36,0.36,100,0.0045934637077152726,18837
no_polynomial,sweeping,2,189,0.05025125628140704,94.40000000000006,1,0.01,37,0.37,100,0.005125799528323114,18937
no_polynomial,sweeping,2,190,0.05,91.80000000000004,2,0.02,44,0.44,100,0.004848803560016677,19037
no_polynomial,sweeping,2,191,0.04975124378109452,96.00000000000003,0,0.0,40,0.4,100,0.004901080819545314,19137
no_polynomial,sweeping,2,192,0.04950495049504951,94.00000000000004,1,0.01,41,0.41,100,0.0053308137122076,19237
no_polynomial,sweeping,2,193,0.04926108374384236,96.60000000000002,0,0.0,34,0.34,100,0.005204079316463321,19337
no_polynomial,sweeping,2,194,0.04901960784313726,92.60000000000008,2,0.02,36,0.36,100,0.005715358174638823,19437
no_polynomial,sweeping,2,195,0.04878048780487805,95.80000000000003,0,0.0,42,0.42,100,0.005578971558716148,19537
no_polynomial,sweeping,2,196,0.04854368932038835,91.40000000000006,2,0.02,47,0.47,100,0.006251252277288586,19637
no_polynomial,sweeping,2,197,0.04830917874396135,94.00000000000003,1,0.01,41,0.41,100,0.004870962568093091,19737
no_polynomial,sweeping,2,198,0.04807692307692307,95.80000000000004,0,0.0,42,0.42,100,0.005338406313676387,19837
no_polynomial,sweeping,2,199,0.04784688995215311,94.30000000000007,1,0.01,38,0.38,100,0.005541616356931627,19937
no_polynomial,sweeping,3,0,1.0,63.99999999999993,14,0.14,92,0.92,100,0.1950068174785859,37
no_polynomial,sweeping,3,1,0.9090909090909091,71.99999999999999,10,0.1,88,0.88,100,0.0641140301618725,137
no_polynomial,sweeping,3,2,0.8333333333333334,68.09999999999995,12,0.12,90,0.9,100,0.028719447515904904,237
no_polynomial,sweeping,3,3,0.7692307692307692,62.999999999999936,15,0.15,83,0.83,100,0.023480326011776922,337
no_polynomial,sweeping,3,4,0.7142857142857143,76.2,8,0.08,85,0.85,100,0.010335627566091717,437
no_polynomial,sweeping,3,5,0.6666666666666666,86.00000000000006,3,0.03,82,0.82,100,0.008919004313647748,537
no_polynomial,sweeping,3,6,0.625,70.5,11,0.11,83,0.83,100,0.007155235186219216,637
no_polynomial,sweeping,3,7,0.5882352941176471,82.50000000000004,5,0.05,80,0.8,100,0.004162865788675845,737
no_polynomial,sweeping,3,8,0.5555555555555556,82.00000000000003,5,0.05,83,0.83,100,0.0030330217827577144,837
no_polynomial,sweeping,3,9,0.5263157894736842,77.19999999999999,8,0.08,75,0.75,100,0.0034049604437313974,937
no_polynomial,sweeping,3,10,0.5,85.20000000000006,4,0.04,72,0.72,100,0.003094752328470349,1037
no_polynomial,sweeping,3,11,0.47619047619047616,79.60000000000002,7,0.07,71,0.71,100,0.002823223527520895,1137
no_polynomial,sweeping,3,12,0.45454545454545453,82.60000000000004,5,0.05,77,0.77,100,0.006856687651015818,1237
no_polynomial,sweeping,3,13,0.4347826086956522,77.60000000000004,8,0.08,71,0.71,100,0.004013485917821527,1337
no_polynomial,sweeping,3,14,0.4166666666666667,86.60000000000007,3,0.03,77,0.77,100,0.004422084086108953,1437
no_polynomial,sweeping,3,15,0.4,83.00000000000001,5,0.05,74,0.74,100,0.006260548778809607,1537
no_polynomial,sweeping,3,16,0.3846153846153846,79.50000000000003,7,0.07,70,0.7,100,0.005119776614010334,1637
no_polynomial,sweeping,3,17,0.37037037037037035,91.90000000000008,1,0.01,62,0.62,100,0.005479701631702483,1737
no_polynomial,sweeping,3,18,0.35714285714285715,86.00000000000003,4,0.04,64,0.64,100,0.00841054629534483,1837
no_polynomial,sweeping,3,19,0.3448275862068966,82.40000000000003,5,0.05,81,0.81,100,0.0071014671912416815,1937
no_polynomial,sweeping,3,20,0.3333333333333333,83.30000000000004,5,0.05,72,0.72,100,0.006347035211510956,2037
no_polynomial,sweeping,3,21,0.3225806451612903,81.70000000000002,6,0.06,69,0.69,100,0.004617864266037941,2137
no_polynomial,sweeping,3,22,0.3125,83.70000000000003,5,0.05,65,0.65,100,0.005607616186607629,2237
no_polynomial,sweeping,3,23,0.30303030303030304,81.00000000000004,6,0.06,75,0.75,100,0.005711522572673857,2337
no_polynomial,sweeping,3,24,0.29411764705882354,89.80000000000007,2,0.02,64,0.64,100,0.006217192292679101,2437
no_polynomial,sweeping,3,25,0.2857142857142857,89.20000000000003,2,0.02,69,0.69,100,0.0054883119068108496,2537
no_polynomial,sweeping,3,26,0.2777777777777778,88.00000000000003,3,0.03,63,0.63,100,0.005879543432965875,2637
no_polynomial,sweeping,3,27,0.27027027027027023,83.70000000000002,5,0.05,66,0.66,100,0.006732231536880136,2737
no_polynomial,sweeping,3,28,0.2631578947368421,79.40000000000002,7,0.07,73,0.73,100,0.006235040305182338,2837
no_polynomial,sweeping,3,29,0.25641025641025644,91.20000000000007,1,0.01,69,0.69,100,0.006455791855696589,2937
no_polynomial,sweeping,3,30,0.25,91.00000000000009,1,0.01,71,0.71,100,0.007306194379925728,3037
no_polynomial,sweeping,3,31,0.24390243902439027,86.50000000000006,4,0.04,59,0.59,100,0.0055616330588236455,3137
no_polynomial,sweeping,3,32,0.23809523809523808,83.70000000000005,5,0.05,68,0.68,100,0.007628118430729956,3237
no_polynomial,sweeping,3,33,0.23255813953488372,88.40000000000002,3,0.03,59,0.59,100,0.00638550826581195,3337
no_polynomial,sweeping,3,34,0.22727272727272727,94.40000000000008,0,0.0,56,0.56,100,0.00523899236926809,3437
no_polynomial,sweeping,3,35,0.2222222222222222,91.50000000000006,1,0.01,66,0.66,100,0.0053914233017712835,3537
no_polynomial,sweeping,3,36,0.2173913043478261,92.50000000000009,1,0.01,56,0.56,100,0.006144423624500632,3637
no_polynomial,sweeping,3,37,0.2127659574468085,90.50000000000003,2,0.02,57,0.57,100,0.007611598588991911,3737
no_polynomial,sweeping,3,38,0.20833333333333334,90.70000000000002,2,0.02,55,0.55,100,0.007133188918232918,3837
no_polynomial,sweeping,3,39,0.2040816326530612,88.10000000000004,3,0.03,61,0.61,100,0.006992384013719857,3937
no_polynomial,sweeping,3,40,0.2,92.40000000000006,1,0.01,57,0.57,100,0.005876227975822985,4037
no_polynomial,sweeping,3,41,0.19607843137254904,93.60000000000008,1,0.01,45,0.45,100,0.004719304027967155,4137
no_polynomial,sweeping,3,42,0.1923076923076923,88.00000000000007,3,0.03,63,0.63,100,0.005427386497613043,4237
no_polynomial,sweeping,3,43,0.18867924528301888,91.50000000000006,1,0.01,66,0.66,100,0.006817759349942208,4337
no_polynomial,sweeping,3,44,0.18518518518518517,88.10000000000005,3,0.03,62,0.62,100,0.006448684849310667,4437
no_polynomial,sweeping,3,45,0.18181818181818182,84.40000000000002,5,0.05,61,0.61,100,0.005590231183450669,4537
no_polynomial,sweeping,3,46,0.17857142857142858,85.10000000000005,5,0.05,54,0.54,100,0.007888327648397536,4637
no_polynomial,sweeping,3,47,0.17543859649122806,90.20000000000007,2,0.02,60,0.6,100,0.008005464794114231,4737
no_polynomial,sweeping,3,48,0.1724137931034483,82.00000000000004,6,0.06,65,0.65,100,0.008130592836532741,4837
no_polynomial,sweeping,3,49,0.1694915254237288,92.90000000000008,1,0.01,52,0.52,100,0.0066282129962928595,4937
no_polynomial,sweeping,3,50,0.16666666666666666,92.30000000000007,1,0.01,58,0.58,100,0.006925872911233455,5037
no_polynomial,sweeping,3,51,0.1639344262295082,88.60000000000002,3,0.03,57,0.57,100,0.006291484672110528,5137
no_polynomial,sweeping,3,52,0.16129032258064516,92.80000000000004,1,0.01,53,0.53,100,0.007464867273811251,5237
no_polynomial,sweeping,3,53,0.15873015873015872,94.50000000000009,0,0.0,55,0.55,100,0.010471129049547017,5337
no_polynomial,sweeping,3,54,0.15625,94.50000000000006,0,0.0,55,0.55,100,0.006338491635397077,5437
no_polynomial,sweeping,3,55,0.15384615384615385,90.60000000000005,2,0.02,56,0.56,100,0.006942838784307241,5537
no_polynomial,sweeping,3,56,0.15151515151515152,80.89999999999999,7,0.07,57,0.57,100,0.007314278273843229,5637
no_polynomial,sweeping,3,57,0.14925373134328357,92.20000000000007,1,0.01,59,0.59,100,0.006808177551720291,5737
no_polynomial,sweeping,3,58,0.14705882352941177,94.40000000000006,0,0.0,56,0.56,100,0.007361170458607375,5837
no_polynomial,sweeping,3,59,0.14492753623188406,91.50000000000006,2,0.02,47,0.47,100,0.007007941612973809,5937
no_polynomial,sweeping,3,60,0.14285714285714285,94.30000000000007,0,0.0,57,0.57,100,0.006037124181166292,6037
no_polynomial,sweeping,3,61,0.14084507042253522,93.40000000000005,1,0.01,47,0.47,100,0.0059543667954858395,6137
no_polynomial,sweeping,3,62,0.1388888888888889,88.60000000000005,3,0.03,57,0.57,100,0.0074082768452353774,6237
no_polynomial,sweeping,3,63,0.136986301369863,91.30000000000003,2,0.02,49,0.49,100,0.006386778189335018,6337
no_polynomial,sweeping,3,64,0.13513513513513511,88.9,3,0.03,54,0.54,100,0.007317206093575806,6437
no_polynomial,sweeping,3,65,0.13333333333333333,86.60000000000001,4,0.04,58,0.58,100,0.00632263119565323,6537
no_polynomial,sweeping,3,66,0.13157894736842105,89.10000000000007,3,0.03,52,0.52,100,0.006045818654820323,6637
no_polynomial,sweeping,3,67,0.12987012987012986,88.80000000000007,3,0.03,55,0.55,100,0.00785440233303234,6737
no_polynomial,sweeping,3,68,0.12820512820512822,90.20000000000003,2,0.02,59,0.59,100,0.0068998558819293974,6837
no_polynomial,sweeping,3,69,0.12658227848101264,94.20000000000005,0,0.0,58,0.58,100,0.005886742654256523,6937
no_polynomial,sweeping,3,70,0.125,93.30000000000005,1,0.01,48,0.48,100,0.00542273535975255,7037
no_polynomial,sweeping,3,71,0.1234567901234568,95.00000000000006,0,0.0,50,0.5,100,0.007747408174909651,7137
no_polynomial,sweeping,3,72,0.12195121951219513,94.80000000000004,0,0.0,52,0.52,100,0.008044184274040163,7237
no_polynomial,sweeping,3,73,0.12048192771084336,92.40000000000003,1,0.01,57,0.57,100,0.008173675248399377,7337
no_polynomial,sweeping,3,74,0.11904761904761904,93.80000000000007,0,0.0,62,0.62,100,0.007119750778656453,7437
no_polynomial,sweeping,3,75,0.11764705882352941,94.90000000000005,0,0.0,51,0.51,100,0.0074999195337295535,7537
no_polynomial,sweeping,3,76,0.11627906976744186,94.80000000000005,0,0.0,52,0.52,100,0.008112562522292137,7637
no_polynomial,sweeping,3,77,0.1149425287356322,87.20000000000005,4,0.04,52,0.52,100,0.00486480311723426,7737
no_polynomial,sweeping,3,78,0.11363636363636363,91.40000000000003,2,0.02,48,0.48,100,0.005917578521184623,7837
no_polynomial,sweeping,3,79,0.11235955056179775,95.20000000000003,0,0.0,48,0.48,100,0.005918012263718992,7937
no_polynomial,sweeping,3,80,0.1111111111111111,92.70000000000006,1,0.01,54,0.54,100,0.00660322327283211,8037
no_polynomial,sweeping,3,81,0.10989010989010989,91.00000000000006,2,0.02,52,0.52,100,0.005386824766173959,8137
no_polynomial,sweeping,3,82,0.10869565217391305,88.80000000000004,3,0.03,54,0.54,100,0.008851509871892631,8237
no_polynomial,sweeping,3,83,0.1075268817204301,89.90000000000009,2,0.02,63,0.63,100,0.007365969959646463,8337
no_polynomial,sweeping,3,84,0.10638297872340426,91.20000000000006,2,0.02,50,0.5,100,0.009206714460160583,8437
no_polynomial,sweeping,3,85,0.10526315789473684,89.70000000000002,3,0.03,46,0.46,100,0.006136374245397746,8537
no_polynomial,sweeping,3,86,0.10416666666666667,94.90000000000008,0,0.0,51,0.51,100,0.006343823547940702,8637
no_polynomial,sweeping,3,87,0.10309278350515465,95.50000000000004,0,0.0,45,0.45,100,0.006534756131004542,8737
no_polynomial,sweeping,3,88,0.1020408163265306,95.50000000000009,0,0.0,45,0.45,100,0.0051563619030639525,8837
no_polynomial,sweeping,3,89,0.10101010101010101,89.30000000000004,3,0.03,50,0.5,100,0.0062859567138366405,8937
no_polynomial,sweeping,3,90,0.1,93.70000000000006,1,0.01,44,0.44,100,0.007161457387264818,9037
no_polynomial,sweeping,3,91,0.09900990099009901,89.80000000000004,3,0.03,45,0.45,100,0.005244451309554279,9137
no_polynomial,sweeping,3,92,0.09803921568627452,90.70000000000006,2,0.02,55,0.55,100,0.006943437560694292,9237
no_polynomial,sweeping,3,93,0.0970873786407767,92.80000000000003,1,0.01,53,0.53,100,0.006518680723384023,9337
no_polynomial,sweeping,3,94,0.09615384615384615,91.80000000000005,2,0.02,44,0.44,100,0.007561443131417036,9437
no_polynomial,sweeping,3,95,0.09523809523809523,90.90000000000005,2,0.02,53,0.53,100,0.009616785561665892,9537
no_polynomial,sweeping,3,96,0.09433962264150944,92.70000000000009,1,0.01,54,0.54,100,0.007026512743905187,9637
no_polynomial,sweeping,3,97,0.09345794392523366,93.30000000000004,1,0.01,48,0.48,100,0.006199306424241513,9737
no_polynomial,sweeping,3,98,0.09259259259259259,95.10000000000007,0,0.0,49,0.49,100,0.007411731982138008,9837
no_polynomial,sweeping,3,99,0.09174311926605504,93.30000000000007,1,0.01,48,0.48,100,0.007998648434877395,9937
no_polynomial,sweeping,3,100,0.09090909090909091,93.30000000000007,1,0.01,48,0.48,100,0.006441161879338324,10037
no_polynomial,sweeping,3,101,0.0900900900900901,86.50000000000003,4,0.04,59,0.59,100,0.007044386537745595,10137
no_polynomial,sweeping,3,102,0.08928571428571429,91.30000000000005,2,0.02,49,0.49,100,0.007664973144419491,10237
no_polynomial,sweeping,3,103,0.08849557522123894,93.50000000000004,1,0.01,46,0.46,100,0.007039754996076226,10337
no_polynomial,sweeping,3,104,0.08771929824561403,91.90000000000006,2,0.02,43,0.43,100,0.0053025980293750765,10437
no_polynomial,sweeping,3,105,0.08695652173913043,95.00000000000006,0,0.0,50,0.5,100,0.007402218880597502,10537
no_polynomial,sweeping,3,106,0.08620689655172414,93.40000000000008,1,0.01,47,0.47,100,0.005898634041659534,10637
no_polynomial,sweeping,3,107,0.08547008547008547,89.30000000000004,3,0.03,49,0.49,100,0.005584709234535694,10737
no_polynomial,sweeping,3,108,0.0847457627118644,90.60000000000005,2,0.02,56,0.56,100,0.006980826975777745,10837
no_polynomial,sweeping,3,109,0.08403361344537814,95.10000000000007,0,0.0,49,0.49,100,0.006731681146193296,10937
no_polynomial,sweeping,3,110,0.08333333333333333,93.10000000000008,1,0.01,50,0.5,100,0.005968067937064916,11037
no_polynomial,sweeping,3,111,0.08264462809917356,95.10000000000005,0,0.0,49,0.49,100,0.0067995038395747545,11137
no_polynomial,sweeping,3,112,0.0819672131147541,89.00000000000003,3,0.03,53,0.53,100,0.008690656095277518,11237
no_polynomial,sweeping,3,113,0.08130081300813008,93.60000000000007,1,0.01,45,0.45,100,0.007122051282785833,11337
no_polynomial,sweeping,3,114,0.08064516129032258,93.40000000000003,1,0.01,47,0.47,100,0.006254926794208586,11437
no_polynomial,sweeping,3,115,0.08,95.10000000000008,0,0.0,49,0.49,100,0.007180690718814731,11537
no_polynomial,sweeping,3,116,0.07936507936507936,93.30000000000005,1,0.01,48,0.48,100,0.007393185780383647,11637
no_polynomial,sweeping,3,117,0.07874015748031496,93.20000000000006,1,0.01,49,0.49,100,0.007324241893365979,11737
no_polynomial,sweeping,3,118,0.078125,95.40000000000005,0,0.0,46,0.46,100,0.006293063182383775,11837
no_polynomial,sweeping,3,119,0.07751937984496124,95.30000000000007,0,0.0,47,0.47,100,0.006331373152788728,11937
no_polynomial,sweeping,3,120,0.07692307692307693,92.40000000000003,1,0.01,57,0.57,100,0.0072580986469984055,12037
no_polynomial,sweeping,3,121,0.07633587786259542,93.40000000000003,1,0.01,47,0.47,100,0.006518061698880046,12137
no_polynomial,sweeping,3,122,0.07575757575757576,94.00000000000006,1,0.01,41,0.41,100,0.005189395704073832,12237
no_polynomial,sweeping,3,123,0.07518796992481203,90.10000000000005,2,0.02,61,0.61,100,0.007722914421465248,12337
no_polynomial,sweeping,3,124,0.07462686567164178,93.40000000000005,1,0.01,47,0.47,100,0.005757742095738649,12437
no_polynomial,sweeping,3,125,0.07407407407407407,95.10000000000005,0,0.0,49,0.49,100,0.005120384516194463,12537
no_polynomial,sweeping,3,126,0.07352941176470588,95.50000000000003,0,0.0,45,0.45,100,0.008002879072446376,12637
no_polynomial,sweeping,3,127,0.07299270072992702,95.00000000000003,0,0.0,50,0.5,100,0.0055343464110046625,12737
no_polynomial,sweeping,3,128,0.07246376811594203,90.00000000000004,3,0.03,43,0.43,100,0.005764996442012489,12837
no_polynomial,sweeping,3,129,0.07194244604316546,95.40000000000009,0,0.0,46,0.46,100,0.0062246731715276836,12937
no_polynomial,sweeping,3,130,0.07142857142857142,93.70000000000005,1,0.01,44,0.44,100,0.005960973880719394,13037
no_polynomial,sweeping,3,131,0.07092198581560284,88.70000000000003,3,0.03,56,0.56,100,0.00649627877632156,13137
no_polynomial,sweeping,3,132,0.07042253521126761,90.10000000000005,3,0.03,42,0.42,100,0.006701359690632671,13237
no_polynomial,sweeping,3,133,0.06993006993006992,95.40000000000003,0,0.0,46,0.46,100,0.006245489958673716,13337
no_polynomial,sweeping,3,134,0.06944444444444445,93.30000000000004,1,0.01,47,0.47,100,0.006484697037376463,13437
no_polynomial,sweeping,3,135,0.06896551724137931,95.20000000000003,0,0.0,48,0.48,100,0.006135285873897374,13537
no_polynomial,sweeping,3,136,0.0684931506849315,95.40000000000003,0,0.0,46,0.46,100,0.006489026467315853,13637
no_polynomial,sweeping,3,137,0.06802721088435375,93.60000000000004,1,0.01,45,0.45,100,0.005722313579171896,13737
no_polynomial,sweeping,3,138,0.06756756756756756,96.20000000000005,0,0.0,38,0.38,100,0.0051699165918398645,13837
no_polynomial,sweeping,3,139,0.06711409395973154,95.50000000000006,0,0.0,45,0.45,100,0.004837780186207965,13937
no_polynomial,sweeping,3,140,0.06666666666666667,91.70000000000005,2,0.02,45,0.45,100,0.006318382192403078,14037
no_polynomial,sweeping,3,141,0.06622516556291391,93.40000000000006,1,0.01,47,0.47,100,0.01336562835611403,14137
no_polynomial,sweeping,3,142,0.06578947368421052,93.80000000000004,1,0.01,42,0.42,100,0.006344579114811495,14237
no_polynomial,sweeping,3,143,0.06535947712418301,93.80000000000005,1,0.01,43,0.43,100,0.0069410888361744584,14337
no_polynomial,sweeping,3,144,0.06493506493506493,94.50000000000006,1,0.01,36,0.36,100,0.0036024749383796006,14437
no_polynomial,sweeping,3,145,0.06451612903225806,91.40000000000008,2,0.02,48,0.48,100,0.0066605612821877,14537
no_polynomial,sweeping,3,146,0.06410256410256411,93.80000000000005,1,0.01,43,0.43,100,0.0076443814835511145,14637
no_polynomial,sweeping,3,147,0.06369426751592357,94.20000000000005,1,0.01,39,0.39,100,0.004943524760892615,14737
no_polynomial,sweeping,3,148,0.06329113924050632,95.90000000000005,0,0.0,41,0.41,100,0.005637667393311858,14837
no_polynomial,sweeping,3,149,0.06289308176100629,96.00000000000004,0,0.0,40,0.4,100,0.006926442363765091,14937
no_polynomial,sweeping,3,150,0.0625,91.60000000000005,2,0.02,45,0.45,100,0.005017110477201641,15037
no_polynomial,sweeping,3,151,0.06211180124223602,93.90000000000003,1,0.01,42,0.42,100,0.006315347093623132,15137
no_polynomial,sweeping,3,152,0.0617283950617284,94.20000000000003,1,0.01,39,0.39,100,0.005997855613240972,15237
no_polynomial,sweeping,3,153,0.06134969325153374,89.40000000000006,3,0.03,49,0.49,100,0.0063133610039949415,15337
no_polynomial,sweeping,3,154,0.06097560975609757,95.60000000000004,0,0.0,44,0.44,100,0.007889174872543663,15437
no_polynomial,sweeping,3,155,0.06060606060606061,94.70000000000005,1,0.01,34,0.34,100,0.004371440107934177,15537
no_polynomial,sweeping,3,156,0.06024096385542168,95.70000000000005,0,0.0,43,0.43,100,0.007069373638369143,15637
no_polynomial,sweeping,3,157,0.059880239520958084,95.80000000000004,0,0.0,42,0.42,100,0.007911450040992349,15737
no_polynomial,sweeping,3,158,0.05952380952380952,91.00000000000006,2,0.02,52,0.52,100,0.005820272172568366,15837
no_polynomial,sweeping,3,159,0.0591715976331361,96.40000000000005,0,0.0,36,0.36,100,0.005363792416173965,15937
no_polynomial,sweeping,3,160,0.058823529411764705,93.60000000000005,1,0.01,45,0.45,100,0.005654675478581339,16037
no_polynomial,sweeping,3,161,0.05847953216374269,94.30000000000004,1,0.01,38,0.38,100,0.0054671562067233025,16137
no_polynomial,sweeping,3,162,0.05813953488372093,95.40000000000003,0,0.0,46,0.46,100,0.0063922432134859266,16237
no_polynomial,sweeping,3,163,0.057803468208092484,96.10000000000007,0,0.0,39,0.39,100,0.00445173614891246,16337
no_polynomial,sweeping,3,164,0.0574712643678161,94.60000000000008,1,0.01,35,0.35,100,0.004834526225458831,16437
no_polynomial,sweeping,3,165,0.05714285714285714,95.60000000000007,0,0.0,44,0.44,100,0.005385562423616648,16537
no_polynomial,sweeping,3,166,0.056818181818181816,96.30000000000007,0,0.0,37,0.37,100,0.00441283926484175,16637
no_polynomial,sweeping,3,167,0.05649717514124294,92.90000000000006,1,0.01,52,0.52,100,0.006240694723092019,16737
no_polynomial,sweeping,3,168,0.056179775280898875,93.30000000000007,1,0.01,47,0.47,100,0.005434343880042433,16837
no_polynomial,sweeping,3,169,0.0558659217877095,93.30000000000004,1,0.01,48,0.48,100,0.007274217631202191,16937
no_polynomial,sweeping,3,170,0.05555555555555555,95.90000000000003,0,0.0,41,0.41,100,0.005806135166203603,17037
no_polynomial,sweeping,3,171,0.055248618784530384,94.60000000000005,1,0.01,35,0.35,100,0.004679332333616912,17137
no_polynomial,sweeping,3,172,0.054945054945054944,95.60000000000007,0,0.0,44,0.44,100,0.006426425664685666,17237
no_polynomial,sweeping,3,173,0.0546448087431694,94.20000000000005,1,0.01,39,0.39,100,0.006651670057326555,17337
no_polynomial,sweeping,3,174,0.05434782608695653,96.20000000000006,0,0.0,38,0.38,100,0.005118535653455183,17437
no_polynomial,sweeping,3,175,0.05405405405405406,92.10000000000002,2,0.02,41,0.41,100,0.006509496460203081,17537
no_polynomial,sweeping,3,176,0.05376344086021505,96.40000000000003,0,0.0,36,0.36,100,0.0055324797111097725,17637
no_polynomial,sweeping,3,177,0.053475935828877004,94.30000000000004,1,0.01,38,0.38,100,0.004607376410858705,17737
no_polynomial,sweeping,3,178,0.05319148936170213,95.80000000000005,0,0.0,42,0.42,100,0.01409154383931309,17837
no_polynomial,sweeping,3,179,0.052910052910052914,95.00000000000007,0,0.0,50,0.5,100,0.007698038527742028,17937
no_polynomial,sweeping,3,180,0.05263157894736842,91.40000000000003,2,0.02,48,0.48,100,0.006338035161606967,18037
no_polynomial,sweeping,3,181,0.05235602094240837,92.10000000000005,2,0.02,39,0.39,100,0.006061468047555536,18137
no_polynomial,sweeping,3,182,0.052083333333333336,94.50000000000007,0,0.0,55,0.55,100,0.006840645913034678,18237
no_polynomial,sweeping,3,183,0.05181347150259067,94.10000000000004,1,0.01,40,0.4,100,0.004676737163681537,18337
no_polynomial,sweeping,3,184,0.051546391752577324,93.40000000000003,1,0.01,47,0.47,100,0.004649582050042227,18437
no_polynomial,sweeping,3,185,0.05128205128205128,95.70000000000009,0,0.0,43,0.43,100,0.004665715245064348,18537
no_polynomial,sweeping,3,186,0.0510204081632653,95.90000000000006,0,0.0,41,0.41,100,0.005597854228690267,18637
no_polynomial,sweeping,3,187,0.050761421319796954,94.20000000000005,1,0.01,39,0.39,100,0.006620278871851042,18737
no_polynomial,sweeping,3,188,0.050505050505050504,96.30000000000004,0,0.0,37,0.37,100,0.004575643803691492,18837
no_polynomial,sweeping,3,189,0.05025125628140704,94.70000000000005,1,0.01,34,0.34,100,0.005636661609169096,18937
no_polynomial,sweeping,3,190,0.05,93.90000000000003,1,0.01,42,0.42,100,0.00482195164076984,19037
no_polynomial,sweeping,3,191,0.04975124378109452,90.10000000000002,3,0.03,42,0.42,100,0.005030522143933922,19137
no_polynomial,sweeping,3,192,0.04950495049504951,97.30000000000004,0,0.0,27,0.27,100,0.00410357016720809,19237
no_polynomial,sweeping,3,193,0.04926108374384236,96.40000000000003,0,0.0,36,0.36,100,0.004777768104104325,19337
no_polynomial,sweeping,3,194,0.04901960784313726,95.50000000000007,0,0.0,45,0.45,100,0.006573940473608673,19437
no_polynomial,sweeping,3,195,0.04878048780487805,94.60000000000005,1,0.01,35,0.35,100,0.00414080846356228,19537
no_polynomial,sweeping,3,196,0.04854368932038835,94.30000000000004,1,0.01,38,0.38,100,0.004103788703214377,19637
no_polynomial,sweeping,3,197,0.04830917874396135,96.20000000000003,0,0.0,38,0.38,100,0.005886160910595208,19737
no_polynomial,sweeping,3,198,0.04807692307692307,90.60000000000007,2,0.02,56,0.56,100,0.00655516381142661,19837
no_polynomial,sweeping,3,199,0.04784688995215311,96.30000000000004,0,0.0,37,0.37,100,0.006923728338442743,19937
no_polynomial,sweeping,4,0,1.0,71.79999999999997,10,0.1,91,0.91,100,0.15131820310410615,37
no_polynomial,sweeping,4,1,0.9090909090909091,85.40000000000008,3,0.03,87,0.87,100,0.036634972244501116,137
no_polynomial,sweeping,4,2,0.8333333333333334,74.2,9,0.09,87,0.87,100,0.02597848543897271,237
no_polynomial,sweeping,4,3,0.7692307692307692,76.7,8,0.08,80,0.8,100,0.013122999109327793,337
no_polynomial,sweeping,4,4,0.7142857142857143,69.99999999999997,11,0.11,91,0.91,100,0.007758399227168411,437
no_polynomial,sweeping,4,5,0.6666666666666666,77.70000000000002,7,0.07,88,0.88,100,0.0061059769452549515,537
no_polynomial,sweeping,4,6,0.625,74.49999999999999,9,0.09,81,0.81,100,0.005130830416455865,637
no_polynomial,sweeping,4,7,0.5882352941176471,78.80000000000001,7,0.07,77,0.77,100,0.00518126567825675,737
no_polynomial,sweeping,4,8,0.5555555555555556,76.70000000000002,8,0.08,81,0.81,100,0.007410035061184317,837
no_polynomial,sweeping,4,9,0.5263157894736842,83.10000000000002,5,0.05,74,0.74,100,0.004298945646733046,937
no_polynomial,sweeping,4,10,0.5,81.00000000000003,6,0.06,76,0.76,100,0.003902654673438519,1037
no_polynomial,sweeping,4,11,0.47619047619047616,82.50000000000006,5,0.05,79,0.79,100,0.005105681039858609,1137
no_polynomial,sweeping,4,12,0.45454545454545453,85.40000000000006,4,0.04,69,0.69,100,0.006189708155579865,1237
no_polynomial,sweeping,4,13,0.4347826086956522,81.00000000000004,6,0.06,76,0.76,100,0.005460544273955747,1337
no_polynomial,sweeping,4,14,0.4166666666666667,87.50000000000007,3,0.03,68,0.68,100,0.0036429639114066957,1437
no_polynomial,sweeping,4,15,0.4,82.70000000000005,5,0.05,78,0.78,100,0.005317636346444487,1537
no_polynomial,sweeping,4,16,0.3846153846153846,80.70000000000003,6,0.06,79,0.79,100,0.0063027105294168,1637
no_polynomial,sweeping,4,17,0.37037037037037035,86.70000000000005,3,0.03,76,0.76,100,0.005444942901376635,1737
no_polynomial,sweeping,4,18,0.35714285714285715,83.00000000000004,5,0.05,74,0.74,100,0.00556488529080525,1837
no_polynomial,sweeping,4,19,0.3448275862068966,83.00000000000007,5,0.05,75,0.75,100,0.004144111913628876,1937
no_polynomial,sweeping,4,20,0.3333333333333333,83.80000000000004,5,0.05,67,0.67,100,0.00551581262378022,2037
no_polynomial,sweeping,4,21,0.3225806451612903,75.79999999999998,9,0.09,71,0.71,100,0.00654889733530581,2137
no_polynomial,sweeping,4,22,0.3125,88.8000000000001,2,0.02,74,0.74,100,0.005624368754215538,2237
no_polynomial,sweeping,4,23,0.30303030303030304,85.30000000000005,4,0.04,70,0.7,100,0.00585381688317284,2337
no_polynomial,sweeping,4,24,0.29411764705882354,88.10000000000005,3,0.03,62,0.62,100,0.0050659345160238445,2437
no_polynomial,sweeping,4,25,0.2857142857142857,88.20000000000003,3,0.03,61,0.61,100,0.004680958379758522,2537
no_polynomial,sweeping,4,26,0.2777777777777778,89.80000000000007,2,0.02,64,0.64,100,0.006225286261178553,2637
no_polynomial,sweeping,4,27,0.27027027027027023,84.30000000000004,5,0.05,62,0.62,100,0.0067536416137591,2737
no_polynomial,sweeping,4,28,0.2631578947368421,83.60000000000002,5,0.05,69,0.69,100,0.004577587132807821,2837
no_polynomial,sweeping,4,29,0.25641025641025644,91.30000000000007,1,0.01,68,0.68,100,0.0060561538045294586,2937
no_polynomial,sweeping,4,30,0.25,87.00000000000003,4,0.04,54,0.54,100,0.004797681581694632,3037
no_polynomial,sweeping,4,31,0.24390243902439027,90.30000000000005,2,0.02,59,0.59,100,0.005034686683211475,3137
no_polynomial,sweeping,4,32,0.23809523809523808,83.4,5,0.05,71,0.71,100,0.006191871259361505,3237
no_polynomial,sweeping,4,33,0.23255813953488372,91.80000000000005,1,0.01,63,0.63,100,0.004974216627888381,3337
no_polynomial,sweeping,4,34,0.22727272727272727,86.30000000000004,4,0.04,61,0.61,100,0.0052784575987607244,3437
no_polynomial,sweeping,4,35,0.2222222222222222,92.80000000000007,1,0.01,53,0.53,100,0.006715264494996518,3537
no_polynomial,sweeping,4,36,0.2173913043478261,88.90000000000006,3,0.03,53,0.53,100,0.005059189721941948,3637
no_polynomial,sweeping,4,37,0.2127659574468085,88.40000000000003,3,0.03,59,0.59,100,0.0063228391041047875,3737
no_polynomial,sweeping,4,38,0.20833333333333334,86.90000000000003,4,0.04,55,0.55,100,0.009190722957719118,3837
no_polynomial,sweeping,4,39,0.2040816326530612,92.70000000000007,1,0.01,54,0.54,100,0.008683957536704838,3937
no_polynomial,sweeping,4,40,0.2,89.60000000000005,2,0.02,66,0.66,100,0.007535786562366411,4037
no_polynomial,sweeping,4,41,0.19607843137254904,92.00000000000006,1,0.01,61,0.61,100,0.008317900046240539,4137
no_polynomial,sweeping,4,42,0.1923076923076923,94.60000000000005,0,0.0,54,0.54,100,0.00629744878038764,4237
no_polynomial,sweeping,4,43,0.18867924528301888,88.00000000000006,3,0.03,63,0.63,100,0.0069377471692860125,4337
no_polynomial,sweeping,4,44,0.18518518518518517,88.80000000000005,3,0.03,55,0.55,100,0.006833736801054329,4437
no_polynomial,sweeping,4,45,0.18181818181818182,88.10000000000005,3,0.03,62,0.62,100,0.007785948538221419,4537
no_polynomial,sweeping,4,46,0.17857142857142858,92.60000000000005,1,0.01,55,0.55,100,0.00613613698631525,4637
no_polynomial,sweeping,4,47,0.17543859649122806,87.80000000000004,4,0.04,46,0.46,100,0.009523527189157903,4737
no_polynomial,sweeping,4,48,0.1724137931034483,89.90000000000006,2,0.02,62,0.62,100,0.007055524734314531,4837
no_polynomial,sweeping,4,49,0.1694915254237288,89.60000000000001,3,0.03,46,0.46,100,0.005779736838303506,4937
no_polynomial,sweeping,4,50,0.16666666666666666,89.00000000000004,3,0.03,53,0.53,100,0.00783919544890523,5037
no_polynomial,sweeping,4,51,0.1639344262295082,87.00000000000003,4,0.04,54,0.54,100,0.006079885782673955,5137
no_polynomial,sweeping,4,52,0.16129032258064516,93.00000000000003,1,0.01,51,0.51,100,0.005952864685095847,5237
no_polynomial,sweeping,4,53,0.15873015873015872,90.40000000000009,2,0.02,58,0.58,100,0.006257743067108095,5337
no_polynomial,sweeping,4,54,0.15625,94.30000000000008,0,0.0,57,0.57,100,0.007685601939447224,5437
no_polynomial,sweeping,4,55,0.15384615384615385,92.40000000000006,1,0.01,57,0.57,100,0.009539413759484886,5537
no_polynomial,sweeping,4,56,0.15151515151515152,91.10000000000002,2,0.02,51,0.51,100,0.006611966609489173,5637
no_polynomial,sweeping,4,57,0.14925373134328357,87.10000000000004,4,0.04,53,0.53,100,0.006882036745082587,5737
no_polynomial,sweeping,4,58,0.14705882352941177,93.50000000000007,1,0.01,46,0.46,100,0.00537241074256599,5837
no_polynomial,sweeping,4,59,0.14492753623188406,94.80000000000008,0,0.0,52,0.52,100,0.006140688988380134,5937
no_polynomial,sweeping,4,60,0.14285714285714285,92.10000000000007,1,0.01,59,0.59,100,0.006956790196709335,6037
no_polynomial,sweeping,4,61,0.14084507042253522,95.20000000000007,0,0.0,48,0.48,100,0.0056307602883316574,6137
no_polynomial,sweeping,4,62,0.1388888888888889,88.90000000000003,3,0.03,53,0.53,100,0.007311314090620726,6237
no_polynomial,sweeping,4,63,0.136986301369863,90.80000000000004,2,0.02,54,0.54,100,0.005707262444775552,6337
no_polynomial,sweeping,4,64,0.13513513513513511,85.10000000000002,5,0.05,53,0.53,100,0.0063782165525481105,6437
no_polynomial,sweeping,4,65,0.13333333333333333,93.10000000000005,1,0.01,50,0.5,100,0.0061137132882140574,6537
no_polynomial,sweeping,4,66,0.13157894736842105,92.70000000000006,1,0.01,54,0.54,100,0.006364299575798213,6637
no_polynomial,sweeping,4,67,0.12987012987012986,90.70000000000005,2,0.02,55,0.55,100,0.00593199078226462,6737
no_polynomial,sweeping,4,68,0.12820512820512822,91.80000000000004,2,0.02,44,0.44,100,0.0053920356975868345,6837
no_polynomial,sweeping,4,69,0.12658227848101264,83.30000000000003,6,0.06,52,0.52,100,0.006333872936666012,6937
no_polynomial,sweeping,4,70,0.125,89.00000000000004,3,0.03,53,0.53,100,0.008952728821896017,7037
no_polynomial,sweeping,4,71,0.1234567901234568,94.70000000000006,0,0.0,53,0.53,100,0.007027318782638759,7137
no_polynomial,sweeping,4,72,0.12195121951219513,92.70000000000007,1,0.01,54,0.54,100,0.006359948248136789,7237
no_polynomial,sweeping,4,73,0.12048192771084336,91.20000000000005,2,0.02,50,0.5,100,0.0059457504190504554,7337
no_polynomial,sweeping,4,74,0.11904761904761904,93.10000000000004,1,0.01,50,0.5,100,0.006577461985871196,7437
no_polynomial,sweeping,4,75,0.11764705882352941,86.00000000000001,5,0.05,45,0.45,100,0.005311881027882919,7537
no_polynomial,sweeping,4,76,0.11627906976744186,94.00000000000006,1,0.01,41,0.41,100,0.007161409268155694,7637
no_polynomial,sweeping,4,77,0.1149425287356322,91.60000000000005,2,0.02,46,0.46,100,0.005926899467594921,7737
no_polynomial,sweeping,4,78,0.11363636363636363,92.10000000000002,2,0.02,41,0.41,100,0.006515697808936238,7837
no_polynomial,sweeping,4,79,0.11235955056179775,93.80000000000005,1,0.01,43,0.43,100,0.007983978835400194,7937
no_polynomial,sweeping,4,80,0.1111111111111111,95.70000000000005,0,0.0,43,0.43,100,0.006571700185304508,8037
no_polynomial,sweeping,4,81,0.10989010989010989,95.30000000000004,0,0.0,47,0.47,100,0.007076579888816923,8137
no_polynomial,sweeping,4,82,0.10869565217391305,91.60000000000005,2,0.02,46,0.46,100,0.006444366399664432,8237
no_polynomial,sweeping,4,83,0.1075268817204301,91.30000000000004,2,0.02,49,0.49,100,0.006428429225925356,8337
no_polynomial,sweeping,4,84,0.10638297872340426,95.70000000000005,0,0.0,43,0.43,100,0.007085881205275655,8437
no_polynomial,sweeping,4,85,0.10526315789473684,94.40000000000008,0,0.0,56,0.56,100,0.007032483499497175,8537
no_polynomial,sweeping,4,86,0.10416666666666667,94.00000000000004,1,0.01,41,0.41,100,0.006162910223938525,8637
no_polynomial,sweeping,4,87,0.10309278350515465,95.20000000000005,0,0.0,48,0.48,100,0.007913608667440713,8737
no_polynomial,sweeping,4,88,0.1020408163265306,87.10000000000004,4,0.04,53,0.53,100,0.006345789348706603,8837
no_polynomial,sweeping,4,89,0.10101010101010101,95.70000000000005,0,0.0,43,0.43,100,0.011281965163070708,8937
no_polynomial,sweeping,4,90,0.1,93.60000000000002,1,0.01,45,0.45,100,0.006631754192057997,9037
no_polynomial,sweeping,4,91,0.09900990099009901,89.10000000000005,3,0.03,52,0.52,100,0.006776041549164802,9137
no_polynomial,sweeping,4,92,0.09803921568627452,91.40000000000006,2,0.02,48,0.48,100,0.007104325594846159,9237
no_polynomial,sweeping,4,93,0.0970873786407767,91.70000000000006,2,0.02,45,0.45,100,0.00608766264282167,9337
no_polynomial,sweeping,4,94,0.09615384615384615,93.50000000000006,1,0.01,46,0.46,100,0.005324263871880248,9437
no_polynomial,sweeping,4,95,0.09523809523809523,95.00000000000007,0,0.0,50,0.5,100,0.007139291095081717,9537
no_polynomial,sweeping,4,96,0.09433962264150944,92.30000000000003,1,0.01,58,0.58,100,0.005587572979275137,9637
no_polynomial,sweeping,4,97,0.09345794392523366,95.40000000000006,0,0.0,46,0.46,100,0.005428248371463269,9737
no_polynomial,sweeping,4,98,0.09259259259259259,92.30000000000003,2,0.02,39,0.39,100,0.0054453917872160675,9837
no_polynomial,sweeping,4,99,0.09174311926605504,95.70000000000005,0,0.0,43,0.43,100,0.0062342013255693015,9937
no_polynomial,sweeping,4,100,0.09090909090909091,93.70000000000007,1,0.01,44,0.44,100,0.007090469116810709,10037
no_polynomial,sweeping,4,101,0.0900900900900901,91.90000000000003,2,0.02,43,0.43,100,0.008256976038683205,10137
no_polynomial,sweeping,4,102,0.08928571428571429,87.40000000000003,4,0.04,49,0.49,100,0.006755409673787654,10237
no_polynomial,sweeping,4,103,0.08849557522123894,91.10000000000005,2,0.02,51,0.51,100,0.007417084975168109,10337
no_polynomial,sweeping,4,104,0.08771929824561403,89.20000000000002,3,0.03,51,0.51,100,0.005617401225026697,10437
no_polynomial,sweeping,4,105,0.08695652173913043,91.80000000000007,2,0.02,43,0.43,100,0.0066560400021262464,10537
no_polynomial,sweeping,4,106,0.08620689655172414,93.70000000000005,1,0.01,44,0.44,100,0.006369086534250528,10637
no_polynomial,sweeping,4,107,0.08547008547008547,90.10000000000002,3,0.03,41,0.41,100,0.005862102252431214,10737
no_polynomial,sweeping,4,108,0.0847457627118644,93.1000000000001,1,0.01,50,0.5,100,0.006342411334626377,10837
no_polynomial,sweeping,4,109,0.08403361344537814,91.40000000000005,2,0.02,48,0.48,100,0.00575009930646047,10937
no_polynomial,sweeping,4,110,0.08333333333333333,95.70000000000006,0,0.0,43,0.43,100,0.005999217259231955,11037
no_polynomial,sweeping,4,111,0.08264462809917356,94.70000000000005,0,0.0,53,0.53,100,0.006448097296524793,11137
no_polynomial,sweeping,4,112,0.0819672131147541,91.60000000000004,2,0.02,46,0.46,100,0.005321175628341735,11237
no_polynomial,sweeping,4,113,0.08130081300813008,94.10000000000002,1,0.01,40,0.4,100,0.005156734577612951,11337
no_polynomial,sweeping,4,114,0.08064516129032258,93.60000000000008,1,0.01,45,0.45,100,0.007500147055834532,11437
no_polynomial,sweeping,4,115,0.08,96.60000000000005,0,0.0,34,0.34,100,0.005788740129210055,11537
no_polynomial,sweeping,4,116,0.07936507936507936,95.50000000000004,0,0.0,45,0.45,100,0.007259712854865938,11637
no_polynomial,sweeping,4,117,0.07874015748031496,93.50000000000006,1,0.01,46,0.46,100,0.005455759838223457,11737
no_polynomial,sweeping,4,118,0.078125,96.00000000000004,0,0.0,40,0.4,100,0.006372196805896238,11837
no_polynomial,sweeping,4,119,0.07751937984496124,91.30000000000004,2,0.02,49,0.49,100,0.006273586030583828,11937
no_polynomial,sweeping,4,120,0.07692307692307693,94.00000000000003,1,0.01,41,0.41,100,0.006725198940839619,12037
no_polynomial,sweeping,4,121,0.07633587786259542,91.10000000000005,2,0.02,50,0.5,100,0.007166463159956038,12137
no_polynomial,sweeping,4,122,0.07575757575757576,95.80000000000007,0,0.0,42,0.42,100,0.0061743966350331905,12237
no_polynomial,sweeping,4,123,0.07518796992481203,96.00000000000004,0,0.0,40,0.4,100,0.007754337203223259,12337
no_polynomial,sweeping,4,124,0.07462686567164178,94.30000000000007,1,0.01,38,0.38,100,0.005372465690597892,12437
no_polynomial,sweeping,4,125,0.07407407407407407,94.30000000000005,1,0.01,37,0.37,100,0.0062348188681062315,12537
no_polynomial,sweeping,4,126,0.07352941176470588,91.70000000000006,2,0.02,45,0.45,100,0.006060930294916033,12637
no_polynomial,sweeping,4,127,0.07299270072992702,91.80000000000007,2,0.02,44,0.44,100,0.006877905130386353,12737
no_polynomial,sweeping,4,128,0.07246376811594203,93.50000000000007,1,0.01,45,0.45,100,0.006010217014700174,12837
no_polynomial,sweeping,4,129,0.07194244604316546,95.60000000000008,0,0.0,44,0.44,100,0.008176611135713757,12937
no_polynomial,sweeping,4,130,0.07142857142857142,94.90000000000006,0,0.0,51,0.51,100,0.008738830327056349,13037
no_polynomial,sweeping,4,131,0.07092198581560284,93.70000000000007,1,0.01,43,0.43,100,0.007036621402949095,13137
no_polynomial,sweeping,4,132,0.07042253521126761,92.20000000000005,2,0.02,40,0.4,100,0.008806697567924857,13237
no_polynomial,sweeping,4,133,0.06993006993006992,91.20000000000005,2,0.02,50,0.5,100,0.006359317291062325,13337
no_polynomial,sweeping,4,134,0.06944444444444445,93.50000000000009,1,0.01,46,0.46,100,0.006555507155135274,13437
no_polynomial,sweeping,4,135,0.06896551724137931,94.30000000000005,1,0.01,38,0.38,100,0.004160474364180117,13537
no_polynomial,sweeping,4,136,0.0684931506849315,92.20000000000006,2,0.02,40,0.4,100,0.005334150679409504,13637
no_polynomial,sweeping,4,137,0.06802721088435375,93.40000000000006,1,0.01,47,0.47,100,0.006147719058208168,13737
no_polynomial,sweeping,4,138,0.06756756756756756,95.60000000000005,0,0.0,44,0.44,100,0.005973124140873551,13837
no_polynomial,sweeping,4,139,0.06711409395973154,92.90000000000006,1,0.01,52,0.52,100,0.005075093132909388,13937
no_polynomial,sweeping,4,140,0.06666666666666667,95.70000000000003,0,0.0,43,0.43,100,0.005816632120404393,14037
no_polynomial,sweeping,4,141,0.06622516556291391,95.30000000000007,0,0.0,47,0.47,100,0.0061251096474006774,14137
no_polynomial,sweeping,4,142,0.06578947368421052,95.30000000000005,0,0.0,47,0.47,100,0.007582872232887894,14237
no_polynomial,sweeping,4,143,0.06535947712418301,89.90000000000003,3,0.03,44,0.44,100,0.004790488383732736,14337
no_polynomial,sweeping,4,144,0.06493506493506493,94.10000000000004,1,0.01,40,0.4,100,0.0055136185174342245,14437
no_polynomial,sweeping,4,145,0.06451612903225806,96.30000000000005,0,0.0,37,0.37,100,0.005023045572452247,14537
no_polynomial,sweeping,4,146,0.06410256410256411,93.50000000000006,1,0.01,46,0.46,100,0.005374025169294328,14637
no_polynomial,sweeping,4,147,0.06369426751592357,95.50000000000006,0,0.0,45,0.45,100,0.00464469961123541,14737
no_polynomial,sweeping,4,148,0.06329113924050632,94.40000000000003,1,0.01,37,0.37,100,0.005728407222777605,14837
no_polynomial,sweeping,4,149,0.06289308176100629,91.90000000000006,2,0.02,43,0.43,100,0.006009908870328218,14937
no_polynomial,sweeping,4,150,0.0625,93.80000000000005,1,0.01,43,0.43,100,0.0051556635135784745,15037
no_polynomial,sweeping,4,151,0.06211180124223602,89.90000000000006,3,0.03,44,0.44,100,0.005743351546116173,15137
no_polynomial,sweeping,4,152,0.0617283950617284,89.40000000000008,3,0.03,49,0.49,100,0.005407718645874411,15237
no_polynomial,sweeping,4,153,0.06134969325153374,91.90000000000002,2,0.02,43,0.43,100,0.004721070196246728,15337
no_polynomial,sweeping,4,154,0.06097560975609757,95.60000000000007,0,0.0,44,0.44,100,0.006723015164025128,15437
no_polynomial,sweeping,4,155,0.06060606060606061,92.00000000000003,2,0.02,42,0.42,100,0.007170584425330162,15537
no_polynomial,sweeping,4,156,0.06024096385542168,94.10000000000005,1,0.01,40,0.4,100,0.003856464436976239,15637
no_polynomial,sweeping,4,157,0.059880239520958084,95.60000000000005,0,0.0,44,0.44,100,0.006313224392943084,15737
no_polynomial,sweeping,4,158,0.05952380952380952,91.50000000000003,2,0.02,47,0.47,100,0.006397099976893515,15837
no_polynomial,sweeping,4,159,0.0591715976331361,93.70000000000006,1,0.01,44,0.44,100,0.005821335564833135,15937
no_polynomial,sweeping,4,160,0.058823529411764705,93.80000000000004,1,0.01,43,0.43,100,0.0055207882332615555,16037
no_polynomial,sweeping,4,161,0.05847953216374269,95.60000000000008,0,0.0,44,0.44,100,0.005335611959453672,16137
no_polynomial,sweeping,4,162,0.05813953488372093,93.90000000000006,1,0.01,42,0.42,100,0.005541005991399288,16237
no_polynomial,sweeping,4,163,0.057803468208092484,95.60000000000005,0,0.0,44,0.44,100,0.0054711230145767335,16337
no_polynomial,sweeping,4,164,0.0574712643678161,96.70000000000003,0,0.0,33,0.33,100,0.004964249217882752,16437
no_polynomial,sweeping,4,165,0.05714285714285714,92.40000000000005,2,0.02,38,0.38,100,0.005752779728500173,16537
no_polynomial,sweeping,4,166,0.056818181818181816,96.20000000000003,0,0.0,38,0.38,100,0.0063170613988768306,16637
no_polynomial,sweeping,4,167,0.05649717514124294,94.30000000000005,1,0.01,38,0.38,100,0.0056298955634701995,16737
no_polynomial,sweeping,4,168,0.056179775280898875,94.30000000000005,1,0.01,38,0.38,100,0.006595238212030381,16837
no_polynomial,sweeping,4,169,0.0558659217877095,96.50000000000004,0,0.0,35,0.35,100,0.004640843123197556,16937
no_polynomial,sweeping,4,170,0.05555555555555555,96.00000000000004,0,0.0,40,0.4,100,0.006575297685340047,17037
no_polynomial,sweeping,4,171,0.055248618784530384,95.80000000000001,0,0.0,42,0.42,100,0.0069480057526379825,17137
no_polynomial,sweeping,4,172,0.054945054945054944,94.60000000000005,1,0.01,35,0.35,100,0.004838666209252551,17237
no_polynomial,sweeping,4,173,0.0546448087431694,96.00000000000004,0,0.0,40,0.4,100,0.004630620459793135,17337
no_polynomial,sweeping,4,174,0.05434782608695653,96.30000000000005,0,0.0,37,0.37,100,0.004045737273991108,17437
no_polynomial,sweeping,4,175,0.05405405405405406,93.30000000000007,1,0.01,48,0.48,100,0.006679915771819651,17537
no_polynomial,sweeping,4,176,0.05376344086021505,96.60000000000005,0,0.0,34,0.34,100,0.004583213765872642,17637
no_polynomial,sweeping,4,177,0.053475935828877004,91.70000000000005,2,0.02,45,0.45,100,0.005771787563571706,17737
no_polynomial,sweeping,4,178,0.05319148936170213,92.50000000000006,2,0.02,37,0.37,100,0.004566562689142302,17837
no_polynomial,sweeping,4,179,0.052910052910052914,92.40000000000003,2,0.02,37,0.37,100,0.005635339540895075,17937
no_polynomial,sweeping,4,180,0.05263157894736842,96.50000000000003,0,0.0,35,0.35,100,0.005482412157580257,18037
no_polynomial,sweeping,4,181,0.05235602094240837,95.60000000000007,0,0.0,44,0.44,100,0.005650939547922462,18137
no_polynomial,sweeping,4,182,0.052083333333333336,96.60000000000005,0,0.0,34,0.34,100,0.004494782270630822,18237
no_polynomial,sweeping,4,183,0.05181347150259067,95.90000000000006,0,0.0,41,0.41,100,0.0062985753570683305,18337
no_polynomial,sweeping,4,184,0.051546391752577324,96.10000000000005,0,0.0,39,0.39,100,0.005977609984111041,18437
no_polynomial,sweeping,4,185,0.05128205128205128,95.20000000000009,0,0.0,48,0.48,100,0.005787838019896299,18537
no_polynomial,sweeping,4,186,0.0510204081632653,94.60000000000004,1,0.01,35,0.35,100,0.005147077462170273,18637
no_polynomial,sweeping,4,187,0.050761421319796954,94.50000000000004,1,0.01,36,0.36,100,0.005093567525036633,18737
no_polynomial,sweeping,4,188,0.050505050505050504,94.50000000000003,1,0.01,36,0.36,100,0.004470922099426389,18837
no_polynomial,sweeping,4,189,0.05025125628140704,96.90000000000003,0,0.0,31,0.31,100,0.004524985681055114,18937
no_polynomial,sweeping,4,190,0.05,96.00000000000003,0,0.0,40,0.4,100,0.004945982716744766,19037
no_polynomial,sweeping,4,191,0.04975124378109452,96.00000000000006,0,0.0,40,0.4,100,0.004089993773959577,19137
no_polynomial,sweeping,4,192,0.04950495049504951,96.10000000000004,0,0.0,39,0.39,100,0.005259890353772789,19237
no_polynomial,sweeping,4,193,0.04926108374384236,94.40000000000005,1,0.01,37,0.37,100,0.0044032441184390335,19337
no_polynomial,sweeping,4,194,0.04901960784313726,94.50000000000006,1,0.01,36,0.36,100,0.005465909702470526,19437
no_polynomial,sweeping,4,195,0.04878048780487805,95.80000000000007,0,0.0,42,0.42,100,0.005349818558897823,19537
no_polynomial,sweeping,4,196,0.04854368932038835,96.50000000000001,0,0.0,35,0.35,100,0.005080703899729997,19637
no_polynomial,sweeping,4,197,0.04830917874396135,91.40000000000006,2,0.02,48,0.48,100,0.004787058546207845,19737
no_polynomial,sweeping,4,198,0.04807692307692307,95.80000000000005,0,0.0,42,0.42,100,0.005111446306109428,19837
no_polynomial,sweeping,4,199,0.04784688995215311,94.30000000000004,1,0.01,38,0.38,100,0.006925889481790364,19937
no_polynomial,sweeping,5,0,1.0,68.09999999999994,12,0.12,91,0.91,100,0.21987109450069633,37
no_polynomial,sweeping,5,1,0.9090909090909091,60.69999999999993,16,0.16,86,0.86,100,0.06297936506569385,137
no_polynomial,sweeping,5,2,0.8333333333333334,75.0,9,0.09,79,0.79,100,0.02769499464891851,237
no_polynomial,sweeping,5,3,0.7692307692307692,83.20000000000005,4,0.04,92,0.92,100,0.015753454975783825,337
no_polynomial,sweeping,5,4,0.7142857142857143,66.29999999999994,13,0.13,86,0.86,100,0.009911306146532297,437
no_polynomial,sweeping,5,5,0.6666666666666666,76.4,8,0.08,82,0.82,100,0.005681657190434635,537
no_polynomial,sweeping,5,6,0.625,77.80000000000001,7,0.07,88,0.88,100,0.003833351565990597,637
no_polynomial,sweeping,5,7,0.5882352941176471,82.70000000000002,5,0.05,77,0.77,100,0.003609116079751402,737
no_polynomial,sweeping,5,8,0.5555555555555556,84.60000000000007,4,0.04,78,0.78,100,0.00319914934807457,837
no_polynomial,sweeping,5,9,0.5263157894736842,84.40000000000005,4,0.04,80,0.8,100,0.003902820405783132,937
no_polynomial,sweeping,5,10,0.5,80.60000000000004,6,0.06,80,0.8,100,0.0037369656865485013,1037
no_polynomial,sweeping,5,11,0.47619047619047616,84.70000000000003,4,0.04,75,0.75,100,0.004508379076141864,1137
no_polynomial,sweeping,5,12,0.45454545454545453,84.50000000000004,4,0.04,78,0.78,100,0.005404511555097997,1237
no_polynomial,sweeping,5,13,0.4347826086956522,89.00000000000004,2,0.02,72,0.72,100,0.0050951120420359075,1337
no_polynomial,sweeping,5,14,0.4166666666666667,89.30000000000004,2,0.02,68,0.68,100,0.004935175904538482,1437
no_polynomial,sweeping,5,15,0.4,83.30000000000003,5,0.05,71,0.71,100,0.004575358205474913,1537
no_polynomial,sweeping,5,16,0.3846153846153846,85.60000000000004,4,0.04,68,0.68,100,0.005327478647232055,1637
no_polynomial,sweeping,5,17,0.37037037037037035,85.30000000000007,4,0.04,70,0.7,100,0.004772546135354787,1737
no_polynomial,sweeping,5,18,0.35714285714285715,83.80000000000003,5,0.05,66,0.66,100,0.003492997463326901,1837
no_polynomial,sweeping,5,19,0.3448275862068966,86.10000000000008,4,0.04,63,0.63,100,0.0046994617278687655,1937
no_polynomial,sweeping,5,20,0.3333333333333333,90.90000000000006,1,0.01,72,0.72,100,0.006647938142996281,2037
no_polynomial,sweeping,5,21,0.3225806451612903,83.40000000000003,5,0.05,71,0.71,100,0.006802855643909425,2137
no_polynomial,sweeping,5,22,0.3125,80.60000000000004,6,0.06,80,0.8,100,0.006399121196009219,2237
no_polynomial,sweeping,5,23,0.30303030303030304,89.80000000000005,2,0.02,64,0.64,100,0.007503364135045558,2337
no_polynomial,sweeping,5,24,0.29411764705882354,90.00000000000006,2,0.02,62,0.62,100,0.004820235320366919,2437
no_polynomial,sweeping,5,25,0.2857142857142857,90.60000000000005,1,0.01,75,0.75,100,0.005739844427444041,2537
no_polynomial,sweeping,5,26,0.2777777777777778,92.40000000000005,1,0.01,57,0.57,100,0.005662754352670163,2637
no_polynomial,sweeping,5,27,0.27027027027027023,80.90000000000005,6,0.06,76,0.76,100,0.010128257852047682,2737
no_polynomial,sweeping,5,28,0.2631578947368421,86.90000000000005,3,0.03,73,0.73,100,0.014568944091442972,2837
no_polynomial,sweeping,5,29,0.25641025641025644,83.80000000000003,5,0.05,67,0.67,100,0.009712070405948908,2937
no_polynomial,sweeping,5,30,0.25,90.30000000000003,2,0.02,58,0.58,100,0.006226415846031159,3037
no_polynomial,sweeping,5,31,0.24390243902439027,89.80000000000007,2,0.02,63,0.63,100,0.007141731926240027,3137
no_polynomial,sweeping,5,32,0.23809523809523808,94.3000000000001,0,0.0,57,0.57,100,0.0054400871670804915,3237
no_polynomial,sweeping,5,33,0.23255813953488372,82.50000000000003,6,0.06,60,0.6,100,0.005732413132209331,3337
no_polynomial,sweeping,5,34,0.22727272727272727,88.10000000000005,3,0.03,62,0.62,100,0.007459042845293879,3437
no_polynomial,sweeping,5,35,0.2222222222222222,88.50000000000006,3,0.03,58,0.58,100,0.00590833471273072,3537
no_polynomial,sweeping,5,36,0.2173913043478261,91.00000000000007,2,0.02,52,0.52,100,0.0047407088661566375,3637
no_polynomial,sweeping,5,37,0.2127659574468085,90.60000000000005,2,0.02,56,0.56,100,0.005142301211599261,3737
no_polynomial,sweeping,5,38,0.20833333333333334,93.30000000000003,1,0.01,48,0.48,100,0.00570901615312323,3837
no_polynomial,sweeping,5,39,0.2040816326530612,86.00000000000004,4,0.04,63,0.63,100,0.007257144297473133,3937
no_polynomial,sweeping,5,40,0.2,92.40000000000006,1,0.01,57,0.57,100,0.006771192266605794,4037
no_polynomial,sweeping,5,41,0.19607843137254904,90.00000000000003,2,0.02,61,0.61,100,0.006184994545765221,4137
no_polynomial,sweeping,5,42,0.1923076923076923,92.20000000000003,1,0.01,59,0.59,100,0.005859159799292683,4237
no_polynomial,sweeping,5,43,0.18867924528301888,84.80000000000004,5,0.05,56,0.56,100,0.004844262395054102,4337
no_polynomial,sweeping,5,44,0.18518518518518517,95.00000000000009,0,0.0,50,0.5,100,0.00633384652202949,4437
no_polynomial,sweeping,5,45,0.18181818181818182,88.40000000000003,3,0.03,59,0.59,100,0.006434864471666515,4537
no_polynomial,sweeping,5,46,0.17857142857142858,89.90000000000006,2,0.02,63,0.63,100,0.0066140864952467385,4637
no_polynomial,sweeping,5,47,0.17543859649122806,90.10000000000002,2,0.02,61,0.61,100,0.008547542747110129,4737
no_polynomial,sweeping,5,48,0.1724137931034483,90.70000000000005,2,0.02,54,0.54,100,0.008428260951768607,4837
no_polynomial,sweeping,5,49,0.1694915254237288,95.70000000000005,0,0.0,43,0.43,100,0.006690132974181324,4937
no_polynomial,sweeping,5,50,0.16666666666666666,85.20000000000005,5,0.05,53,0.53,100,0.006441360651515424,5037
no_polynomial,sweeping,5,51,0.1639344262295082,90.80000000000004,2,0.02,54,0.54,100,0.005949428733438253,5137
no_polynomial,sweeping,5,52,0.16129032258064516,93.90000000000006,0,0.0,61,0.61,100,0.006659585102461278,5237
no_polynomial,sweeping,5,53,0.15873015873015872,92.50000000000007,1,0.01,56,0.56,100,0.008243067520670593,5337
no_polynomial,sweeping,5,54,0.15625,92.20000000000007,1,0.01,59,0.59,100,0.007288756622001529,5437
no_polynomial,sweeping,5,55,0.15384615384615385,88.70000000000005,3,0.03,56,0.56,100,0.005393688173498958,5537
no_polynomial,sweeping,5,56,0.15151515151515152,94.90000000000003,0,0.0,51,0.51,100,0.00559729530243203,5637
no_polynomial,sweeping,5,57,0.14925373134328357,91.30000000000003,2,0.02,49,0.49,100,0.005419092483352869,5737
no_polynomial,sweeping,5,58,0.14705882352941177,89.30000000000005,3,0.03,49,0.49,100,0.005396513093728572,5837
no_polynomial,sweeping,5,59,0.14492753623188406,91.10000000000004,2,0.02,51,0.51,100,0.00571933028055355,5937
no_polynomial,sweeping,5,60,0.14285714285714285,94.10000000000005,0,0.0,59,0.59,100,0.0060842455457895996,6037
no_polynomial,sweeping,5,61,0.14084507042253522,89.20000000000005,3,0.03,51,0.51,100,0.006288620617706329,6137
no_polynomial,sweeping,5,62,0.1388888888888889,86.80000000000003,4,0.04,56,0.56,100,0.006955552422441542,6237
no_polynomial,sweeping,5,63,0.136986301369863,93.20000000000005,1,0.01,49,0.49,100,0.005971807376481592,6337
no_polynomial,sweeping,5,64,0.13513513513513511,92.40000000000008,1,0.01,57,0.57,100,0.00703722397563979,6437
no_polynomial,sweeping,5,65,0.13333333333333333,90.00000000000009,2,0.02,62,0.62,100,0.005879647163674236,6537
no_polynomial,sweeping,5,66,0.13157894736842105,92.50000000000007,1,0.01,56,0.56,100,0.008848051105160267,6637
no_polynomial,sweeping,5,67,0.12987012987012986,92.10000000000002,1,0.01,60,0.6,100,0.007197211971506476,6737
no_polynomial,sweeping,5,68,0.12820512820512822,90.2,2,0.02,60,0.6,100,0.008400258023757488,6837
no_polynomial,sweeping,5,69,0.12658227848101264,93.70000000000005,0,0.0,63,0.63,100,0.008015807210467756,6937
no_polynomial,sweeping,5,70,0.125,90.10000000000004,2,0.02,61,0.61,100,0.006572272651828826,7037
no_polynomial,sweeping,5,71,0.1234567901234568,92.00000000000006,2,0.02,42,0.42,100,0.0066884900745935736,7137
no_polynomial,sweeping,5,72,0.12195121951219513,86.80000000000005,4,0.04,55,0.55,100,0.005618279722984881,7237
no_polynomial,sweeping,5,73,0.12048192771084336,86.50000000000004,4,0.04,58,0.58,100,0.0064607890881597995,7337
no_polynomial,sweeping,5,74,0.11904761904761904,95.30000000000004,0,0.0,47,0.47,100,0.005734919521491974,7437
no_polynomial,sweeping,5,75,0.11764705882352941,92.10000000000004,1,0.01,59,0.59,100,0.006360696658957749,7537
no_polynomial,sweeping,5,76,0.11627906976744186,94.00000000000003,1,0.01,41,0.41,100,0.005007213642820716,7637
no_polynomial,sweeping,5,77,0.1149425287356322,93.40000000000008,1,0.01,47,0.47,100,0.004759868001565337,7737
no_polynomial,sweeping,5,78,0.11363636363636363,91.30000000000004,2,0.02,49,0.49,100,0.006707237265072763,7837
no_polynomial,sweeping,5,79,0.11235955056179775,92.80000000000007,1,0.01,53,0.53,100,0.007913113362155855,7937
no_polynomial,sweeping,5,80,0.1111111111111111,93.50000000000003,1,0.01,46,0.46,100,0.006880168549250811,8037
no_polynomial,sweeping,5,81,0.10989010989010989,87.40000000000003,4,0.04,50,0.5,100,0.007223492872435599,8137
no_polynomial,sweeping,5,82,0.10869565217391305,95.00000000000006,0,0.0,50,0.5,100,0.006834630009252578,8237
no_polynomial,sweeping,5,83,0.1075268817204301,92.70000000000005,1,0.01,54,0.54,100,0.005324769534636289,8337
no_polynomial,sweeping,5,84,0.10638297872340426,92.80000000000007,1,0.01,53,0.53,100,0.006624805070459843,8437
no_polynomial,sweeping,5,85,0.10526315789473684,91.80000000000004,2,0.02,44,0.44,100,0.005973373029846698,8537
no_polynomial,sweeping,5,86,0.10416666666666667,91.60000000000005,2,0.02,46,0.46,100,0.007943379364442081,8637
no_polynomial,sweeping,5,87,0.10309278350515465,95.30000000000004,0,0.0,47,0.47,100,0.007526787756942213,8737
no_polynomial,sweeping,5,88,0.1020408163265306,93.40000000000006,1,0.01,47,0.47,100,0.007656925634946674,8837
no_polynomial,sweeping,5,89,0.10101010101010101,91.90000000000003,2,0.02,42,0.42,100,0.005065245584119111,8937
no_polynomial,sweeping,5,90,0.1,95.80000000000004,0,0.0,42,0.42,100,0.0062765335477888585,9037
no_polynomial,sweeping,5,91,0.09900990099009901,92.90000000000003,1,0.01,52,0.52,100,0.0067336141993291675,9137
no_polynomial,sweeping,5,92,0.09803921568627452,92.10000000000007,2,0.02,41,0.41,100,0.006977181562688201,9237
no_polynomial,sweeping,5,93,0.0970873786407767,93.20000000000005,1,0.01,49,0.49,100,0.005868273682426661,9337
no_polynomial,sweeping,5,94,0.09615384615384615,93.20000000000006,1,0.01,49,0.49,100,0.007035399849992245,9437
no_polynomial,sweeping,5,95,0.09523809523809523,94.60000000000005,0,0.0,54,0.54,100,0.006416394836269319,9537
no_polynomial,sweeping,5,96,0.09433962264150944,91.40000000000003,2,0.02,48,0.48,100,0.007325605286750942,9637
no_polynomial,sweeping,5,97,0.09345794392523366,89.10000000000004,3,0.03,51,0.51,100,0.00510907142655924,9737
no_polynomial,sweeping,5,98,0.09259259259259259,94.30000000000005,1,0.01,38,0.38,100,0.00628188272472471,9837
no_polynomial,sweeping,5,99,0.09174311926605504,91.40000000000003,2,0.02,48,0.48,100,0.0058651840803213414,9937
no_polynomial,sweeping,5,100,0.09090909090909091,95.80000000000008,0,0.0,42,0.42,100,0.006640089945867658,10037
no_polynomial,sweeping,5,101,0.0900900900900901,95.40000000000005,0,0.0,46,0.46,100,0.0056062027206644416,10137
no_polynomial,sweeping,5,102,0.08928571428571429,91.00000000000003,2,0.02,52,0.52,100,0.0068519433634355665,10237
no_polynomial,sweeping,5,103,0.08849557522123894,93.10000000000005,1,0.01,50,0.5,100,0.005995547522325069,10337
no_polynomial,sweeping,5,104,0.08771929824561403,93.60000000000002,1,0.01,45,0.45,100,0.006560807335190475,10437
no_polynomial,sweeping,5,105,0.08695652173913043,95.20000000000005,0,0.0,48,0.48,100,0.008339547968935221,10537
no_polynomial,sweeping,5,106,0.08620689655172414,94.60000000000004,0,0.0,54,0.54,100,0.009849117808043957,10637
no_polynomial,sweeping,5,107,0.08547008547008547,92.60000000000007,1,0.01,55,0.55,100,0.007032830221578479,10737
no_polynomial,sweeping,5,108,0.0847457627118644,93.20000000000006,1,0.01,49,0.49,100,0.008206682167947293,10837
no_polynomial,sweeping,5,109,0.08403361344537814,89.80000000000005,3,0.03,45,0.45,100,0.006001739308703691,10937
no_polynomial,sweeping,5,110,0.08333333333333333,92.60000000000008,1,0.01,55,0.55,100,0.0073881924618035555,11037
no_polynomial,sweeping,5,111,0.08264462809917356,86.00000000000003,4,0.04,64,0.64,100,0.0063433806784451005,11137
no_polynomial,sweeping,5,112,0.0819672131147541,92.90000000000003,1,0.01,52,0.52,100,0.006654453705996275,11237
no_polynomial,sweeping,5,113,0.08130081300813008,95.10000000000007,0,0.0,49,0.49,100,0.00627085275715217,11337
no_polynomial,sweeping,5,114,0.08064516129032258,95.80000000000007,0,0.0,42,0.42,100,0.00573203313164413,11437
no_polynomial,sweeping,5,115,0.08,92.20000000000005,2,0.02,40,0.4,100,0.0051763630995992575,11537
no_polynomial,sweeping,5,116,0.07936507936507936,96.20000000000005,0,0.0,38,0.38,100,0.00621966113569215,11637
no_polynomial,sweeping,5,117,0.07874015748031496,93.00000000000006,1,0.01,51,0.51,100,0.006254537203349173,11737
no_polynomial,sweeping,5,118,0.078125,91.80000000000007,2,0.02,44,0.44,100,0.0064994745701551435,11837
no_polynomial,sweeping,5,119,0.07751937984496124,96.20000000000005,0,0.0,38,0.38,100,0.006251174183562398,11937
no_polynomial,sweeping,5,120,0.07692307692307693,89.50000000000009,3,0.03,48,0.48,100,0.006801297145429998,12037
no_polynomial,sweeping,5,121,0.07633587786259542,96.20000000000006,0,0.0,38,0.38,100,0.0068802778492681686,12137
no_polynomial,sweeping,5,122,0.07575757575757576,94.70000000000005,1,0.01,34,0.34,100,0.005258812515530735,12237
no_polynomial,sweeping,5,123,0.07518796992481203,95.90000000000005,0,0.0,41,0.41,100,0.005752125321887434,12337
no_polynomial,sweeping,5,124,0.07462686567164178,94.20000000000006,1,0.01,39,0.39,100,0.006180535359308123,12437
no_polynomial,sweeping,5,125,0.07407407407407407,93.70000000000003,1,0.01,43,0.43,100,0.005165459215641021,12537
no_polynomial,sweeping,5,126,0.07352941176470588,94.40000000000005,1,0.01,36,0.36,100,0.006151664245408028,12637
no_polynomial,sweeping,5,127,0.07299270072992702,91.90000000000006,2,0.02,42,0.42,100,0.0073120098770596085,12737
no_polynomial,sweeping,5,128,0.07246376811594203,96.10000000000004,0,0.0,39,0.39,100,0.005135769055923447,12837
no_polynomial,sweeping,5,129,0.07194244604316546,94.40000000000003,1,0.01,37,0.37,100,0.0060898738005198535,12937
no_polynomial,sweeping,5,130,0.07142857142857142,94.40000000000005,1,0.01,37,0.37,100,0.004669035063125193,13037
no_polynomial,sweeping,5,131,0.07092198581560284,90.90000000000006,2,0.02,52,0.52,100,0.006498111595865339,13137
no_polynomial,sweeping,5,132,0.07042253521126761,96.50000000000006,0,0.0,35,0.35,100,0.005205907975323498,13237
no_polynomial,sweeping,5,133,0.06993006993006992,88.00000000000003,4,0.04,43,0.43,100,0.005655187517404557,13337
no_polynomial,sweeping,5,134,0.06944444444444445,96.10000000000005,0,0.0,39,0.39,100,0.005467018748167902,13437
no_polynomial,sweeping,5,135,0.06896551724137931,95.70000000000006,0,0.0,43,0.43,100,0.006064938758499921,13537
no_polynomial,sweeping,5,136,0.0684931506849315,96.10000000000004,0,0.0,39,0.39,100,0.007188391946256161,13637
no_polynomial,sweeping,5,137,0.06802721088435375,94.00000000000004,1,0.01,41,0.41,100,0.007496704806108027,13737
no_polynomial,sweeping,5,138,0.06756756756756756,91.90000000000005,2,0.02,42,0.42,100,0.005600309649016708,13837
no_polynomial,sweeping,5,139,0.06711409395973154,92.00000000000006,2,0.02,41,0.41,100,0.006196861581411212,13937
no_polynomial,sweeping,5,140,0.06666666666666667,94.20000000000005,1,0.01,39,0.39,100,0.005413750875741244,14037
no_polynomial,sweeping,5,141,0.06622516556291391,92.70000000000005,2,0.02,34,0.34,100,0.004807376976823434,14137
no_polynomial,sweeping,5,142,0.06578947368421052,95.90000000000006,0,0.0,41,0.41,100,0.004891036092303693,14237
no_polynomial,sweeping,5,143,0.06535947712418301,94.40000000000003,1,0.01,37,0.37,100,0.004420111535582691,14337
no_polynomial,sweeping,5,144,0.06493506493506493,95.60000000000005,0,0.0,44,0.44,100,0.0048164102365262805,14437
no_polynomial,sweeping,5,145,0.06451612903225806,95.70000000000007,0,0.0,43,0.43,100,0.005775984599022194,14537
no_polynomial,sweeping,5,146,0.06410256410256411,95.50000000000003,0,0.0,45,0.45,100,0.006331457006745041,14637
no_polynomial,sweeping,5,147,0.06369426751592357,96.20000000000007,0,0.0,38,0.38,100,0.005473503868561238,14737
no_polynomial,sweeping,5,148,0.06329113924050632,95.70000000000005,0,0.0,43,0.43,100,0.005907745179720223,14837
no_polynomial,sweeping,5,149,0.06289308176100629,93.80000000000004,1,0.01,43,0.43,100,0.007070352563168854,14937
no_polynomial,sweeping,5,150,0.0625,94.30000000000004,1,0.01,38,0.38,100,0.004539557513780892,15037
no_polynomial,sweeping,5,151,0.06211180124223602,94.30000000000004,1,0.01,38,0.38,100,0.004616621544118971,15137
no_polynomial,sweeping,5,152,0.0617283950617284,96.40000000000003,0,0.0,36,0.36,100,0.006564955207286402,15237
no_polynomial,sweeping,5,153,0.06134969325153374,94.20000000000006,1,0.01,39,0.39,100,0.006171630806056783,15337
no_polynomial,sweeping,5,154,0.06097560975609757,93.80000000000003,1,0.01,43,0.43,100,0.006350795994512737,15437
no_polynomial,sweeping,5,155,0.06060606060606061,96.10000000000005,0,0.0,39,0.39,100,0.005709019845817238,15537
no_polynomial,sweeping,5,156,0.06024096385542168,96.00000000000007,0,0.0,40,0.4,100,0.005377587963594123,15637
no_polynomial,sweeping,5,157,0.059880239520958084,96.40000000000005,0,0.0,36,0.36,100,0.005155138203408569,15737
no_polynomial,sweeping,5,158,0.05952380952380952,96.30000000000003,0,0.0,37,0.37,100,0.0046719907922670246,15837
no_polynomial,sweeping,5,159,0.0591715976331361,96.70000000000003,0,0.0,33,0.33,100,0.005728178219869733,15937
no_polynomial,sweeping,5,160,0.058823529411764705,96.80000000000001,0,0.0,32,0.32,100,0.006238039230229333,16037
no_polynomial,sweeping,5,161,0.05847953216374269,96.70000000000005,0,0.0,33,0.33,100,0.0029134947340935468,16137
no_polynomial,sweeping,5,162,0.05813953488372093,92.30000000000003,2,0.02,39,0.39,100,0.005890313377603889,16237
no_polynomial,sweeping,5,163,0.057803468208092484,96.90000000000003,0,0.0,31,0.31,100,0.00520250805420801,16337
no_polynomial,sweeping,5,164,0.0574712643678161,94.70000000000003,1,0.01,34,0.34,100,0.0040170504827983676,16437
no_polynomial,sweeping,5,165,0.05714285714285714,93.20000000000005,2,0.02,30,0.3,100,0.004522552452981472,16537
no_polynomial,sweeping,5,166,0.056818181818181816,92.40000000000006,2,0.02,38,0.38,100,0.005938528117258102,16637
no_polynomial,sweeping,5,167,0.05649717514124294,92.30000000000005,2,0.02,39,0.39,100,0.00510884219314903,16737
no_polynomial,sweeping,5,168,0.056179775280898875,96.10000000000002,0,0.0,39,0.39,100,0.005417564017698169,16837
no_polynomial,sweeping,5,169,0.0558659217877095,95.60000000000004,0,0.0,44,0.44,100,0.004970713614020497,16937
no_polynomial,sweeping,5,170,0.05555555555555555,94.20000000000005,1,0.01,39,0.39,100,0.005940405293367803,17037
no_polynomial,sweeping,5,171,0.055248618784530384,94.40000000000005,1,0.01,37,0.37,100,0.005974316908977925,17137
no_polynomial,sweeping,5,172,0.054945054945054944,93.80000000000004,1,0.01,43,0.43,100,0.006509536537341773,17237
no_polynomial,sweeping,5,173,0.0546448087431694,96.50000000000006,0,0.0,35,0.35,100,0.0047262237686663865,17337
no_polynomial,sweeping,5,174,0.05434782608695653,94.40000000000003,1,0.01,37,0.37,100,0.004882348666433245,17437
no_polynomial,sweeping,5,175,0.05405405405405406,92.60000000000002,2,0.02,36,0.36,100,0.0040792279446031894,17537
no_polynomial,sweeping,5,176,0.05376344086021505,94.00000000000003,1,0.01,41,0.41,100,0.004883259021444247,17637
no_polynomial,sweeping,5,177,0.053475935828877004,92.70000000000005,2,0.02,35,0.35,100,0.005405540027422831,17737
no_polynomial,sweeping,5,178,0.05319148936170213,96.20000000000002,0,0.0,38,0.38,100,0.005539844061713666,17837
no_polynomial,sweeping,5,179,0.052910052910052914,94.60000000000005,1,0.01,35,0.35,100,0.005493565036449582,17937
no_polynomial,sweeping,5,180,0.05263157894736842,94.50000000000004,1,0.01,36,0.36,100,0.006164641149807721,18037
no_polynomial,sweeping,5,181,0.05235602094240837,94.20000000000005,1,0.01,39,0.39,100,0.006074585192836821,18137
no_polynomial,sweeping,5,182,0.052083333333333336,96.10000000000005,0,0.0,39,0.39,100,0.005567338227992877,18237
no_polynomial,sweeping,5,183,0.05181347150259067,96.80000000000004,0,0.0,32,0.32,100,0.004908103884663433,18337
no_polynomial,sweeping,5,184,0.051546391752577324,97.20000000000002,0,0.0,28,0.28,100,0.005311629852512851,18437
no_polynomial,sweeping,5,185,0.05128205128205128,96.40000000000003,0,0.0,36,0.36,100,0.004301308045396582,18537
no_polynomial,sweeping,5,186,0.0510204081632653,96.70000000000006,0,0.0,33,0.33,100,0.0027929134399164468,18637
no_polynomial,sweeping,5,187,0.050761421319796954,94.60000000000002,1,0.01,35,0.35,100,0.005619555689627305,18737
no_polynomial,sweeping,5,188,0.050505050505050504,96.20000000000007,0,0.0,38,0.38,100,0.006841857102699578,18837
no_polynomial,sweeping,5,189,0.05025125628140704,96.40000000000005,0,0.0,36,0.36,100,0.0038590026542078704,18937
no_polynomial,sweeping,5,190,0.05,96.40000000000002,0,0.0,36,0.36,100,0.004900919954525307,19037
no_polynomial,sweeping,5,191,0.04975124378109452,94.30000000000005,1,0.01,38,0.38,100,0.00719864898826927,19137
no_polynomial,sweeping,5,192,0.04950495049504951,96.90000000000003,0,0.0,31,0.31,100,0.004388675908558071,19237
no_polynomial,sweeping,5,193,0.04926108374384236,96.90000000000003,0,0.0,31,0.31,100,0.005332774667767808,19337
no_polynomial,sweeping,5,194,0.04901960784313726,96.80000000000004,0,0.0,32,0.32,100,0.004794546804623679,19437
no_polynomial,sweeping,5,195,0.04878048780487805,93.00000000000003,2,0.02,32,0.32,100,0.003269291699398309,19537
no_polynomial,sweeping,5,196,0.04854368932038835,95.80000000000005,0,0.0,42,0.42,100,0.0048042912897653875,19637
no_polynomial,sweeping,5,197,0.04830917874396135,96.00000000000003,0,0.0,40,0.4,100,0.0060322225163690745,19737
no_polynomial,sweeping,5,198,0.04807692307692307,96.70000000000003,0,0.0,33,0.33,100,0.004307834701612592,19837
no_polynomial,sweeping,5,199,0.04784688995215311,96.30000000000003,0,0.0,37,0.37,100,0.005092706631403416,19937
no_polynomial,sweeping,6,0,1.0,68.69999999999997,12,0.12,83,0.83,100,0.1368125340070676,37
no_polynomial,sweeping,6,1,0.9090909090909091,63.19999999999994,15,0.15,81,0.81,100,0.037321942429989576,137
no_polynomial,sweeping,6,2,0.8333333333333334,72.19999999999996,10,0.1,87,0.87,100,0.017751787938177586,237
no_polynomial,sweeping,6,3,0.7692307692307692,74.4,9,0.09,85,0.85,100,0.013422087631188333,337
no_polynomial,sweeping,6,4,0.7142857142857143,78.60000000000002,7,0.07,81,0.81,100,0.006715982928872108,437
no_polynomial,sweeping,6,5,0.6666666666666666,75.2,9,0.09,77,0.77,100,0.006084225906524807,537
no_polynomial,sweeping,6,6,0.625,72.6,10,0.1,81,0.81,100,0.003481428431114182,637
no_polynomial,sweeping,6,7,0.5882352941176471,86.40000000000006,3,0.03,79,0.79,100,0.00782492991304025,737
no_polynomial,sweeping,6,8,0.5555555555555556,88.50000000000006,2,0.02,77,0.77,100,0.004895386454882101,837
no_polynomial,sweeping,6,9,0.5263157894736842,80.40000000000003,6,0.06,82,0.82,100,0.00474644546629861,937
no_polynomial,sweeping,6,10,0.5,88.70000000000007,2,0.02,74,0.74,100,0.0038171896804124117,1037
no_polynomial,sweeping,6,11,0.47619047619047616,79.40000000000002,7,0.07,73,0.73,100,0.004392561786808073,1137
no_polynomial,sweeping,6,12,0.45454545454545453,78.90000000000002,7,0.07,77,0.77,100,0.005782339952420443,1237
no_polynomial,sweeping,6,13,0.4347826086956522,78.80000000000004,7,0.07,78,0.78,100,0.005785411752294749,1337
no_polynomial,sweeping,6,14,0.4166666666666667,90.00000000000011,2,0.02,62,0.62,100,0.004929585265927017,1437
no_polynomial,sweeping,6,15,0.4,89.30000000000005,2,0.02,69,0.69,100,0.004213336405809969,1537
no_polynomial,sweeping,6,16,0.3846153846153846,77.20000000000002,8,0.08,75,0.75,100,0.006150910535361618,1637
no_polynomial,sweeping,6,17,0.37037037037037035,88.00000000000003,3,0.03,63,0.63,100,0.005439286171458661,1737
no_polynomial,sweeping,6,18,0.35714285714285715,81.00000000000004,6,0.06,76,0.76,100,0.005389937136787921,1837
no_polynomial,sweeping,6,19,0.3448275862068966,89.40000000000008,2,0.02,68,0.68,100,0.0060589489131234586,1937
no_polynomial,sweeping,6,20,0.3333333333333333,85.40000000000006,4,0.04,69,0.69,100,0.007122728334506973,2037
no_polynomial,sweeping,6,21,0.3225806451612903,85.70000000000005,4,0.04,67,0.67,100,0.007357374858111143,2137
no_polynomial,sweeping,6,22,0.3125,81.10000000000005,6,0.06,75,0.75,100,0.00816524181747809,2237
no_polynomial,sweeping,6,23,0.30303030303030304,88.90000000000006,2,0.02,73,0.73,100,0.012811158809345215,2337
no_polynomial,sweeping,6,24,0.29411764705882354,87.60000000000005,3,0.03,67,0.67,100,0.0057650026702322065,2437
no_polynomial,sweeping,6,25,0.2857142857142857,78.80000000000001,8,0.08,59,0.59,100,0.00468095876974985,2537
no_polynomial,sweeping,6,26,0.2777777777777778,92.30000000000004,1,0.01,57,0.57,100,0.0050761035247705874,2637
no_polynomial,sweeping,6,27,0.27027027027027023,94.30000000000007,0,0.0,57,0.57,100,0.005090332377003506,2737
no_polynomial,sweeping,6,28,0.2631578947368421,88.10000000000005,3,0.03,62,0.62,100,0.005659991808934137,2837
no_polynomial,sweeping,6,29,0.25641025641025644,89.20000000000002,3,0.03,51,0.51,100,0.005999450832605362,2937
no_polynomial,sweeping,6,30,0.25,87.30000000000007,3,0.03,70,0.7,100,0.007315496914088726,3037
no_polynomial,sweeping,6,31,0.24390243902439027,88.20000000000006,3,0.03,61,0.61,100,0.005926330683287233,3137
no_polynomial,sweeping,6,32,0.23809523809523808,87.70000000000005,3,0.03,65,0.65,100,0.006321045379154384,3237
no_polynomial,sweeping,6,33,0.23255813953488372,82.30000000000001,6,0.06,62,0.62,100,0.00870545144425705,3337
no_polynomial,sweeping,6,34,0.22727272727272727,90.80000000000007,2,0.02,54,0.54,100,0.007416095254011452,3437
no_polynomial,sweeping,6,35,0.2222222222222222,92.00000000000004,1,0.01,60,0.6,100,0.008920072438195347,3537
no_polynomial,sweeping,6,36,0.2173913043478261,88.20000000000007,3,0.03,60,0.6,100,0.00824238285422325,3637
no_polynomial,sweeping,6,37,0.2127659574468085,92.00000000000007,1,0.01,61,0.61,100,0.008629660862497985,3737
no_polynomial,sweeping,6,38,0.20833333333333334,90.80000000000005,2,0.02,54,0.54,100,0.006435835957527161,3837
no_polynomial,sweeping,6,39,0.2040816326530612,87.20000000000005,4,0.04,51,0.51,100,0.006599316622596234,3937
no_polynomial,sweeping,6,40,0.2,93.50000000000003,1,0.01,46,0.46,100,0.005134528132621199,4037
no_polynomial,sweeping,6,41,0.19607843137254904,91.00000000000004,2,0.02,52,0.52,100,0.006711388300172985,4137
no_polynomial,sweeping,6,42,0.1923076923076923,74.29999999999998,10,0.1,67,0.67,100,0.009327684119343758,4237
no_polynomial,sweeping,6,43,0.18867924528301888,92.60000000000007,1,0.01,55,0.55,100,0.009070908899884671,4337
no_polynomial,sweeping,6,44,0.18518518518518517,90.60000000000008,2,0.02,55,0.55,100,0.010995116375852376,4437
no_polynomial,sweeping,6,45,0.18181818181818182,90.30000000000004,2,0.02,58,0.58,100,0.009502841129433363,4537
no_polynomial,sweeping,6,46,0.17857142857142858,94.60000000000007,0,0.0,54,0.54,100,0.007448449472431094,4637
no_polynomial,sweeping,6,47,0.17543859649122806,91.80000000000004,2,0.02,44,0.44,100,0.006526036309078336,4737
no_polynomial,sweeping,6,48,0.1724137931034483,90.30000000000004,2,0.02,59,0.59,100,0.010291626395191997,4837
no_polynomial,sweeping,6,49,0.1694915254237288,95.30000000000005,0,0.0,47,0.47,100,0.007933883343357593,4937
no_polynomial,sweeping,6,50,0.16666666666666666,90.40000000000003,2,0.02,57,0.57,100,0.007312872724141926,5037
no_polynomial,sweeping,6,51,0.1639344262295082,86.50000000000001,4,0.04,58,0.58,100,0.006817503925412893,5137
no_polynomial,sweeping,6,52,0.16129032258064516,89.00000000000004,3,0.03,53,0.53,100,0.005895615930203348,5237
no_polynomial,sweeping,6,53,0.15873015873015872,94.30000000000007,0,0.0,57,0.57,100,0.007338674534112215,5337
no_polynomial,sweeping,6,54,0.15625,86.90000000000006,4,0.04,55,0.55,100,0.008180159460753202,5437
no_polynomial,sweeping,6,55,0.15384615384615385,93.40000000000005,1,0.01,47,0.47,100,0.008136485868599266,5537
no_polynomial,sweeping,6,56,0.15151515151515152,94.00000000000006,1,0.01,41,0.41,100,0.006011853590607643,5637
no_polynomial,sweeping,6,57,0.14925373134328357,93.50000000000004,1,0.01,46,0.46,100,0.005307316995458678,5737
no_polynomial,sweeping,6,58,0.14705882352941177,88.90000000000002,3,0.03,54,0.54,100,0.00606519133085385,5837
no_polynomial,sweeping,6,59,0.14492753623188406,91.50000000000006,2,0.02,47,0.47,100,0.00640265939058736,5937
no_polynomial,sweeping,6,60,0.14285714285714285,94.00000000000006,1,0.01,41,0.41,100,0.006374816677998751,6037
no_polynomial,sweeping,6,61,0.14084507042253522,84.40000000000002,5,0.05,61,0.61,100,0.007564045498147607,6137
no_polynomial,sweeping,6,62,0.1388888888888889,91.40000000000005,2,0.02,48,0.48,100,0.006422421671450138,6237
no_polynomial,sweeping,6,63,0.136986301369863,95.50000000000006,0,0.0,45,0.45,100,0.007163490038365126,6337
no_polynomial,sweeping,6,64,0.13513513513513511,91.90000000000006,1,0.01,62,0.62,100,0.008152279243804515,6437
no_polynomial,sweeping,6,65,0.13333333333333333,95.10000000000008,0,0.0,49,0.49,100,0.009315168543253094,6537
no_polynomial,sweeping,6,66,0.13157894736842105,91.70000000000007,2,0.02,45,0.45,100,0.007669111804571003,6637
no_polynomial,sweeping,6,67,0.12987012987012986,92.80000000000007,1,0.01,52,0.52,100,0.006612758510746062,6737
no_polynomial,sweeping,6,68,0.12820512820512822,92.90000000000006,1,0.01,52,0.52,100,0.006970953410491348,6837
no_polynomial,sweeping,6,69,0.12658227848101264,94.40000000000012,0,0.0,56,0.56,100,0.00752879063365981,6937
no_polynomial,sweeping,6,70,0.125,95.20000000000005,0,0.0,48,0.48,100,0.008194830692373216,7037
no_polynomial,sweeping,6,71,0.1234567901234568,93.10000000000008,1,0.01,50,0.5,100,0.009329876941628755,7137
no_polynomial,sweeping,6,72,0.12195121951219513,91.10000000000005,2,0.02,51,0.51,100,0.006422178016509861,7237
no_polynomial,sweeping,6,73,0.12048192771084336,95.70000000000005,0,0.0,43,0.43,100,0.005825306815095246,7337
no_polynomial,sweeping,6,74,0.11904761904761904,91.50000000000004,2,0.02,47,0.47,100,0.00736779001308605,7437
no_polynomial,sweeping,6,75,0.11764705882352941,92.80000000000007,1,0.01,53,0.53,100,0.00912242083111778,7537
no_polynomial,sweeping,6,76,0.11627906976744186,93.30000000000003,1,0.01,48,0.48,100,0.008194904648698867,7637
no_polynomial,sweeping,6,77,0.1149425287356322,94.20000000000007,0,0.0,58,0.58,100,0.006292533727828413,7737
no_polynomial,sweeping,6,78,0.11363636363636363,95.60000000000004,0,0.0,44,0.44,100,0.006908452722709626,7837
no_polynomial,sweeping,6,79,0.11235955056179775,91.70000000000005,2,0.02,45,0.45,100,0.006462465326767415,7937
no_polynomial,sweeping,6,80,0.1111111111111111,93.10000000000005,1,0.01,49,0.49,100,0.0069324641418643295,8037
no_polynomial,sweeping,6,81,0.10989010989010989,91.50000000000004,2,0.02,47,0.47,100,0.008399790553376078,8137
no_polynomial,sweeping,6,82,0.10869565217391305,93.40000000000006,1,0.01,47,0.47,100,0.006196807085070759,8237
no_polynomial,sweeping,6,83,0.1075268817204301,92.30000000000001,2,0.02,39,0.39,100,0.007568908026441932,8337
no_polynomial,sweeping,6,84,0.10638297872340426,87.4,4,0.04,48,0.48,100,0.00650421608472243,8437
no_polynomial,sweeping,6,85,0.10526315789473684,90.80000000000004,2,0.02,53,0.53,100,0.007081573633477092,8537
no_polynomial,sweeping,6,86,0.10416666666666667,94.20000000000007,1,0.01,39,0.39,100,0.0059450435056351125,8637
no_polynomial,sweeping,6,87,0.10309278350515465,93.70000000000006,1,0.01,44,0.44,100,0.005319725289009512,8737
no_polynomial,sweeping,6,88,0.1020408163265306,95.70000000000006,0,0.0,43,0.43,100,0.006472598030231893,8837
no_polynomial,sweeping,6,89,0.10101010101010101,96.30000000000008,0,0.0,37,0.37,100,0.00649984524352476,8937
no_polynomial,sweeping,6,90,0.1,93.90000000000005,1,0.01,42,0.42,100,0.007132799881510436,9037
no_polynomial,sweeping,6,91,0.09900990099009901,93.60000000000005,1,0.01,45,0.45,100,0.006380752841942013,9137
no_polynomial,sweeping,6,92,0.09803921568627452,93.50000000000007,1,0.01,46,0.46,100,0.0071101744496263565,9237
no_polynomial,sweeping,6,93,0.0970873786407767,94.00000000000006,1,0.01,41,0.41,100,0.007533610900864005,9337
no_polynomial,sweeping,6,94,0.09615384615384615,90.60000000000004,2,0.02,56,0.56,100,0.007840370994526892,9437
no_polynomial,sweeping,6,95,0.09523809523809523,95.20000000000006,0,0.0,48,0.48,100,0.01030794540187344,9537
no_polynomial,sweeping,6,96,0.09433962264150944,94.90000000000006,0,0.0,51,0.51,100,0.006646542479284107,9637
no_polynomial,sweeping,6,97,0.09345794392523366,93.10000000000004,1,0.01,50,0.5,100,0.010854880842380225,9737
no_polynomial,sweeping,6,98,0.09259259259259259,86.30000000000001,5,0.05,41,0.41,100,0.006924093102570623,9837
no_polynomial,sweeping,6,99,0.09174311926605504,93.30000000000004,1,0.01,48,0.48,100,0.006133779506199062,9937
no_polynomial,sweeping,6,100,0.09090909090909091,96.20000000000005,0,0.0,38,0.38,100,0.0063199713919311765,10037
no_polynomial,sweeping,6,101,0.0900900900900901,92.60000000000005,1,0.01,55,0.55,100,0.006299924491904676,10137
no_polynomial,sweeping,6,102,0.08928571428571429,94.20000000000005,1,0.01,39,0.39,100,0.00610228663077578,10237
no_polynomial,sweeping,6,103,0.08849557522123894,95.90000000000005,0,0.0,41,0.41,100,0.005549680541735142,10337
no_polynomial,sweeping,6,104,0.08771929824561403,89.60000000000005,3,0.03,47,0.47,100,0.007236034921370447,10437
no_polynomial,sweeping,6,105,0.08695652173913043,89.10000000000005,3,0.03,52,0.52,100,0.006403765589930117,10537
no_polynomial,sweeping,6,106,0.08620689655172414,95.50000000000009,0,0.0,45,0.45,100,0.006225061072036624,10637
no_polynomial,sweeping,6,107,0.08547008547008547,96.10000000000005,0,0.0,39,0.39,100,0.007191466689109802,10737
no_polynomial,sweeping,6,108,0.0847457627118644,95.50000000000006,0,0.0,45,0.45,100,0.0071183477435261015,10837
no_polynomial,sweeping,6,109,0.08403361344537814,93.40000000000006,1,0.01,47,0.47,100,0.006068841619417072,10937
no_polynomial,sweeping,6,110,0.08333333333333333,95.70000000000005,0,0.0,43,0.43,100,0.006132306661456823,11037
no_polynomial,sweeping,6,111,0.08264462809917356,95.30000000000005,0,0.0,47,0.47,100,0.0055227869609370825,11137
no_polynomial,sweeping,6,112,0.0819672131147541,95.10000000000005,0,0.0,49,0.49,100,0.006738331739325076,11237
no_polynomial,sweeping,6,113,0.08130081300813008,93.70000000000005,1,0.01,44,0.44,100,0.006286344779655337,11337
no_polynomial,sweeping,6,114,0.08064516129032258,95.90000000000003,0,0.0,41,0.41,100,0.006187155230436474,11437
no_polynomial,sweeping,6,115,0.08,95.40000000000006,0,0.0,46,0.46,100,0.006409949560184032,11537
no_polynomial,sweeping,6,116,0.07936507936507936,95.30000000000005,0,0.0,47,0.47,100,0.006321599425282329,11637
no_polynomial,sweeping,6,117,0.07874015748031496,95.50000000000007,0,0.0,45,0.45,100,0.0062979403114877645,11737
no_polynomial,sweeping,6,118,0.078125,96.00000000000006,0,0.0,40,0.4,100,0.005321170571260154,11837
no_polynomial,sweeping,6,119,0.07751937984496124,95.40000000000005,0,0.0,46,0.46,100,0.007373624541796744,11937
no_polynomial,sweeping,6,120,0.07692307692307693,93.70000000000005,1,0.01,44,0.44,100,0.008238479697611182,12037
no_polynomial,sweeping,6,121,0.07633587786259542,91.50000000000004,2,0.02,47,0.47,100,0.005186543685849756,12137
no_polynomial,sweeping,6,122,0.07575757575757576,91.20000000000006,2,0.02,50,0.5,100,0.006267710265237838,12237
no_polynomial,sweeping,6,123,0.07518796992481203,91.50000000000006,2,0.02,47,0.47,100,0.005882348455488681,12337
no_polynomial,sweeping,6,124,0.07462686567164178,95.70000000000005,0,0.0,43,0.43,100,0.006601381700020284,12437
no_polynomial,sweeping,6,125,0.07407407407407407,96.40000000000003,0,0.0,36,0.36,100,0.006400981298647821,12537
no_polynomial,sweeping,6,126,0.07352941176470588,93.90000000000006,1,0.01,42,0.42,100,0.0061290748161263765,12637
no_polynomial,sweeping,6,127,0.07299270072992702,96.10000000000002,0,0.0,39,0.39,100,0.005719796733465046,12737
no_polynomial,sweeping,6,128,0.07246376811594203,96.00000000000004,0,0.0,40,0.4,100,0.005581159380963072,12837
no_polynomial,sweeping,6,129,0.07194244604316546,93.90000000000003,1,0.01,42,0.42,100,0.005627044362481684,12937
no_polynomial,sweeping,6,130,0.07142857142857142,92.80000000000003,1,0.01,53,0.53,100,0.007172036827541888,13037
no_polynomial,sweeping,6,131,0.07092198581560284,96.00000000000006,0,0.0,40,0.4,100,0.005733329600188881,13137
no_polynomial,sweeping,6,132,0.07042253521126761,94.20000000000005,1,0.01,38,0.38,100,0.006318520007189363,13237
no_polynomial,sweeping,6,133,0.06993006993006992,89.40000000000006,3,0.03,49,0.49,100,0.005222460790537298,13337
no_polynomial,sweeping,6,134,0.06944444444444445,95.80000000000005,0,0.0,42,0.42,100,0.00698269295040518,13437
no_polynomial,sweeping,6,135,0.06896551724137931,94.30000000000004,1,0.01,38,0.38,100,0.006867983834818006,13537
no_polynomial,sweeping,6,136,0.0684931506849315,94.00000000000006,1,0.01,41,0.41,100,0.007013524838257581,13637
no_polynomial,sweeping,6,137,0.06802721088435375,96.00000000000004,0,0.0,40,0.4,100,0.006267685276689008,13737
no_polynomial,sweeping,6,138,0.06756756756756756,95.20000000000007,0,0.0,48,0.48,100,0.009149699131958186,13837
no_polynomial,sweeping,6,139,0.06711409395973154,95.90000000000006,0,0.0,41,0.41,100,0.005255261205602438,13937
no_polynomial,sweeping,6,140,0.06666666666666667,94.60000000000004,0,0.0,54,0.54,100,0.006403295882046222,14037
no_polynomial,sweeping,6,141,0.06622516556291391,95.40000000000005,0,0.0,46,0.46,100,0.008924602793995292,14137
no_polynomial,sweeping,6,142,0.06578947368421052,95.80000000000005,0,0.0,42,0.42,100,0.006153744333423674,14237
no_polynomial,sweeping,6,143,0.06535947712418301,95.90000000000002,0,0.0,41,0.41,100,0.006909429042134434,14337
no_polynomial,sweeping,6,144,0.06493506493506493,91.80000000000005,2,0.02,43,0.43,100,0.005940796772483737,14437
no_polynomial,sweeping,6,145,0.06451612903225806,96.20000000000006,0,0.0,38,0.38,100,0.0065355148492380975,14537
no_polynomial,sweeping,6,146,0.06410256410256411,91.40000000000005,2,0.02,48,0.48,100,0.005650348260533064,14637
no_polynomial,sweeping,6,147,0.06369426751592357,95.30000000000005,0,0.0,47,0.47,100,0.009740663461852818,14737
no_polynomial,sweeping,6,148,0.06329113924050632,92.20000000000002,2,0.02,40,0.4,100,0.006584917714353651,14837
no_polynomial,sweeping,6,149,0.06289308176100629,96.00000000000004,0,0.0,40,0.4,100,0.0055889277206733826,14937
no_polynomial,sweeping,6,150,0.0625,94.20000000000003,1,0.01,39,0.39,100,0.006499108757125214,15037
no_polynomial,sweeping,6,151,0.06211180124223602,95.00000000000004,1,0.01,31,0.31,100,0.005514040123671293,15137
no_polynomial,sweeping,6,152,0.0617283950617284,95.60000000000002,0,0.0,44,0.44,100,0.004978910624049604,15237
no_polynomial,sweeping,6,153,0.06134969325153374,96.10000000000005,0,0.0,39,0.39,100,0.0057187773915939035,15337
no_polynomial,sweeping,6,154,0.06097560975609757,89.80000000000004,3,0.03,45,0.45,100,0.005679129441268742,15437
no_polynomial,sweeping,6,155,0.06060606060606061,96.00000000000006,0,0.0,40,0.4,100,0.007111963839270175,15537
no_polynomial,sweeping,6,156,0.06024096385542168,93.60000000000004,1,0.01,45,0.45,100,0.0067442529927939174,15637
no_polynomial,sweeping,6,157,0.059880239520958084,94.20000000000006,1,0.01,39,0.39,100,0.005543741387082263,15737
no_polynomial,sweeping,6,158,0.05952380952380952,92.40000000000003,2,0.02,38,0.38,100,0.004624076009495184,15837
no_polynomial,sweeping,6,159,0.0591715976331361,93.80000000000003,1,0.01,43,0.43,100,0.00529169688699767,15937
no_polynomial,sweeping,6,160,0.058823529411764705,94.10000000000004,1,0.01,40,0.4,100,0.008430600371211768,16037
no_polynomial,sweeping,6,161,0.05847953216374269,95.90000000000006,0,0.0,41,0.41,100,0.005068525202805176,16137
no_polynomial,sweeping,6,162,0.05813953488372093,96.10000000000005,0,0.0,39,0.39,100,0.011144652862567455,16237
no_polynomial,sweeping,6,163,0.057803468208092484,89.90000000000005,3,0.03,44,0.44,100,0.007345873909071088,16337
no_polynomial,sweeping,6,164,0.0574712643678161,96.10000000000005,0,0.0,39,0.39,100,0.00782289277529344,16437
no_polynomial,sweeping,6,165,0.05714285714285714,95.90000000000006,0,0.0,41,0.41,100,0.006216473375679925,16537
no_polynomial,sweeping,6,166,0.056818181818181816,96.10000000000005,0,0.0,39,0.39,100,0.005063056803774089,16637
no_polynomial,sweeping,6,167,0.05649717514124294,94.80000000000004,1,0.01,33,0.33,100,0.0042474749335087835,16737
no_polynomial,sweeping,6,168,0.056179775280898875,94.20000000000007,1,0.01,39,0.39,100,0.005950414047110826,16837
no_polynomial,sweeping,6,169,0.0558659217877095,90.10000000000004,3,0.03,41,0.41,100,0.007062080765608698,16937
no_polynomial,sweeping,6,170,0.05555555555555555,92.40000000000003,2,0.02,38,0.38,100,0.0063314890884794296,17037
no_polynomial,sweeping,6,171,0.055248618784530384,96.10000000000005,0,0.0,39,0.39,100,0.008396972282789648,17137
no_polynomial,sweeping,6,172,0.054945054945054944,95.90000000000003,0,0.0,41,0.41,100,0.0053278415952809155,17237
no_polynomial,sweeping,6,173,0.0546448087431694,94.10000000000004,1,0.01,40,0.4,100,0.008206870802678169,17337
no_polynomial,sweeping,6,174,0.05434782608695653,93.60000000000007,1,0.01,44,0.44,100,0.00865369773004204,17437
no_polynomial,sweeping,6,175,0.05405405405405406,94.90000000000005,0,0.0,51,0.51,100,0.008167710863053798,17537
no_polynomial,sweeping,6,176,0.05376344086021505,95.70000000000006,0,0.0,43,0.43,100,0.004483062013750896,17637
no_polynomial,sweeping,6,177,0.053475935828877004,94.00000000000006,1,0.01,41,0.41,100,0.005597667825641111,17737
no_polynomial,sweeping,6,178,0.05319148936170213,94.30000000000004,1,0.01,38,0.38,100,0.00608335206634365,17837
no_polynomial,sweeping,6,179,0.052910052910052914,91.90000000000006,2,0.02,43,0.43,100,0.004365900054108351,17937
no_polynomial,sweeping,6,180,0.05263157894736842,95.10000000000005,0,0.0,49,0.49,100,0.00886536885984242,18037
no_polynomial,sweeping,6,181,0.05235602094240837,93.40000000000003,1,0.01,47,0.47,100,0.008297631358727813,18137
no_polynomial,sweeping,6,182,0.052083333333333336,95.70000000000005,0,0.0,43,0.43,100,0.005913897203281521,18237
no_polynomial,sweeping,6,183,0.05181347150259067,96.50000000000003,0,0.0,35,0.35,100,0.005097652324475348,18337
no_polynomial,sweeping,6,184,0.051546391752577324,94.70000000000003,1,0.01,34,0.34,100,0.004635952730895951,18437
no_polynomial,sweeping,6,185,0.05128205128205128,93.40000000000003,1,0.01,47,0.47,100,0.005160690660122782,18537
no_polynomial,sweeping,6,186,0.0510204081632653,92.70000000000005,2,0.02,34,0.34,100,0.004595324952388183,18637
no_polynomial,sweeping,6,187,0.050761421319796954,95.90000000000006,0,0.0,41,0.41,100,0.006355990673182532,18737
no_polynomial,sweeping,6,188,0.050505050505050504,96.80000000000004,0,0.0,32,0.32,100,0.005539764808490872,18837
no_polynomial,sweeping,6,189,0.05025125628140704,96.50000000000006,0,0.0,35,0.35,100,0.005050069253193215,18937
no_polynomial,sweeping,6,190,0.05,94.30000000000004,1,0.01,38,0.38,100,0.005354193095117807,19037
no_polynomial,sweeping,6,191,0.04975124378109452,95.80000000000007,0,0.0,42,0.42,100,0.005315719565842301,19137
no_polynomial,sweeping,6,192,0.04950495049504951,96.70000000000005,0,0.0,33,0.33,100,0.004384439577115699,19237
no_polynomial,sweeping,6,193,0.04926108374384236,96.00000000000006,0,0.0,40,0.4,100,0.005839648591354489,19337
no_polynomial,sweeping,6,194,0.04901960784313726,95.60000000000007,0,0.0,44,0.44,100,0.006839340553851798,19437
no_polynomial,sweeping,6,195,0.04878048780487805,96.30000000000004,0,0.0,37,0.37,100,0.0040045008633751425,19537
no_polynomial,sweeping,6,196,0.04854368932038835,96.40000000000003,0,0.0,36,0.36,100,0.005535496262600645,19637
no_polynomial,sweeping,6,197,0.04830917874396135,95.70000000000007,0,0.0,43,0.43,100,0.005791127313859761,19737
no_polynomial,sweeping,6,198,0.04807692307692307,93.60000000000004,1,0.01,45,0.45,100,0.00605037956032902,19837
no_polynomial,sweeping,6,199,0.04784688995215311,94.50000000000003,1,0.01,36,0.36,100,0.005871401354670525,19937
no_polynomial,sweeping,7,0,1.0,64.39999999999993,14,0.14,88,0.88,100,0.28990003718314944,37
no_polynomial,sweeping,7,1,0.9090909090909091,82.00000000000004,5,0.05,85,0.85,100,0.0469553660415113,137
no_polynomial,sweeping,7,2,0.8333333333333334,73.99999999999999,9,0.09,89,0.89,100,0.020498488582670688,237
no_polynomial,sweeping,7,3,0.7692307692307692,70.19999999999997,11,0.11,85,0.85,100,0.013087444393895566,337
no_polynomial,sweeping,7,4,0.7142857142857143,79.50000000000003,6,0.06,90,0.9,100,0.008045448563061655,437
no_polynomial,sweeping,7,5,0.6666666666666666,74.09999999999998,9,0.09,88,0.88,100,0.007177378670312464,537
no_polynomial,sweeping,7,6,0.625,83.90000000000005,4,0.04,84,0.84,100,0.004634922742843628,637
no_polynomial,sweeping,7,7,0.5882352941176471,82.70000000000005,5,0.05,78,0.78,100,0.00456157625420019,737
no_polynomial,sweeping,7,8,0.5555555555555556,66.69999999999993,13,0.13,86,0.86,100,0.004080863717244938,837
no_polynomial,sweeping,7,9,0.5263157894736842,78.70000000000002,7,0.07,80,0.8,100,0.004068373459158465,937
no_polynomial,sweeping,7,10,0.5,79.30000000000001,7,0.07,72,0.72,100,0.004159833310404792,1037
no_polynomial,sweeping,7,11,0.47619047619047616,81.30000000000005,6,0.06,72,0.72,100,0.0035459032375365494,1137
no_polynomial,sweeping,7,12,0.45454545454545453,82.90000000000003,5,0.05,76,0.76,100,0.005570659397635609,1237
no_polynomial,sweeping,7,13,0.4347826086956522,82.90000000000003,5,0.05,76,0.76,100,0.004052956727100536,1337
no_polynomial,sweeping,7,14,0.4166666666666667,82.80000000000003,5,0.05,77,0.77,100,0.005718939283397049,1437
no_polynomial,sweeping,7,15,0.4,82.50000000000004,5,0.05,79,0.79,100,0.0077093536732718345,1537
no_polynomial,sweeping,7,16,0.3846153846153846,79.9,7,0.07,67,0.67,100,0.006184949956368655,1637
no_polynomial,sweeping,7,17,0.37037037037037035,81.90000000000003,6,0.06,67,0.67,100,0.004807706384453923,1737
no_polynomial,sweeping,7,18,0.35714285714285715,88.10000000000005,3,0.03,62,0.62,100,0.005915160656441003,1837
no_polynomial,sweeping,7,19,0.3448275862068966,91.40000000000009,1,0.01,67,0.67,100,0.005305274315178394,1937
no_polynomial,sweeping,7,20,0.3333333333333333,87.80000000000005,3,0.03,65,0.65,100,0.00495852624764666,2037
no_polynomial,sweeping,7,21,0.3225806451612903,84.70000000000005,4,0.04,76,0.76,100,0.0074410219048149885,2137
no_polynomial,sweeping,7,22,0.3125,87.50000000000006,3,0.03,68,0.68,100,0.005727325810585171,2237
no_polynomial,sweeping,7,23,0.30303030303030304,85.80000000000007,4,0.04,65,0.65,100,0.005348713302519173,2337
no_polynomial,sweeping,7,24,0.29411764705882354,82.50000000000003,6,0.06,61,0.61,100,0.0059917086781933904,2437
no_polynomial,sweeping,7,25,0.2857142857142857,87.90000000000006,3,0.03,64,0.64,100,0.0067219426529482006,2537
no_polynomial,sweeping,7,26,0.2777777777777778,81.50000000000004,6,0.06,71,0.71,100,0.007238371118437499,2637
no_polynomial,sweeping,7,27,0.27027027027027023,83.00000000000003,6,0.06,55,0.55,100,0.007096482133492827,2737
no_polynomial,sweeping,7,28,0.2631578947368421,82.70000000000007,6,0.06,58,0.58,100,0.0072749990015290675,2837
no_polynomial,sweeping,7,29,0.25641025641025644,86.30000000000004,4,0.04,60,0.6,100,0.007086349029559642,2937
no_polynomial,sweeping,7,30,0.25,83.80000000000004,5,0.05,66,0.66,100,0.006493216671515256,3037
no_polynomial,sweeping,7,31,0.24390243902439027,90.20000000000006,2,0.02,59,0.59,100,0.005896182281430811,3137
no_polynomial,sweeping,7,32,0.23809523809523808,86.10000000000005,4,0.04,63,0.63,100,0.0066797203593887385,3237
no_polynomial,sweeping,7,33,0.23255813953488372,88.80000000000004,3,0.03,55,0.55,100,0.006635264013893903,3337
no_polynomial,sweeping,7,34,0.22727272727272727,84.80000000000004,5,0.05,56,0.56,100,0.005261765618342906,3437
no_polynomial,sweeping,7,35,0.2222222222222222,92.40000000000003,1,0.01,57,0.57,100,0.008552158633247018,3537
no_polynomial,sweeping,7,36,0.2173913043478261,89.00000000000007,3,0.03,53,0.53,100,0.006643779869191349,3637
no_polynomial,sweeping,7,37,0.2127659574468085,91.00000000000006,2,0.02,52,0.52,100,0.006898225450422615,3737
no_polynomial,sweeping,7,38,0.20833333333333334,94.40000000000008,0,0.0,56,0.56,100,0.007395898890681565,3837
no_polynomial,sweeping,7,39,0.2040816326530612,88.60000000000005,3,0.03,57,0.57,100,0.005958927611354739,3937
no_polynomial,sweeping,7,40,0.2,89.90000000000008,2,0.02,62,0.62,100,0.008426852207630873,4037
no_polynomial,sweeping,7,41,0.19607843137254904,88.60000000000004,3,0.03,57,0.57,100,0.007046737470664084,4137
no_polynomial,sweeping,7,42,0.1923076923076923,90.60000000000007,2,0.02,56,0.56,100,0.008080145665444434,4237
no_polynomial,sweeping,7,43,0.18867924528301888,92.70000000000007,1,0.01,54,0.54,100,0.0086046886513941,4337
no_polynomial,sweeping,7,44,0.18518518518518517,92.70000000000006,1,0.01,54,0.54,100,0.008677957095205784,4437
no_polynomial,sweeping,7,45,0.18181818181818182,83.00000000000003,6,0.06,55,0.55,100,0.009939798193518073,4537
no_polynomial,sweeping,7,46,0.17857142857142858,88.90000000000005,3,0.03,53,0.53,100,0.010997903638053686,4637
no_polynomial,sweeping,7,47,0.17543859649122806,88.80000000000004,3,0.03,54,0.54,100,0.0077176147722639145,4737
no_polynomial,sweeping,7,48,0.1724137931034483,94.80000000000008,0,0.0,52,0.52,100,0.00934636268997565,4837
no_polynomial,sweeping,7,49,0.1694915254237288,95.10000000000007,0,0.0,49,0.49,100,0.007824497940018773,4937
no_polynomial,sweeping,7,50,0.16666666666666666,87.50000000000006,4,0.04,49,0.49,100,0.009167310001794248,5037
no_polynomial,sweeping,7,51,0.1639344262295082,90.10000000000005,3,0.03,42,0.42,100,0.007313439543358982,5137
no_polynomial,sweeping,7,52,0.16129032258064516,89.30000000000001,3,0.03,48,0.48,100,0.007304172436706721,5237
no_polynomial,sweeping,7,53,0.15873015873015872,91.30000000000004,2,0.02,49,0.49,100,0.007989075407385826,5337
no_polynomial,sweeping,7,54,0.15625,86.70000000000002,4,0.04,56,0.56,100,0.008002806627191604,5437
no_polynomial,sweeping,7,55,0.15384615384615385,88.70000000000006,3,0.03,55,0.55,100,0.007104961769655347,5537
no_polynomial,sweeping,7,56,0.15151515151515152,90.60000000000002,2,0.02,56,0.56,100,0.0061300512566231195,5637
no_polynomial,sweeping,7,57,0.14925373134328357,91.40000000000006,2,0.02,47,0.47,100,0.006994896202813834,5737
no_polynomial,sweeping,7,58,0.14705882352941177,94.70000000000006,0,0.0,53,0.53,100,0.006235859601292759,5837
no_polynomial,sweeping,7,59,0.14492753623188406,92.60000000000005,1,0.01,55,0.55,100,0.0076976629672572015,5937
no_polynomial,sweeping,7,60,0.14285714285714285,91.60000000000005,2,0.02,46,0.46,100,0.005632278744596988,6037
no_polynomial,sweeping,7,61,0.14084507042253522,89.00000000000007,3,0.03,53,0.53,100,0.00528732570586726,6137
no_polynomial,sweeping,7,62,0.1388888888888889,94.60000000000005,0,0.0,54,0.54,100,0.005566845720168203,6237
no_polynomial,sweeping,7,63,0.136986301369863,91.40000000000008,2,0.02,48,0.48,100,0.006858848279807717,6337
no_polynomial,sweeping,7,64,0.13513513513513511,91.00000000000003,2,0.02,52,0.52,100,0.007724276594817638,6437
no_polynomial,sweeping,7,65,0.13333333333333333,91.40000000000008,2,0.02,48,0.48,100,0.00707386237103492,6537
no_polynomial,sweeping,7,66,0.13157894736842105,91.80000000000004,2,0.02,44,0.44,100,0.006989741909783334,6637
no_polynomial,sweeping,7,67,0.12987012987012986,93.10000000000005,1,0.01,50,0.5,100,0.007531009020749479,6737
no_polynomial,sweeping,7,68,0.12820512820512822,94.30000000000005,0,0.0,57,0.57,100,0.006961337719112635,6837
no_polynomial,sweeping,7,69,0.12658227848101264,93.10000000000005,1,0.01,50,0.5,100,0.006716675772331655,6937
no_polynomial,sweeping,7,70,0.125,92.10000000000005,2,0.02,41,0.41,100,0.005651047029532492,7037
no_polynomial,sweeping,7,71,0.1234567901234568,91.80000000000004,2,0.02,43,0.43,100,0.00584311306476593,7137
no_polynomial,sweeping,7,72,0.12195121951219513,93.20000000000006,1,0.01,49,0.49,100,0.006197519304696471,7237
no_polynomial,sweeping,7,73,0.12048192771084336,95.60000000000004,0,0.0,44,0.44,100,0.006624624857213348,7337
no_polynomial,sweeping,7,74,0.11904761904761904,90.40000000000005,2,0.02,57,0.57,100,0.012574447388760745,7437
no_polynomial,sweeping,7,75,0.11764705882352941,93.20000000000005,1,0.01,49,0.49,100,0.0076908509223721925,7537
no_polynomial,sweeping,7,76,0.11627906976744186,88.90000000000005,3,0.03,54,0.54,100,0.006545053822919727,7637
no_polynomial,sweeping,7,77,0.1149425287356322,85.30000000000004,5,0.05,52,0.52,100,0.006450792653486133,7737
no_polynomial,sweeping,7,78,0.11363636363636363,92.10000000000005,1,0.01,59,0.59,100,0.00542595430277288,7837
no_polynomial,sweeping,7,79,0.11235955056179775,95.20000000000005,0,0.0,48,0.48,100,0.00535469692433253,7937
no_polynomial,sweeping,7,80,0.1111111111111111,93.80000000000003,1,0.01,43,0.43,100,0.005415957379154861,8037
no_polynomial,sweeping,7,81,0.10989010989010989,93.50000000000006,1,0.01,46,0.46,100,0.007184770382009447,8137
no_polynomial,sweeping,7,82,0.10869565217391305,91.50000000000003,2,0.02,47,0.47,100,0.006616351983975619,8237
no_polynomial,sweeping,7,83,0.1075268817204301,91.30000000000004,2,0.02,49,0.49,100,0.0063320708391256635,8337
no_polynomial,sweeping,7,84,0.10638297872340426,93.00000000000007,1,0.01,50,0.5,100,0.005422589625231922,8437
no_polynomial,sweeping,7,85,0.10526315789473684,91.20000000000003,2,0.02,50,0.5,100,0.006074147606268525,8537
no_polynomial,sweeping,7,86,0.10416666666666667,93.70000000000006,1,0.01,44,0.44,100,0.00551246524322778,8637
no_polynomial,sweeping,7,87,0.10309278350515465,93.70000000000005,1,0.01,44,0.44,100,0.005673366547562182,8737
no_polynomial,sweeping,7,88,0.1020408163265306,94.20000000000006,1,0.01,39,0.39,100,0.005642811800353229,8837
no_polynomial,sweeping,7,89,0.10101010101010101,90.40000000000003,2,0.02,58,0.58,100,0.005792696112766862,8937
no_polynomial,sweeping,7,90,0.1,95.60000000000007,0,0.0,44,0.44,100,0.005654643943998962,9037
no_polynomial,sweeping,7,91,0.09900990099009901,94.80000000000007,0,0.0,52,0.52,100,0.007391707836650312,9137
no_polynomial,sweeping,7,92,0.09803921568627452,89.50000000000003,3,0.03,48,0.48,100,0.007039819066412747,9237
no_polynomial,sweeping,7,93,0.0970873786407767,87.70000000000006,4,0.04,47,0.47,100,0.0069536226359196,9337
no_polynomial,sweeping,7,94,0.09615384615384615,93.60000000000008,1,0.01,45,0.45,100,0.005169262768467888,9437
no_polynomial,sweeping,7,95,0.09523809523809523,95.50000000000006,0,0.0,45,0.45,100,0.006522628511302173,9537
no_polynomial,sweeping,7,96,0.09433962264150944,93.70000000000007,1,0.01,44,0.44,100,0.00635725786909461,9637
no_polynomial,sweeping,7,97,0.09345794392523366,95.70000000000005,0,0.0,43,0.43,100,0.006068759486079216,9737
no_polynomial,sweeping,7,98,0.09259259259259259,93.10000000000008,1,0.01,50,0.5,100,0.007104475230444223,9837
no_polynomial,sweeping,7,99,0.09174311926605504,93.00000000000004,1,0.01,51,0.51,100,0.006876365588977933,9937
no_polynomial,sweeping,7,100,0.09090909090909091,91.30000000000004,2,0.02,49,0.49,100,0.00768277607858181,10037
no_polynomial,sweeping,7,101,0.0900900900900901,90.00000000000006,3,0.03,43,0.43,100,0.005601951261050999,10137
no_polynomial,sweeping,7,102,0.08928571428571429,93.50000000000006,1,0.01,46,0.46,100,0.007545893338974565,10237
no_polynomial,sweeping,7,103,0.08849557522123894,95.60000000000004,0,0.0,44,0.44,100,0.006573172367643565,10337
no_polynomial,sweeping,7,104,0.08771929824561403,96.20000000000006,0,0.0,38,0.38,100,0.005522414115257561,10437
no_polynomial,sweeping,7,105,0.08695652173913043,91.40000000000006,2,0.02,48,0.48,100,0.006361127404961735,10537
no_polynomial,sweeping,7,106,0.08620689655172414,95.40000000000006,0,0.0,46,0.46,100,0.005155111429048702,10637
no_polynomial,sweeping,7,107,0.08547008547008547,94.20000000000006,1,0.01,39,0.39,100,0.0051637703878805044,10737
no_polynomial,sweeping,7,108,0.0847457627118644,93.80000000000004,1,0.01,43,0.43,100,0.007699138333555311,10837
no_polynomial,sweeping,7,109,0.08403361344537814,96.10000000000007,0,0.0,39,0.39,100,0.007054387736134231,10937
no_polynomial,sweeping,7,110,0.08333333333333333,94.90000000000006,0,0.0,51,0.51,100,0.005947598057100549,11037
no_polynomial,sweeping,7,111,0.08264462809917356,93.60000000000004,1,0.01,45,0.45,100,0.006556589503306895,11137
no_polynomial,sweeping,7,112,0.0819672131147541,93.70000000000006,1,0.01,44,0.44,100,0.005756631686817854,11237
no_polynomial,sweeping,7,113,0.08130081300813008,91.50000000000003,2,0.02,46,0.46,100,0.005633184432517737,11337
no_polynomial,sweeping,7,114,0.08064516129032258,96.10000000000007,0,0.0,39,0.39,100,0.005046091433614492,11437
no_polynomial,sweeping,7,115,0.08,90.20000000000003,3,0.03,41,0.41,100,0.006650631160009652,11537
no_polynomial,sweeping,7,116,0.07936507936507936,93.70000000000005,1,0.01,44,0.44,100,0.005583782235626131,11637
no_polynomial,sweeping,7,117,0.07874015748031496,91.90000000000003,2,0.02,43,0.43,100,0.004870705526554957,11737
no_polynomial,sweeping,7,118,0.078125,95.80000000000005,0,0.0,42,0.42,100,0.004162547265877947,11837
no_polynomial,sweeping,7,119,0.07751937984496124,93.60000000000002,1,0.01,45,0.45,100,0.004938547578640282,11937
no_polynomial,sweeping,7,120,0.07692307692307693,93.60000000000005,1,0.01,45,0.45,100,0.006315825949423015,12037
no_polynomial,sweeping,7,121,0.07633587786259542,93.40000000000006,1,0.01,47,0.47,100,0.006236420879140496,12137
no_polynomial,sweeping,7,122,0.07575757575757576,93.30000000000004,1,0.01,48,0.48,100,0.006556194731965661,12237
no_polynomial,sweeping,7,123,0.07518796992481203,94.40000000000003,1,0.01,37,0.37,100,0.004710769639350474,12337
no_polynomial,sweeping,7,124,0.07462686567164178,95.70000000000005,0,0.0,43,0.43,100,0.0071406435046810655,12437
no_polynomial,sweeping,7,125,0.07407407407407407,92.30000000000004,2,0.02,38,0.38,100,0.005554779150988906,12537
no_polynomial,sweeping,7,126,0.07352941176470588,93.90000000000008,1,0.01,42,0.42,100,0.00590582825592719,12637
no_polynomial,sweeping,7,127,0.07299270072992702,93.50000000000006,1,0.01,46,0.46,100,0.006863557330798358,12737
no_polynomial,sweeping,7,128,0.07246376811594203,94.10000000000008,0,0.0,59,0.59,100,0.007288535390980542,12837
no_polynomial,sweeping,7,129,0.07194244604316546,95.30000000000004,0,0.0,47,0.47,100,0.006545743714086711,12937
no_polynomial,sweeping,7,130,0.07142857142857142,91.80000000000004,2,0.02,44,0.44,100,0.00578922848100774,13037
no_polynomial,sweeping,7,131,0.07092198581560284,87.80000000000003,4,0.04,46,0.46,100,0.006980777550488711,13137
no_polynomial,sweeping,7,132,0.07042253521126761,94.20000000000005,1,0.01,39,0.39,100,0.004824311379343272,13237
no_polynomial,sweeping,7,133,0.06993006993006992,93.80000000000007,1,0.01,43,0.43,100,0.0067020386923104525,13337
no_polynomial,sweeping,7,134,0.06944444444444445,96.40000000000003,0,0.0,36,0.36,100,0.004706997575704008,13437
no_polynomial,sweeping,7,135,0.06896551724137931,96.50000000000004,0,0.0,35,0.35,100,0.004405290584545582,13537
no_polynomial,sweeping,7,136,0.0684931506849315,93.50000000000006,1,0.01,46,0.46,100,0.005322524863295257,13637
no_polynomial,sweeping,7,137,0.06802721088435375,95.60000000000004,0,0.0,44,0.44,100,0.005901115909218788,13737
no_polynomial,sweeping,7,138,0.06756756756756756,96.10000000000005,0,0.0,39,0.39,100,0.005269683907972649,13837
no_polynomial,sweeping,7,139,0.06711409395973154,96.30000000000004,0,0.0,37,0.37,100,0.005697377275209874,13937
no_polynomial,sweeping,7,140,0.06666666666666667,95.90000000000003,0,0.0,41,0.41,100,0.007046937479171902,14037
no_polynomial,sweeping,7,141,0.06622516556291391,92.90000000000006,1,0.01,52,0.52,100,0.00786689224652946,14137
no_polynomial,sweeping,7,142,0.06578947368421052,95.70000000000003,0,0.0,43,0.43,100,0.005620606169104576,14237
no_polynomial,sweeping,7,143,0.06535947712418301,93.60000000000004,1,0.01,45,0.45,100,0.005983879913110286,14337
no_polynomial,sweeping,7,144,0.06493506493506493,96.00000000000006,0,0.0,40,0.4,100,0.004156117441598326,14437
no_polynomial,sweeping,7,145,0.06451612903225806,92.20000000000005,2,0.02,40,0.4,100,0.006780801014974714,14537
no_polynomial,sweeping,7,146,0.06410256410256411,95.20000000000007,0,0.0,48,0.48,100,0.007679827902466059,14637
no_polynomial,sweeping,7,147,0.06369426751592357,95.00000000000006,0,0.0,50,0.5,100,0.006031338281463832,14737
no_polynomial,sweeping,7,148,0.06329113924050632,94.80000000000004,1,0.01,32,0.32,100,0.004949492259183899,14837
no_polynomial,sweeping,7,149,0.06289308176100629,96.60000000000004,0,0.0,34,0.34,100,0.004798433263786137,14937
no_polynomial,sweeping,7,150,0.0625,94.00000000000004,1,0.01,41,0.41,100,0.00564257780322805,15037
no_polynomial,sweeping,7,151,0.06211180124223602,96.10000000000008,0,0.0,39,0.39,100,0.004943543098634109,15137
no_polynomial,sweeping,7,152,0.0617283950617284,92.60000000000002,2,0.02,36,0.36,100,0.005537171403411776,15237
no_polynomial,sweeping,7,153,0.06134969325153374,93.50000000000004,1,0.01,46,0.46,100,0.004558590312954038,15337
no_polynomial,sweeping,7,154,0.06097560975609757,96.30000000000007,0,0.0,37,0.37,100,0.005590273991692811,15437
no_polynomial,sweeping,7,155,0.06060606060606061,94.20000000000005,1,0.01,39,0.39,100,0.005743531323969364,15537
no_polynomial,sweeping,7,156,0.06024096385542168,93.90000000000003,1,0.01,42,0.42,100,0.005962559585459531,15637
no_polynomial,sweeping,7,157,0.059880239520958084,96.30000000000005,0,0.0,37,0.37,100,0.004921719435369596,15737
no_polynomial,sweeping,7,158,0.05952380952380952,96.10000000000002,0,0.0,39,0.39,100,0.0043102121725678445,15837
no_polynomial,sweeping,7,159,0.0591715976331361,93.10000000000005,1,0.01,50,0.5,100,0.006875578097533435,15937
no_polynomial,sweeping,7,160,0.058823529411764705,96.30000000000004,0,0.0,37,0.37,100,0.005641790386289358,16037
no_polynomial,sweeping,7,161,0.05847953216374269,95.50000000000003,0,0.0,45,0.45,100,0.003936426208820194,16137
no_polynomial,sweeping,7,162,0.05813953488372093,94.40000000000005,1,0.01,36,0.36,100,0.0049753305414924395,16237
no_polynomial,sweeping,7,163,0.057803468208092484,95.80000000000005,0,0.0,42,0.42,100,0.006413270400371402,16337
no_polynomial,sweeping,7,164,0.0574712643678161,92.30000000000004,2,0.02,39,0.39,100,0.005671530410181731,16437
no_polynomial,sweeping,7,165,0.05714285714285714,93.70000000000007,1,0.01,44,0.44,100,0.004971914885099977,16537
no_polynomial,sweeping,7,166,0.056818181818181816,96.10000000000005,0,0.0,39,0.39,100,0.004915003103669733,16637
no_polynomial,sweeping,7,167,0.05649717514124294,93.50000000000007,1,0.01,46,0.46,100,0.006822295752353966,16737
no_polynomial,sweeping,7,168,0.056179775280898875,95.80000000000004,0,0.0,42,0.42,100,0.005075512111652643,16837
no_polynomial,sweeping,7,169,0.0558659217877095,93.90000000000003,1,0.01,42,0.42,100,0.00466414550319314,16937
no_polynomial,sweeping,7,170,0.05555555555555555,94.70000000000003,1,0.01,34,0.34,100,0.0044807776575908065,17037
no_polynomial,sweeping,7,171,0.055248618784530384,94.60000000000002,1,0.01,35,0.35,100,0.005781248873099685,17137
no_polynomial,sweeping,7,172,0.054945054945054944,90.50000000000003,3,0.03,38,0.38,100,0.004349220865406096,17237
no_polynomial,sweeping,7,173,0.0546448087431694,96.40000000000006,0,0.0,36,0.36,100,0.004866101397201419,17337
no_polynomial,sweeping,7,174,0.05434782608695653,95.20000000000006,0,0.0,48,0.48,100,0.008203111264156177,17437
no_polynomial,sweeping,7,175,0.05405405405405406,96.40000000000003,0,0.0,36,0.36,100,0.004384083269396797,17537
no_polynomial,sweeping,7,176,0.05376344086021505,94.70000000000003,1,0.01,34,0.34,100,0.004271358735859394,17637
no_polynomial,sweeping,7,177,0.053475935828877004,95.80000000000005,0,0.0,42,0.42,100,0.005258332686498762,17737
no_polynomial,sweeping,7,178,0.05319148936170213,96.00000000000006,0,0.0,40,0.4,100,0.004370098647195846,17837
no_polynomial,sweeping,7,179,0.052910052910052914,94.60000000000002,1,0.01,35,0.35,100,0.004315258024726063,17937
no_polynomial,sweeping,7,180,0.05263157894736842,94.30000000000004,1,0.01,38,0.38,100,0.0075803393824025985,18037
no_polynomial,sweeping,7,181,0.05235602094240837,94.20000000000007,1,0.01,39,0.39,100,0.004184983192244545,18137
no_polynomial,sweeping,7,182,0.052083333333333336,94.40000000000005,1,0.01,37,0.37,100,0.004713732844684273,18237
no_polynomial,sweeping,7,183,0.05181347150259067,93.80000000000004,1,0.01,43,0.43,100,0.005973934845533222,18337
no_polynomial,sweeping,7,184,0.051546391752577324,93.40000000000005,1,0.01,47,0.47,100,0.004995124166598543,18437
no_polynomial,sweeping,7,185,0.05128205128205128,96.80000000000004,0,0.0,32,0.32,100,0.00410890148836188,18537
no_polynomial,sweeping,7,186,0.0510204081632653,96.70000000000002,0,0.0,33,0.33,100,0.005052304625278339,18637
no_polynomial,sweeping,7,187,0.050761421319796954,96.10000000000005,0,0.0,39,0.39,100,0.0045219171117059885,18737
no_polynomial,sweeping,7,188,0.050505050505050504,96.20000000000005,0,0.0,38,0.38,100,0.004490864637773484,18837
no_polynomial,sweeping,7,189,0.05025125628140704,94.30000000000004,1,0.01,38,0.38,100,0.004762660806300119,18937
no_polynomial,sweeping,7,190,0.05,94.30000000000004,1,0.01,38,0.38,100,0.004613110524369404,19037
no_polynomial,sweeping,7,191,0.04975124378109452,93.50000000000003,1,0.01,46,0.46,100,0.006088823585305363,19137
no_polynomial,sweeping,7,192,0.04950495049504951,94.10000000000004,1,0.01,39,0.39,100,0.004542675802949816,19237
no_polynomial,sweeping,7,193,0.04926108374384236,89.90000000000003,3,0.03,44,0.44,100,0.005308282747864723,19337
no_polynomial,sweeping,7,194,0.04901960784313726,94.30000000000004,1,0.01,38,0.38,100,0.005851408429443836,19437
no_polynomial,sweeping,7,195,0.04878048780487805,91.90000000000006,2,0.02,43,0.43,100,0.0062814747588709,19537
no_polynomial,sweeping,7,196,0.04854368932038835,96.30000000000004,0,0.0,37,0.37,100,0.004106384027982131,19637
no_polynomial,sweeping,7,197,0.04830917874396135,96.10000000000005,0,0.0,39,0.39,100,0.0051384654559660705,19737
no_polynomial,sweeping,7,198,0.04807692307692307,94.90000000000002,1,0.01,32,0.32,100,0.004078675041673705,19837
no_polynomial,sweeping,7,199,0.04784688995215311,92.60000000000004,2,0.02,36,0.36,100,0.003655840550782159,19937
no_polynomial,sweeping,8,0,1.0,78.10000000000001,7,0.07,84,0.84,100,0.1187086599199353,37
no_polynomial,sweeping,8,1,0.9090909090909091,76.80000000000003,8,0.08,79,0.79,100,0.030376595575362444,137
no_polynomial,sweeping,8,2,0.8333333333333334,73.99999999999999,9,0.09,87,0.87,100,0.016336654797196388,237
no_polynomial,sweeping,8,3,0.7692307692307692,72.3,10,0.1,86,0.86,100,0.010764982742257416,337
no_polynomial,sweeping,8,4,0.7142857142857143,76.9,8,0.08,78,0.78,100,0.007264165827073157,437
no_polynomial,sweeping,8,5,0.6666666666666666,82.40000000000005,5,0.05,81,0.81,100,0.005897750314325094,537
no_polynomial,sweeping,8,6,0.625,74.4,9,0.09,83,0.83,100,0.005491461092606187,637
no_polynomial,sweeping,8,7,0.5882352941176471,91.00000000000009,1,0.01,71,0.71,100,0.004343726681545377,737
no_polynomial,sweeping,8,8,0.5555555555555556,84.40000000000006,4,0.04,79,0.79,100,0.0059744206280447545,837
no_polynomial,sweeping,8,9,0.5263157894736842,82.50000000000001,5,0.05,77,0.77,100,0.005023429563734681,937
no_polynomial,sweeping,8,10,0.5,79.6,7,0.07,71,0.71,100,0.004339343792526052,1037
no_polynomial,sweeping,8,11,0.47619047619047616,82.90000000000003,5,0.05,74,0.74,100,0.005151197926606983,1137
no_polynomial,sweeping,8,12,0.45454545454545453,77.6,8,0.08,72,0.72,100,0.004772515236400068,1237
no_polynomial,sweeping,8,13,0.4347826086956522,77.60000000000001,8,0.08,72,0.72,100,0.004151987710501999,1337
no_polynomial,sweeping,8,14,0.4166666666666667,82.70000000000005,5,0.05,78,0.78,100,0.005189898975659162,1437
no_polynomial,sweeping,8,15,0.4,88.30000000000007,3,0.03,60,0.6,100,0.004663067206274718,1537
no_polynomial,sweeping,8,16,0.3846153846153846,75.70000000000002,9,0.09,69,0.69,100,0.005286475417669863,1637
no_polynomial,sweeping,8,17,0.37037037037037035,75.3,9,0.09,75,0.75,100,0.007223902358673513,1737
no_polynomial,sweeping,8,18,0.35714285714285715,83.90000000000003,5,0.05,66,0.66,100,0.004796405835077166,1837
no_polynomial,sweeping,8,19,0.3448275862068966,78.0,8,0.08,67,0.67,100,0.0067186019872315225,1937
no_polynomial,sweeping,8,20,0.3333333333333333,84.10000000000005,5,0.05,64,0.64,100,0.0057476593460887675,2037
no_polynomial,sweeping,8,21,0.3225806451612903,89.10000000000008,2,0.02,70,0.7,100,0.005096528632566333,2137
no_polynomial,sweeping,8,22,0.3125,82.10000000000001,6,0.06,65,0.65,100,0.005267055977601558,2237
no_polynomial,sweeping,8,23,0.30303030303030304,85.50000000000007,4,0.04,68,0.68,100,0.007101077598053962,2337
no_polynomial,sweeping,8,24,0.29411764705882354,85.80000000000004,4,0.04,66,0.66,100,0.006872358648106456,2437
no_polynomial,sweeping,8,25,0.2857142857142857,89.70000000000006,2,0.02,65,0.65,100,0.00820531981997192,2537
no_polynomial,sweeping,8,26,0.2777777777777778,87.80000000000004,3,0.03,65,0.65,100,0.006857147174887359,2637
no_polynomial,sweeping,8,27,0.27027027027027023,88.90000000000005,3,0.03,53,0.53,100,0.0070984699390828606,2737
no_polynomial,sweeping,8,28,0.2631578947368421,90.6000000000001,2,0.02,55,0.55,100,0.007541557762306183,2837
no_polynomial,sweeping,8,29,0.25641025641025644,89.70000000000006,2,0.02,64,0.64,100,0.006796377238351851,2937
no_polynomial,sweeping,8,30,0.25,90.50000000000003,2,0.02,57,0.57,100,0.006724819648079574,3037
no_polynomial,sweeping,8,31,0.24390243902439027,91.90000000000005,1,0.01,61,0.61,100,0.007008552197366953,3137
no_polynomial,sweeping,8,32,0.23809523809523808,84.20000000000002,5,0.05,62,0.62,100,0.007886632208246737,3237
no_polynomial,sweeping,8,33,0.23255813953488372,84.70000000000006,5,0.05,58,0.58,100,0.007930816280422732,3337
no_polynomial,sweeping,8,34,0.22727272727272727,90.70000000000006,2,0.02,55,0.55,100,0.007840115507133306,3437
no_polynomial,sweeping,8,35,0.2222222222222222,93.50000000000007,0,0.0,65,0.65,100,0.005833430835045874,3537
no_polynomial,sweeping,8,36,0.2173913043478261,94.00000000000007,1,0.01,41,0.41,100,0.007247222429141402,3637
no_polynomial,sweeping,8,37,0.2127659574468085,88.40000000000005,3,0.03,59,0.59,100,0.004743667215807363,3737
no_polynomial,sweeping,8,38,0.20833333333333334,90.30000000000007,2,0.02,59,0.59,100,0.007552312623010949,3837
no_polynomial,sweeping,8,39,0.2040816326530612,88.80000000000004,3,0.03,55,0.55,100,0.0062868617556523535,3937
no_polynomial,sweeping,8,40,0.2,89.00000000000006,3,0.03,53,0.53,100,0.009840649066027253,4037
no_polynomial,sweeping,8,41,0.19607843137254904,86.80000000000003,4,0.04,56,0.56,100,0.006754349358379841,4137
no_polynomial,sweeping,8,42,0.1923076923076923,88.10000000000005,3,0.03,62,0.62,100,0.005967194242402911,4237
no_polynomial,sweeping,8,43,0.18867924528301888,89.50000000000003,3,0.03,48,0.48,100,0.006425270405597985,4337
no_polynomial,sweeping,8,44,0.18518518518518517,90.30000000000007,2,0.02,59,0.59,100,0.008423735264223069,4437
no_polynomial,sweeping,8,45,0.18181818181818182,94.1000000000001,0,0.0,59,0.59,100,0.008036397309042513,4537
no_polynomial,sweeping,8,46,0.17857142857142858,88.90000000000005,3,0.03,54,0.54,100,0.010676631829701364,4637
no_polynomial,sweeping,8,47,0.17543859649122806,89.00000000000006,3,0.03,53,0.53,100,0.0066462298366241155,4737
no_polynomial,sweeping,8,48,0.1724137931034483,88.50000000000001,3,0.03,58,0.58,100,0.006454659358132631,4837
no_polynomial,sweeping,8,49,0.1694915254237288,90.90000000000005,2,0.02,52,0.52,100,0.005786825111135841,4937
no_polynomial,sweeping,8,50,0.16666666666666666,92.10000000000005,2,0.02,41,0.41,100,0.006508616417413578,5037
no_polynomial,sweeping,8,51,0.1639344262295082,91.70000000000005,2,0.02,44,0.44,100,0.005140065646264702,5137
no_polynomial,sweeping,8,52,0.16129032258064516,93.90000000000003,1,0.01,42,0.42,100,0.006559524151962251,5237
no_polynomial,sweeping,8,53,0.15873015873015872,93.90000000000006,1,0.01,42,0.42,100,0.007080362564884126,5337
no_polynomial,sweeping,8,54,0.15625,95.20000000000006,0,0.0,48,0.48,100,0.0075069732312113046,5437
no_polynomial,sweeping,8,55,0.15384615384615385,92.90000000000008,1,0.01,52,0.52,100,0.006165061437059194,5537
no_polynomial,sweeping,8,56,0.15151515151515152,91.40000000000005,2,0.02,47,0.47,100,0.00703191302716732,5637
no_polynomial,sweeping,8,57,0.14925373134328357,91.40000000000003,2,0.02,48,0.48,100,0.007288107823114842,5737
no_polynomial,sweeping,8,58,0.14705882352941177,92.90000000000006,1,0.01,52,0.52,100,0.006299246090929955,5837
no_polynomial,sweeping,8,59,0.14492753623188406,88.50000000000006,3,0.03,58,0.58,100,0.00850013631163165,5937
no_polynomial,sweeping,8,60,0.14285714285714285,94.10000000000004,1,0.01,40,0.4,100,0.00740315837552771,6037
no_polynomial,sweeping,8,61,0.14084507042253522,92.70000000000002,1,0.01,54,0.54,100,0.007868732528295367,6137
no_polynomial,sweeping,8,62,0.1388888888888889,95.00000000000009,0,0.0,50,0.5,100,0.006500769730191678,6237
no_polynomial,sweeping,8,63,0.136986301369863,82.70000000000006,6,0.06,57,0.57,100,0.006994850966148079,6337
no_polynomial,sweeping,8,64,0.13513513513513511,92.80000000000007,1,0.01,53,0.53,100,0.006519570692908019,6437
no_polynomial,sweeping,8,65,0.13333333333333333,85.10000000000004,5,0.05,54,0.54,100,0.006049698980059475,6537
no_polynomial,sweeping,8,66,0.13157894736842105,90.80000000000008,2,0.02,54,0.54,100,0.008083723252639174,6637
no_polynomial,sweeping,8,67,0.12987012987012986,92.80000000000004,1,0.01,53,0.53,100,0.008217671937309205,6737
no_polynomial,sweeping,8,68,0.12820512820512822,92.80000000000004,1,0.01,53,0.53,100,0.011075753855984659,6837
no_polynomial,sweeping,8,69,0.12658227848101264,92.00000000000003,2,0.02,42,0.42,100,0.006328329455573112,6937
no_polynomial,sweeping,8,70,0.125,91.50000000000007,2,0.02,47,0.47,100,0.006991891062352806,7037
no_polynomial,sweeping,8,71,0.1234567901234568,91.80000000000004,2,0.02,44,0.44,100,0.005760791955981404,7137
no_polynomial,sweeping,8,72,0.12195121951219513,91.60000000000002,2,0.02,46,0.46,100,0.006591979961376638,7237
no_polynomial,sweeping,8,73,0.12048192771084336,89.30000000000004,3,0.03,50,0.5,100,0.005162965590134263,7337
no_polynomial,sweeping,8,74,0.11904761904761904,92.50000000000006,2,0.02,37,0.37,100,0.005923025534721091,7437
no_polynomial,sweeping,8,75,0.11764705882352941,89.80000000000001,3,0.03,45,0.45,100,0.006853851322084666,7537
no_polynomial,sweeping,8,76,0.11627906976744186,91.90000000000005,2,0.02,43,0.43,100,0.007229179593268782,7637
no_polynomial,sweeping,8,77,0.1149425287356322,93.60000000000005,1,0.01,45,0.45,100,0.007378768434282392,7737
no_polynomial,sweeping,8,78,0.11363636363636363,90.80000000000004,2,0.02,54,0.54,100,0.006573403791990131,7837
no_polynomial,sweeping,8,79,0.11235955056179775,94.50000000000007,0,0.0,55,0.55,100,0.00755390772363171,7937
no_polynomial,sweeping,8,80,0.1111111111111111,91.20000000000005,2,0.02,50,0.5,100,0.00652508198749274,8037
no_polynomial,sweeping,8,81,0.10989010989010989,92.80000000000004,2,0.02,33,0.33,100,0.005468761355150491,8137
no_polynomial,sweeping,8,82,0.10869565217391305,91.40000000000008,2,0.02,48,0.48,100,0.009888594383373856,8237
no_polynomial,sweeping,8,83,0.1075268817204301,93.60000000000004,1,0.01,45,0.45,100,0.006653004945255816,8337
no_polynomial,sweeping,8,84,0.10638297872340426,91.50000000000007,2,0.02,47,0.47,100,0.008536668550223113,8437
no_polynomial,sweeping,8,85,0.10526315789473684,93.00000000000004,1,0.01,51,0.51,100,0.007641121759079396,8537
no_polynomial,sweeping,8,86,0.10416666666666667,91.50000000000003,2,0.02,47,0.47,100,0.007204379723407328,8637
no_polynomial,sweeping,8,87,0.10309278350515465,92.00000000000004,2,0.02,42,0.42,100,0.0061267741629853845,8737
no_polynomial,sweeping,8,88,0.1020408163265306,96.00000000000006,0,0.0,40,0.4,100,0.004951495910063386,8837
no_polynomial,sweeping,8,89,0.10101010101010101,90.40000000000003,3,0.03,39,0.39,100,0.007012340648798272,8937
no_polynomial,sweeping,8,90,0.1,90.40000000000003,3,0.03,38,0.38,100,0.006708224567119032,9037
no_polynomial,sweeping,8,91,0.09900990099009901,93.40000000000008,1,0.01,46,0.46,100,0.0053956257156096395,9137
no_polynomial,sweeping,8,92,0.09803921568627452,95.70000000000006,0,0.0,43,0.43,100,0.005708446287317201,9237
no_polynomial,sweeping,8,93,0.0970873786407767,93.50000000000007,1,0.01,46,0.46,100,0.008912095692940056,9337
no_polynomial,sweeping,8,94,0.09615384615384615,96.00000000000006,0,0.0,40,0.4,100,0.007302271211519837,9437
no_polynomial,sweeping,8,95,0.09523809523809523,91.50000000000006,2,0.02,47,0.47,100,0.007022914958652109,9537
no_polynomial,sweeping,8,96,0.09433962264150944,96.20000000000007,0,0.0,38,0.38,100,0.006212711995467544,9637
no_polynomial,sweeping,8,97,0.09345794392523366,96.70000000000005,0,0.0,33,0.33,100,0.006817535858135671,9737
no_polynomial,sweeping,8,98,0.09259259259259259,93.90000000000006,1,0.01,42,0.42,100,0.008088231263682246,9837
no_polynomial,sweeping,8,99,0.09174311926605504,93.80000000000003,1,0.01,43,0.43,100,0.005613541686907411,9937
no_polynomial,sweeping,8,100,0.09090909090909091,95.80000000000004,0,0.0,42,0.42,100,0.005650650339666754,10037
no_polynomial,sweeping,8,101,0.0900900900900901,95.90000000000005,0,0.0,41,0.41,100,0.003973278341582045,10137
no_polynomial,sweeping,8,102,0.08928571428571429,94.90000000000008,0,0.0,51,0.51,100,0.005736873769201338,10237
no_polynomial,sweeping,8,103,0.08849557522123894,87.30000000000005,4,0.04,51,0.51,100,0.00728506434476003,10337
no_polynomial,sweeping,8,104,0.08771929824561403,93.90000000000005,1,0.01,42,0.42,100,0.006856705436948687,10437
no_polynomial,sweeping,8,105,0.08695652173913043,95.20000000000007,0,0.0,48,0.48,100,0.0075615774001926185,10537
no_polynomial,sweeping,8,106,0.08620689655172414,92.90000000000005,1,0.01,52,0.52,100,0.0057299170887563375,10637
no_polynomial,sweeping,8,107,0.08547008547008547,90.30000000000004,3,0.03,39,0.39,100,0.006193816794548184,10737
no_polynomial,sweeping,8,108,0.0847457627118644,92.50000000000003,1,0.01,56,0.56,100,0.005781423281878233,10837
no_polynomial,sweeping,8,109,0.08403361344537814,95.30000000000003,0,0.0,47,0.47,100,0.0062037757970392704,10937
no_polynomial,sweeping,8,110,0.08333333333333333,93.70000000000003,1,0.01,44,0.44,100,0.006069178509060294,11037
no_polynomial,sweeping,8,111,0.08264462809917356,94.80000000000003,1,0.01,33,0.33,100,0.005097305660601705,11137
no_polynomial,sweeping,8,112,0.0819672131147541,93.70000000000007,1,0.01,44,0.44,100,0.006097110821865499,11237
no_polynomial,sweeping,8,113,0.08130081300813008,93.50000000000003,1,0.01,46,0.46,100,0.008353713965043426,11337
no_polynomial,sweeping,8,114,0.08064516129032258,94.30000000000004,1,0.01,38,0.38,100,0.006938554004300386,11437
no_polynomial,sweeping,8,115,0.08,91.70000000000003,2,0.02,45,0.45,100,0.004697063758503646,11537
no_polynomial,sweeping,8,116,0.07936507936507936,94.20000000000005,1,0.01,39,0.39,100,0.005569347706623376,11637
no_polynomial,sweeping,8,117,0.07874015748031496,95.70000000000007,0,0.0,43,0.43,100,0.0054340902098920195,11737
no_polynomial,sweeping,8,118,0.078125,96.10000000000004,0,0.0,39,0.39,100,0.004404320333851502,11837
no_polynomial,sweeping,8,119,0.07751937984496124,95.90000000000003,0,0.0,41,0.41,100,0.006222978138830513,11937
no_polynomial,sweeping,8,120,0.07692307692307693,95.60000000000005,0,0.0,44,0.44,100,0.009798361596185714,12037
no_polynomial,sweeping,8,121,0.07633587786259542,95.50000000000003,0,0.0,45,0.45,100,0.0074368802574463185,12137
no_polynomial,sweeping,8,122,0.07575757575757576,89.80000000000003,3,0.03,45,0.45,100,0.007613874110393226,12237
no_polynomial,sweeping,8,123,0.07518796992481203,94.70000000000003,1,0.01,34,0.34,100,0.005485139234224334,12337
no_polynomial,sweeping,8,124,0.07462686567164178,96.50000000000003,0,0.0,35,0.35,100,0.004579057489754632,12437
no_polynomial,sweeping,8,125,0.07407407407407407,91.80000000000007,2,0.02,44,0.44,100,0.005007962099043652,12537
no_polynomial,sweeping,8,126,0.07352941176470588,96.20000000000006,0,0.0,38,0.38,100,0.005337657982017845,12637
no_polynomial,sweeping,8,127,0.07299270072992702,93.80000000000004,1,0.01,43,0.43,100,0.007472432570066303,12737
no_polynomial,sweeping,8,128,0.07246376811594203,93.60000000000002,1,0.01,45,0.45,100,0.005432099334429949,12837
no_polynomial,sweeping,8,129,0.07194244604316546,94.60000000000002,1,0.01,35,0.35,100,0.006102309282869101,12937
no_polynomial,sweeping,8,130,0.07142857142857142,93.80000000000005,1,0.01,43,0.43,100,0.00491193457506597,13037
no_polynomial,sweeping,8,131,0.07092198581560284,96.00000000000006,0,0.0,40,0.4,100,0.004571122168563306,13137
no_polynomial,sweeping,8,132,0.07042253521126761,91.90000000000003,2,0.02,43,0.43,100,0.006394645163090899,13237
no_polynomial,sweeping,8,133,0.06993006993006992,91.30000000000005,2,0.02,49,0.49,100,0.005892348079942167,13337
no_polynomial,sweeping,8,134,0.06944444444444445,95.80000000000004,0,0.0,42,0.42,100,0.0057653070299420505,13437
no_polynomial,sweeping,8,135,0.06896551724137931,96.00000000000003,0,0.0,40,0.4,100,0.0051708567864261566,13537
no_polynomial,sweeping,8,136,0.0684931506849315,94.40000000000003,1,0.01,37,0.37,100,0.006493278613779694,13637
no_polynomial,sweeping,8,137,0.06802721088435375,95.60000000000007,0,0.0,44,0.44,100,0.005779817039147019,13737
no_polynomial,sweeping,8,138,0.06756756756756756,94.70000000000005,1,0.01,34,0.34,100,0.005856436502654105,13837
no_polynomial,sweeping,8,139,0.06711409395973154,96.30000000000005,0,0.0,37,0.37,100,0.004282820936059579,13937
no_polynomial,sweeping,8,140,0.06666666666666667,90.10000000000002,3,0.03,42,0.42,100,0.005643068050267175,14037
no_polynomial,sweeping,8,141,0.06622516556291391,94.10000000000004,1,0.01,40,0.4,100,0.005015733679756522,14137
no_polynomial,sweeping,8,142,0.06578947368421052,94.90000000000003,1,0.01,32,0.32,100,0.004164325272431597,14237
no_polynomial,sweeping,8,143,0.06535947712418301,96.20000000000006,0,0.0,38,0.38,100,0.00407042771927081,14337
no_polynomial,sweeping,8,144,0.06493506493506493,94.20000000000003,1,0.01,39,0.39,100,0.0053727141465060415,14437
no_polynomial,sweeping,8,145,0.06451612903225806,93.90000000000006,1,0.01,42,0.42,100,0.0053780841873958705,14537
no_polynomial,sweeping,8,146,0.06410256410256411,94.30000000000005,1,0.01,38,0.38,100,0.0045124980562832205,14637
no_polynomial,sweeping,8,147,0.06369426751592357,96.50000000000006,0,0.0,35,0.35,100,0.006309325827751309,14737
no_polynomial,sweeping,8,148,0.06329113924050632,94.90000000000003,1,0.01,32,0.32,100,0.003892279638675973,14837
no_polynomial,sweeping,8,149,0.06289308176100629,96.20000000000007,0,0.0,38,0.38,100,0.0035507889720611274,14937
no_polynomial,sweeping,8,150,0.0625,94.10000000000002,1,0.01,40,0.4,100,0.0059423742606304585,15037
no_polynomial,sweeping,8,151,0.06211180124223602,94.00000000000006,1,0.01,41,0.41,100,0.005681351247476414,15137
no_polynomial,sweeping,8,152,0.0617283950617284,96.30000000000004,0,0.0,37,0.37,100,0.006048871788661927,15237
no_polynomial,sweeping,8,153,0.06134969325153374,95.50000000000006,0,0.0,45,0.45,100,0.003900262558599934,15337
no_polynomial,sweeping,8,154,0.06097560975609757,94.60000000000002,1,0.01,35,0.35,100,0.004622777517652139,15437
no_polynomial,sweeping,8,155,0.06060606060606061,95.60000000000005,0,0.0,44,0.44,100,0.006519143399782479,15537
no_polynomial,sweeping,8,156,0.06024096385542168,93.80000000000004,1,0.01,42,0.42,100,0.005496560857864097,15637
no_polynomial,sweeping,8,157,0.059880239520958084,96.40000000000003,0,0.0,36,0.36,100,0.00578921886626631,15737
no_polynomial,sweeping,8,158,0.05952380952380952,96.10000000000004,0,0.0,39,0.39,100,0.006678484425647184,15837
no_polynomial,sweeping,8,159,0.0591715976331361,95.90000000000006,0,0.0,41,0.41,100,0.005117296051466837,15937
no_polynomial,sweeping,8,160,0.058823529411764705,94.40000000000005,1,0.01,36,0.36,100,0.00433376939734444,16037
no_polynomial,sweeping,8,161,0.05847953216374269,96.30000000000005,0,0.0,37,0.37,100,0.006125683789141476,16137
no_polynomial,sweeping,8,162,0.05813953488372093,92.20000000000003,2,0.02,40,0.4,100,0.004984065908938646,16237
no_polynomial,sweeping,8,163,0.057803468208092484,95.10000000000005,0,0.0,49,0.49,100,0.00791454935213551,16337
no_polynomial,sweeping,8,164,0.0574712643678161,95.60000000000005,0,0.0,44,0.44,100,0.005814285213127732,16437
no_polynomial,sweeping,8,165,0.05714285714285714,95.10000000000002,1,0.01,29,0.29,100,0.005061786770820618,16537
no_polynomial,sweeping,8,166,0.056818181818181816,95.80000000000007,0,0.0,42,0.42,100,0.004210966726532206,16637
no_polynomial,sweeping,8,167,0.05649717514124294,94.50000000000003,1,0.01,36,0.36,100,0.00409774448024109,16737
no_polynomial,sweeping,8,168,0.056179775280898875,93.20000000000005,1,0.01,49,0.49,100,0.0048829163995105776,16837
no_polynomial,sweeping,8,169,0.0558659217877095,94.60000000000004,1,0.01,34,0.34,100,0.004175696198362857,16937
no_polynomial,sweeping,8,170,0.05555555555555555,94.90000000000003,1,0.01,32,0.32,100,0.004644384469138459,17037
no_polynomial,sweeping,8,171,0.055248618784530384,92.90000000000002,2,0.02,33,0.33,100,0.005199736093636602,17137
no_polynomial,sweeping,8,172,0.054945054945054944,96.50000000000006,0,0.0,35,0.35,100,0.004263613652437925,17237
no_polynomial,sweeping,8,173,0.0546448087431694,90.40000000000002,3,0.03,39,0.39,100,0.004726340828929096,17337
no_polynomial,sweeping,8,174,0.05434782608695653,96.30000000000004,0,0.0,37,0.37,100,0.005528684181626886,17437
no_polynomial,sweeping,8,175,0.05405405405405406,94.90000000000005,1,0.01,32,0.32,100,0.005154961091466248,17537
no_polynomial,sweeping,8,176,0.05376344086021505,97.00000000000004,0,0.0,30,0.3,100,0.00494238899089396,17637
no_polynomial,sweeping,8,177,0.053475935828877004,92.30000000000003,2,0.02,38,0.38,100,0.005188395439181477,17737
no_polynomial,sweeping,8,178,0.05319148936170213,92.70000000000005,2,0.02,35,0.35,100,0.004509596653515473,17837
no_polynomial,sweeping,8,179,0.052910052910052914,96.40000000000003,0,0.0,36,0.36,100,0.00482663688599132,17937
no_polynomial,sweeping,8,180,0.05263157894736842,94.30000000000004,1,0.01,38,0.38,100,0.005557195171713829,18037
no_polynomial,sweeping,8,181,0.05235602094240837,94.20000000000005,1,0.01,38,0.38,100,0.003992498967563734,18137
no_polynomial,sweeping,8,182,0.052083333333333336,96.00000000000004,0,0.0,40,0.4,100,0.005350185666466132,18237
no_polynomial,sweeping,8,183,0.05181347150259067,94.00000000000006,1,0.01,41,0.41,100,0.004349646739428863,18337
no_polynomial,sweeping,8,184,0.051546391752577324,96.20000000000005,0,0.0,38,0.38,100,0.005143106266623363,18437
no_polynomial,sweeping,8,185,0.05128205128205128,91.80000000000004,2,0.02,44,0.44,100,0.007923089675605297,18537
no_polynomial,sweeping,8,186,0.0510204081632653,89.70000000000006,3,0.03,46,0.46,100,0.005732427646871656,18637
no_polynomial,sweeping,8,187,0.050761421319796954,96.50000000000003,0,0.0,35,0.35,100,0.0038387488969601692,18737
no_polynomial,sweeping,8,188,0.050505050505050504,96.80000000000004,0,0.0,32,0.32,100,0.0038382741797249762,18837
no_polynomial,sweeping,8,189,0.05025125628140704,96.50000000000006,0,0.0,35,0.35,100,0.00476459356606938,18937
no_polynomial,sweeping,8,190,0.05,96.50000000000006,0,0.0,35,0.35,100,0.004802070570876822,19037
no_polynomial,sweeping,8,191,0.04975124378109452,96.70000000000005,0,0.0,33,0.33,100,0.004790790524566546,19137
no_polynomial,sweeping,8,192,0.04950495049504951,92.70000000000002,2,0.02,34,0.34,100,0.0038379892229568214,19237
no_polynomial,sweeping,8,193,0.04926108374384236,96.70000000000003,0,0.0,33,0.33,100,0.004149679938564077,19337
no_polynomial,sweeping,8,194,0.04901960784313726,94.40000000000005,1,0.01,37,0.37,100,0.004673119260696694,19437
no_polynomial,sweeping,8,195,0.04878048780487805,96.70000000000005,0,0.0,33,0.33,100,0.0049726166948676105,19537
no_polynomial,sweeping,8,196,0.04854368932038835,96.80000000000004,0,0.0,32,0.32,100,0.004972261441871524,19637
no_polynomial,sweeping,8,197,0.04830917874396135,96.60000000000005,0,0.0,34,0.34,100,0.0039521912205964325,19737
no_polynomial,sweeping,8,198,0.04807692307692307,94.70000000000005,1,0.01,33,0.33,100,0.004908030893420801,19837
no_polynomial,sweeping,8,199,0.04784688995215311,95.50000000000006,0,0.0,45,0.45,100,0.006288847827818245,19937
no_polynomial,sweeping,9,0,1.0,64.19999999999992,14,0.14,91,0.91,100,0.15388320582742626,37
no_polynomial,sweeping,9,1,0.9090909090909091,80.30000000000001,6,0.06,83,0.83,100,0.041090129278600215,137
no_polynomial,sweeping,9,2,0.8333333333333334,69.99999999999994,11,0.11,90,0.9,100,0.03070800890214741,237
no_polynomial,sweeping,9,3,0.7692307692307692,69.89999999999996,11,0.11,89,0.89,100,0.014743058178573847,337
no_polynomial,sweeping,9,4,0.7142857142857143,74.3,9,0.09,82,0.82,100,0.009711396349593997,437
no_polynomial,sweeping,9,5,0.6666666666666666,75.69999999999999,8,0.08,91,0.91,100,0.005206504887901246,537
no_polynomial,sweeping,9,6,0.625,86.10000000000005,3,0.03,82,0.82,100,0.00414890430867672,637
no_polynomial,sweeping,9,7,0.5882352941176471,79.00000000000001,7,0.07,76,0.76,100,0.003815163765102625,737
no_polynomial,sweeping,9,8,0.5555555555555556,70.89999999999998,11,0.11,82,0.82,100,0.0039357500523328785,837
no_polynomial,sweeping,9,9,0.5263157894736842,72.29999999999995,10,0.1,85,0.85,100,0.0034405037353280933,937
no_polynomial,sweeping,9,10,0.5,84.30000000000007,4,0.04,81,0.81,100,0.005650488212704658,1037
no_polynomial,sweeping,9,11,0.47619047619047616,86.80000000000005,3,0.03,75,0.75,100,0.004739984294865281,1137
no_polynomial,sweeping,9,12,0.45454545454545453,82.10000000000004,5,0.05,83,0.83,100,0.0050681007723324,1237
no_polynomial,sweeping,9,13,0.4347826086956522,77.49999999999999,8,0.08,72,0.72,100,0.0046745121874846515,1337
no_polynomial,sweeping,9,14,0.4166666666666667,83.20000000000005,5,0.05,73,0.73,100,0.004510043682530523,1437
no_polynomial,sweeping,9,15,0.4,79.40000000000003,7,0.07,73,0.73,100,0.00506873324746266,1537
no_polynomial,sweeping,9,16,0.3846153846153846,86.00000000000006,4,0.04,63,0.63,100,0.005399496080353856,1637
no_polynomial,sweeping,9,17,0.37037037037037035,85.00000000000003,4,0.04,74,0.74,100,0.008592003546655179,1737
no_polynomial,sweeping,9,18,0.35714285714285715,85.20000000000006,4,0.04,72,0.72,100,0.00436891054851003,1837
no_polynomial,sweeping,9,19,0.3448275862068966,83.10000000000005,5,0.05,74,0.74,100,0.0063597124465741214,1937
no_polynomial,sweeping,9,20,0.3333333333333333,80.30000000000001,7,0.07,63,0.63,100,0.0066422863723710176,2037
no_polynomial,sweeping,9,21,0.3225806451612903,87.60000000000008,3,0.03,67,0.67,100,0.008110547452233732,2137
no_polynomial,sweeping,9,22,0.3125,85.60000000000001,4,0.04,68,0.68,100,0.0075768682104535405,2237
no_polynomial,sweeping,9,23,0.30303030303030304,83.9,5,0.05,66,0.66,100,0.007549061262980103,2337
no_polynomial,sweeping,9,24,0.29411764705882354,90.70000000000007,1,0.01,74,0.74,100,0.0088583425572142,2437
no_polynomial,sweeping,9,25,0.2857142857142857,90.70000000000006,1,0.01,74,0.74,100,0.006879888635594398,2537
no_polynomial,sweeping,9,26,0.2777777777777778,86.00000000000003,4,0.04,63,0.63,100,0.005091355610638857,2637
no_polynomial,sweeping,9,27,0.27027027027027023,91.30000000000007,1,0.01,68,0.68,100,0.006760554290376603,2737
no_polynomial,sweeping,9,28,0.2631578947368421,84.9,5,0.05,55,0.55,100,0.006469150830525905,2837
no_polynomial,sweeping,9,29,0.25641025641025644,86.80000000000004,3,0.03,75,0.75,100,0.007554979724809527,2937
no_polynomial,sweeping,9,30,0.25,87.70000000000005,3,0.03,66,0.66,100,0.006293525788933039,3037
no_polynomial,sweeping,9,31,0.24390243902439027,92.20000000000007,1,0.01,59,0.59,100,0.006271840326953679,3137
no_polynomial,sweeping,9,32,0.23809523809523808,83.80000000000004,5,0.05,67,0.67,100,0.006104805208742618,3237
no_polynomial,sweeping,9,33,0.23255813953488372,86.0,4,0.04,64,0.64,100,0.005851963632740081,3337
no_polynomial,sweeping,9,34,0.22727272727272727,92.30000000000007,1,0.01,58,0.58,100,0.007562539107166231,3437
no_polynomial,sweeping,9,35,0.2222222222222222,82.10000000000005,6,0.06,63,0.63,100,0.00759059599833563,3537
no_polynomial,sweeping,9,36,0.2173913043478261,89.70000000000006,2,0.02,64,0.64,100,0.0066701971646398305,3637
no_polynomial,sweeping,9,37,0.2127659574468085,88.70000000000007,2,0.02,75,0.75,100,0.00909012254094705,3737
no_polynomial,sweeping,9,38,0.20833333333333334,83.70000000000005,5,0.05,68,0.68,100,0.0072290273825638,3837
no_polynomial,sweeping,9,39,0.2040816326530612,87.80000000000004,3,0.03,65,0.65,100,0.007562548720743507,3937
no_polynomial,sweeping,9,40,0.2,90.10000000000005,2,0.02,61,0.61,100,0.005474886145675555,4037
no_polynomial,sweeping,9,41,0.19607843137254904,95.30000000000005,0,0.0,47,0.47,100,0.005759202919434756,4137
no_polynomial,sweeping,9,42,0.1923076923076923,89.20000000000006,3,0.03,50,0.5,100,0.005984660626854748,4237
no_polynomial,sweeping,9,43,0.18867924528301888,90.60000000000007,2,0.02,56,0.56,100,0.0052114839269779625,4337
no_polynomial,sweeping,9,44,0.18518518518518517,88.70000000000007,3,0.03,56,0.56,100,0.006278263196581975,4437
no_polynomial,sweeping,9,45,0.18181818181818182,87.80000000000004,3,0.03,64,0.64,100,0.0067555283743422475,4537
no_polynomial,sweeping,9,46,0.17857142857142858,86.80000000000004,4,0.04,56,0.56,100,0.007906131374184042,4637
no_polynomial,sweeping,9,47,0.17543859649122806,92.30000000000005,1,0.01,58,0.58,100,0.007572629768401384,4737
no_polynomial,sweeping,9,48,0.1724137931034483,87.80000000000005,3,0.03,65,0.65,100,0.0085662353457883,4837
no_polynomial,sweeping,9,49,0.1694915254237288,90.40000000000006,2,0.02,58,0.58,100,0.0074827159149572255,4937
no_polynomial,sweeping,9,50,0.16666666666666666,92.10000000000007,1,0.01,60,0.6,100,0.006543499471154064,5037
no_polynomial,sweeping,9,51,0.1639344262295082,90.3000000000001,2,0.02,59,0.59,100,0.006873868170659989,5137
no_polynomial,sweeping,9,52,0.16129032258064516,90.70000000000007,2,0.02,55,0.55,100,0.0071406175731681286,5237
no_polynomial,sweeping,9,53,0.15873015873015872,89.30000000000004,3,0.03,50,0.5,100,0.00800307365367189,5337
no_polynomial,sweeping,9,54,0.15625,90.60000000000002,2,0.02,56,0.56,100,0.0067287317477166654,5437
no_polynomial,sweeping,9,55,0.15384615384615385,93.00000000000006,1,0.01,51,0.51,100,0.0066067040362395345,5537
no_polynomial,sweeping,9,56,0.15151515151515152,89.10000000000005,3,0.03,51,0.51,100,0.006776690573897213,5637
no_polynomial,sweeping,9,57,0.14925373134328357,90.30000000000004,2,0.02,59,0.59,100,0.004945270497119054,5737
no_polynomial,sweeping,9,58,0.14705882352941177,94.20000000000007,0,0.0,58,0.58,100,0.00590007581980899,5837
no_polynomial,sweeping,9,59,0.14492753623188406,88.40000000000005,3,0.03,59,0.59,100,0.008685419305693358,5937
no_polynomial,sweeping,9,60,0.14285714285714285,88.60000000000005,3,0.03,56,0.56,100,0.006346879992634058,6037
no_polynomial,sweeping,9,61,0.14084507042253522,92.40000000000005,1,0.01,57,0.57,100,0.00833553443895653,6137
no_polynomial,sweeping,9,62,0.1388888888888889,91.10000000000004,2,0.02,51,0.51,100,0.007041284795850516,6237
no_polynomial,sweeping,9,63,0.136986301369863,94.70000000000007,0,0.0,53,0.53,100,0.0062221504026092585,6337
no_polynomial,sweeping,9,64,0.13513513513513511,89.90000000000006,3,0.03,43,0.43,100,0.005973603604361415,6437
no_polynomial,sweeping,9,65,0.13333333333333333,86.50000000000006,4,0.04,58,0.58,100,0.005879578157328069,6537
no_polynomial,sweeping,9,66,0.13157894736842105,92.80000000000007,1,0.01,53,0.53,100,0.006570285013876856,6637
no_polynomial,sweeping,9,67,0.12987012987012986,91.00000000000006,2,0.02,52,0.52,100,0.006758279756177217,6737
no_polynomial,sweeping,9,68,0.12820512820512822,92.60000000000008,1,0.01,55,0.55,100,0.008157730859238654,6837
no_polynomial,sweeping,9,69,0.12658227848101264,88.00000000000004,3,0.03,63,0.63,100,0.008423884559888392,6937
no_polynomial,sweeping,9,70,0.125,93.90000000000005,1,0.01,42,0.42,100,0.00810348778963089,7037
no_polynomial,sweeping,9,71,0.1234567901234568,92.20000000000007,1,0.01,59,0.59,100,0.00608511075610295,7137
no_polynomial,sweeping,9,72,0.12195121951219513,93.60000000000007,1,0.01,44,0.44,100,0.006887096341233701,7237
no_polynomial,sweeping,9,73,0.12048192771084336,92.90000000000006,1,0.01,51,0.51,100,0.01107300292700529,7337
no_polynomial,sweeping,9,74,0.11904761904761904,87.10000000000004,4,0.04,53,0.53,100,0.00916324344696477,7437
no_polynomial,sweeping,9,75,0.11764705882352941,93.30000000000004,1,0.01,47,0.47,100,0.007317010636907071,7537
no_polynomial,sweeping,9,76,0.11627906976744186,95.40000000000006,0,0.0,46,0.46,100,0.009177494870964437,7637
no_polynomial,sweeping,9,77,0.1149425287356322,93.40000000000006,1,0.01,47,0.47,100,0.006997851126361638,7737
no_polynomial,sweeping,9,78,0.11363636363636363,93.60000000000005,1,0.01,45,0.45,100,0.007351394398137927,7837
no_polynomial,sweeping,9,79,0.11235955056179775,95.30000000000005,0,0.0,47,0.47,100,0.008089468033285812,7937
no_polynomial,sweeping,9,80,0.1111111111111111,82.70000000000005,6,0.06,58,0.58,100,0.009329912385437638,8037
no_polynomial,sweeping,9,81,0.10989010989010989,91.00000000000006,2,0.02,52,0.52,100,0.007669106766115874,8137
no_polynomial,sweeping,9,82,0.10869565217391305,93.70000000000005,1,0.01,44,0.44,100,0.008647120459936559,8237
no_polynomial,sweeping,9,83,0.1075268817204301,95.30000000000007,0,0.0,47,0.47,100,0.006918543446809053,8337
no_polynomial,sweeping,9,84,0.10638297872340426,93.50000000000003,1,0.01,46,0.46,100,0.006988533213734627,8437
no_polynomial,sweeping,9,85,0.10526315789473684,95.90000000000006,0,0.0,41,0.41,100,0.01002460788236931,8537
no_polynomial,sweeping,9,86,0.10416666666666667,95.30000000000007,0,0.0,47,0.47,100,0.008923088004812597,8637
no_polynomial,sweeping,9,87,0.10309278350515465,92.50000000000004,1,0.01,56,0.56,100,0.008886319810990244,8737
no_polynomial,sweeping,9,88,0.1020408163265306,93.60000000000005,1,0.01,45,0.45,100,0.009259462391491979,8837
no_polynomial,sweeping,9,89,0.10101010101010101,93.10000000000005,1,0.01,50,0.5,100,0.007467683872673661,8937
no_polynomial,sweeping,9,90,0.1,92.70000000000005,1,0.01,54,0.54,100,0.011253860236611218,9037
no_polynomial,sweeping,9,91,0.09900990099009901,86.60000000000005,4,0.04,58,0.58,100,0.008908877482172102,9137
no_polynomial,sweeping,9,92,0.09803921568627452,91.20000000000005,2,0.02,50,0.5,100,0.009028361474629492,9237
no_polynomial,sweeping,9,93,0.0970873786407767,91.20000000000005,2,0.02,49,0.49,100,0.008682193604763598,9337
no_polynomial,sweeping,9,94,0.09615384615384615,93.10000000000007,1,0.01,50,0.5,100,0.0074847421189770105,9437
no_polynomial,sweeping,9,95,0.09523809523809523,91.70000000000006,2,0.02,45,0.45,100,0.005847362140193582,9537
no_polynomial,sweeping,9,96,0.09433962264150944,94.90000000000006,0,0.0,51,0.51,100,0.005854350284207613,9637
no_polynomial,sweeping,9,97,0.09345794392523366,90.2,3,0.03,41,0.41,100,0.007003747269045561,9737
no_polynomial,sweeping,9,98,0.09259259259259259,90.80000000000003,2,0.02,54,0.54,100,0.00931737711187452,9837
no_polynomial,sweeping,9,99,0.09174311926605504,95.60000000000007,0,0.0,44,0.44,100,0.00719119866611436,9937
no_polynomial,sweeping,9,100,0.09090909090909091,95.50000000000006,0,0.0,45,0.45,100,0.0070641548256389795,10037
no_polynomial,sweeping,9,101,0.0900900900900901,93.10000000000005,1,0.01,50,0.5,100,0.00821889728307724,10137
no_polynomial,sweeping,9,102,0.08928571428571429,94.00000000000006,1,0.01,41,0.41,100,0.006169632985256612,10237
no_polynomial,sweeping,9,103,0.08849557522123894,95.60000000000008,0,0.0,44,0.44,100,0.006986765726469457,10337
no_polynomial,sweeping,9,104,0.08771929824561403,90.80000000000005,2,0.02,54,0.54,100,0.007988814807031303,10437
no_polynomial,sweeping,9,105,0.08695652173913043,93.60000000000005,1,0.01,45,0.45,100,0.00716356702381745,10537
no_polynomial,sweeping,9,106,0.08620689655172414,91.60000000000004,2,0.02,46,0.46,100,0.005428903056308627,10637
no_polynomial,sweeping,9,107,0.08547008547008547,95.30000000000004,0,0.0,47,0.47,100,0.006129024971742183,10737
no_polynomial,sweeping,9,108,0.0847457627118644,92.60000000000005,1,0.01,55,0.55,100,0.0092829156992957,10837
no_polynomial,sweeping,9,109,0.08403361344537814,93.80000000000004,1,0.01,43,0.43,100,0.00781641419744119,10937
no_polynomial,sweeping,9,110,0.08333333333333333,95.70000000000006,0,0.0,43,0.43,100,0.013764074344653637,11037
no_polynomial,sweeping,9,111,0.08264462809917356,91.20000000000005,2,0.02,49,0.49,100,0.008107122315559536,11137
no_polynomial,sweeping,9,112,0.0819672131147541,94.10000000000002,1,0.01,40,0.4,100,0.0060290060890838505,11237
no_polynomial,sweeping,9,113,0.08130081300813008,93.40000000000003,1,0.01,47,0.47,100,0.006293108412064612,11337
no_polynomial,sweeping,9,114,0.08064516129032258,91.10000000000008,2,0.02,51,0.51,100,0.00664040552219376,11437
no_polynomial,sweeping,9,115,0.08,93.70000000000005,1,0.01,43,0.43,100,0.008722958932630719,11537
no_polynomial,sweeping,9,116,0.07936507936507936,94.30000000000005,1,0.01,38,0.38,100,0.007051668483763933,11637
no_polynomial,sweeping,9,117,0.07874015748031496,96.00000000000003,0,0.0,40,0.4,100,0.006612385509070009,11737
no_polynomial,sweeping,9,118,0.078125,95.90000000000006,0,0.0,41,0.41,100,0.006065022508846596,11837
no_polynomial,sweeping,9,119,0.07751937984496124,94.50000000000006,1,0.01,36,0.36,100,0.006468670589383691,11937
no_polynomial,sweeping,9,120,0.07692307692307693,95.40000000000005,0,0.0,46,0.46,100,0.0067467667860910295,12037
no_polynomial,sweeping,9,121,0.07633587786259542,95.1000000000001,0,0.0,49,0.49,100,0.007846762945409863,12137
no_polynomial,sweeping,9,122,0.07575757575757576,95.50000000000007,0,0.0,45,0.45,100,0.006751484277192504,12237
no_polynomial,sweeping,9,123,0.07518796992481203,91.60000000000004,2,0.02,46,0.46,100,0.007175158243626356,12337
no_polynomial,sweeping,9,124,0.07462686567164178,95.50000000000003,0,0.0,45,0.45,100,0.00849985979264602,12437
no_polynomial,sweeping,9,125,0.07407407407407407,94.90000000000009,0,0.0,51,0.51,100,0.007419321497436613,12537
no_polynomial,sweeping,9,126,0.07352941176470588,95.00000000000007,0,0.0,50,0.5,100,0.006736006755381822,12637
no_polynomial,sweeping,9,127,0.07299270072992702,93.70000000000005,1,0.01,44,0.44,100,0.006744271437637508,12737
no_polynomial,sweeping,9,128,0.07246376811594203,95.20000000000003,0,0.0,48,0.48,100,0.0067656717507634315,12837
no_polynomial,sweeping,9,129,0.07194244604316546,93.30000000000007,1,0.01,48,0.48,100,0.006355619502719492,12937
no_polynomial,sweeping,9,130,0.07142857142857142,93.40000000000008,1,0.01,47,0.47,100,0.006763925775885582,13037
no_polynomial,sweeping,9,131,0.07092198581560284,94.60000000000005,0,0.0,54,0.54,100,0.009087252293247729,13137
no_polynomial,sweeping,9,132,0.07042253521126761,93.00000000000007,1,0.01,51,0.51,100,0.006557697157841175,13237
no_polynomial,sweeping,9,133,0.06993006993006992,95.50000000000006,0,0.0,45,0.45,100,0.007513083179946989,13337
no_polynomial,sweeping,9,134,0.06944444444444445,95.20000000000006,0,0.0,48,0.48,100,0.0074490668845828625,13437
no_polynomial,sweeping,9,135,0.06896551724137931,94.90000000000006,0,0.0,51,0.51,100,0.00771368550369516,13537
no_polynomial,sweeping,9,136,0.0684931506849315,95.80000000000004,0,0.0,42,0.42,100,0.007714844872243703,13637
no_polynomial,sweeping,9,137,0.06802721088435375,96.10000000000005,0,0.0,39,0.39,100,0.007249410320073366,13737
no_polynomial,sweeping,9,138,0.06756756756756756,93.90000000000003,1,0.01,42,0.42,100,0.006972905427683145,13837
no_polynomial,sweeping,9,139,0.06711409395973154,92.10000000000004,2,0.02,41,0.41,100,0.007094028950668871,13937
no_polynomial,sweeping,9,140,0.06666666666666667,93.50000000000006,1,0.01,46,0.46,100,0.005508430779445917,14037
no_polynomial,sweeping,9,141,0.06622516556291391,95.3000000000001,0,0.0,47,0.47,100,0.0058857055078260605,14137
no_polynomial,sweeping,9,142,0.06578947368421052,94.40000000000003,1,0.01,36,0.36,100,0.00514024164993316,14237
no_polynomial,sweeping,9,143,0.06535947712418301,96.40000000000003,0,0.0,36,0.36,100,0.005670358643401414,14337
no_polynomial,sweeping,9,144,0.06493506493506493,95.80000000000007,0,0.0,42,0.42,100,0.00861366361612454,14437
no_polynomial,sweeping,9,145,0.06451612903225806,89.70000000000003,3,0.03,46,0.46,100,0.006027824031189084,14537
no_polynomial,sweeping,9,146,0.06410256410256411,94.50000000000009,0,0.0,55,0.55,100,0.0083143742964603,14637
no_polynomial,sweeping,9,147,0.06369426751592357,93.00000000000003,1,0.01,51,0.51,100,0.006056210058741272,14737
no_polynomial,sweeping,9,148,0.06329113924050632,94.20000000000006,1,0.01,39,0.39,100,0.005557065540924669,14837
no_polynomial,sweeping,9,149,0.06289308176100629,94.20000000000005,1,0.01,39,0.39,100,0.00585607688408345,14937
no_polynomial,sweeping,9,150,0.0625,95.30000000000004,0,0.0,47,0.47,100,0.007924293123651296,15037
no_polynomial,sweeping,9,151,0.06211180124223602,93.00000000000007,1,0.01,51,0.51,100,0.006377813046565279,15137
no_polynomial,sweeping,9,152,0.0617283950617284,92.70000000000002,2,0.02,35,0.35,100,0.006352050853893161,15237
no_polynomial,sweeping,9,153,0.06134969325153374,95.50000000000003,0,0.0,45,0.45,100,0.007992336612660437,15337
no_polynomial,sweeping,9,154,0.06097560975609757,96.90000000000003,0,0.0,31,0.31,100,0.008259244672954082,15437
no_polynomial,sweeping,9,155,0.06060606060606061,95.70000000000003,0,0.0,43,0.43,100,0.0115201031928882,15537
no_polynomial,sweeping,9,156,0.06024096385542168,93.70000000000005,1,0.01,44,0.44,100,0.0065166586125269535,15637
no_polynomial,sweeping,9,157,0.059880239520958084,96.60000000000004,0,0.0,34,0.34,100,0.007059211281593889,15737
no_polynomial,sweeping,9,158,0.05952380952380952,93.20000000000006,1,0.01,49,0.49,100,0.008270115666091442,15837
no_polynomial,sweeping,9,159,0.0591715976331361,89.50000000000006,3,0.03,48,0.48,100,0.005614906949922442,15937
no_polynomial,sweeping,9,160,0.058823529411764705,94.70000000000003,1,0.01,33,0.33,100,0.008399403837975114,16037
no_polynomial,sweeping,9,161,0.05847953216374269,95.70000000000006,0,0.0,43,0.43,100,0.005603663141373545,16137
no_polynomial,sweeping,9,162,0.05813953488372093,91.70000000000005,2,0.02,45,0.45,100,0.007524131960235536,16237
no_polynomial,sweeping,9,163,0.057803468208092484,95.60000000000007,0,0.0,44,0.44,100,0.006379251147154719,16337
no_polynomial,sweeping,9,164,0.0574712643678161,96.10000000000005,0,0.0,39,0.39,100,0.007174950760090723,16437
no_polynomial,sweeping,9,165,0.05714285714285714,95.60000000000005,0,0.0,44,0.44,100,0.007446959887165577,16537
no_polynomial,sweeping,9,166,0.056818181818181816,93.60000000000008,1,0.01,45,0.45,100,0.006078900492284447,16637
no_polynomial,sweeping,9,167,0.05649717514124294,96.70000000000006,0,0.0,33,0.33,100,0.00659193066181615,16737
no_polynomial,sweeping,9,168,0.056179775280898875,95.70000000000007,0,0.0,43,0.43,100,0.006086493744514882,16837
no_polynomial,sweeping,9,169,0.0558659217877095,91.60000000000005,2,0.02,45,0.45,100,0.007525191430468112,16937
no_polynomial,sweeping,9,170,0.05555555555555555,94.00000000000003,1,0.01,41,0.41,100,0.006135702157625929,17037
no_polynomial,sweeping,9,171,0.055248618784530384,93.60000000000007,1,0.01,45,0.45,100,0.005573175942990929,17137
no_polynomial,sweeping,9,172,0.054945054945054944,96.00000000000007,0,0.0,40,0.4,100,0.00966088759712875,17237
no_polynomial,sweeping,9,173,0.0546448087431694,94.00000000000006,1,0.01,40,0.4,100,0.004957857906119898,17337
no_polynomial,sweeping,9,174,0.05434782608695653,94.00000000000006,1,0.01,41,0.41,100,0.004698202172294259,17437
no_polynomial,sweeping,9,175,0.05405405405405406,95.30000000000004,0,0.0,47,0.47,100,0.0064241693983785805,17537
no_polynomial,sweeping,9,176,0.05376344086021505,90.10000000000002,3,0.03,42,0.42,100,0.006139613713603467,17637
no_polynomial,sweeping,9,177,0.053475935828877004,93.10000000000005,1,0.01,50,0.5,100,0.005756856098305434,17737
no_polynomial,sweeping,9,178,0.05319148936170213,96.00000000000006,0,0.0,40,0.4,100,0.0059069364168681205,17837
no_polynomial,sweeping,9,179,0.052910052910052914,94.40000000000005,1,0.01,37,0.37,100,0.006300384793430567,17937
no_polynomial,sweeping,9,180,0.05263157894736842,96.10000000000004,0,0.0,39,0.39,100,0.006885864881332963,18037
no_polynomial,sweeping,9,181,0.05235602094240837,96.00000000000004,0,0.0,40,0.4,100,0.006316039066296071,18137
no_polynomial,sweeping,9,182,0.052083333333333336,96.20000000000003,0,0.0,38,0.38,100,0.006726854909211397,18237
no_polynomial,sweeping,9,183,0.05181347150259067,96.20000000000006,0,0.0,38,0.38,100,0.006792659806087613,18337
no_polynomial,sweeping,9,184,0.051546391752577324,92.40000000000006,2,0.02,38,0.38,100,0.004419358116574585,18437
no_polynomial,sweeping,9,185,0.05128205128205128,95.60000000000005,0,0.0,44,0.44,100,0.004828776996582747,18537
no_polynomial,sweeping,9,186,0.0510204081632653,95.80000000000004,0,0.0,42,0.42,100,0.0061219591670669616,18637
no_polynomial,sweeping,9,187,0.050761421319796954,96.40000000000005,0,0.0,36,0.36,100,0.0053933898312971,18737
no_polynomial,sweeping,9,188,0.050505050505050504,95.90000000000005,0,0.0,41,0.41,100,0.0060498304455541075,18837
no_polynomial,sweeping,9,189,0.05025125628140704,96.80000000000004,0,0.0,32,0.32,100,0.006557574809994549,18937
no_polynomial,sweeping,9,190,0.05,94.20000000000005,1,0.01,39,0.39,100,0.005196888530626893,19037
no_polynomial,sweeping,9,191,0.04975124378109452,95.90000000000005,0,0.0,41,0.41,100,0.005417591214645654,19137
no_polynomial,sweeping,9,192,0.04950495049504951,96.60000000000005,0,0.0,34,0.34,100,0.005457691991468891,19237
no_polynomial,sweeping,9,193,0.04926108374384236,95.90000000000006,0,0.0,41,0.41,100,0.007148862087633461,19337
no_polynomial,sweeping,9,194,0.04901960784313726,96.40000000000003,0,0.0,36,0.36,100,0.00504460355383344,19437
no_polynomial,sweeping,9,195,0.04878048780487805,92.20000000000005,2,0.02,40,0.4,100,0.0045890523621346805,19537
no_polynomial,sweeping,9,196,0.04854368932038835,95.60000000000005,0,0.0,44,0.44,100,0.00622490382520482,19637
no_polynomial,sweeping,9,197,0.04830917874396135,92.80000000000001,2,0.02,33,0.33,100,0.005637906666379422,19737
no_polynomial,sweeping,9,198,0.04807692307692307,93.90000000000003,1,0.01,42,0.42,100,0.005671647383132949,19837
no_polynomial,sweeping,9,199,0.04784688995215311,95.70000000000006,0,0.0,43,0.43,100,0.006554189088055864,19937
no_polynomial,sweeping,10,0,1.0,75.8,8,0.08,90,0.9,100,0.16804584719844767,37
no_polynomial,sweeping,10,1,0.9090909090909091,80.70000000000005,6,0.06,78,0.78,100,0.06680941110476851,137
no_polynomial,sweeping,10,2,0.8333333333333334,58.89999999999993,17,0.17,86,0.86,100,0.030549729922786355,237
no_polynomial,sweeping,10,3,0.7692307692307692,72.49999999999999,10,0.1,83,0.83,100,0.0154667942924425,337
no_polynomial,sweeping,10,4,0.7142857142857143,72.09999999999998,10,0.1,87,0.87,100,0.009528559418395161,437
no_polynomial,sweeping,10,5,0.6666666666666666,72.59999999999998,10,0.1,83,0.83,100,0.006984738586470485,537
no_polynomial,sweeping,10,6,0.625,82.00000000000004,5,0.05,83,0.83,100,0.006875324780121445,637
no_polynomial,sweeping,10,7,0.5882352941176471,81.40000000000002,6,0.06,71,0.71,100,0.004330260582501069,737
no_polynomial,sweeping,10,8,0.5555555555555556,68.59999999999998,12,0.12,86,0.86,100,0.003432208497542888,837
no_polynomial,sweeping,10,9,0.5263157894736842,81.90000000000005,6,0.06,67,0.67,100,0.003400458969408646,937
no_polynomial,sweeping,10,10,0.5,75.09999999999998,9,0.09,78,0.78,100,0.0033477030601352454,1037
no_polynomial,sweeping,10,11,0.47619047619047616,84.60000000000005,4,0.04,78,0.78,100,0.0035938153020106255,1137
no_polynomial,sweeping,10,12,0.45454545454545453,78.70000000000003,7,0.07,79,0.79,100,0.00868308700621128,1237
no_polynomial,sweeping,10,13,0.4347826086956522,79.29999999999998,7,0.07,74,0.74,100,0.004608864161418751,1337
no_polynomial,sweeping,10,14,0.4166666666666667,83.40000000000005,5,0.05,69,0.69,100,0.003917477132054046,1437
no_polynomial,sweeping,10,15,0.4,87.40000000000003,3,0.03,69,0.69,100,0.004849074827507138,1537
no_polynomial,sweeping,10,16,0.3846153846153846,83.80000000000004,5,0.05,67,0.67,100,0.006300235386006534,1637
no_polynomial,sweeping,10,17,0.37037037037037035,79.60000000000001,7,0.07,71,0.71,100,0.006320842518471181,1737
no_polynomial,sweeping,10,18,0.35714285714285715,90.30000000000004,2,0.02,59,0.59,100,0.006004621121101081,1837
no_polynomial,sweeping,10,19,0.3448275862068966,89.50000000000007,2,0.02,67,0.67,100,0.004478309337282553,1937
no_polynomial,sweeping,10,20,0.3333333333333333,89.70000000000007,2,0.02,65,0.65,100,0.005931481986772269,2037
no_polynomial,sweeping,10,21,0.3225806451612903,88.90000000000005,3,0.03,54,0.54,100,0.005220901709981263,2137
no_polynomial,sweeping,10,22,0.3125,88.70000000000005,3,0.03,56,0.56,100,0.005925362214911729,2237
no_polynomial,sweeping,10,23,0.30303030303030304,81.60000000000005,6,0.06,70,0.7,100,0.00589266316499561,2337
no_polynomial,sweeping,10,24,0.29411764705882354,81.10000000000004,6,0.06,75,0.75,100,0.008109192850533874,2437
no_polynomial,sweeping,10,25,0.2857142857142857,88.70000000000002,3,0.03,55,0.55,100,0.006891076937317848,2537
no_polynomial,sweeping,10,26,0.2777777777777778,80.4,7,0.07,62,0.62,100,0.005805218934547156,2637
no_polynomial,sweeping,10,27,0.27027027027027023,91.40000000000005,1,0.01,67,0.67,100,0.006327451360411942,2737
no_polynomial,sweeping,10,28,0.2631578947368421,79.50000000000003,7,0.07,71,0.71,100,0.007033678027801216,2837
no_polynomial,sweeping,10,29,0.25641025641025644,88.00000000000006,3,0.03,62,0.62,100,0.009696733821183443,2937
no_polynomial,sweeping,10,30,0.25,90.40000000000006,2,0.02,57,0.57,100,0.006670926571823657,3037
no_polynomial,sweeping,10,31,0.24390243902439027,91.10000000000005,2,0.02,51,0.51,100,0.005174090648069978,3137
no_polynomial,sweeping,10,32,0.23809523809523808,88.40000000000006,3,0.03,59,0.59,100,0.005504932045005262,3237
no_polynomial,sweeping,10,33,0.23255813953488372,86.30000000000007,4,0.04,60,0.6,100,0.0059208034607581795,3337
no_polynomial,sweeping,10,34,0.22727272727272727,88.20000000000005,3,0.03,61,0.61,100,0.007456367937847972,3437
no_polynomial,sweeping,10,35,0.2222222222222222,90.60000000000007,2,0.02,56,0.56,100,0.007906674032565206,3537
no_polynomial,sweeping,10,36,0.2173913043478261,88.80000000000004,3,0.03,54,0.54,100,0.005183948785997927,3637
no_polynomial,sweeping,10,37,0.2127659574468085,90.80000000000004,2,0.02,54,0.54,100,0.005012442003935576,3737
no_polynomial,sweeping,10,38,0.20833333333333334,90.60000000000005,2,0.02,56,0.56,100,0.009873088640160859,3837
no_polynomial,sweeping,10,39,0.2040816326530612,82.30000000000001,6,0.06,62,0.62,100,0.006294431653805077,3937
no_polynomial,sweeping,10,40,0.2,82.00000000000003,6,0.06,63,0.63,100,0.005877502735238523,4037
no_polynomial,sweeping,10,41,0.19607843137254904,87.60000000000004,3,0.03,67,0.67,100,0.005994952055625617,4137
no_polynomial,sweeping,10,42,0.1923076923076923,86.60000000000002,4,0.04,56,0.56,100,0.005859236523974687,4237
no_polynomial,sweeping,10,43,0.18867924528301888,88.60000000000007,3,0.03,57,0.57,100,0.0053487179079093035,4337
no_polynomial,sweeping,10,44,0.18518518518518517,90.90000000000006,2,0.02,53,0.53,100,0.005646589391399175,4437
no_polynomial,sweeping,10,45,0.18181818181818182,85.10000000000004,5,0.05,54,0.54,100,0.007824729254934937,4537
no_polynomial,sweeping,10,46,0.17857142857142858,88.10000000000004,3,0.03,61,0.61,100,0.008742411255370825,4637
no_polynomial,sweeping,10,47,0.17543859649122806,91.00000000000004,2,0.02,52,0.52,100,0.007003011889755726,4737
no_polynomial,sweeping,10,48,0.1724137931034483,84.80000000000001,5,0.05,56,0.56,100,0.0063483733404427764,4837
no_polynomial,sweeping,10,49,0.1694915254237288,90.90000000000005,2,0.02,53,0.53,100,0.005942897966597229,4937
no_polynomial,sweeping,10,50,0.16666666666666666,93.50000000000003,1,0.01,45,0.45,100,0.006985655878670513,5037
no_polynomial,sweeping,10,51,0.1639344262295082,95.20000000000005,0,0.0,48,0.48,100,0.006295628072693944,5137
no_polynomial,sweeping,10,52,0.16129032258064516,90.70000000000006,2,0.02,55,0.55,100,0.007478333222679794,5237
no_polynomial,sweeping,10,53,0.15873015873015872,88.50000000000003,3,0.03,58,0.58,100,0.006363405438605696,5337
no_polynomial,sweeping,10,54,0.15625,92.40000000000008,1,0.01,57,0.57,100,0.0055845719366334375,5437
no_polynomial,sweeping,10,55,0.15384615384615385,92.40000000000006,1,0.01,57,0.57,100,0.006784678727854043,5537
no_polynomial,sweeping,10,56,0.15151515151515152,92.70000000000007,1,0.01,54,0.54,100,0.007892785093281418,5637
no_polynomial,sweeping,10,57,0.14925373134328357,91.70000000000005,2,0.02,45,0.45,100,0.006712799221277237,5737
no_polynomial,sweeping,10,58,0.14705882352941177,91.50000000000003,2,0.02,47,0.47,100,0.006937483687652275,5837
no_polynomial,sweeping,10,59,0.14492753623188406,91.00000000000004,2,0.02,52,0.52,100,0.005781502379104495,5937
no_polynomial,sweeping,10,60,0.14285714285714285,92.70000000000007,1,0.01,54,0.54,100,0.006074113773647696,6037
no_polynomial,sweeping,10,61,0.14084507042253522,91.50000000000004,2,0.02,47,0.47,100,0.005694445217959583,6137
no_polynomial,sweeping,10,62,0.1388888888888889,95.60000000000005,0,0.0,44,0.44,100,0.004961447697132826,6237
no_polynomial,sweeping,10,63,0.136986301369863,92.80000000000007,1,0.01,53,0.53,100,0.006562054057139903,6337
no_polynomial,sweeping,10,64,0.13513513513513511,93.30000000000004,1,0.01,48,0.48,100,0.008037840614560992,6437
no_polynomial,sweeping,10,65,0.13333333333333333,94.20000000000003,1,0.01,39,0.39,100,0.0052786629321053625,6537
no_polynomial,sweeping,10,66,0.13157894736842105,89.50000000000001,3,0.03,47,0.47,100,0.004984804404666647,6637
no_polynomial,sweeping,10,67,0.12987012987012986,87.60000000000004,4,0.04,48,0.48,100,0.006849564721342176,6737
no_polynomial,sweeping,10,68,0.12820512820512822,96.10000000000007,0,0.0,39,0.39,100,0.0054347161832265555,6837
no_polynomial,sweeping,10,69,0.12658227848101264,95.80000000000005,0,0.0,42,0.42,100,0.006736219498561695,6937
no_polynomial,sweeping,10,70,0.125,92.20000000000009,1,0.01,58,0.58,100,0.008171698688529431,7037
no_polynomial,sweeping,10,71,0.1234567901234568,89.20000000000005,3,0.03,50,0.5,100,0.008132597478106619,7137
no_polynomial,sweeping,10,72,0.12195121951219513,87.40000000000005,4,0.04,50,0.5,100,0.0055778168421238665,7237
no_polynomial,sweeping,10,73,0.12048192771084336,91.30000000000007,2,0.02,48,0.48,100,0.005445916561875493,7337
no_polynomial,sweeping,10,74,0.11904761904761904,91.80000000000005,2,0.02,44,0.44,100,0.006825099416309968,7437
no_polynomial,sweeping,10,75,0.11764705882352941,94.90000000000005,0,0.0,51,0.51,100,0.008365615885704756,7537
no_polynomial,sweeping,10,76,0.11627906976744186,93.20000000000006,1,0.01,49,0.49,100,0.0061532672238536175,7637
no_polynomial,sweeping,10,77,0.1149425287356322,93.30000000000004,1,0.01,48,0.48,100,0.007573503660969436,7737
no_polynomial,sweeping,10,78,0.11363636363636363,94.80000000000004,0,0.0,52,0.52,100,0.006168793949764222,7837
no_polynomial,sweeping,10,79,0.11235955056179775,89.00000000000009,3,0.03,53,0.53,100,0.008085126182995736,7937
no_polynomial,sweeping,10,80,0.1111111111111111,95.20000000000005,0,0.0,48,0.48,100,0.008184767325874419,8037
no_polynomial,sweeping,10,81,0.10989010989010989,89.90000000000003,3,0.03,44,0.44,100,0.006537325759418309,8137
no_polynomial,sweeping,10,82,0.10869565217391305,93.20000000000006,1,0.01,49,0.49,100,0.007970660016871989,8237
no_polynomial,sweeping,10,83,0.1075268817204301,93.70000000000006,1,0.01,44,0.44,100,0.006949771824292838,8337
no_polynomial,sweeping,10,84,0.10638297872340426,91.20000000000002,2,0.02,50,0.5,100,0.00753605138277635,8437
no_polynomial,sweeping,10,85,0.10526315789473684,88.60000000000008,3,0.03,57,0.57,100,0.006271293587051332,8537
no_polynomial,sweeping,10,86,0.10416666666666667,92.60000000000005,2,0.02,35,0.35,100,0.00668210209114477,8637
no_polynomial,sweeping,10,87,0.10309278350515465,91.60000000000008,2,0.02,46,0.46,100,0.006465581324882805,8737
no_polynomial,sweeping,10,88,0.1020408163265306,91.70000000000002,2,0.02,45,0.45,100,0.006627822706941515,8837
no_polynomial,sweeping,10,89,0.10101010101010101,87.60000000000005,4,0.04,48,0.48,100,0.005852770218625665,8937
no_polynomial,sweeping,10,90,0.1,95.30000000000007,0,0.0,47,0.47,100,0.0074337201216258105,9037
no_polynomial,sweeping,10,91,0.09900990099009901,96.00000000000004,0,0.0,40,0.4,100,0.006418697722256184,9137
no_polynomial,sweeping,10,92,0.09803921568627452,92.70000000000006,1,0.01,54,0.54,100,0.007375458718743175,9237
no_polynomial,sweeping,10,93,0.0970873786407767,96.10000000000005,0,0.0,39,0.39,100,0.006623000830877572,9337
no_polynomial,sweeping,10,94,0.09615384615384615,94.00000000000003,1,0.01,41,0.41,100,0.006905401957919821,9437
no_polynomial,sweeping,10,95,0.09523809523809523,95.50000000000003,0,0.0,45,0.45,100,0.005787484804168344,9537
no_polynomial,sweeping,10,96,0.09433962264150944,93.60000000000004,1,0.01,45,0.45,100,0.006267305109649897,9637
no_polynomial,sweeping,10,97,0.09345794392523366,93.70000000000005,1,0.01,43,0.43,100,0.006331008737906814,9737
no_polynomial,sweeping,10,98,0.09259259259259259,93.50000000000007,1,0.01,46,0.46,100,0.005881341677159071,9837
no_polynomial,sweeping,10,99,0.09174311926605504,91.50000000000006,2,0.02,46,0.46,100,0.007708532884716988,9937
no_polynomial,sweeping,10,100,0.09090909090909091,94.30000000000003,1,0.01,38,0.38,100,0.005638752246741205,10037
no_polynomial,sweeping,10,101,0.0900900900900901,94.10000000000005,1,0.01,40,0.4,100,0.005516960872337222,10137
no_polynomial,sweeping,10,102,0.08928571428571429,94.10000000000004,1,0.01,40,0.4,100,0.005483066553715617,10237
no_polynomial,sweeping,10,103,0.08849557522123894,91.90000000000005,2,0.02,43,0.43,100,0.005329531809547916,10337
no_polynomial,sweeping,10,104,0.08771929824561403,94.00000000000006,1,0.01,41,0.41,100,0.007396977574098855,10437
no_polynomial,sweeping,10,105,0.08695652173913043,95.80000000000007,0,0.0,42,0.42,100,0.004751685045193881,10537
no_polynomial,sweeping,10,106,0.08620689655172414,93.20000000000005,1,0.01,49,0.49,100,0.0070083289570175115,10637
no_polynomial,sweeping,10,107,0.08547008547008547,96.10000000000005,0,0.0,39,0.39,100,0.006623933891532942,10737
no_polynomial,sweeping,10,108,0.0847457627118644,95.50000000000004,0,0.0,45,0.45,100,0.0074741165852174165,10837
no_polynomial,sweeping,10,109,0.08403361344537814,95.00000000000006,0,0.0,50,0.5,100,0.0066234586318023505,10937
no_polynomial,sweeping,10,110,0.08333333333333333,89.30000000000004,3,0.03,50,0.5,100,0.007662883223965764,11037
no_polynomial,sweeping,10,111,0.08264462809917356,93.70000000000005,1,0.01,44,0.44,100,0.0062520057032816115,11137
no_polynomial,sweeping,10,112,0.0819672131147541,95.50000000000006,0,0.0,45,0.45,100,0.006603698479011655,11237
no_polynomial,sweeping,10,113,0.08130081300813008,94.10000000000004,1,0.01,40,0.4,100,0.00660745365312323,11337
no_polynomial,sweeping,10,114,0.08064516129032258,93.20000000000006,1,0.01,49,0.49,100,0.0060568197234533725,11437
no_polynomial,sweeping,10,115,0.08,92.10000000000004,2,0.02,41,0.41,100,0.006466439927462489,11537
no_polynomial,sweeping,10,116,0.07936507936507936,96.00000000000006,0,0.0,40,0.4,100,0.005393596428912133,11637
no_polynomial,sweeping,10,117,0.07874015748031496,94.40000000000002,1,0.01,37,0.37,100,0.006968916596379131,11737
no_polynomial,sweeping,10,118,0.078125,93.30000000000004,1,0.01,48,0.48,100,0.006488055444788188,11837
no_polynomial,sweeping,10,119,0.07751937984496124,96.40000000000005,0,0.0,36,0.36,100,0.006839298580307514,11937
no_polynomial,sweeping,10,120,0.07692307692307693,87.60000000000001,4,0.04,47,0.47,100,0.007576710896100849,12037
no_polynomial,sweeping,10,121,0.07633587786259542,96.30000000000004,0,0.0,37,0.37,100,0.0058049714774824675,12137
no_polynomial,sweeping,10,122,0.07575757575757576,94.10000000000004,1,0.01,40,0.4,100,0.005960483176168054,12237
no_polynomial,sweeping,10,123,0.07518796992481203,93.70000000000006,1,0.01,44,0.44,100,0.0066946099908091125,12337
no_polynomial,sweeping,10,124,0.07462686567164178,96.70000000000005,0,0.0,33,0.33,100,0.005420577874174342,12437
no_polynomial,sweeping,10,125,0.07407407407407407,93.40000000000008,1,0.01,47,0.47,100,0.006479020481929183,12537
no_polynomial,sweeping,10,126,0.07352941176470588,95.60000000000007,0,0.0,44,0.44,100,0.005628236231859774,12637
no_polynomial,sweeping,10,127,0.07299270072992702,92.20000000000007,2,0.02,40,0.4,100,0.0063946850621141495,12737
no_polynomial,sweeping,10,128,0.07246376811594203,90.10000000000004,3,0.03,42,0.42,100,0.005353880492039025,12837
no_polynomial,sweeping,10,129,0.07194244604316546,95.70000000000002,0,0.0,43,0.43,100,0.007522054784931243,12937
no_polynomial,sweeping,10,130,0.07142857142857142,93.40000000000005,1,0.01,47,0.47,100,0.007639815881848335,13037
no_polynomial,sweeping,10,131,0.07092198581560284,92.80000000000004,1,0.01,53,0.53,100,0.006577246551169083,13137
no_polynomial,sweeping,10,132,0.07042253521126761,89.20000000000003,3,0.03,51,0.51,100,0.0067950720340013504,13237
no_polynomial,sweeping,10,133,0.06993006993006992,96.00000000000004,0,0.0,40,0.4,100,0.006313997947145254,13337
no_polynomial,sweeping,10,134,0.06944444444444445,92.00000000000004,2,0.02,42,0.42,100,0.009937301978934556,13437
no_polynomial,sweeping,10,135,0.06896551724137931,89.90000000000005,3,0.03,44,0.44,100,0.004404135377844795,13537
no_polynomial,sweeping,10,136,0.0684931506849315,92.30000000000004,2,0.02,38,0.38,100,0.004887706792214885,13637
no_polynomial,sweeping,10,137,0.06802721088435375,96.50000000000004,0,0.0,35,0.35,100,0.006752363647101447,13737
no_polynomial,sweeping,10,138,0.06756756756756756,95.70000000000007,0,0.0,43,0.43,100,0.008688276605680586,13837
no_polynomial,sweeping,10,139,0.06711409395973154,94.80000000000004,0,0.0,52,0.52,100,0.006819320570211857,13937
no_polynomial,sweeping,10,140,0.06666666666666667,96.60000000000002,0,0.0,34,0.34,100,0.006181668723002076,14037
no_polynomial,sweeping,10,141,0.06622516556291391,92.00000000000007,2,0.02,42,0.42,100,0.005119393281638622,14137
no_polynomial,sweeping,10,142,0.06578947368421052,90.10000000000005,3,0.03,41,0.41,100,0.007728352309204638,14237
no_polynomial,sweeping,10,143,0.06535947712418301,95.60000000000005,0,0.0,44,0.44,100,0.007475257052574307,14337
no_polynomial,sweeping,10,144,0.06493506493506493,93.90000000000005,1,0.01,42,0.42,100,0.006298519542906433,14437
no_polynomial,sweeping,10,145,0.06451612903225806,95.30000000000007,0,0.0,47,0.47,100,0.006369105151388794,14537
no_polynomial,sweeping,10,146,0.06410256410256411,94.60000000000005,1,0.01,34,0.34,100,0.006014291541650891,14637
no_polynomial,sweeping,10,147,0.06369426751592357,96.10000000000007,0,0.0,39,0.39,100,0.0048773533233907075,14737
no_polynomial,sweeping,10,148,0.06329113924050632,94.10000000000005,1,0.01,40,0.4,100,0.006661410175729543,14837
no_polynomial,sweeping,10,149,0.06289308176100629,92.00000000000004,2,0.02,41,0.41,100,0.0061019950290210545,14937
no_polynomial,sweeping,10,150,0.0625,94.70000000000003,1,0.01,34,0.34,100,0.005795960300602019,15037
no_polynomial,sweeping,10,151,0.06211180124223602,96.20000000000005,0,0.0,38,0.38,100,0.004647577977739275,15137
no_polynomial,sweeping,10,152,0.0617283950617284,96.60000000000005,0,0.0,34,0.34,100,0.004529406888177618,15237
no_polynomial,sweeping,10,153,0.06134969325153374,94.40000000000005,1,0.01,37,0.37,100,0.004122989857569337,15337
no_polynomial,sweeping,10,154,0.06097560975609757,94.10000000000002,1,0.01,40,0.4,100,0.008596045929007232,15437
no_polynomial,sweeping,10,155,0.06060606060606061,92.00000000000006,2,0.02,42,0.42,100,0.006626139727886766,15537
no_polynomial,sweeping,10,156,0.06024096385542168,95.40000000000005,0,0.0,46,0.46,100,0.005138292482588441,15637
no_polynomial,sweeping,10,157,0.059880239520958084,93.70000000000007,1,0.01,44,0.44,100,0.008439318041782827,15737
no_polynomial,sweeping,10,158,0.05952380952380952,95.60000000000005,0,0.0,44,0.44,100,0.0077869141614064575,15837
no_polynomial,sweeping,10,159,0.0591715976331361,95.90000000000006,0,0.0,41,0.41,100,0.009155252400087193,15937
no_polynomial,sweeping,10,160,0.058823529411764705,93.80000000000003,1,0.01,43,0.43,100,0.0069436129811219875,16037
no_polynomial,sweeping,10,161,0.05847953216374269,95.50000000000007,0,0.0,45,0.45,100,0.005280951354652643,16137
no_polynomial,sweeping,10,162,0.05813953488372093,94.10000000000005,1,0.01,40,0.4,100,0.0063401200831867755,16237
no_polynomial,sweeping,10,163,0.057803468208092484,92.70000000000005,1,0.01,54,0.54,100,0.007597858840599656,16337
no_polynomial,sweeping,10,164,0.0574712643678161,93.20000000000003,1,0.01,49,0.49,100,0.005893633920932189,16437
no_polynomial,sweeping,10,165,0.05714285714285714,96.60000000000002,0,0.0,34,0.34,100,0.006384961721487344,16537
no_polynomial,sweeping,10,166,0.056818181818181816,96.00000000000003,0,0.0,40,0.4,100,0.007314261693973094,16637
no_polynomial,sweeping,10,167,0.05649717514124294,94.10000000000004,1,0.01,40,0.4,100,0.00587159299175255,16737
no_polynomial,sweeping,10,168,0.056179775280898875,96.70000000000006,0,0.0,33,0.33,100,0.004868578190216795,16837
no_polynomial,sweeping,10,169,0.0558659217877095,95.70000000000003,0,0.0,43,0.43,100,0.004844331201165914,16937
no_polynomial,sweeping,10,170,0.05555555555555555,96.60000000000005,0,0.0,34,0.34,100,0.00568756592227146,17037
no_polynomial,sweeping,10,171,0.055248618784530384,95.60000000000004,0,0.0,44,0.44,100,0.005445516321342439,17137
no_polynomial,sweeping,10,172,0.054945054945054944,94.60000000000002,1,0.01,35,0.35,100,0.005200144469272345,17237
no_polynomial,sweeping,10,173,0.0546448087431694,94.50000000000003,1,0.01,36,0.36,100,0.005381672880612314,17337
no_polynomial,sweeping,10,174,0.05434782608695653,92.10000000000005,2,0.02,41,0.41,100,0.004944368591532111,17437
no_polynomial,sweeping,10,175,0.05405405405405406,96.10000000000004,0,0.0,39,0.39,100,0.00481470245285891,17537
no_polynomial,sweeping,10,176,0.05376344086021505,95.80000000000004,0,0.0,42,0.42,100,0.0073509393283165995,17637
no_polynomial,sweeping,10,177,0.053475935828877004,94.20000000000002,1,0.01,39,0.39,100,0.005783120712731033,17737
no_polynomial,sweeping,10,178,0.05319148936170213,94.50000000000003,1,0.01,35,0.35,100,0.00577514560194686,17837
no_polynomial,sweeping,10,179,0.052910052910052914,95.60000000000005,0,0.0,44,0.44,100,0.005645804430823773,17937
no_polynomial,sweeping,10,180,0.05263157894736842,93.90000000000003,1,0.01,42,0.42,100,0.005613649350125343,18037
no_polynomial,sweeping,10,181,0.05235602094240837,94.50000000000006,1,0.01,36,0.36,100,0.006377917206846178,18137
no_polynomial,sweeping,10,182,0.052083333333333336,96.30000000000004,0,0.0,37,0.37,100,0.00557674502953887,18237
no_polynomial,sweeping,10,183,0.05181347150259067,96.10000000000005,0,0.0,39,0.39,100,0.004987955531105399,18337
no_polynomial,sweeping,10,184,0.051546391752577324,95.00000000000004,1,0.01,31,0.31,100,0.00459455672185868,18437
no_polynomial,sweeping,10,185,0.05128205128205128,93.60000000000004,1,0.01,45,0.45,100,0.007108952305279672,18537
no_polynomial,sweeping,10,186,0.0510204081632653,95.80000000000005,0,0.0,42,0.42,100,0.005362901634071022,18637
no_polynomial,sweeping,10,187,0.050761421319796954,94.50000000000004,1,0.01,36,0.36,100,0.004371843859553337,18737
no_polynomial,sweeping,10,188,0.050505050505050504,94.60000000000005,1,0.01,35,0.35,100,0.005464720251038671,18837
no_polynomial,sweeping,10,189,0.05025125628140704,95.90000000000005,0,0.0,41,0.41,100,0.00625347483670339,18937
no_polynomial,sweeping,10,190,0.05,96.90000000000006,0,0.0,31,0.31,100,0.0062904232228174805,19037
no_polynomial,sweeping,10,191,0.04975124378109452,94.10000000000005,1,0.01,40,0.4,100,0.0049210435524582865,19137
no_polynomial,sweeping,10,192,0.04950495049504951,95.40000000000003,1,0.01,26,0.26,100,0.003938392135314644,19237
no_polynomial,sweeping,10,193,0.04926108374384236,95.50000000000004,0,0.0,45,0.45,100,0.006279014939209447,19337
no_polynomial,sweeping,10,194,0.04901960784313726,95.30000000000007,0,0.0,47,0.47,100,0.005839964838232845,19437
no_polynomial,sweeping,10,195,0.04878048780487805,96.30000000000004,0,0.0,37,0.37,100,0.005196339173708111,19537
no_polynomial,sweeping,10,196,0.04854368932038835,96.30000000000005,0,0.0,37,0.37,100,0.005582294813357294,19637
no_polynomial,sweeping,10,197,0.04830917874396135,96.40000000000006,0,0.0,36,0.36,100,0.004911632504081354,19737
no_polynomial,sweeping,10,198,0.04807692307692307,96.10000000000004,0,0.0,39,0.39,100,0.005956062990007922,19837
no_polynomial,sweeping,10,199,0.04784688995215311,96.10000000000008,0,0.0,39,0.39,100,0.004376787769142538,19937
no_polynomial,random,1,0,1.0,66.89999999999995,13,0.13,82,0.82,100,0.11841180694062968,37
no_polynomial,random,1,1,0.9090909090909091,67.19999999999997,13,0.13,81,0.81,100,0.03699782183393836,137
no_polynomial,random,1,2,0.8333333333333334,72.3,10,0.1,86,0.86,100,0.019625269770622254,237
no_polynomial,random,1,3,0.7692307692307692,73.79999999999998,9,0.09,90,0.9,100,0.011665813433937728,337
no_polynomial,random,1,4,0.7142857142857143,62.69999999999993,15,0.15,86,0.86,100,0.00915223326999694,437
no_polynomial,random,1,5,0.6666666666666666,78.20000000000002,7,0.07,83,0.83,100,0.00573169658659026,537
no_polynomial,random,1,6,0.625,78.00000000000003,7,0.07,84,0.84,100,0.005067614966537804,637
no_polynomial,random,1,7,0.5882352941176471,79.00000000000004,7,0.07,75,0.75,100,0.004985862462781369,737
no_polynomial,random,1,8,0.5555555555555556,80.20000000000005,6,0.06,83,0.83,100,0.005196991122793406,837
no_polynomial,random,1,9,0.5263157894736842,78.70000000000002,7,0.07,77,0.77,100,0.004489813682157546,937
no_polynomial,random,1,10,0.5,83.70000000000007,5,0.05,67,0.67,100,0.003889223369769752,1037
no_polynomial,random,1,11,0.47619047619047616,81.50000000000001,6,0.06,70,0.7,100,0.0037462033412884923,1137
no_polynomial,random,1,12,0.45454545454545453,86.40000000000009,3,0.03,79,0.79,100,0.005341238691471517,1237
no_polynomial,random,1,13,0.4347826086956522,85.00000000000004,4,0.04,74,0.74,100,0.008867395431734622,1337
no_polynomial,random,1,14,0.4166666666666667,89.20000000000007,2,0.02,69,0.69,100,0.005901448242366314,1437
no_polynomial,random,1,15,0.4,86.20000000000005,4,0.04,62,0.62,100,0.0060287497262470425,1537
no_polynomial,random,1,16,0.3846153846153846,82.90000000000002,5,0.05,76,0.76,100,0.006432023732922971,1637
no_polynomial,random,1,17,0.37037037037037035,87.60000000000002,3,0.03,67,0.67,100,0.005833940766751766,1737
no_polynomial,random,1,18,0.35714285714285715,79.20000000000002,7,0.07,74,0.74,100,0.005301395368296653,1837
no_polynomial,random,1,19,0.3448275862068966,85.90000000000005,4,0.04,64,0.64,100,0.004709767531603575,1937
no_polynomial,random,1,20,0.3333333333333333,85.80000000000004,4,0.04,65,0.65,100,0.004435131596401334,2037
no_polynomial,random,1,21,0.3225806451612903,84.90000000000002,5,0.05,55,0.55,100,0.005395449742209167,2137
no_polynomial,random,1,22,0.3125,84.00000000000004,5,0.05,65,0.65,100,0.007923248007427901,2237
no_polynomial,random,1,23,0.30303030303030304,83.60000000000001,5,0.05,69,0.69,100,0.007194301043637097,2337
no_polynomial,random,1,24,0.29411764705882354,88.80000000000004,3,0.03,55,0.55,100,0.008095600553788244,2437
no_polynomial,random,1,25,0.2857142857142857,88.70000000000006,3,0.03,56,0.56,100,0.006215026506688446,2537
no_polynomial,random,1,26,0.2777777777777778,90.60000000000008,2,0.02,56,0.56,100,0.007172068457584828,2637
no_polynomial,random,1,27,0.27027027027027023,90.70000000000007,2,0.02,55,0.55,100,0.010618699560873211,2737
no_polynomial,random,1,28,0.2631578947368421,82.00000000000003,6,0.06,65,0.65,100,0.007701016466598958,2837
no_polynomial,random,1,29,0.25641025641025644,87.90000000000003,3,0.03,63,0.63,100,0.007788708163425326,2937
no_polynomial,random,1,30,0.25,88.30000000000004,3,0.03,60,0.6,100,0.006692835874855518,3037
no_polynomial,random,1,31,0.24390243902439027,82.30000000000004,6,0.06,63,0.63,100,0.010802465216256678,3137
no_polynomial,random,1,32,0.23809523809523808,88.90000000000003,3,0.03,53,0.53,100,0.0118751334073022,3237
no_polynomial,random,1,33,0.23255813953488372,91.30000000000007,1,0.01,68,0.68,100,0.013029016628861427,3337
no_polynomial,random,1,34,0.22727272727272727,90.90000000000003,2,0.02,53,0.53,100,0.009172582889441401,3437
no_polynomial,random,1,35,0.2222222222222222,89.80000000000005,2,0.02,64,0.64,100,0.01071199617581442,3537
no_polynomial,random,1,36,0.2173913043478261,88.20000000000005,3,0.03,60,0.6,100,0.008122938643209636,3637
no_polynomial,random,1,37,0.2127659574468085,86.00000000000006,4,0.04,63,0.63,100,0.007832725052721798,3737
no_polynomial,random,1,38,0.20833333333333334,92.90000000000006,1,0.01,52,0.52,100,0.007261303011327982,3837
no_polynomial,random,1,39,0.2040816326530612,86.80000000000001,4,0.04,55,0.55,100,0.00873114469461143,3937
no_polynomial,random,1,40,0.2,91.10000000000005,2,0.02,51,0.51,100,0.006935883201658726,4037
no_polynomial,random,1,41,0.19607843137254904,94.20000000000009,1,0.01,39,0.39,100,0.00783441354520619,4137
no_polynomial,random,1,42,0.1923076923076923,92.60000000000005,1,0.01,54,0.54,100,0.007282517831772566,4237
no_polynomial,random,1,43,0.18867924528301888,92.80000000000001,1,0.01,53,0.53,100,0.0069455356150865556,4337
no_polynomial,random,1,44,0.18518518518518517,94.50000000000006,1,0.01,35,0.35,100,0.00620335646905005,4437
no_polynomial,random,1,45,0.18181818181818182,91.40000000000006,2,0.02,47,0.47,100,0.0076450421195477245,4537
no_polynomial,random,1,46,0.17857142857142858,94.40000000000008,0,0.0,56,0.56,100,0.007620142768137157,4637
no_polynomial,random,1,47,0.17543859649122806,85.10000000000004,5,0.05,52,0.52,100,0.006211949645075947,4737
no_polynomial,random,1,48,0.1724137931034483,90.70000000000005,2,0.02,55,0.55,100,0.010460081030614674,4837
no_polynomial,random,1,49,0.1694915254237288,88.90000000000003,3,0.03,52,0.52,100,0.007732296760659665,4937
no_polynomial,random,1,50,0.16666666666666666,90.90000000000006,2,0.02,52,0.52,100,0.008295137798413635,5037
no_polynomial,random,1,51,0.1639344262295082,94.20000000000007,0,0.0,58,0.58,100,0.0077778632799163465,5137
no_polynomial,random,1,52,0.16129032258064516,86.10000000000002,4,0.04,62,0.62,100,0.006910023589152842,5237
no_polynomial,random,1,53,0.15873015873015872,93.70000000000006,1,0.01,44,0.44,100,0.007107968006748706,5337
no_polynomial,random,1,54,0.15625,90.70000000000007,2,0.02,55,0.55,100,0.0069079442368820305,5437
no_polynomial,random,1,55,0.15384615384615385,92.50000000000001,2,0.02,36,0.36,100,0.007130893599241972,5537
no_polynomial,random,1,56,0.15151515151515152,91.60000000000004,2,0.02,45,0.45,100,0.007023701264988631,5637
no_polynomial,random,1,57,0.14925373134328357,94.30000000000003,1,0.01,38,0.38,100,0.0065030624344944955,5737
no_polynomial,random,1,58,0.14705882352941177,91.00000000000006,2,0.02,52,0.52,100,0.006813571949023754,5837
no_polynomial,random,1,59,0.14492753623188406,91.30000000000005,2,0.02,49,0.49,100,0.011740726330317556,5937
no_polynomial,random,1,60,0.14285714285714285,92.00000000000006,2,0.02,42,0.42,100,0.00749160089995712,6037
no_polynomial,random,1,61,0.14084507042253522,89.50000000000004,3,0.03,48,0.48,100,0.007334012119099498,6137
no_polynomial,random,1,62,0.1388888888888889,89.00000000000007,3,0.03,53,0.53,100,0.010300198947079479,6237
no_polynomial,random,1,63,0.136986301369863,88.90000000000002,3,0.03,54,0.54,100,0.007408011418301612,6337
no_polynomial,random,1,64,0.13513513513513511,91.80000000000003,2,0.02,44,0.44,100,0.007831601363141089,6437
no_polynomial,random,1,65,0.13333333333333333,92.70000000000003,2,0.02,35,0.35,100,0.010266655972227454,6537
no_polynomial,random,1,66,0.13157894736842105,94.10000000000005,1,0.01,39,0.39,100,0.00812727126525715,6637
no_polynomial,random,1,67,0.12987012987012986,92.70000000000002,1,0.01,54,0.54,100,0.010168337966315449,6737
no_polynomial,random,1,68,0.12820512820512822,90.20000000000007,3,0.03,41,0.41,100,0.009044744696002454,6837
no_polynomial,random,1,69,0.12658227848101264,96.60000000000007,0,0.0,34,0.34,100,0.00840419796295464,6937
no_polynomial,random,1,70,0.125,91.8000000000001,2,0.02,43,0.43,100,0.00834768938133493,7037
no_polynomial,random,1,71,0.1234567901234568,89.70000000000002,3,0.03,46,0.46,100,0.008137627863325178,7137
no_polynomial,random,1,72,0.12195121951219513,86.10000000000002,5,0.05,43,0.43,100,0.007652770830318332,7237
no_polynomial,random,1,73,0.12048192771084336,83.59999999999998,6,0.06,50,0.5,100,0.008882230257149785,7337
no_polynomial,random,1,74,0.11904761904761904,93.40000000000009,1,0.01,47,0.47,100,0.010305615207180381,7437
no_polynomial,random,1,75,0.11764705882352941,94.10000000000005,1,0.01,40,0.4,100,0.008909222460351885,7537
no_polynomial,random,1,76,0.11627906976744186,94.90000000000002,1,0.01,32,0.32,100,0.007665493537206203,7637
no_polynomial,random,1,77,0.1149425287356322,90.50000000000003,3,0.03,37,0.37,100,0.007897463832050563,7737
no_polynomial,random,1,78,0.11363636363636363,93.10000000000005,1,0.01,50,0.5,100,0.009496188031043858,7837
no_polynomial,random,1,79,0.11235955056179775,92.20000000000005,2,0.02,40,0.4,100,0.008386029594112188,7937
no_polynomial,random,1,80,0.1111111111111111,94.00000000000006,1,0.01,41,0.41,100,0.009312427339609712,8037
no_polynomial,random,1,81,0.10989010989010989,92.60000000000012,1,0.01,55,0.55,100,0.008284897732082755,8137
no_polynomial,random,1,82,0.10869565217391305,91.50000000000003,2,0.02,47,0.47,100,0.008632866581901908,8237
no_polynomial,random,1,83,0.1075268817204301,94.70000000000009,0,0.0,53,0.53,100,0.009006910962052644,8337
no_polynomial,random,1,84,0.10638297872340426,94.10000000000007,1,0.01,39,0.39,100,0.008330134314019234,8437
no_polynomial,random,1,85,0.10526315789473684,94.50000000000001,1,0.01,36,0.36,100,0.007190151254180818,8537
no_polynomial,random,1,86,0.10416666666666667,95.50000000000006,0,0.0,45,0.45,100,0.008343401227612048,8637
no_polynomial,random,1,87,0.10309278350515465,96.40000000000005,0,0.0,36,0.36,100,0.009912856384180485,8737
no_polynomial,random,1,88,0.1020408163265306,93.70000000000005,1,0.01,44,0.44,100,0.006034837567713111,8837
no_polynomial,random,1,89,0.10101010101010101,91.50000000000003,2,0.02,47,0.47,100,0.007186602689325809,8937
no_polynomial,random,1,90,0.1,94.30000000000005,1,0.01,38,0.38,100,0.006438465914689004,9037
no_polynomial,random,1,91,0.09900990099009901,94.40000000000006,1,0.01,37,0.37,100,0.006904923329129815,9137
no_polynomial,random,1,92,0.09803921568627452,93.89999999999999,1,0.01,41,0.41,100,0.009863523037638515,9237
no_polynomial,random,1,93,0.0970873786407767,96.40000000000002,0,0.0,36,0.36,100,0.009114849837496877,9337
no_polynomial,random,1,94,0.09615384615384615,93.89999999999999,1,0.01,42,0.42,100,0.009446652373299003,9437
no_polynomial,random,1,95,0.09523809523809523,91.00000000000003,2,0.02,52,0.52,100,0.009410446325782687,9537
no_polynomial,random,1,96,0.09433962264150944,93.70000000000006,1,0.01,44,0.44,100,0.00710230786819011,9637
no_polynomial,random,1,97,0.09345794392523366,96.10000000000002,0,0.0,39,0.39,100,0.008858098431956023,9737
no_polynomial,random,1,98,0.09259259259259259,95.00000000000004,1,0.01,31,0.31,100,0.007458723038434982,9837
no_polynomial,random,1,99,0.09174311926605504,96.90000000000005,0,0.0,31,0.31,100,0.0069348876946605745,9937
no_polynomial,random,1,100,0.09090909090909091,93.80000000000003,1,0.01,43,0.43,100,0.008469117546919733,10037
no_polynomial,random,1,101,0.0900900900900901,96.9,0,0.0,31,0.31,100,0.009386681197211146,10137
no_polynomial,random,1,102,0.08928571428571429,91.90000000000003,2,0.02,43,0.43,100,0.008597952029667795,10237
no_polynomial,random,1,103,0.08849557522123894,96.40000000000006,0,0.0,36,0.36,100,0.00790366857079789,10337
no_polynomial,random,1,104,0.08771929824561403,92.30000000000001,2,0.02,38,0.38,100,0.008459609057754279,10437
no_polynomial,random,1,105,0.08695652173913043,95.60000000000004,0,0.0,44,0.44,100,0.012680703843943774,10537
no_polynomial,random,1,106,0.08620689655172414,93.30000000000007,1,0.01,48,0.48,100,0.009191036473494023,10637
no_polynomial,random,1,107,0.08547008547008547,96.80000000000004,0,0.0,32,0.32,100,0.008504906136076898,10737
no_polynomial,random,1,108,0.0847457627118644,95.50000000000003,1,0.01,26,0.26,100,0.0072494630725122985,10837
no_polynomial,random,1,109,0.08403361344537814,94.70000000000005,1,0.01,34,0.34,100,0.00835381710436195,10937
no_polynomial,random,1,110,0.08333333333333333,96.20000000000002,0,0.0,38,0.38,100,0.008361400768626482,11037
no_polynomial,random,1,111,0.08264462809917356,92.20000000000005,2,0.02,40,0.4,100,0.009454398765228689,11137
no_polynomial,random,1,112,0.0819672131147541,94.70000000000009,1,0.01,34,0.34,100,0.007616466833278537,11237
no_polynomial,random,1,113,0.08130081300813008,92.30000000000001,2,0.02,38,0.38,100,0.0078814302617684,11337
no_polynomial,random,1,114,0.08064516129032258,91.40000000000009,2,0.02,48,0.48,100,0.009091106890700758,11437
no_polynomial,random,1,115,0.08,94.50000000000003,1,0.01,36,0.36,100,0.009183059753850102,11537
no_polynomial,random,1,116,0.07936507936507936,92.00000000000004,2,0.02,42,0.42,100,0.008172645128797739,11637
no_polynomial,random,1,117,0.07874015748031496,97.4,0,0.0,26,0.26,100,0.00869989222381264,11737
no_polynomial,random,1,118,0.078125,94.30000000000001,1,0.01,38,0.38,100,0.007409469126723706,11837
no_polynomial,random,1,119,0.07751937984496124,96.80000000000005,0,0.0,32,0.32,100,0.007438296170439571,11937
no_polynomial,random,1,120,0.07692307692307693,97.20000000000006,0,0.0,28,0.28,100,0.008247559424489737,12037
no_polynomial,random,1,121,0.07633587786259542,94.70000000000003,1,0.01,33,0.33,100,0.00901303621241823,12137
no_polynomial,random,1,122,0.07575757575757576,95.80000000000004,0,0.0,42,0.42,100,0.009853713517077266,12237
no_polynomial,random,1,123,0.07518796992481203,95.10000000000005,1,0.01,30,0.3,100,0.007792442250065506,12337
no_polynomial,random,1,124,0.07462686567164178,91.10000000000002,3,0.03,32,0.32,100,0.007305091368034482,12437
no_polynomial,random,1,125,0.07407407407407407,94.80000000000004,1,0.01,32,0.32,100,0.008081975081004202,12537
no_polynomial,random,1,126,0.07352941176470588,94.50000000000004,1,0.01,36,0.36,100,0.007033732363488525,12637
no_polynomial,random,1,127,0.07299270072992702,95.70000000000007,0,0.0,43,0.43,100,0.0066741964686661956,12737
no_polynomial,random,1,128,0.07246376811594203,97.30000000000007,0,0.0,27,0.27,100,0.009491898480337112,12837
no_polynomial,random,1,129,0.07194244604316546,91.90000000000005,2,0.02,42,0.42,100,0.007929467940703034,12937
no_polynomial,random,1,130,0.07142857142857142,94.70000000000006,1,0.01,34,0.34,100,0.007889274288900197,13037
no_polynomial,random,1,131,0.07092198581560284,93.00000000000001,2,0.02,32,0.32,100,0.00802446122514084,13137
no_polynomial,random,1,132,0.07042253521126761,96.30000000000004,0,0.0,37,0.37,100,0.008479991019703448,13237
no_polynomial,random,1,133,0.06993006993006992,95.00000000000009,1,0.01,30,0.3,100,0.005590490330941975,13337
no_polynomial,random,1,134,0.06944444444444445,94.70000000000005,1,0.01,34,0.34,100,0.010763621737714857,13437
no_polynomial,random,1,135,0.06896551724137931,96.90000000000006,0,0.0,31,0.31,100,0.008976499526761472,13537
no_polynomial,random,1,136,0.0684931506849315,96.20000000000007,0,0.0,38,0.38,100,0.00868292001541704,13637
no_polynomial,random,1,137,0.06802721088435375,96.40000000000006,0,0.0,36,0.36,100,0.009768686727620662,13737
no_polynomial,random,1,138,0.06756756756756756,96.80000000000003,0,0.0,32,0.32,100,0.008033794381190092,13837
no_polynomial,random,1,139,0.06711409395973154,97.30000000000004,0,0.0,27,0.27,100,0.008187101760413498,13937
no_polynomial,random,1,140,0.06666666666666667,96.40000000000006,0,0.0,36,0.36,100,0.007392035259399563,14037
no_polynomial,random,1,141,0.06622516556291391,96.80000000000007,0,0.0,32,0.32,100,0.008190426579676568,14137
no_polynomial,random,1,142,0.06578947368421052,92.80000000000004,2,0.02,34,0.34,100,0.008047760776244105,14237
no_polynomial,random,1,143,0.06535947712418301,94.4,1,0.01,37,0.37,100,0.006206333874724805,14337
no_polynomial,random,1,144,0.06493506493506493,91.00000000000004,2,0.02,52,0.52,100,0.005911770053207874,14437
no_polynomial,random,1,145,0.06451612903225806,93.90000000000005,1,0.01,41,0.41,100,0.006600082742515952,14537
no_polynomial,random,1,146,0.06410256410256411,94.30000000000004,1,0.01,38,0.38,100,0.00871090155094862,14637
no_polynomial,random,1,147,0.06369426751592357,96.50000000000004,0,0.0,35,0.35,100,0.005845208601094783,14737
no_polynomial,random,1,148,0.06329113924050632,91.30000000000005,3,0.03,30,0.3,100,0.007823333241976798,14837
no_polynomial,random,1,149,0.06289308176100629,96.70000000000006,0,0.0,33,0.33,100,0.008096482900436968,14937
no_polynomial,random,1,150,0.0625,94.60000000000001,1,0.01,35,0.35,100,0.008584164017811417,15037
no_polynomial,random,1,151,0.06211180124223602,94.40000000000006,1,0.01,37,0.37,100,0.008041135070379823,15137
no_polynomial,random,1,152,0.0617283950617284,93.30000000000004,1,0.01,48,0.48,100,0.007822059367317707,15237
no_polynomial,random,1,153,0.06134969325153374,91.90000000000008,2,0.02,43,0.43,100,0.007573357312940061,15337
no_polynomial,random,1,154,0.06097560975609757,97.0,0,0.0,30,0.3,100,0.007839447564911096,15437
no_polynomial,random,1,155,0.06060606060606061,96.40000000000006,0,0.0,36,0.36,100,0.007422999634873122,15537
no_polynomial,random,1,156,0.06024096385542168,97.20000000000003,0,0.0,28,0.28,100,0.007075285029131919,15637
no_polynomial,random,1,157,0.059880239520958084,96.10000000000005,0,0.0,39,0.39,100,0.0069697690778411925,15737
no_polynomial,random,1,158,0.05952380952380952,96.70000000000007,0,0.0,33,0.33,100,0.007702398020774126,15837
no_polynomial,random,1,159,0.0591715976331361,95.00000000000006,0,0.0,50,0.5,100,0.008239600085653364,15937
no_polynomial,random,1,160,0.058823529411764705,95.70000000000005,0,0.0,43,0.43,100,0.00752723774407059,16037
no_polynomial,random,1,161,0.05847953216374269,96.80000000000004,0,0.0,32,0.32,100,0.005880174785852432,16137
no_polynomial,random,1,162,0.05813953488372093,95.20000000000006,1,0.01,29,0.29,100,0.00770869901869446,16237
no_polynomial,random,1,163,0.057803468208092484,95.00000000000007,1,0.01,31,0.31,100,0.007556501284707338,16337
no_polynomial,random,1,164,0.0574712643678161,97.80000000000001,0,0.0,22,0.22,100,0.006953573623904958,16437
no_polynomial,random,1,165,0.05714285714285714,95.30000000000005,1,0.01,28,0.28,100,0.007705674823373556,16537
no_polynomial,random,1,166,0.056818181818181816,95.80000000000004,0,0.0,42,0.42,100,0.008691602179314941,16637
no_polynomial,random,1,167,0.05649717514124294,94.80000000000007,1,0.01,33,0.33,100,0.0072319859452545645,16737
no_polynomial,random,1,168,0.056179775280898875,91.20000000000005,3,0.03,31,0.31,100,0.009074858957901596,16837
no_polynomial,random,1,169,0.0558659217877095,96.30000000000004,0,0.0,37,0.37,100,0.008372674353886396,16937
no_polynomial,random,1,170,0.05555555555555555,95.30000000000004,0,0.0,47,0.47,100,0.0074252770538441835,17037
no_polynomial,random,1,171,0.055248618784530384,92.50000000000003,2,0.02,37,0.37,100,0.007434927080757916,17137
no_polynomial,random,1,172,0.054945054945054944,97.40000000000005,0,0.0,26,0.26,100,0.007058538380078971,17237
no_polynomial,random,1,173,0.0546448087431694,93.50000000000003,2,0.02,27,0.27,100,0.00572387465974316,17337
no_polynomial,random,1,174,0.05434782608695653,95.70000000000002,1,0.01,24,0.24,100,0.006610242966562509,17437
no_polynomial,random,1,175,0.05405405405405406,96.50000000000006,0,0.0,35,0.35,100,0.006952041678596288,17537
no_polynomial,random,1,176,0.05376344086021505,95.20000000000002,1,0.01,29,0.29,100,0.007375592275056988,17637
no_polynomial,random,1,177,0.053475935828877004,96.60000000000004,0,0.0,34,0.34,100,0.006550187231041491,17737
no_polynomial,random,1,178,0.05319148936170213,95.70000000000002,1,0.01,23,0.23,100,0.007080188554245978,17837
no_polynomial,random,1,179,0.052910052910052914,95.60000000000001,1,0.01,25,0.25,100,0.008541905648307875,17937
no_polynomial,random,1,180,0.05263157894736842,94.70000000000002,1,0.01,34,0.34,100,0.006901697248686105,18037
no_polynomial,random,1,181,0.05235602094240837,95.70000000000003,1,0.01,24,0.24,100,0.006136137712746859,18137
no_polynomial,random,1,182,0.052083333333333336,95.80000000000004,0,0.0,42,0.42,100,0.006762833599932492,18237
no_polynomial,random,1,183,0.05181347150259067,97.10000000000008,0,0.0,29,0.29,100,0.0074502367037348445,18337
no_polynomial,random,1,184,0.051546391752577324,96.70000000000003,0,0.0,33,0.33,100,0.007178050191141665,18437
no_polynomial,random,1,185,0.05128205128205128,96.30000000000007,0,0.0,37,0.37,100,0.00599423261359334,18537
no_polynomial,random,1,186,0.0510204081632653,97.40000000000008,0,0.0,26,0.26,100,0.007137841354124248,18637
no_polynomial,random,1,187,0.050761421319796954,96.50000000000003,0,0.0,35,0.35,100,0.007325381559785456,18737
no_polynomial,random,1,188,0.050505050505050504,94.40000000000003,1,0.01,37,0.37,100,0.0068964241072535515,18837
no_polynomial,random,1,189,0.05025125628140704,94.80000000000004,1,0.01,33,0.33,100,0.0077135241171345115,18937
no_polynomial,random,1,190,0.05,97.40000000000003,0,0.0,26,0.26,100,0.0057430417998693886,19037
no_polynomial,random,1,191,0.04975124378109452,96.70000000000006,0,0.0,33,0.33,100,0.007296706815250218,19137
no_polynomial,random,1,192,0.04950495049504951,97.7,0,0.0,23,0.23,100,0.008470112190116197,19237
no_polynomial,random,1,193,0.04926108374384236,95.9,1,0.01,22,0.22,100,0.00671004879521206,19337
no_polynomial,random,1,194,0.04901960784313726,96.80000000000008,0,0.0,32,0.32,100,0.006573388744145632,19437
no_polynomial,random,1,195,0.04878048780487805,94.20000000000003,1,0.01,39,0.39,100,0.007012621045578271,19537
no_polynomial,random,1,196,0.04854368932038835,93.00000000000004,2,0.02,31,0.31,100,0.008875494482927024,19637
no_polynomial,random,1,197,0.04830917874396135,96.70000000000005,0,0.0,33,0.33,100,0.007227701891679317,19737
no_polynomial,random,1,198,0.04807692307692307,93.9,1,0.01,42,0.42,100,0.007619214588776231,19837
no_polynomial,random,1,199,0.04784688995215311,97.10000000000002,0,0.0,29,0.29,100,0.007530741058290004,19937
no_polynomial,random,2,0,1.0,62.099999999999916,15,0.15,92,0.92,100,0.1674554726058567,37
no_polynomial,random,2,1,0.9090909090909091,76.1,8,0.08,86,0.86,100,0.051161349890753625,137
no_polynomial,random,2,2,0.8333333333333334,76.0,8,0.08,87,0.87,100,0.03027980474755168,237
no_polynomial,random,2,3,0.7692307692307692,64.69999999999993,14,0.14,87,0.87,100,0.031141799483448265,337
no_polynomial,random,2,4,0.7142857142857143,75.9,8,0.08,89,0.89,100,0.016761382138356568,437
no_polynomial,random,2,5,0.6666666666666666,68.3,12,0.12,86,0.86,100,0.007108988589607179,537
no_polynomial,random,2,6,0.625,82.50000000000006,5,0.05,80,0.8,100,0.005716943826992065,637
no_polynomial,random,2,7,0.5882352941176471,76.40000000000002,8,0.08,82,0.82,100,0.00442167873494327,737
no_polynomial,random,2,8,0.5555555555555556,81.20000000000002,6,0.06,72,0.72,100,0.003489413836505264,837
no_polynomial,random,2,9,0.5263157894736842,80.90000000000002,6,0.06,77,0.77,100,0.004505446495022625,937
no_polynomial,random,2,10,0.5,74.60000000000001,9,0.09,80,0.8,100,0.004633215082576498,1037
no_polynomial,random,2,11,0.47619047619047616,82.30000000000003,6,0.06,62,0.62,100,0.0052383548580110075,1137
no_polynomial,random,2,12,0.45454545454545453,81.80000000000001,6,0.06,67,0.67,100,0.0056007820647209884,1237
no_polynomial,random,2,13,0.4347826086956522,83.9,5,0.05,65,0.65,100,0.005531548610888421,1337
no_polynomial,random,2,14,0.4166666666666667,82.00000000000003,6,0.06,66,0.66,100,0.005311955900397152,1437
no_polynomial,random,2,15,0.4,89.50000000000007,2,0.02,66,0.66,100,0.00630788215668872,1537
no_polynomial,random,2,16,0.3846153846153846,87.30000000000004,3,0.03,69,0.69,100,0.005737138635013252,1637
no_polynomial,random,2,17,0.37037037037037035,77.79999999999998,8,0.08,67,0.67,100,0.0057897828426212074,1737
no_polynomial,random,2,18,0.35714285714285715,83.30000000000004,5,0.05,72,0.72,100,0.0070975599577650424,1837
no_polynomial,random,2,19,0.3448275862068966,82.10000000000004,6,0.06,64,0.64,100,0.005693611088208855,1937
no_polynomial,random,2,20,0.3333333333333333,79.90000000000003,7,0.07,68,0.68,100,0.008858642242848873,2037
no_polynomial,random,2,21,0.3225806451612903,87.30000000000005,3,0.03,69,0.69,100,0.006751119222026318,2137
no_polynomial,random,2,22,0.3125,84.60000000000005,5,0.05,56,0.56,100,0.005895424338523299,2237
no_polynomial,random,2,23,0.30303030303030304,92.50000000000009,1,0.01,56,0.56,100,0.007279027346521616,2337
no_polynomial,random,2,24,0.29411764705882354,90.30000000000004,2,0.02,59,0.59,100,0.007885034584905953,2437
no_polynomial,random,2,25,0.2857142857142857,89.10000000000005,3,0.03,52,0.52,100,0.007297720999922604,2537
no_polynomial,random,2,26,0.2777777777777778,93.60000000000011,0,0.0,64,0.64,100,0.006263279996346682,2637
no_polynomial,random,2,27,0.27027027027027023,88.40000000000005,3,0.03,59,0.59,100,0.004953967947512865,2737
no_polynomial,random,2,28,0.2631578947368421,86.6,5,0.05,38,0.38,100,0.007232507402077318,2837
no_polynomial,random,2,29,0.25641025641025644,79.09999999999998,8,0.08,57,0.57,100,0.007527353593613953,2937
no_polynomial,random,2,30,0.25,90.10000000000007,2,0.02,60,0.6,100,0.008392226730939001,3037
no_polynomial,random,2,31,0.24390243902439027,90.10000000000004,2,0.02,61,0.61,100,0.0067290367837995295,3137
no_polynomial,random,2,32,0.23809523809523808,84.40000000000003,5,0.05,60,0.6,100,0.007529754349961877,3237
no_polynomial,random,2,33,0.23255813953488372,89.80000000000004,3,0.03,44,0.44,100,0.006381371696479618,3337
no_polynomial,random,2,34,0.22727272727272727,87.20000000000006,4,0.04,52,0.52,100,0.007862229160964488,3437
no_polynomial,random,2,35,0.2222222222222222,86.30000000000004,4,0.04,60,0.6,100,0.008159611942246556,3537
no_polynomial,random,2,36,0.2173913043478261,92.10000000000007,1,0.01,59,0.59,100,0.007197701474651695,3637
no_polynomial,random,2,37,0.2127659574468085,88.80000000000005,3,0.03,55,0.55,100,0.008391561810858547,3737
no_polynomial,random,2,38,0.20833333333333334,89.10000000000002,3,0.03,52,0.52,100,0.006793363862670958,3837
no_polynomial,random,2,39,0.2040816326530612,92.1000000000001,1,0.01,60,0.6,100,0.007822105039376765,3937
no_polynomial,random,2,40,0.2,86.80000000000004,4,0.04,55,0.55,100,0.008556325770914554,4037
no_polynomial,random,2,41,0.19607843137254904,92.20000000000005,1,0.01,58,0.58,100,0.007595383694861084,4137
no_polynomial,random,2,42,0.1923076923076923,90.90000000000006,2,0.02,53,0.53,100,0.008225332330912351,4237
no_polynomial,random,2,43,0.18867924528301888,80.70000000000005,7,0.07,58,0.58,100,0.008770318515598775,4337
no_polynomial,random,2,44,0.18518518518518517,95.60000000000008,0,0.0,44,0.44,100,0.007978224793914706,4437
no_polynomial,random,2,45,0.18181818181818182,88.50000000000003,3,0.03,57,0.57,100,0.00886605930980295,4537
no_polynomial,random,2,46,0.17857142857142858,93.60000000000004,1,0.01,45,0.45,100,0.009380868903826922,4637
no_polynomial,random,2,47,0.17543859649122806,89.40000000000006,3,0.03,49,0.49,100,0.007729955688118934,4737
no_polynomial,random,2,48,0.1724137931034483,92.00000000000006,2,0.02,42,0.42,100,0.008371230901684613,4837
no_polynomial,random,2,49,0.1694915254237288,83.40000000000006,6,0.06,52,0.52,100,0.010045349516440183,4937
no_polynomial,random,2,50,0.16666666666666666,93.50000000000009,1,0.01,46,0.46,100,0.008903919085860253,5037
no_polynomial,random,2,51,0.1639344262295082,91.20000000000005,2,0.02,50,0.5,100,0.008409917373210191,5137
no_polynomial,random,2,52,0.16129032258064516,88.00000000000001,4,0.04,43,0.43,100,0.008623273505363613,5237
no_polynomial,random,2,53,0.15873015873015872,90.10000000000004,3,0.03,41,0.41,100,0.008429071344435215,5337
no_polynomial,random,2,54,0.15625,86.40000000000003,4,0.04,59,0.59,100,0.008225899455137551,5437
no_polynomial,random,2,55,0.15384615384615385,92.19999999999999,2,0.02,40,0.4,100,0.006609402562025935,5537
no_polynomial,random,2,56,0.15151515151515152,91.0,2,0.02,52,0.52,100,0.007859494069125504,5637
no_polynomial,random,2,57,0.14925373134328357,92.90000000000003,1,0.01,52,0.52,100,0.008432503317017108,5737
no_polynomial,random,2,58,0.14705882352941177,91.60000000000005,2,0.02,45,0.45,100,0.010001328317448497,5837
no_polynomial,random,2,59,0.14492753623188406,87.50000000000003,4,0.04,48,0.48,100,0.008396695367991924,5937
no_polynomial,random,2,60,0.14285714285714285,94.80000000000004,0,0.0,52,0.52,100,0.009628825187683106,6037
no_polynomial,random,2,61,0.14084507042253522,93.30000000000008,1,0.01,48,0.48,100,0.009072422250173986,6137
no_polynomial,random,2,62,0.1388888888888889,90.80000000000007,2,0.02,54,0.54,100,0.008120645715389401,6237
no_polynomial,random,2,63,0.136986301369863,88.50000000000003,3,0.03,56,0.56,100,0.007016479251906276,6337
no_polynomial,random,2,64,0.13513513513513511,90.20000000000005,2,0.02,59,0.59,100,0.008233460807241499,6437
no_polynomial,random,2,65,0.13333333333333333,89.80000000000003,3,0.03,45,0.45,100,0.008755833827890455,6537
no_polynomial,random,2,66,0.13157894736842105,92.20000000000005,2,0.02,40,0.4,100,0.008786183036863803,6637
no_polynomial,random,2,67,0.12987012987012986,87.60000000000002,4,0.04,48,0.48,100,0.009103121529333293,6737
no_polynomial,random,2,68,0.12820512820512822,95.90000000000002,0,0.0,41,0.41,100,0.008831823784857988,6837
no_polynomial,random,2,69,0.12658227848101264,91.50000000000003,2,0.02,47,0.47,100,0.007858478892594577,6937
no_polynomial,random,2,70,0.125,86.50000000000006,4,0.04,59,0.59,100,0.008482148803304881,7037
no_polynomial,random,2,71,0.1234567901234568,93.40000000000008,1,0.01,47,0.47,100,0.009026955883018672,7137
no_polynomial,random,2,72,0.12195121951219513,95.10000000000001,0,0.0,49,0.49,100,0.008393033491447568,7237
no_polynomial,random,2,73,0.12048192771084336,93.60000000000004,1,0.01,44,0.44,100,0.007192510792519897,7337
no_polynomial,random,2,74,0.11904761904761904,92.00000000000003,2,0.02,42,0.42,100,0.008864146461710333,7437
no_polynomial,random,2,75,0.11764705882352941,93.60000000000008,1,0.01,45,0.45,100,0.012745862638112157,7537
no_polynomial,random,2,76,0.11627906976744186,89.40000000000003,3,0.03,48,0.48,100,0.007342561120167374,7637
no_polynomial,random,2,77,0.1149425287356322,94.10000000000008,1,0.01,40,0.4,100,0.006875859522260726,7737
no_polynomial,random,2,78,0.11363636363636363,93.70000000000005,1,0.01,44,0.44,100,0.007279648138210177,7837
no_polynomial,random,2,79,0.11235955056179775,93.90000000000003,1,0.01,41,0.41,100,0.007404715542215854,7937
no_polynomial,random,2,80,0.1111111111111111,92.40000000000003,2,0.02,38,0.38,100,0.007213075708132237,8037
no_polynomial,random,2,81,0.10989010989010989,95.30000000000008,0,0.0,47,0.47,100,0.009242908181622624,8137
no_polynomial,random,2,82,0.10869565217391305,92.00000000000003,2,0.02,42,0.42,100,0.00825327459257096,8237
no_polynomial,random,2,83,0.1075268817204301,94.00000000000007,1,0.01,41,0.41,100,0.007288272038567811,8337
no_polynomial,random,2,84,0.10638297872340426,89.90000000000005,3,0.03,43,0.43,100,0.00839029303053394,8437
no_polynomial,random,2,85,0.10526315789473684,89.70000000000003,3,0.03,46,0.46,100,0.0076226455043070015,8537
no_polynomial,random,2,86,0.10416666666666667,91.6000000000001,2,0.02,46,0.46,100,0.007468450863379985,8637
no_polynomial,random,2,87,0.10309278350515465,94.20000000000003,1,0.01,39,0.39,100,0.007237983953673393,8737
no_polynomial,random,2,88,0.1020408163265306,94.90000000000006,0,0.0,51,0.51,100,0.00867004690458998,8837
no_polynomial,random,2,89,0.10101010101010101,94.10000000000001,1,0.01,40,0.4,100,0.009064988293685019,8937
no_polynomial,random,2,90,0.1,93.70000000000002,1,0.01,43,0.43,100,0.007412451228592545,9037
no_polynomial,random,2,91,0.09900990099009901,93.99999999999999,2,0.02,22,0.22,100,0.006849050929304212,9137
no_polynomial,random,2,92,0.09803921568627452,96.20000000000003,0,0.0,38,0.38,100,0.007919175897259266,9237
no_polynomial,random,2,93,0.0970873786407767,95.50000000000009,0,0.0,45,0.45,100,0.011332066731993109,9337
no_polynomial,random,2,94,0.09615384615384615,96.40000000000003,0,0.0,36,0.36,100,0.009575288044288754,9437
no_polynomial,random,2,95,0.09523809523809523,95.10000000000002,1,0.01,30,0.3,100,0.00749259669566527,9537
no_polynomial,random,2,96,0.09433962264150944,96.00000000000007,0,0.0,40,0.4,100,0.006895991079509258,9637
no_polynomial,random,2,97,0.09345794392523366,95.70000000000005,0,0.0,43,0.43,100,0.009634575941599905,9737
no_polynomial,random,2,98,0.09259259259259259,93.90000000000003,1,0.01,42,0.42,100,0.00901122430805117,9837
no_polynomial,random,2,99,0.09174311926605504,94.00000000000004,1,0.01,41,0.41,100,0.008885743096470833,9937
no_polynomial,random,2,100,0.09090909090909091,92.70000000000005,2,0.02,35,0.35,100,0.010288354442454874,10037
no_polynomial,random,2,101,0.0900900900900901,93.40000000000003,2,0.02,28,0.28,100,0.008174060732126237,10137
no_polynomial,random,2,102,0.08928571428571429,95.40000000000003,0,0.0,46,0.46,100,0.008253048362676055,10237
no_polynomial,random,2,103,0.08849557522123894,92.90000000000005,1,0.01,52,0.52,100,0.009066613726317882,10337
no_polynomial,random,2,104,0.08771929824561403,91.30000000000004,2,0.02,49,0.49,100,0.009079306002240628,10437
no_polynomial,random,2,105,0.08695652173913043,94.40000000000003,1,0.01,37,0.37,100,0.00824701924342662,10537
no_polynomial,random,2,106,0.08620689655172414,96.50000000000006,0,0.0,35,0.35,100,0.010609856355004013,10637
no_polynomial,random,2,107,0.08547008547008547,94.90000000000008,1,0.01,32,0.32,100,0.008875834704376757,10737
no_polynomial,random,2,108,0.0847457627118644,96.00000000000001,0,0.0,40,0.4,100,0.007961028683930636,10837
no_polynomial,random,2,109,0.08403361344537814,96.10000000000005,0,0.0,39,0.39,100,0.009527417677454651,10937
no_polynomial,random,2,110,0.08333333333333333,93.10000000000007,1,0.01,50,0.5,100,0.007280581668019295,11037
no_polynomial,random,2,111,0.08264462809917356,92.10000000000001,2,0.02,41,0.41,100,0.007623309371992946,11137
no_polynomial,random,2,112,0.0819672131147541,94.60000000000005,1,0.01,34,0.34,100,0.008181960398796945,11237
no_polynomial,random,2,113,0.08130081300813008,94.70000000000007,1,0.01,34,0.34,100,0.008078017309308051,11337
no_polynomial,random,2,114,0.08064516129032258,93.10000000000004,1,0.01,50,0.5,100,0.009971797042526305,11437
no_polynomial,random,2,115,0.08,97.00000000000003,0,0.0,30,0.3,100,0.008241605262737721,11537
no_polynomial,random,2,116,0.07936507936507936,96.70000000000005,0,0.0,33,0.33,100,0.00806038461625576,11637
no_polynomial,random,2,117,0.07874015748031496,94.80000000000007,1,0.01,33,0.33,100,0.007970903934910893,11737
no_polynomial,random,2,118,0.078125,96.4000000000001,0,0.0,36,0.36,100,0.009710523174144328,11837
no_polynomial,random,2,119,0.07751937984496124,94.80000000000004,1,0.01,33,0.33,100,0.008344110033940524,11937
no_polynomial,random,2,120,0.07692307692307693,96.00000000000004,0,0.0,40,0.4,100,0.007257875916548073,12037
no_polynomial,random,2,121,0.07633587786259542,96.40000000000005,0,0.0,36,0.36,100,0.007782130429986865,12137
no_polynomial,random,2,122,0.07575757575757576,96.80000000000001,0,0.0,32,0.32,100,0.008698857482522726,12237
no_polynomial,random,2,123,0.07518796992481203,91.40000000000005,2,0.02,47,0.47,100,0.007597308433614672,12337
no_polynomial,random,2,124,0.07462686567164178,95.60000000000008,0,0.0,44,0.44,100,0.00797531230840832,12437
no_polynomial,random,2,125,0.07407407407407407,96.40000000000006,0,0.0,36,0.36,100,0.008848512624390424,12537
no_polynomial,random,2,126,0.07352941176470588,96.20000000000002,0,0.0,38,0.38,100,0.008128805453889072,12637
no_polynomial,random,2,127,0.07299270072992702,90.50000000000006,2,0.02,57,0.57,100,0.009000894553028048,12737
no_polynomial,random,2,128,0.07246376811594203,96.10000000000008,0,0.0,39,0.39,100,0.00744419141439721,12837
no_polynomial,random,2,129,0.07194244604316546,96.80000000000003,0,0.0,32,0.32,100,0.010037556630559266,12937
no_polynomial,random,2,130,0.07142857142857142,97.20000000000005,0,0.0,28,0.28,100,0.008614642419852317,13037
no_polynomial,random,2,131,0.07092198581560284,97.70000000000003,0,0.0,23,0.23,100,0.008758636410348117,13137
no_polynomial,random,2,132,0.07042253521126761,94.80000000000001,1,0.01,32,0.32,100,0.008558737798593938,13237
no_polynomial,random,2,133,0.06993006993006992,95.30000000000007,0,0.0,47,0.47,100,0.008396278726868331,13337
no_polynomial,random,2,134,0.06944444444444445,94.00000000000003,1,0.01,41,0.41,100,0.007341684252023697,13437
no_polynomial,random,2,135,0.06896551724137931,96.30000000000001,0,0.0,37,0.37,100,0.007343662772327662,13537
no_polynomial,random,2,136,0.0684931506849315,96.50000000000006,0,0.0,35,0.35,100,0.008060785266570747,13637
no_polynomial,random,2,137,0.06802721088435375,97.20000000000003,0,0.0,28,0.28,100,0.00850015554809943,13737
no_polynomial,random,2,138,0.06756756756756756,90.20000000000003,3,0.03,41,0.41,100,0.008206434182357043,13837
no_polynomial,random,2,139,0.06711409395973154,88.30000000000001,4,0.04,41,0.41,100,0.00861570806708187,13937
no_polynomial,random,2,140,0.06666666666666667,96.80000000000007,0,0.0,32,0.32,100,0.00874272926710546,14037
no_polynomial,random,2,141,0.06622516556291391,96.20000000000003,0,0.0,38,0.38,100,0.007994636269286275,14137
no_polynomial,random,2,142,0.06578947368421052,93.20000000000007,1,0.01,49,0.49,100,0.0083429115684703,14237
no_polynomial,random,2,143,0.06535947712418301,97.10000000000001,0,0.0,29,0.29,100,0.006656629478093237,14337
no_polynomial,random,2,144,0.06493506493506493,92.00000000000006,2,0.02,42,0.42,100,0.007704098152462393,14437
no_polynomial,random,2,145,0.06451612903225806,97.40000000000003,0,0.0,26,0.26,100,0.008801319289486855,14537
no_polynomial,random,2,146,0.06410256410256411,96.90000000000003,0,0.0,31,0.31,100,0.0065248409239575264,14637
no_polynomial,random,2,147,0.06369426751592357,96.70000000000002,0,0.0,33,0.33,100,0.006925515437033027,14737
no_polynomial,random,2,148,0.06329113924050632,94.70000000000005,1,0.01,34,0.34,100,0.008295682056341321,14837
no_polynomial,random,2,149,0.06289308176100629,97.10000000000005,0,0.0,29,0.29,100,0.0075614081462845205,14937
no_polynomial,random,2,150,0.0625,96.60000000000004,0,0.0,34,0.34,100,0.008909079153090716,15037
no_polynomial,random,2,151,0.06211180124223602,94.60000000000002,1,0.01,34,0.34,100,0.008245195322670042,15137
no_polynomial,random,2,152,0.0617283950617284,96.70000000000007,0,0.0,33,0.33,100,0.009179190301802009,15237
no_polynomial,random,2,153,0.06134969325153374,93.60000000000007,1,0.01,45,0.45,100,0.009011401198804378,15337
no_polynomial,random,2,154,0.06097560975609757,96.40000000000002,0,0.0,36,0.36,100,0.009878318873234093,15437
no_polynomial,random,2,155,0.06060606060606061,95.30000000000003,1,0.01,28,0.28,100,0.008600639938376843,15537
no_polynomial,random,2,156,0.06024096385542168,93.70000000000003,1,0.01,44,0.44,100,0.008304611784406007,15637
no_polynomial,random,2,157,0.059880239520958084,94.5,1,0.01,36,0.36,100,0.009620555131696164,15737
no_polynomial,random,2,158,0.05952380952380952,94.70000000000002,1,0.01,34,0.34,100,0.0085721993050538,15837
no_polynomial,random,2,159,0.0591715976331361,97.00000000000006,0,0.0,30,0.3,100,0.006403587607201189,15937
no_polynomial,random,2,160,0.058823529411764705,94.40000000000005,1,0.01,37,0.37,100,0.007786954850889743,16037
no_polynomial,random,2,161,0.05847953216374269,98.00000000000001,0,0.0,20,0.2,100,0.007335497124586254,16137
no_polynomial,random,2,162,0.05813953488372093,94.40000000000006,1,0.01,36,0.36,100,0.007355952654033899,16237
no_polynomial,random,2,163,0.057803468208092484,95.60000000000008,0,0.0,44,0.44,100,0.009900164145510643,16337
no_polynomial,random,2,164,0.0574712643678161,93.60000000000005,1,0.01,45,0.45,100,0.00807556763291359,16437
no_polynomial,random,2,165,0.05714285714285714,96.80000000000004,0,0.0,32,0.32,100,0.008388195442967117,16537
no_polynomial,random,2,166,0.056818181818181816,96.50000000000006,0,0.0,35,0.35,100,0.006872587590478361,16637
no_polynomial,random,2,167,0.05649717514124294,94.3000000000001,1,0.01,38,0.38,100,0.008383206746075303,16737
no_polynomial,random,2,168,0.056179775280898875,97.20000000000002,0,0.0,28,0.28,100,0.0070560426684096456,16837
no_polynomial,random,2,169,0.0558659217877095,96.70000000000007,0,0.0,33,0.33,100,0.006793187202420086,16937
no_polynomial,random,2,170,0.05555555555555555,96.30000000000007,0,0.0,37,0.37,100,0.0077536834543570875,17037
no_polynomial,random,2,171,0.055248618784530384,97.40000000000003,0,0.0,26,0.26,100,0.009827909581363202,17137
no_polynomial,random,2,172,0.054945054945054944,95.90000000000006,0,0.0,41,0.41,100,0.008607666669413448,17237
no_polynomial,random,2,173,0.0546448087431694,95.90000000000006,0,0.0,41,0.41,100,0.01070065121166408,17337
no_polynomial,random,2,174,0.05434782608695653,95.10000000000005,1,0.01,29,0.29,100,0.007938108688686043,17437
no_polynomial,random,2,175,0.05405405405405406,93.60000000000004,1,0.01,45,0.45,100,0.007828046781942249,17537
no_polynomial,random,2,176,0.05376344086021505,96.9,0,0.0,31,0.31,100,0.008704971997067332,17637
no_polynomial,random,2,177,0.053475935828877004,96.40000000000003,0,0.0,36,0.36,100,0.009604716554749758,17737
no_polynomial,random,2,178,0.05319148936170213,93.70000000000003,1,0.01,43,0.43,100,0.007092370197642595,17837
no_polynomial,random,2,179,0.052910052910052914,94.80000000000005,1,0.01,32,0.32,100,0.00948312226915732,17937
no_polynomial,random,2,180,0.05263157894736842,94.80000000000001,1,0.01,33,0.33,100,0.007016190891154111,18037
no_polynomial,random,2,181,0.05235602094240837,97.60000000000001,0,0.0,24,0.24,100,0.0077336102351546285,18137
no_polynomial,random,2,182,0.052083333333333336,96.60000000000005,0,0.0,34,0.34,100,0.008704656991176308,18237
no_polynomial,random,2,183,0.05181347150259067,97.30000000000005,0,0.0,27,0.27,100,0.00747022547526285,18337
no_polynomial,random,2,184,0.051546391752577324,94.9,1,0.01,32,0.32,100,0.00800112063298002,18437
no_polynomial,random,2,185,0.05128205128205128,97.50000000000003,0,0.0,25,0.25,100,0.008052612747997045,18537
no_polynomial,random,2,186,0.0510204081632653,95.60000000000001,1,0.01,25,0.25,100,0.007679836056195199,18637
no_polynomial,random,2,187,0.050761421319796954,95.40000000000008,0,0.0,46,0.46,100,0.007066602841950953,18737
no_polynomial,random,2,188,0.050505050505050504,97.00000000000003,0,0.0,30,0.3,100,0.007521924115717411,18837
no_polynomial,random,2,189,0.05025125628140704,96.90000000000003,0,0.0,31,0.31,100,0.006598273199051619,18937
no_polynomial,random,2,190,0.05,94.70000000000005,1,0.01,34,0.34,100,0.0071155484509654345,19037
no_polynomial,random,2,191,0.04975124378109452,96.70000000000006,0,0.0,33,0.33,100,0.007415350074879825,19137
no_polynomial,random,2,192,0.04950495049504951,94.30000000000004,1,0.01,38,0.38,100,0.006703197692986578,19237
no_polynomial,random,2,193,0.04926108374384236,95.40000000000006,1,0.01,27,0.27,100,0.007172674061730504,19337
no_polynomial,random,2,194,0.04901960784313726,92.10000000000002,2,0.02,41,0.41,100,0.008560079499147832,19437
no_polynomial,random,2,195,0.04878048780487805,88.7,4,0.04,36,0.36,100,0.010583075233735145,19537
no_polynomial,random,2,196,0.04854368932038835,93.69999999999996,2,0.02,25,0.25,100,0.008047821910586207,19637
no_polynomial,random,2,197,0.04830917874396135,95.40000000000003,0,0.0,46,0.46,100,0.007663956754840911,19737
no_polynomial,random,2,198,0.04807692307692307,96.40000000000003,0,0.0,36,0.36,100,0.007528358376584947,19837
no_polynomial,random,2,199,0.04784688995215311,95.80000000000004,0,0.0,42,0.42,100,0.00835539985448122,19937
no_polynomial,random,3,0,1.0,71.69999999999996,10,0.1,92,0.92,100,0.17890377297393373,37
no_polynomial,random,3,1,0.9090909090909091,64.69999999999993,14,0.14,85,0.85,100,0.041264651250094174,137
no_polynomial,random,3,2,0.8333333333333334,77.80000000000001,7,0.07,87,0.87,100,0.02333427492529154,237
no_polynomial,random,3,3,0.7692307692307692,84.00000000000006,4,0.04,83,0.83,100,0.021847879327833653,337
no_polynomial,random,3,4,0.7142857142857143,68.59999999999997,12,0.12,84,0.84,100,0.011810943549498916,437
no_polynomial,random,3,5,0.6666666666666666,66.79999999999995,13,0.13,85,0.85,100,0.008059513717889787,537
no_polynomial,random,3,6,0.625,76.80000000000003,8,0.08,77,0.77,100,0.007325645270757377,637
no_polynomial,random,3,7,0.5882352941176471,78.60000000000002,7,0.07,80,0.8,100,0.004732056162320078,737
no_polynomial,random,3,8,0.5555555555555556,70.69999999999996,11,0.11,83,0.83,100,0.004440024944487959,837
no_polynomial,random,3,9,0.5263157894736842,79.20000000000002,7,0.07,74,0.74,100,0.004306695302948356,937
no_polynomial,random,3,10,0.5,74.39999999999998,9,0.09,83,0.83,100,0.005045601016608998,1037
no_polynomial,random,3,11,0.47619047619047616,80.60000000000002,6,0.06,80,0.8,100,0.0046631795493885875,1137
no_polynomial,random,3,12,0.45454545454545453,82.00000000000001,6,0.06,65,0.65,100,0.0045750502916052935,1237
no_polynomial,random,3,13,0.4347826086956522,85.00000000000004,4,0.04,74,0.74,100,0.0034187807235866786,1337
no_polynomial,random,3,14,0.4166666666666667,83.50000000000004,5,0.05,70,0.7,100,0.00482445664703846,1437
no_polynomial,random,3,15,0.4,81.7,6,0.06,68,0.68,100,0.006172921047545969,1537
no_polynomial,random,3,16,0.3846153846153846,90.50000000000006,2,0.02,57,0.57,100,0.004779685281682759,1637
no_polynomial,random,3,17,0.37037037037037035,87.40000000000006,3,0.03,68,0.68,100,0.0057810389436781405,1737
no_polynomial,random,3,18,0.35714285714285715,91.50000000000006,1,0.01,66,0.66,100,0.004862190531566739,1837
no_polynomial,random,3,19,0.3448275862068966,89.10000000000008,2,0.02,70,0.7,100,0.007160187710542232,1937
no_polynomial,random,3,20,0.3333333333333333,91.60000000000008,1,0.01,65,0.65,100,0.006344987372867763,2037
no_polynomial,random,3,21,0.3225806451612903,89.60000000000007,2,0.02,66,0.66,100,0.0061574595258571205,2137
no_polynomial,random,3,22,0.3125,90.00000000000006,2,0.02,62,0.62,100,0.005445124979596585,2237
no_polynomial,random,3,23,0.30303030303030304,83.60000000000004,5,0.05,69,0.69,100,0.0049828140251338485,2337
no_polynomial,random,3,24,0.29411764705882354,90.20000000000005,2,0.02,59,0.59,100,0.00598067756742239,2437
no_polynomial,random,3,25,0.2857142857142857,85.80000000000003,4,0.04,65,0.65,100,0.00592658270150423,2537
no_polynomial,random,3,26,0.2777777777777778,85.00000000000001,5,0.05,55,0.55,100,0.005238572716480121,2637
no_polynomial,random,3,27,0.27027027027027023,92.00000000000006,1,0.01,61,0.61,100,0.006014776632655412,2737
no_polynomial,random,3,28,0.2631578947368421,91.80000000000008,1,0.01,63,0.63,100,0.006014419647399336,2837
no_polynomial,random,3,29,0.25641025641025644,92.20000000000007,1,0.01,59,0.59,100,0.006793804760091007,2937
no_polynomial,random,3,30,0.25,90.00000000000004,3,0.03,43,0.43,100,0.005503661017864942,3037
no_polynomial,random,3,31,0.24390243902439027,82.70000000000005,6,0.06,56,0.56,100,0.006978568329941481,3137
no_polynomial,random,3,32,0.23809523809523808,87.40000000000006,3,0.03,69,0.69,100,0.006554242842830718,3237
no_polynomial,random,3,33,0.23255813953488372,90.10000000000002,2,0.02,61,0.61,100,0.00833755224943161,3337
no_polynomial,random,3,34,0.22727272727272727,92.40000000000006,1,0.01,57,0.57,100,0.006794634675607085,3437
no_polynomial,random,3,35,0.2222222222222222,89.80000000000004,2,0.02,64,0.64,100,0.005581590663641691,3537
no_polynomial,random,3,36,0.2173913043478261,91.20000000000005,2,0.02,50,0.5,100,0.006188685139641166,3637
no_polynomial,random,3,37,0.2127659574468085,90.60000000000007,2,0.02,56,0.56,100,0.005522653870284558,3737
no_polynomial,random,3,38,0.20833333333333334,91.10000000000004,2,0.02,50,0.5,100,0.007470622865948826,3837
no_polynomial,random,3,39,0.2040816326530612,92.50000000000009,1,0.01,56,0.56,100,0.0059588351706042885,3937
no_polynomial,random,3,40,0.2,85.30000000000003,5,0.05,51,0.51,100,0.007824398369994014,4037
no_polynomial,random,3,41,0.19607843137254904,88.90000000000006,3,0.03,54,0.54,100,0.007907317732460797,4137
no_polynomial,random,3,42,0.1923076923076923,88.40000000000005,3,0.03,59,0.59,100,0.006414591078646481,4237
no_polynomial,random,3,43,0.18867924528301888,90.70000000000007,2,0.02,55,0.55,100,0.00674799921689555,4337
no_polynomial,random,3,44,0.18518518518518517,89.50000000000003,3,0.03,47,0.47,100,0.006911793432664126,4437
no_polynomial,random,3,45,0.18181818181818182,84.90000000000002,5,0.05,56,0.56,100,0.006547849520575255,4537
no_polynomial,random,3,46,0.17857142857142858,94.50000000000007,0,0.0,55,0.55,100,0.007504369206726551,4637
no_polynomial,random,3,47,0.17543859649122806,90.10000000000008,2,0.02,61,0.61,100,0.0066546185524202885,4737
no_polynomial,random,3,48,0.1724137931034483,89.20000000000007,3,0.03,50,0.5,100,0.0061789820459671315,4837
no_polynomial,random,3,49,0.1694915254237288,88.70000000000003,3,0.03,55,0.55,100,0.006754828486591578,4937
no_polynomial,random,3,50,0.16666666666666666,88.90000000000003,3,0.03,54,0.54,100,0.006521163652651012,5037
no_polynomial,random,3,51,0.1639344262295082,93.70000000000002,1,0.01,44,0.44,100,0.0051581655582413075,5137
no_polynomial,random,3,52,0.16129032258064516,91.40000000000005,2,0.02,48,0.48,100,0.00607691817684099,5237
no_polynomial,random,3,53,0.15873015873015872,93.90000000000003,1,0.01,42,0.42,100,0.006040669677313417,5337
no_polynomial,random,3,54,0.15625,91.40000000000005,2,0.02,47,0.47,100,0.006677291893865913,5437
no_polynomial,random,3,55,0.15384615384615385,90.80000000000007,2,0.02,54,0.54,100,0.007270143870264292,5537
no_polynomial,random,3,56,0.15151515151515152,90.90000000000006,2,0.02,53,0.53,100,0.0071975658461451535,5637
no_polynomial,random,3,57,0.14925373134328357,95.90000000000003,0,0.0,41,0.41,100,0.0057564381533302365,5737
no_polynomial,random,3,58,0.14705882352941177,91.30000000000001,2,0.02,49,0.49,100,0.006607151723001152,5837
no_polynomial,random,3,59,0.14492753623188406,90.30000000000003,3,0.03,39,0.39,100,0.00655419658171013,5937
no_polynomial,random,3,60,0.14285714285714285,91.70000000000003,2,0.02,44,0.44,100,0.008241336203645915,6037
no_polynomial,random,3,61,0.14084507042253522,91.00000000000006,2,0.02,52,0.52,100,0.007254354823380708,6137
no_polynomial,random,3,62,0.1388888888888889,95.0000000000001,0,0.0,50,0.5,100,0.007432154947891832,6237
no_polynomial,random,3,63,0.136986301369863,92.90000000000006,1,0.01,52,0.52,100,0.007453716702293604,6337
no_polynomial,random,3,64,0.13513513513513511,91.20000000000006,2,0.02,49,0.49,100,0.0067555375397205355,6437
no_polynomial,random,3,65,0.13333333333333333,87.7,4,0.04,46,0.46,100,0.006858876480255276,6537
no_polynomial,random,3,66,0.13157894736842105,91.00000000000004,2,0.02,52,0.52,100,0.009235025634989142,6637
no_polynomial,random,3,67,0.12987012987012986,87.80000000000003,4,0.04,46,0.46,100,0.007968324050307275,6737
no_polynomial,random,3,68,0.12820512820512822,91.20000000000003,2,0.02,50,0.5,100,0.007235987763851881,6837
no_polynomial,random,3,69,0.12658227848101264,91.00000000000003,2,0.02,52,0.52,100,0.0067933914856985215,6937
no_polynomial,random,3,70,0.125,96.30000000000005,0,0.0,37,0.37,100,0.0069415809493511916,7037
no_polynomial,random,3,71,0.1234567901234568,94.40000000000003,1,0.01,36,0.36,100,0.006184186241589487,7137
no_polynomial,random,3,72,0.12195121951219513,92.20000000000003,2,0.02,39,0.39,100,0.006515270138625056,7237
no_polynomial,random,3,73,0.12048192771084336,91.70000000000005,2,0.02,44,0.44,100,0.005681358433794231,7337
no_polynomial,random,3,74,0.11904761904761904,93.0000000000001,1,0.01,51,0.51,100,0.005965296768117696,7437
no_polynomial,random,3,75,0.11764705882352941,96.40000000000002,0,0.0,36,0.36,100,0.005819090644363314,7537
no_polynomial,random,3,76,0.11627906976744186,94.00000000000003,1,0.01,40,0.4,100,0.006108939270488918,7637
no_polynomial,random,3,77,0.1149425287356322,96.30000000000007,0,0.0,37,0.37,100,0.005557544133625925,7737
no_polynomial,random,3,78,0.11363636363636363,95.50000000000006,0,0.0,45,0.45,100,0.0066840518568642435,7837
no_polynomial,random,3,79,0.11235955056179775,96.40000000000005,0,0.0,36,0.36,100,0.005914456842001528,7937
no_polynomial,random,3,80,0.1111111111111111,86.80000000000007,5,0.05,36,0.36,100,0.007097073236946016,8037
no_polynomial,random,3,81,0.10989010989010989,96.80000000000001,0,0.0,32,0.32,100,0.007133096037432551,8137
no_polynomial,random,3,82,0.10869565217391305,95.40000000000005,0,0.0,46,0.46,100,0.006021928892005235,8237
no_polynomial,random,3,83,0.1075268817204301,94.40000000000009,1,0.01,37,0.37,100,0.005664676451124251,8337
no_polynomial,random,3,84,0.10638297872340426,93.30000000000004,2,0.02,29,0.29,100,0.0067144465888850395,8437
no_polynomial,random,3,85,0.10526315789473684,93.40000000000003,1,0.01,47,0.47,100,0.007007638341747224,8537
no_polynomial,random,3,86,0.10416666666666667,94.60000000000008,1,0.01,35,0.35,100,0.0066198402526788415,8637
no_polynomial,random,3,87,0.10309278350515465,95.80000000000005,0,0.0,42,0.42,100,0.009915870232507586,8737
no_polynomial,random,3,88,0.1020408163265306,94.00000000000003,1,0.01,40,0.4,100,0.01086199939250946,8837
no_polynomial,random,3,89,0.10101010101010101,88.70000000000006,3,0.03,56,0.56,100,0.008176107013132422,8937
no_polynomial,random,3,90,0.1,96.30000000000007,0,0.0,37,0.37,100,0.0065082743461243805,9037
no_polynomial,random,3,91,0.09900990099009901,96.30000000000001,0,0.0,37,0.37,100,0.007546871246304363,9137
no_polynomial,random,3,92,0.09803921568627452,93.80000000000004,1,0.01,43,0.43,100,0.006052308042999357,9237
no_polynomial,random,3,93,0.0970873786407767,93.70000000000006,1,0.01,44,0.44,100,0.005517731634899974,9337
no_polynomial,random,3,94,0.09615384615384615,92.70000000000002,2,0.02,35,0.35,100,0.00735264812130481,9437
no_polynomial,random,3,95,0.09523809523809523,96.10000000000007,0,0.0,39,0.39,100,0.007468953791540116,9537
no_polynomial,random,3,96,0.09433962264150944,91.10000000000007,2,0.02,51,0.51,100,0.00748664456885308,9637
no_polynomial,random,3,97,0.09345794392523366,91.90000000000005,2,0.02,43,0.43,100,0.0077864516736008225,9737
no_polynomial,random,3,98,0.09259259259259259,96.20000000000006,0,0.0,38,0.38,100,0.0076566577842459085,9837
no_polynomial,random,3,99,0.09174311926605504,95.10000000000008,0,0.0,49,0.49,100,0.007578246518969536,9937
no_polynomial,random,3,100,0.09090909090909091,92.00000000000006,2,0.02,41,0.41,100,0.00788335976190865,10037
no_polynomial,random,3,101,0.0900900900900901,91.60000000000007,2,0.02,46,0.46,100,0.007203547223471105,10137
no_polynomial,random,3,102,0.08928571428571429,97.10000000000005,0,0.0,29,0.29,100,0.008788670015055686,10237
no_polynomial,random,3,103,0.08849557522123894,94.80000000000001,1,0.01,33,0.33,100,0.008048627404496073,10337
no_polynomial,random,3,104,0.08771929824561403,93.80000000000008,1,0.01,43,0.43,100,0.005890851139556616,10437
no_polynomial,random,3,105,0.08695652173913043,96.10000000000005,0,0.0,39,0.39,100,0.0065998476557433605,10537
no_polynomial,random,3,106,0.08620689655172414,96.10000000000007,0,0.0,39,0.39,100,0.006244856531266123,10637
no_polynomial,random,3,107,0.08547008547008547,91.70000000000007,2,0.02,45,0.45,100,0.00709548091283068,10737
no_polynomial,random,3,108,0.0847457627118644,89.80000000000004,3,0.03,43,0.43,100,0.006941326719243079,10837
no_polynomial,random,3,109,0.08403361344537814,96.10000000000005,0,0.0,39,0.39,100,0.006476231245324015,10937
no_polynomial,random,3,110,0.08333333333333333,93.10000000000008,2,0.02,31,0.31,100,0.007078930309507996,11037
no_polynomial,random,3,111,0.08264462809917356,93.10000000000004,2,0.02,31,0.31,100,0.006869756579399109,11137
no_polynomial,random,3,112,0.0819672131147541,94.2,1,0.01,39,0.39,100,0.006450068817939609,11237
no_polynomial,random,3,113,0.08130081300813008,97.10000000000002,0,0.0,29,0.29,100,0.007048811300192029,11337
no_polynomial,random,3,114,0.08064516129032258,92.60000000000005,2,0.02,35,0.35,100,0.006854120425414294,11437
no_polynomial,random,3,115,0.08,94.50000000000006,1,0.01,36,0.36,100,0.0062449324666522445,11537
no_polynomial,random,3,116,0.07936507936507936,92.60000000000004,2,0.02,35,0.35,100,0.00720445757964626,11637
no_polynomial,random,3,117,0.07874015748031496,97.00000000000006,0,0.0,30,0.3,100,0.00600060548633337,11737
no_polynomial,random,3,118,0.078125,93.20000000000003,2,0.02,30,0.3,100,0.006128566067200154,11837
no_polynomial,random,3,119,0.07751937984496124,92.00000000000003,3,0.03,23,0.23,100,0.005090425019152463,11937
no_polynomial,random,3,120,0.07692307692307693,93.90000000000006,1,0.01,42,0.42,100,0.006082684725988656,12037
no_polynomial,random,3,121,0.07633587786259542,95.50000000000001,0,0.0,45,0.45,100,0.007624201462604106,12137
no_polynomial,random,3,122,0.07575757575757576,96.30000000000007,0,0.0,37,0.37,100,0.007111830031499266,12237
no_polynomial,random,3,123,0.07518796992481203,95.30000000000004,0,0.0,47,0.47,100,0.007169158987235278,12337
no_polynomial,random,3,124,0.07462686567164178,94.20000000000005,1,0.01,39,0.39,100,0.006121925406623632,12437
no_polynomial,random,3,125,0.07407407407407407,97.20000000000005,0,0.0,28,0.28,100,0.005359815191477537,12537
no_polynomial,random,3,126,0.07352941176470588,96.80000000000003,0,0.0,32,0.32,100,0.005595615957863629,12637
no_polynomial,random,3,127,0.07299270072992702,94.90000000000003,1,0.01,32,0.32,100,0.006811122964136302,12737
no_polynomial,random,3,128,0.07246376811594203,97.30000000000003,0,0.0,27,0.27,100,0.006760737695731223,12837
no_polynomial,random,3,129,0.07194244604316546,90.90000000000003,3,0.03,33,0.33,100,0.00635610893368721,12937
no_polynomial,random,3,130,0.07142857142857142,96.20000000000006,0,0.0,38,0.38,100,0.006727006423752755,13037
no_polynomial,random,3,131,0.07092198581560284,97.00000000000007,0,0.0,30,0.3,100,0.006841594814322889,13137
no_polynomial,random,3,132,0.07042253521126761,95.90000000000006,0,0.0,41,0.41,100,0.007456564763560891,13237
no_polynomial,random,3,133,0.06993006993006992,97.20000000000005,0,0.0,28,0.28,100,0.009085737583227456,13337
no_polynomial,random,3,134,0.06944444444444445,92.5,2,0.02,37,0.37,100,0.007236739792861044,13437
no_polynomial,random,3,135,0.06896551724137931,97.20000000000007,0,0.0,28,0.28,100,0.006911212841514498,13537
no_polynomial,random,3,136,0.0684931506849315,94.20000000000005,1,0.01,39,0.39,100,0.007371461456641555,13637
no_polynomial,random,3,137,0.06802721088435375,96.20000000000005,0,0.0,38,0.38,100,0.006846465321723371,13737
no_polynomial,random,3,138,0.06756756756756756,96.10000000000004,0,0.0,39,0.39,100,0.007148520695045591,13837
no_polynomial,random,3,139,0.06711409395973154,96.50000000000003,0,0.0,35,0.35,100,0.00667274862062186,13937
no_polynomial,random,3,140,0.06666666666666667,95.40000000000003,0,0.0,46,0.46,100,0.013705436876043676,14037
no_polynomial,random,3,141,0.06622516556291391,97.50000000000006,0,0.0,25,0.25,100,0.009031930891796946,14137
no_polynomial,random,3,142,0.06578947368421052,95.50000000000003,1,0.01,25,0.25,100,0.007410513157956302,14237
no_polynomial,random,3,143,0.06535947712418301,94.80000000000004,1,0.01,33,0.33,100,0.006740418961271644,14337
no_polynomial,random,3,144,0.06493506493506493,91.50000000000003,3,0.03,28,0.28,100,0.005882931309752166,14437
no_polynomial,random,3,145,0.06451612903225806,91.60000000000002,3,0.03,27,0.27,100,0.00603947643423453,14537
no_polynomial,random,3,146,0.06410256410256411,92.90000000000003,2,0.02,32,0.32,100,0.0074667446478269995,14637
no_polynomial,random,3,147,0.06369426751592357,95.80000000000003,0,0.0,42,0.42,100,0.006557120904326439,14737
no_polynomial,random,3,148,0.06329113924050632,96.60000000000008,0,0.0,34,0.34,100,0.006566702835261822,14837
no_polynomial,random,3,149,0.06289308176100629,98.00000000000003,0,0.0,20,0.2,100,0.007040123473852872,14937
no_polynomial,random,3,150,0.0625,92.50000000000006,2,0.02,37,0.37,100,0.007346879031974823,15037
no_polynomial,random,3,151,0.06211180124223602,97.50000000000001,0,0.0,25,0.25,100,0.006706772285979241,15137
no_polynomial,random,3,152,0.0617283950617284,96.20000000000003,0,0.0,38,0.38,100,0.006032145072240382,15237
no_polynomial,random,3,153,0.06134969325153374,97.30000000000001,0,0.0,27,0.27,100,0.006726420461200177,15337
no_polynomial,random,3,154,0.06097560975609757,95.80000000000004,0,0.0,42,0.42,100,0.007809368036687374,15437
no_polynomial,random,3,155,0.06060606060606061,96.20000000000002,0,0.0,38,0.38,100,0.00839649093337357,15537
no_polynomial,random,3,156,0.06024096385542168,93.69999999999999,2,0.02,24,0.24,100,0.009011519013438374,15637
no_polynomial,random,3,157,0.059880239520958084,97.50000000000007,0,0.0,25,0.25,100,0.008808376619126647,15737
no_polynomial,random,3,158,0.05952380952380952,96.90000000000002,0,0.0,31,0.31,100,0.006736268212553114,15837
no_polynomial,random,3,159,0.0591715976331361,95.60000000000008,1,0.01,25,0.25,100,0.0066531369718723,15937
no_polynomial,random,3,160,0.058823529411764705,98.30000000000004,0,0.0,17,0.17,100,0.007027144208550453,16037
no_polynomial,random,3,161,0.05847953216374269,96.30000000000005,0,0.0,37,0.37,100,0.006739675980061293,16137
no_polynomial,random,3,162,0.05813953488372093,97.40000000000003,0,0.0,26,0.26,100,0.007841013458091765,16237
no_polynomial,random,3,163,0.057803468208092484,94.80000000000004,1,0.01,33,0.33,100,0.006473520440049469,16337
no_polynomial,random,3,164,0.0574712643678161,98.10000000000002,0,0.0,19,0.19,100,0.007038396575953811,16437
no_polynomial,random,3,165,0.05714285714285714,97.50000000000004,0,0.0,25,0.25,100,0.007440818732138723,16537
no_polynomial,random,3,166,0.056818181818181816,95.30000000000001,1,0.01,27,0.27,100,0.005652375335339457,16637
no_polynomial,random,3,167,0.05649717514124294,90.50000000000003,3,0.03,38,0.38,100,0.007989533208310605,16737
no_polynomial,random,3,168,0.056179775280898875,96.80000000000004,0,0.0,32,0.32,100,0.006994345816783607,16837
no_polynomial,random,3,169,0.0558659217877095,95.30000000000004,1,0.01,28,0.28,100,0.0064667066512629386,16937
no_polynomial,random,3,170,0.05555555555555555,97.1,0,0.0,29,0.29,100,0.006318011665716767,17037
no_polynomial,random,3,171,0.055248618784530384,93.40000000000003,1,0.01,46,0.46,100,0.006892103855498135,17137
no_polynomial,random,3,172,0.054945054945054944,92.70000000000005,2,0.02,34,0.34,100,0.007752747940830886,17237
no_polynomial,random,3,173,0.0546448087431694,96.7,0,0.0,33,0.33,100,0.008540879194624722,17337
no_polynomial,random,3,174,0.05434782608695653,92.30000000000003,2,0.02,39,0.39,100,0.006944383936934173,17437
no_polynomial,random,3,175,0.05405405405405406,89.3,4,0.04,31,0.31,100,0.007570126331411302,17537
no_polynomial,random,3,176,0.05376344086021505,95.00000000000003,1,0.01,31,0.31,100,0.007058166083879769,17637
no_polynomial,random,3,177,0.053475935828877004,95.90000000000005,0,0.0,41,0.41,100,0.006684998662676662,17737
no_polynomial,random,3,178,0.05319148936170213,95.00000000000006,1,0.01,31,0.31,100,0.00782950380933471,17837
no_polynomial,random,3,179,0.052910052910052914,92.80000000000004,2,0.02,34,0.34,100,0.006738244579173625,17937
no_polynomial,random,3,180,0.05263157894736842,94.10000000000005,1,0.01,40,0.4,100,0.0069265122734941545,18037
no_polynomial,random,3,181,0.05235602094240837,96.70000000000007,0,0.0,33,0.33,100,0.006886036111973226,18137
no_polynomial,random,3,182,0.052083333333333336,95.40000000000003,1,0.01,27,0.27,100,0.006110351094976068,18237
no_polynomial,random,3,183,0.05181347150259067,94.60000000000008,1,0.01,35,0.35,100,0.006479488182812929,18337
no_polynomial,random,3,184,0.051546391752577324,95.70000000000003,1,0.01,23,0.23,100,0.006429044392425567,18437
no_polynomial,random,3,185,0.05128205128205128,95.9,1,0.01,22,0.22,100,0.00670257652644068,18537
no_polynomial,random,3,186,0.0510204081632653,96.90000000000003,0,0.0,31,0.31,100,0.009981342202518135,18637
no_polynomial,random,3,187,0.050761421319796954,95.20000000000005,1,0.01,29,0.29,100,0.007487544729374349,18737
no_polynomial,random,3,188,0.050505050505050504,95.70000000000005,0,0.0,43,0.43,100,0.006654823606368154,18837
no_polynomial,random,3,189,0.05025125628140704,96.80000000000004,0,0.0,32,0.32,100,0.00748091139132157,18937
no_polynomial,random,3,190,0.05,93.30000000000005,1,0.01,47,0.47,100,0.00659205760108307,19037
no_polynomial,random,3,191,0.04975124378109452,94.50000000000004,1,0.01,36,0.36,100,0.00745087250135839,19137
no_polynomial,random,3,192,0.04950495049504951,96.00000000000003,1,0.01,21,0.21,100,0.007058737622573971,19237
no_polynomial,random,3,193,0.04926108374384236,98.10000000000001,0,0.0,19,0.19,100,0.0055409272853285075,19337
no_polynomial,random,3,194,0.04901960784313726,94.60000000000002,1,0.01,35,0.35,100,0.005187231679446996,19437
no_polynomial,random,3,195,0.04878048780487805,97.90000000000002,0,0.0,21,0.21,100,0.00583892883034423,19537
no_polynomial,random,3,196,0.04854368932038835,95.10000000000005,1,0.01,30,0.3,100,0.007113792845048011,19637
no_polynomial,random,3,197,0.04830917874396135,96.80000000000001,0,0.0,32,0.32,100,0.006632901295088232,19737
no_polynomial,random,3,198,0.04807692307692307,94.10000000000001,1,0.01,40,0.4,100,0.006876522933598608,19837
no_polynomial,random,3,199,0.04784688995215311,96.0,1,0.01,21,0.21,100,0.006840364984236657,19937
no_polynomial,random,4,0,1.0,71.79999999999997,10,0.1,91,0.91,100,0.14634893935274434,37
no_polynomial,random,4,1,0.9090909090909091,70.39999999999998,11,0.11,86,0.86,100,0.03495621238835156,137
no_polynomial,random,4,2,0.8333333333333334,69.79999999999997,11,0.11,89,0.89,100,0.020080752694047986,237
no_polynomial,random,4,3,0.7692307692307692,69.19999999999996,12,0.12,78,0.78,100,0.0134857910964638,337
no_polynomial,random,4,4,0.7142857142857143,76.00000000000001,8,0.08,87,0.87,100,0.011028807256370782,437
no_polynomial,random,4,5,0.6666666666666666,79.70000000000003,6,0.06,89,0.89,100,0.00829894601367414,537
no_polynomial,random,4,6,0.625,78.60000000000002,7,0.07,80,0.8,100,0.0052152994927018885,637
no_polynomial,random,4,7,0.5882352941176471,73.29999999999998,10,0.1,73,0.73,100,0.004854056425392628,737
no_polynomial,random,4,8,0.5555555555555556,81.60000000000001,6,0.06,70,0.7,100,0.003989791495259851,837
no_polynomial,random,4,9,0.5263157894736842,83.10000000000004,5,0.05,74,0.74,100,0.005481309441383928,937
no_polynomial,random,4,10,0.5,82.60000000000004,5,0.05,78,0.78,100,0.004462242005392909,1037
no_polynomial,random,4,11,0.47619047619047616,83.60000000000005,5,0.05,69,0.69,100,0.004789542208891362,1137
no_polynomial,random,4,12,0.45454545454545453,85.70000000000003,4,0.04,67,0.67,100,0.005586574240587652,1237
no_polynomial,random,4,13,0.4347826086956522,77.89999999999999,8,0.08,68,0.68,100,0.005477160145528614,1337
no_polynomial,random,4,14,0.4166666666666667,76.1,9,0.09,65,0.65,100,0.0046651233220472935,1437
no_polynomial,random,4,15,0.4,88.70000000000005,3,0.03,56,0.56,100,0.0056679043220356105,1537
no_polynomial,random,4,16,0.3846153846153846,87.30000000000005,3,0.03,70,0.7,100,0.00699827931355685,1637
no_polynomial,random,4,17,0.37037037037037035,87.5,3,0.03,68,0.68,100,0.008909507934004069,1737
no_polynomial,random,4,18,0.35714285714285715,86.50000000000001,4,0.04,58,0.58,100,0.0051577161578461525,1837
no_polynomial,random,4,19,0.3448275862068966,82.50000000000006,6,0.06,59,0.59,100,0.008142813581507653,1937
no_polynomial,random,4,20,0.3333333333333333,88.50000000000006,3,0.03,58,0.58,100,0.006619072530884296,2037
no_polynomial,random,4,21,0.3225806451612903,73.49999999999999,10,0.1,71,0.71,100,0.0071397706703282895,2137
no_polynomial,random,4,22,0.3125,74.49999999999999,10,0.1,64,0.64,100,0.006844558501616121,2237
no_polynomial,random,4,23,0.30303030303030304,83.00000000000003,6,0.06,56,0.56,100,0.006558406457770616,2337
no_polynomial,random,4,24,0.29411764705882354,82.40000000000002,6,0.06,61,0.61,100,0.0063175900047644975,2437
no_polynomial,random,4,25,0.2857142857142857,87.00000000000003,4,0.04,54,0.54,100,0.007328096411656588,2537
no_polynomial,random,4,26,0.2777777777777778,87.30000000000005,3,0.03,70,0.7,100,0.0070208242093212905,2637
no_polynomial,random,4,27,0.27027027027027023,85.40000000000003,5,0.05,49,0.49,100,0.007845013339538126,2737
no_polynomial,random,4,28,0.2631578947368421,84.70000000000002,5,0.05,57,0.57,100,0.006022756916936487,2837
no_polynomial,random,4,29,0.25641025641025644,85.30000000000004,5,0.05,51,0.51,100,0.006333480924367905,2937
no_polynomial,random,4,30,0.25,92.80000000000005,1,0.01,53,0.53,100,0.0071982941031456,3037
no_polynomial,random,4,31,0.24390243902439027,82.10000000000002,6,0.06,64,0.64,100,0.008029552723746747,3137
no_polynomial,random,4,32,0.23809523809523808,85.90000000000003,4,0.04,65,0.65,100,0.009102598242461681,3237
no_polynomial,random,4,33,0.23255813953488372,93.40000000000006,1,0.01,47,0.47,100,0.009753480730578303,3337
no_polynomial,random,4,34,0.22727272727272727,91.10000000000005,2,0.02,51,0.51,100,0.007148701080586762,3437
no_polynomial,random,4,35,0.2222222222222222,96.30000000000005,0,0.0,37,0.37,100,0.007966139991767705,3537
no_polynomial,random,4,36,0.2173913043478261,88.90000000000006,3,0.03,54,0.54,100,0.0067788096470758315,3637
no_polynomial,random,4,37,0.2127659574468085,93.70000000000005,1,0.01,44,0.44,100,0.006353425697889179,3737
no_polynomial,random,4,38,0.20833333333333334,85.60000000000002,5,0.05,49,0.49,100,0.007173900678753853,3837
no_polynomial,random,4,39,0.2040816326530612,94.10000000000002,1,0.01,40,0.4,100,0.007641493696719408,3937
no_polynomial,random,4,40,0.2,84.70000000000002,5,0.05,57,0.57,100,0.007645424876827746,4037
no_polynomial,random,4,41,0.19607843137254904,93.60000000000005,1,0.01,45,0.45,100,0.008253187767695635,4137
no_polynomial,random,4,42,0.1923076923076923,87.60000000000002,4,0.04,47,0.47,100,0.0076045557553879916,4237
no_polynomial,random,4,43,0.18867924528301888,93.70000000000007,1,0.01,44,0.44,100,0.008631165088154376,4337
no_polynomial,random,4,44,0.18518518518518517,93.80000000000003,1,0.01,43,0.43,100,0.006883964801672846,4437
no_polynomial,random,4,45,0.18181818181818182,91.00000000000001,2,0.02,52,0.52,100,0.009542840200010687,4537
no_polynomial,random,4,46,0.17857142857142858,93.30000000000007,1,0.01,48,0.48,100,0.007610356195364147,4637
no_polynomial,random,4,47,0.17543859649122806,93.10000000000005,1,0.01,50,0.5,100,0.008180124475620687,4737
no_polynomial,random,4,48,0.1724137931034483,84.50000000000003,5,0.05,59,0.59,100,0.006301935787778348,4837
no_polynomial,random,4,49,0.1694915254237288,90.9,3,0.03,33,0.33,100,0.006848309224005788,4937
no_polynomial,random,4,50,0.16666666666666666,94.80000000000004,0,0.0,52,0.52,100,0.009601873448118567,5037
no_polynomial,random,4,51,0.1639344262295082,83.30000000000001,6,0.06,52,0.52,100,0.00909374093171209,5137
no_polynomial,random,4,52,0.16129032258064516,92.40000000000008,2,0.02,37,0.37,100,0.010651243883185089,5237
no_polynomial,random,4,53,0.15873015873015872,91.10000000000007,2,0.02,50,0.5,100,0.011207515343558043,5337
no_polynomial,random,4,54,0.15625,95.90000000000003,0,0.0,41,0.41,100,0.007977243911009282,5437
no_polynomial,random,4,55,0.15384615384615385,92.50000000000006,2,0.02,37,0.37,100,0.00868483554571867,5537
no_polynomial,random,4,56,0.15151515151515152,90.90000000000006,3,0.03,34,0.34,100,0.007870140336453915,5637
no_polynomial,random,4,57,0.14925373134328357,94.60000000000001,1,0.01,35,0.35,100,0.008264981228858232,5737
no_polynomial,random,4,58,0.14705882352941177,93.60000000000004,1,0.01,44,0.44,100,0.007273166056256742,5837
no_polynomial,random,4,59,0.14492753623188406,96.10000000000008,0,0.0,39,0.39,100,0.007272562999278307,5937
no_polynomial,random,4,60,0.14285714285714285,94.00000000000004,1,0.01,41,0.41,100,0.007206552454736084,6037
no_polynomial,random,4,61,0.14084507042253522,96.60000000000005,0,0.0,34,0.34,100,0.010251765567809344,6137
no_polynomial,random,4,62,0.1388888888888889,93.10000000000005,1,0.01,50,0.5,100,0.009374488779576496,6237
no_polynomial,random,4,63,0.136986301369863,91.80000000000004,2,0.02,44,0.44,100,0.009190075136721133,6337
no_polynomial,random,4,64,0.13513513513513511,88.80000000000004,3,0.03,54,0.54,100,0.009659135853871703,6437
no_polynomial,random,4,65,0.13333333333333333,92.1000000000001,2,0.02,41,0.41,100,0.009103520764037967,6537
no_polynomial,random,4,66,0.13157894736842105,96.40000000000006,0,0.0,36,0.36,100,0.008857103302143515,6637
no_polynomial,random,4,67,0.12987012987012986,90.40000000000006,2,0.02,58,0.58,100,0.007828501360490918,6737
no_polynomial,random,4,68,0.12820512820512822,94.60000000000004,1,0.01,35,0.35,100,0.008604075191542507,6837
no_polynomial,random,4,69,0.12658227848101264,92.70000000000006,1,0.01,54,0.54,100,0.009364813121501357,6937
no_polynomial,random,4,70,0.125,92.20000000000006,2,0.02,39,0.39,100,0.007813292630016804,7037
no_polynomial,random,4,71,0.1234567901234568,95.50000000000007,0,0.0,45,0.45,100,0.008622941030189395,7137
no_polynomial,random,4,72,0.12195121951219513,93.70000000000006,1,0.01,44,0.44,100,0.00740646115038544,7237
no_polynomial,random,4,73,0.12048192771084336,91.90000000000003,2,0.02,42,0.42,100,0.007704074827488512,7337
no_polynomial,random,4,74,0.11904761904761904,95.20000000000003,0,0.0,48,0.48,100,0.007561557611916214,7437
no_polynomial,random,4,75,0.11764705882352941,89.8,3,0.03,44,0.44,100,0.014420981882140041,7537
no_polynomial,random,4,76,0.11627906976744186,92.20000000000005,2,0.02,40,0.4,100,0.007865664025302976,7637
no_polynomial,random,4,77,0.1149425287356322,95.00000000000006,0,0.0,50,0.5,100,0.008436104783322662,7737
no_polynomial,random,4,78,0.11363636363636363,90.60000000000002,3,0.03,37,0.37,100,0.008009239628445358,7837
no_polynomial,random,4,79,0.11235955056179775,95.50000000000009,0,0.0,45,0.45,100,0.0070748830074444415,7937
no_polynomial,random,4,80,0.1111111111111111,93.80000000000004,1,0.01,43,0.43,100,0.00740546959452331,8037
no_polynomial,random,4,81,0.10989010989010989,93.20000000000005,1,0.01,49,0.49,100,0.008439630712382495,8137
no_polynomial,random,4,82,0.10869565217391305,90.20000000000007,2,0.02,60,0.6,100,0.009593110345304013,8237
no_polynomial,random,4,83,0.1075268817204301,92.40000000000005,2,0.02,37,0.37,100,0.008085135172586888,8337
no_polynomial,random,4,84,0.10638297872340426,96.40000000000002,0,0.0,36,0.36,100,0.007155245558824391,8437
no_polynomial,random,4,85,0.10526315789473684,94.60000000000001,1,0.01,35,0.35,100,0.007296604777220637,8537
no_polynomial,random,4,86,0.10416666666666667,92.90000000000003,2,0.02,33,0.33,100,0.008501190084498376,8637
no_polynomial,random,4,87,0.10309278350515465,93.70000000000007,1,0.01,44,0.44,100,0.007694069871213287,8737
no_polynomial,random,4,88,0.1020408163265306,96.50000000000007,0,0.0,35,0.35,100,0.010183479408733547,8837
no_polynomial,random,4,89,0.10101010101010101,93.80000000000005,1,0.01,43,0.43,100,0.007860048003494739,8937
no_polynomial,random,4,90,0.1,95.30000000000004,1,0.01,28,0.28,100,0.007608014363795519,9037
no_polynomial,random,4,91,0.09900990099009901,92.80000000000004,2,0.02,34,0.34,100,0.00852208542637527,9137
no_polynomial,random,4,92,0.09803921568627452,96.1000000000001,0,0.0,39,0.39,100,0.009349334673024713,9237
no_polynomial,random,4,93,0.0970873786407767,96.30000000000005,0,0.0,37,0.37,100,0.00900004585739225,9337
no_polynomial,random,4,94,0.09615384615384615,94.1000000000001,1,0.01,40,0.4,100,0.009395394073799253,9437
no_polynomial,random,4,95,0.09523809523809523,94.4,1,0.01,37,0.37,100,0.007643753355368972,9537
no_polynomial,random,4,96,0.09433962264150944,90.20000000000003,3,0.03,41,0.41,100,0.008716372232884169,9637
no_polynomial,random,4,97,0.09345794392523366,93.30000000000008,1,0.01,47,0.47,100,0.008668072775471956,9737
no_polynomial,random,4,98,0.09259259259259259,89.20000000000002,4,0.04,32,0.32,100,0.01516662679379806,9837
no_polynomial,random,4,99,0.09174311926605504,91.70000000000007,2,0.02,45,0.45,100,0.00900103552499786,9937
no_polynomial,random,4,100,0.09090909090909091,93.70000000000007,1,0.01,43,0.43,100,0.008606365048326552,10037
no_polynomial,random,4,101,0.0900900900900901,94.40000000000003,1,0.01,37,0.37,100,0.008166235208045691,10137
no_polynomial,random,4,102,0.08928571428571429,92.50000000000009,2,0.02,36,0.36,100,0.0068176373583264645,10237
no_polynomial,random,4,103,0.08849557522123894,93.60000000000008,1,0.01,45,0.45,100,0.00747723538428545,10337
no_polynomial,random,4,104,0.08771929824561403,92.30000000000004,2,0.02,39,0.39,100,0.01036881458479911,10437
no_polynomial,random,4,105,0.08695652173913043,96.40000000000006,0,0.0,36,0.36,100,0.007131563238799572,10537
no_polynomial,random,4,106,0.08620689655172414,95.90000000000002,1,0.01,22,0.22,100,0.007764079258777201,10637
no_polynomial,random,4,107,0.08547008547008547,95.30000000000001,1,0.01,28,0.28,100,0.006808984428644181,10737
no_polynomial,random,4,108,0.0847457627118644,95.60000000000005,0,0.0,44,0.44,100,0.00817287818994373,10837
no_polynomial,random,4,109,0.08403361344537814,93.10000000000008,1,0.01,50,0.5,100,0.007750580469146371,10937
no_polynomial,random,4,110,0.08333333333333333,93.60000000000008,1,0.01,45,0.45,100,0.006857086168602109,11037
no_polynomial,random,4,111,0.08264462809917356,96.8,0,0.0,32,0.32,100,0.008291135621257127,11137
no_polynomial,random,4,112,0.0819672131147541,95.10000000000004,1,0.01,30,0.3,100,0.008555092965252697,11237
no_polynomial,random,4,113,0.08130081300813008,96.1000000000001,0,0.0,39,0.39,100,0.009455631882883609,11337
no_polynomial,random,4,114,0.08064516129032258,95.10000000000005,1,0.01,30,0.3,100,0.007190259280614555,11437
no_polynomial,random,4,115,0.08,96.90000000000003,0,0.0,31,0.31,100,0.007933104129042476,11537
no_polynomial,random,4,116,0.07936507936507936,97.0,0,0.0,30,0.3,100,0.007523036065977067,11637
no_polynomial,random,4,117,0.07874015748031496,92.10000000000001,3,0.03,22,0.22,100,0.00790191012667492,11737
no_polynomial,random,4,118,0.078125,97.90000000000003,0,0.0,21,0.21,100,0.008966648208443076,11837
no_polynomial,random,4,119,0.07751937984496124,94.4000000000001,1,0.01,37,0.37,100,0.008041557976976038,11937
no_polynomial,random,4,120,0.07692307692307693,96.1000000000001,0,0.0,39,0.39,100,0.007844631616026164,12037
no_polynomial,random,4,121,0.07633587786259542,97.20000000000005,0,0.0,28,0.28,100,0.007288223011419177,12137
no_polynomial,random,4,122,0.07575757575757576,95.90000000000003,0,0.0,41,0.41,100,0.008752688458189368,12237
no_polynomial,random,4,123,0.07518796992481203,97.1,0,0.0,29,0.29,100,0.008729605013504624,12337
no_polynomial,random,4,124,0.07462686567164178,96.20000000000007,0,0.0,38,0.38,100,0.008081847499124706,12437
no_polynomial,random,4,125,0.07407407407407407,94.40000000000008,1,0.01,36,0.36,100,0.00913493421394378,12537
no_polynomial,random,4,126,0.07352941176470588,95.70000000000007,0,0.0,43,0.43,100,0.008549487481359393,12637
no_polynomial,random,4,127,0.07299270072992702,93.90000000000006,1,0.01,42,0.42,100,0.007886612587608397,12737
no_polynomial,random,4,128,0.07246376811594203,96.20000000000009,0,0.0,38,0.38,100,0.008159533666912466,12837
no_polynomial,random,4,129,0.07194244604316546,96.80000000000004,0,0.0,32,0.32,100,0.010478755803778767,12937
no_polynomial,random,4,130,0.07142857142857142,96.40000000000003,0,0.0,36,0.36,100,0.007459182636812329,13037
no_polynomial,random,4,131,0.07092198581560284,92.40000000000006,2,0.02,37,0.37,100,0.007828957370948046,13137
no_polynomial,random,4,132,0.07042253521126761,92.70000000000007,2,0.02,35,0.35,100,0.011881596320308744,13237
no_polynomial,random,4,133,0.06993006993006992,94.20000000000005,1,0.01,38,0.38,100,0.008686663240659982,13337
no_polynomial,random,4,134,0.06944444444444445,97.10000000000007,0,0.0,29,0.29,100,0.007854476377833635,13437
no_polynomial,random,4,135,0.06896551724137931,95.70000000000006,0,0.0,43,0.43,100,0.008277502795681357,13537
no_polynomial,random,4,136,0.0684931506849315,92.60000000000002,2,0.02,34,0.34,100,0.010515072722919286,13637
no_polynomial,random,4,137,0.06802721088435375,96.50000000000004,0,0.0,35,0.35,100,0.009360296912491321,13737
no_polynomial,random,4,138,0.06756756756756756,94.30000000000004,1,0.01,38,0.38,100,0.008641785834915936,13837
no_polynomial,random,4,139,0.06711409395973154,87.80000000000004,5,0.05,27,0.27,100,0.007285427812021226,13937
no_polynomial,random,4,140,0.06666666666666667,96.40000000000005,0,0.0,36,0.36,100,0.006628526493441314,14037
no_polynomial,random,4,141,0.06622516556291391,96.90000000000003,0,0.0,31,0.31,100,0.008960269431117922,14137
no_polynomial,random,4,142,0.06578947368421052,93.20000000000009,1,0.01,49,0.49,100,0.007088541614357382,14237
no_polynomial,random,4,143,0.06535947712418301,95.00000000000003,1,0.01,31,0.31,100,0.00791579121723771,14337
no_polynomial,random,4,144,0.06493506493506493,93.70000000000002,2,0.02,25,0.25,100,0.007089810501784086,14437
no_polynomial,random,4,145,0.06451612903225806,92.80000000000003,2,0.02,34,0.34,100,0.007867447840981185,14537
no_polynomial,random,4,146,0.06410256410256411,97.1,0,0.0,29,0.29,100,0.0062734563159756365,14637
no_polynomial,random,4,147,0.06369426751592357,95.00000000000001,1,0.01,30,0.3,100,0.007937187051866204,14737
no_polynomial,random,4,148,0.06329113924050632,96.50000000000006,0,0.0,35,0.35,100,0.01096304425271228,14837
no_polynomial,random,4,149,0.06289308176100629,97.20000000000002,0,0.0,28,0.28,100,0.007113853427581489,14937
no_polynomial,random,4,150,0.0625,94.60000000000004,1,0.01,35,0.35,100,0.0071591990976594385,15037
no_polynomial,random,4,151,0.06211180124223602,96.70000000000006,0,0.0,33,0.33,100,0.007566833305172622,15137
no_polynomial,random,4,152,0.0617283950617284,91.50000000000007,2,0.02,47,0.47,100,0.00865103601012379,15237
no_polynomial,random,4,153,0.06134969325153374,89.10000000000004,3,0.03,52,0.52,100,0.009529391168616713,15337
no_polynomial,random,4,154,0.06097560975609757,97.20000000000005,0,0.0,28,0.28,100,0.006727158173453063,15437
no_polynomial,random,4,155,0.06060606060606061,96.00000000000006,0,0.0,40,0.4,100,0.00905544578563422,15537
no_polynomial,random,4,156,0.06024096385542168,92.60000000000004,2,0.02,36,0.36,100,0.008149085696786643,15637
no_polynomial,random,4,157,0.059880239520958084,93.9,2,0.02,22,0.22,100,0.008242421983741224,15737
no_polynomial,random,4,158,0.05952380952380952,95.5,1,0.01,26,0.26,100,0.007258842424489558,15837
no_polynomial,random,4,159,0.0591715976331361,95.30000000000007,1,0.01,28,0.28,100,0.009017941961064934,15937
no_polynomial,random,4,160,0.058823529411764705,96.70000000000002,0,0.0,33,0.33,100,0.008968288928736001,16037
no_polynomial,random,4,161,0.05847953216374269,93.40000000000003,1,0.01,47,0.47,100,0.008019345882348716,16137
no_polynomial,random,4,162,0.05813953488372093,94.19999999999999,1,0.01,38,0.38,100,0.00804177247453481,16237
no_polynomial,random,4,163,0.057803468208092484,96.9,0,0.0,31,0.31,100,0.00807840246008709,16337
no_polynomial,random,4,164,0.0574712643678161,97.50000000000001,0,0.0,25,0.25,100,0.008749738042242826,16437
no_polynomial,random,4,165,0.05714285714285714,96.40000000000006,0,0.0,36,0.36,100,0.007957128195557743,16537
no_polynomial,random,4,166,0.056818181818181816,96.00000000000006,0,0.0,40,0.4,100,0.0069511542143300175,16637
no_polynomial,random,4,167,0.05649717514124294,93.90000000000003,1,0.01,41,0.41,100,0.00842268941225484,16737
no_polynomial,random,4,168,0.056179775280898875,95.20000000000005,1,0.01,29,0.29,100,0.008421202506870031,16837
no_polynomial,random,4,169,0.0558659217877095,96.90000000000006,0,0.0,31,0.31,100,0.007737231948412955,16937
no_polynomial,random,4,170,0.05555555555555555,96.70000000000005,0,0.0,33,0.33,100,0.0067945091985166075,17037
no_polynomial,random,4,171,0.055248618784530384,96.90000000000003,0,0.0,31,0.31,100,0.008567234226502478,17137
no_polynomial,random,4,172,0.054945054945054944,94.70000000000003,1,0.01,34,0.34,100,0.009356083972379565,17237
no_polynomial,random,4,173,0.0546448087431694,96.70000000000005,0,0.0,33,0.33,100,0.007945948478300125,17337
no_polynomial,random,4,174,0.05434782608695653,97.70000000000002,0,0.0,23,0.23,100,0.008764822669327259,17437
no_polynomial,random,4,175,0.05405405405405406,93.70000000000002,1,0.01,44,0.44,100,0.01042485831072554,17537
no_polynomial,random,4,176,0.05376344086021505,97.80000000000003,0,0.0,22,0.22,100,0.008056855131871998,17637
no_polynomial,random,4,177,0.053475935828877004,95.30000000000003,1,0.01,28,0.28,100,0.010227008445654065,17737
no_polynomial,random,4,178,0.05319148936170213,97.10000000000005,0,0.0,29,0.29,100,0.00832220871001482,17837
no_polynomial,random,4,179,0.052910052910052914,96.10000000000005,0,0.0,39,0.39,100,0.0073020488233305515,17937
no_polynomial,random,4,180,0.05263157894736842,98.10000000000004,0,0.0,19,0.19,100,0.006865480572450906,18037
no_polynomial,random,4,181,0.05235602094240837,93.80000000000011,1,0.01,43,0.43,100,0.006646950538270175,18137
no_polynomial,random,4,182,0.052083333333333336,94.90000000000003,1,0.01,32,0.32,100,0.007011653063818813,18237
no_polynomial,random,4,183,0.05181347150259067,93.70000000000005,1,0.01,44,0.44,100,0.00794635385973379,18337
no_polynomial,random,4,184,0.051546391752577324,96.40000000000005,0,0.0,36,0.36,100,0.00802950509591028,18437
no_polynomial,random,4,185,0.05128205128205128,92.20000000000005,2,0.02,40,0.4,100,0.006569232065230608,18537
no_polynomial,random,4,186,0.0510204081632653,97.00000000000003,0,0.0,30,0.3,100,0.00783297949237749,18637
no_polynomial,random,4,187,0.050761421319796954,97.70000000000003,0,0.0,23,0.23,100,0.007100741053000093,18737
no_polynomial,random,4,188,0.050505050505050504,93.80000000000001,2,0.02,24,0.24,100,0.007191757478285581,18837
no_polynomial,random,4,189,0.05025125628140704,95.80000000000001,1,0.01,23,0.23,100,0.0072006470942869785,18937
no_polynomial,random,4,190,0.05,92.60000000000005,2,0.02,35,0.35,100,0.008184590714517982,19037
no_polynomial,random,4,191,0.04975124378109452,96.70000000000003,0,0.0,33,0.33,100,0.008035295547451825,19137
no_polynomial,random,4,192,0.04950495049504951,97.40000000000006,0,0.0,26,0.26,100,0.006360248203855008,19237
no_polynomial,random,4,193,0.04926108374384236,97.70000000000005,0,0.0,23,0.23,100,0.009453743298072368,19337
no_polynomial,random,4,194,0.04901960784313726,98.30000000000004,0,0.0,17,0.17,100,0.007209303823765367,19437
no_polynomial,random,4,195,0.04878048780487805,97.30000000000001,0,0.0,27,0.27,100,0.0071296640508808195,19537
no_polynomial,random,4,196,0.04854368932038835,95.90000000000002,0,0.0,41,0.41,100,0.006505816513672471,19637
no_polynomial,random,4,197,0.04830917874396135,96.80000000000003,0,0.0,32,0.32,100,0.008664220854407177,19737
no_polynomial,random,4,198,0.04807692307692307,97.60000000000004,0,0.0,24,0.24,100,0.0083495519682765,19837
no_polynomial,random,4,199,0.04784688995215311,97.60000000000002,0,0.0,24,0.24,100,0.00948851415887475,19937
no_polynomial,random,5,0,1.0,73.79999999999998,9,0.09,91,0.91,100,0.19336625138247335,37
no_polynomial,random,5,1,0.9090909090909091,66.39999999999995,13,0.13,85,0.85,100,0.04034878998994827,137
no_polynomial,random,5,2,0.8333333333333334,65.09999999999994,14,0.14,82,0.82,100,0.01968309486284852,237
no_polynomial,random,5,3,0.7692307692307692,75.69999999999999,8,0.08,91,0.91,100,0.021906122704967855,337
no_polynomial,random,5,4,0.7142857142857143,72.09999999999998,10,0.1,86,0.86,100,0.010830970206297934,437
no_polynomial,random,5,5,0.6666666666666666,80.40000000000003,6,0.06,80,0.8,100,0.007309743934310973,537
no_polynomial,random,5,6,0.625,76.5,8,0.08,82,0.82,100,0.004525768663734197,637
no_polynomial,random,5,7,0.5882352941176471,82.40000000000002,5,0.05,81,0.81,100,0.004768567981664092,737
no_polynomial,random,5,8,0.5555555555555556,88.30000000000007,2,0.02,79,0.79,100,0.0036908506229519846,837
no_polynomial,random,5,9,0.5263157894736842,77.3,8,0.08,73,0.73,100,0.004181911903433502,937
no_polynomial,random,5,10,0.5,85.70000000000005,3,0.03,86,0.86,100,0.004705757712945342,1037
no_polynomial,random,5,11,0.47619047619047616,83.30000000000003,5,0.05,71,0.71,100,0.00511719738598913,1137
no_polynomial,random,5,12,0.45454545454545453,88.30000000000008,2,0.02,79,0.79,100,0.005964689662214369,1237
no_polynomial,random,5,13,0.4347826086956522,81.00000000000003,6,0.06,75,0.75,100,0.007169588638935238,1337
no_polynomial,random,5,14,0.4166666666666667,85.40000000000002,4,0.04,69,0.69,100,0.006242089588195086,1437
no_polynomial,random,5,15,0.4,81.1,6,0.06,74,0.74,100,0.005131825292482972,1537
no_polynomial,random,5,16,0.3846153846153846,85.30000000000003,4,0.04,70,0.7,100,0.004784651275258511,1637
no_polynomial,random,5,17,0.37037037037037035,82.60000000000004,5,0.05,78,0.78,100,0.006815424889791757,1737
no_polynomial,random,5,18,0.35714285714285715,87.00000000000001,3,0.03,72,0.72,100,0.004775973041541874,1837
no_polynomial,random,5,19,0.3448275862068966,86.80000000000005,3,0.03,74,0.74,100,0.004773579479660839,1937
no_polynomial,random,5,20,0.3333333333333333,80.69999999999999,7,0.07,59,0.59,100,0.006449120400939137,2037
no_polynomial,random,5,21,0.3225806451612903,77.79999999999998,8,0.08,70,0.7,100,0.004885611706413329,2137
no_polynomial,random,5,22,0.3125,77.10000000000002,8,0.08,76,0.76,100,0.006477998890914023,2237
no_polynomial,random,5,23,0.30303030303030304,82.70000000000005,6,0.06,58,0.58,100,0.005621670598629862,2337
no_polynomial,random,5,24,0.29411764705882354,86.29999999999998,4,0.04,61,0.61,100,0.005549818184226752,2437
no_polynomial,random,5,25,0.2857142857142857,85.80000000000001,4,0.04,66,0.66,100,0.0054031167435459795,2537
no_polynomial,random,5,26,0.2777777777777778,81.40000000000002,7,0.07,52,0.52,100,0.0067887182882986966,2637
no_polynomial,random,5,27,0.27027027027027023,90.70000000000005,2,0.02,55,0.55,100,0.007655790576245635,2737
no_polynomial,random,5,28,0.2631578947368421,90.40000000000003,2,0.02,58,0.58,100,0.007433476250153035,2837
no_polynomial,random,5,29,0.25641025641025644,90.50000000000003,2,0.02,56,0.56,100,0.00889478622470051,2937
no_polynomial,random,5,30,0.25,92.30000000000004,1,0.01,58,0.58,100,0.006800792659632861,3037
no_polynomial,random,5,31,0.24390243902439027,85.80000000000005,5,0.05,45,0.45,100,0.007074175460729748,3137
no_polynomial,random,5,32,0.23809523809523808,91.20000000000005,2,0.02,49,0.49,100,0.007534717454109341,3237
no_polynomial,random,5,33,0.23255813953488372,84.69999999999997,5,0.05,57,0.57,100,0.00848143626237288,3337
no_polynomial,random,5,34,0.22727272727272727,90.50000000000004,2,0.02,57,0.57,100,0.010936186015605927,3437
no_polynomial,random,5,35,0.2222222222222222,93.80000000000005,1,0.01,43,0.43,100,0.011985303261317313,3537
no_polynomial,random,5,36,0.2173913043478261,88.30000000000004,3,0.03,59,0.59,100,0.009916536358650774,3637
no_polynomial,random,5,37,0.2127659574468085,91.70000000000007,2,0.02,45,0.45,100,0.01017813834361732,3737
no_polynomial,random,5,38,0.20833333333333334,90.50000000000001,2,0.02,57,0.57,100,0.00763018008787185,3837
no_polynomial,random,5,39,0.2040816326530612,88.20000000000007,3,0.03,61,0.61,100,0.009894502754323185,3937
no_polynomial,random,5,40,0.2,91.00000000000006,2,0.02,52,0.52,100,0.009251357587054372,4037
no_polynomial,random,5,41,0.19607843137254904,87.90000000000003,3,0.03,64,0.64,100,0.00829182643443346,4137
no_polynomial,random,5,42,0.1923076923076923,89.20000000000003,3,0.03,51,0.51,100,0.009717668127268552,4237
no_polynomial,random,5,43,0.18867924528301888,94.20000000000002,0,0.0,58,0.58,100,0.009550835867412389,4337
no_polynomial,random,5,44,0.18518518518518517,91.6000000000001,2,0.02,46,0.46,100,0.0074880427308380605,4437
no_polynomial,random,5,45,0.18181818181818182,92.89999999999999,1,0.01,52,0.52,100,0.008042039298452437,4537
no_polynomial,random,5,46,0.17857142857142858,90.50000000000003,2,0.02,57,0.57,100,0.00909096552990377,4637
no_polynomial,random,5,47,0.17543859649122806,81.90000000000003,6,0.06,67,0.67,100,0.009592085308395327,4737
no_polynomial,random,5,48,0.1724137931034483,94.6,1,0.01,35,0.35,100,0.010600968804210424,4837
no_polynomial,random,5,49,0.1694915254237288,97.20000000000005,0,0.0,28,0.28,100,0.00981056657154113,4937
no_polynomial,random,5,50,0.16666666666666666,89.40000000000006,3,0.03,49,0.49,100,0.009733504606410861,5037
no_polynomial,random,5,51,0.1639344262295082,91.10000000000001,2,0.02,51,0.51,100,0.010532139241695404,5137
no_polynomial,random,5,52,0.16129032258064516,89.80000000000004,3,0.03,45,0.45,100,0.009285552557557822,5237
no_polynomial,random,5,53,0.15873015873015872,93.70000000000002,1,0.01,43,0.43,100,0.009778554532676936,5337
no_polynomial,random,5,54,0.15625,87.80000000000004,4,0.04,46,0.46,100,0.008972417679615319,5437
no_polynomial,random,5,55,0.15384615384615385,89.10000000000002,3,0.03,52,0.52,100,0.009510773895308376,5537
no_polynomial,random,5,56,0.15151515151515152,87.2,4,0.04,52,0.52,100,0.008403624072670937,5637
no_polynomial,random,5,57,0.14925373134328357,94.50000000000007,1,0.01,36,0.36,100,0.008921787878498434,5737
no_polynomial,random,5,58,0.14705882352941177,93.40000000000008,1,0.01,47,0.47,100,0.008949573077261448,5837
no_polynomial,random,5,59,0.14492753623188406,97.20000000000003,0,0.0,28,0.28,100,0.010508025141898542,5937
no_polynomial,random,5,60,0.14285714285714285,89.10000000000005,3,0.03,51,0.51,100,0.010226008505560458,6037
no_polynomial,random,5,61,0.14084507042253522,94.9,1,0.01,31,0.31,100,0.009518709760159253,6137
no_polynomial,random,5,62,0.1388888888888889,90.9,3,0.03,33,0.33,100,0.010288515230640768,6237
no_polynomial,random,5,63,0.136986301369863,94.60000000000005,1,0.01,35,0.35,100,0.008204334306064993,6337
no_polynomial,random,5,64,0.13513513513513511,91.70000000000007,2,0.02,45,0.45,100,0.008078162467572838,6437
no_polynomial,random,5,65,0.13333333333333333,92.80000000000004,1,0.01,53,0.53,100,0.007874535112641752,6537
no_polynomial,random,5,66,0.13157894736842105,92.30000000000011,1,0.01,58,0.58,100,0.00989295877981931,6637
no_polynomial,random,5,67,0.12987012987012986,91.69999999999999,2,0.02,45,0.45,100,0.009498752420768142,6737
no_polynomial,random,5,68,0.12820512820512822,92.2,2,0.02,40,0.4,100,0.008341692166868597,6837
no_polynomial,random,5,69,0.12658227848101264,90.10000000000004,3,0.03,42,0.42,100,0.007868069063406438,6937
no_polynomial,random,5,70,0.125,93.80000000000007,1,0.01,43,0.43,100,0.008142182810697705,7037
no_polynomial,random,5,71,0.1234567901234568,94.90000000000005,0,0.0,51,0.51,100,0.008554542767815292,7137
no_polynomial,random,5,72,0.12195121951219513,92.00000000000003,2,0.02,42,0.42,100,0.009503435650840402,7237
no_polynomial,random,5,73,0.12048192771084336,85.80000000000007,5,0.05,47,0.47,100,0.00965705341193825,7337
no_polynomial,random,5,74,0.11904761904761904,95.80000000000004,0,0.0,42,0.42,100,0.008761050964239984,7437
no_polynomial,random,5,75,0.11764705882352941,93.90000000000003,1,0.01,42,0.42,100,0.008769752741791308,7537
no_polynomial,random,5,76,0.11627906976744186,95.4,1,0.01,27,0.27,100,0.010965856574475765,7637
no_polynomial,random,5,77,0.1149425287356322,95.00000000000003,1,0.01,31,0.31,100,0.009373041810467839,7737
no_polynomial,random,5,78,0.11363636363636363,93.60000000000005,1,0.01,45,0.45,100,0.011731620421633124,7837
no_polynomial,random,5,79,0.11235955056179775,90.10000000000005,3,0.03,42,0.42,100,0.007826751752290875,7937
no_polynomial,random,5,80,0.1111111111111111,92.00000000000003,2,0.02,42,0.42,100,0.010347708656918258,8037
no_polynomial,random,5,81,0.10989010989010989,89.80000000000001,3,0.03,45,0.45,100,0.008606935096904635,8137
no_polynomial,random,5,82,0.10869565217391305,92.90000000000006,2,0.02,32,0.32,100,0.01078894266858697,8237
no_polynomial,random,5,83,0.1075268817204301,95.10000000000008,0,0.0,49,0.49,100,0.00957671741489321,8337
no_polynomial,random,5,84,0.10638297872340426,94.5,1,0.01,35,0.35,100,0.009826055355370044,8437
no_polynomial,random,5,85,0.10526315789473684,93.0000000000001,1,0.01,51,0.51,100,0.008230841688346117,8537
no_polynomial,random,5,86,0.10416666666666667,95.00000000000001,1,0.01,31,0.31,100,0.008847200565505774,8637
no_polynomial,random,5,87,0.10309278350515465,90.4,3,0.03,39,0.39,100,0.008125373602379114,8737
no_polynomial,random,5,88,0.1020408163265306,96.50000000000003,0,0.0,35,0.35,100,0.007746816836297512,8837
no_polynomial,random,5,89,0.10101010101010101,95.90000000000005,0,0.0,41,0.41,100,0.008223592203576118,8937
no_polynomial,random,5,90,0.1,96.70000000000002,0,0.0,33,0.33,100,0.007852220523636788,9037
no_polynomial,random,5,91,0.09900990099009901,91.20000000000007,2,0.02,50,0.5,100,0.007415427351370454,9137
no_polynomial,random,5,92,0.09803921568627452,95.80000000000003,0,0.0,42,0.42,100,0.008327778931707143,9237
no_polynomial,random,5,93,0.0970873786407767,96.70000000000005,0,0.0,33,0.33,100,0.008509571787435562,9337
no_polynomial,random,5,94,0.09615384615384615,88.00000000000006,4,0.04,43,0.43,100,0.008512437627650797,9437
no_polynomial,random,5,95,0.09523809523809523,88.90000000000009,3,0.03,53,0.53,100,0.009334301589988173,9537
no_polynomial,random,5,96,0.09433962264150944,91.40000000000005,2,0.02,48,0.48,100,0.008689392118249088,9637
no_polynomial,random,5,97,0.09345794392523366,94.80000000000007,0,0.0,52,0.52,100,0.008005736600607634,9737
no_polynomial,random,5,98,0.09259259259259259,96.50000000000003,0,0.0,35,0.35,100,0.00930996898561716,9837
no_polynomial,random,5,99,0.09174311926605504,96.60000000000002,0,0.0,34,0.34,100,0.007216995507478714,9937
no_polynomial,random,5,100,0.09090909090909091,91.50000000000006,2,0.02,47,0.47,100,0.010591613468714059,10037
no_polynomial,random,5,101,0.0900900900900901,93.80000000000001,1,0.01,43,0.43,100,0.008525658755097539,10137
no_polynomial,random,5,102,0.08928571428571429,96.80000000000005,0,0.0,32,0.32,100,0.007901239942293614,10237
no_polynomial,random,5,103,0.08849557522123894,89.80000000000004,3,0.03,45,0.45,100,0.009798920559696854,10337
no_polynomial,random,5,104,0.08771929824561403,94.60000000000004,1,0.01,34,0.34,100,0.008350214667152613,10437
no_polynomial,random,5,105,0.08695652173913043,95.9,0,0.0,41,0.41,100,0.008054439534898847,10537
no_polynomial,random,5,106,0.08620689655172414,96.2000000000001,0,0.0,38,0.38,100,0.010234681884758174,10637
no_polynomial,random,5,107,0.08547008547008547,93.00000000000003,2,0.02,32,0.32,100,0.008293178961612285,10737
no_polynomial,random,5,108,0.0847457627118644,94.80000000000004,1,0.01,33,0.33,100,0.008006579692009836,10837
no_polynomial,random,5,109,0.08403361344537814,94.40000000000006,1,0.01,37,0.37,100,0.007599557188805193,10937
no_polynomial,random,5,110,0.08333333333333333,92.00000000000004,2,0.02,41,0.41,100,0.00763563608052209,11037
no_polynomial,random,5,111,0.08264462809917356,91.80000000000001,2,0.02,44,0.44,100,0.007874764061998576,11137
no_polynomial,random,5,112,0.0819672131147541,93.90000000000009,1,0.01,42,0.42,100,0.010934312602039427,11237
no_polynomial,random,5,113,0.08130081300813008,92.00000000000001,2,0.02,42,0.42,100,0.009184096825774759,11337
no_polynomial,random,5,114,0.08064516129032258,96.70000000000005,0,0.0,33,0.33,100,0.00819312762701884,11437
no_polynomial,random,5,115,0.08,97.10000000000008,0,0.0,29,0.29,100,0.009272992792539299,11537
no_polynomial,random,5,116,0.07936507936507936,97.60000000000004,0,0.0,24,0.24,100,0.011424960196018219,11637
no_polynomial,random,5,117,0.07874015748031496,96.10000000000004,0,0.0,39,0.39,100,0.007644387977197766,11737
no_polynomial,random,5,118,0.078125,92.50000000000003,2,0.02,36,0.36,100,0.007421462666243315,11837
no_polynomial,random,5,119,0.07751937984496124,97.60000000000004,0,0.0,24,0.24,100,0.007722151088528335,11937
no_polynomial,random,5,120,0.07692307692307693,93.70000000000007,1,0.01,44,0.44,100,0.00783590777311474,12037
no_polynomial,random,5,121,0.07633587786259542,95.70000000000003,1,0.01,24,0.24,100,0.007844870826229453,12137
no_polynomial,random,5,122,0.07575757575757576,97.1,0,0.0,29,0.29,100,0.006045190484728664,12237
no_polynomial,random,5,123,0.07518796992481203,96.10000000000004,0,0.0,39,0.39,100,0.008427667412906886,12337
no_polynomial,random,5,124,0.07462686567164178,96.10000000000005,0,0.0,39,0.39,100,0.007997124483808874,12437
no_polynomial,random,5,125,0.07407407407407407,94.40000000000006,1,0.01,37,0.37,100,0.010021100817248225,12537
no_polynomial,random,5,126,0.07352941176470588,96.50000000000004,0,0.0,35,0.35,100,0.011017738548107446,12637
no_polynomial,random,5,127,0.07299270072992702,92.10000000000002,2,0.02,41,0.41,100,0.011449016751721502,12737
no_polynomial,random,5,128,0.07246376811594203,95.00000000000004,0,0.0,50,0.5,100,0.009942588075064122,12837
no_polynomial,random,5,129,0.07194244604316546,95.40000000000003,1,0.01,27,0.27,100,0.008779768431559205,12937
no_polynomial,random,5,130,0.07142857142857142,97.30000000000005,0,0.0,27,0.27,100,0.008442888513673096,13037
no_polynomial,random,5,131,0.07092198581560284,90.00000000000003,3,0.03,43,0.43,100,0.008494171549100428,13137
no_polynomial,random,5,132,0.07042253521126761,95.10000000000004,1,0.01,29,0.29,100,0.007960501397028565,13237
no_polynomial,random,5,133,0.06993006993006992,93.60000000000001,1,0.01,45,0.45,100,0.008039846962783486,13337
no_polynomial,random,5,134,0.06944444444444445,97.4,0,0.0,26,0.26,100,0.008796759736724198,13437
no_polynomial,random,5,135,0.06896551724137931,95.70000000000003,1,0.01,24,0.24,100,0.008525677665602416,13537
no_polynomial,random,5,136,0.0684931506849315,96.50000000000003,0,0.0,35,0.35,100,0.008648836389183998,13637
no_polynomial,random,5,137,0.06802721088435375,96.7000000000001,0,0.0,33,0.33,100,0.008367967347148807,13737
no_polynomial,random,5,138,0.06756756756756756,96.60000000000004,0,0.0,34,0.34,100,0.007468118187971413,13837
no_polynomial,random,5,139,0.06711409395973154,97.40000000000006,0,0.0,26,0.26,100,0.008721123971045018,13937
no_polynomial,random,5,140,0.06666666666666667,92.70000000000003,2,0.02,34,0.34,100,0.007709023668430745,14037
no_polynomial,random,5,141,0.06622516556291391,92.30000000000005,2,0.02,38,0.38,100,0.00841890153940767,14137
no_polynomial,random,5,142,0.06578947368421052,95.60000000000005,1,0.01,25,0.25,100,0.007809339091181755,14237
no_polynomial,random,5,143,0.06535947712418301,93.10000000000004,1,0.01,50,0.5,100,0.00923108374932781,14337
no_polynomial,random,5,144,0.06493506493506493,93.30000000000003,1,0.01,48,0.48,100,0.008064595807809383,14437
no_polynomial,random,5,145,0.06451612903225806,93.40000000000003,1,0.01,47,0.47,100,0.007827494009397924,14537
no_polynomial,random,5,146,0.06410256410256411,94.90000000000003,1,0.01,32,0.32,100,0.007754977985750883,14637
no_polynomial,random,5,147,0.06369426751592357,96.50000000000006,0,0.0,35,0.35,100,0.008305494673550129,14737
no_polynomial,random,5,148,0.06329113924050632,96.90000000000006,0,0.0,31,0.31,100,0.006895479392260313,14837
no_polynomial,random,5,149,0.06289308176100629,91.30000000000004,2,0.02,49,0.49,100,0.008864413872361183,14937
no_polynomial,random,5,150,0.0625,97.30000000000005,0,0.0,27,0.27,100,0.009291484896093606,15037
no_polynomial,random,5,151,0.06211180124223602,96.50000000000004,0,0.0,35,0.35,100,0.01124710271600634,15137
no_polynomial,random,5,152,0.0617283950617284,96.40000000000005,0,0.0,36,0.36,100,0.00810631676344201,15237
no_polynomial,random,5,153,0.06134969325153374,93.30000000000007,1,0.01,48,0.48,100,0.010395116433501243,15337
no_polynomial,random,5,154,0.06097560975609757,96.0,1,0.01,20,0.2,100,0.009392719967290759,15437
no_polynomial,random,5,155,0.06060606060606061,95.80000000000001,1,0.01,23,0.23,100,0.009344307095743716,15537
no_polynomial,random,5,156,0.06024096385542168,95.20000000000007,1,0.01,29,0.29,100,0.00822614036500454,15637
no_polynomial,random,5,157,0.059880239520958084,94.50000000000006,1,0.01,36,0.36,100,0.00808124017668888,15737
no_polynomial,random,5,158,0.05952380952380952,97.80000000000003,0,0.0,22,0.22,100,0.008220185842365026,15837
no_polynomial,random,5,159,0.0591715976331361,96.50000000000006,0,0.0,35,0.35,100,0.008368277917616069,15937
no_polynomial,random,5,160,0.058823529411764705,92.60000000000002,2,0.02,36,0.36,100,0.007761660371907056,16037
no_polynomial,random,5,161,0.05847953216374269,95.20000000000006,0,0.0,48,0.48,100,0.007366160836536437,16137
no_polynomial,random,5,162,0.05813953488372093,92.1,2,0.02,41,0.41,100,0.008871741008479149,16237
no_polynomial,random,5,163,0.057803468208092484,95.89999999999999,1,0.01,22,0.22,100,0.007347974453587085,16337
no_polynomial,random,5,164,0.0574712643678161,94.50000000000007,1,0.01,36,0.36,100,0.007663800208829344,16437
no_polynomial,random,5,165,0.05714285714285714,96.10000000000005,0,0.0,39,0.39,100,0.008511940895114095,16537
no_polynomial,random,5,166,0.056818181818181816,94.90000000000005,1,0.01,32,0.32,100,0.00862421999219805,16637
no_polynomial,random,5,167,0.05649717514124294,93.60000000000005,1,0.01,45,0.45,100,0.008248286754824221,16737
no_polynomial,random,5,168,0.056179775280898875,97.40000000000002,0,0.0,26,0.26,100,0.009167852513492107,16837
no_polynomial,random,5,169,0.0558659217877095,97.80000000000004,0,0.0,22,0.22,100,0.008102039694786073,16937
no_polynomial,random,5,170,0.05555555555555555,93.70000000000002,2,0.02,25,0.25,100,0.007468413210008293,17037
no_polynomial,random,5,171,0.055248618784530384,96.0000000000001,0,0.0,40,0.4,100,0.008244405221194028,17137
no_polynomial,random,5,172,0.054945054945054944,95.90000000000003,0,0.0,41,0.41,100,0.007824304203968496,17237
no_polynomial,random,5,173,0.0546448087431694,96.90000000000003,0,0.0,31,0.31,100,0.00864354990888387,17337
no_polynomial,random,5,174,0.05434782608695653,95.60000000000005,0,0.0,44,0.44,100,0.008018029078375549,17437
no_polynomial,random,5,175,0.05405405405405406,95.00000000000006,1,0.01,31,0.31,100,0.00778117063920945,17537
no_polynomial,random,5,176,0.05376344086021505,93.60000000000004,2,0.02,26,0.26,100,0.007943278597667813,17637
no_polynomial,random,5,177,0.053475935828877004,97.20000000000007,0,0.0,28,0.28,100,0.006719124870141968,17737
no_polynomial,random,5,178,0.05319148936170213,96.00000000000003,1,0.01,21,0.21,100,0.00801149771315977,17837
no_polynomial,random,5,179,0.052910052910052914,93.80000000000003,2,0.02,22,0.22,100,0.0071998685086146,17937
no_polynomial,random,5,180,0.05263157894736842,94.70000000000005,1,0.01,34,0.34,100,0.007710114023648202,18037
no_polynomial,random,5,181,0.05235602094240837,95.20000000000005,1,0.01,29,0.29,100,0.008202926674857735,18137
no_polynomial,random,5,182,0.052083333333333336,96.70000000000003,0,0.0,33,0.33,100,0.009159809255506843,18237
no_polynomial,random,5,183,0.05181347150259067,95.40000000000002,1,0.01,27,0.27,100,0.007680530156940222,18337
no_polynomial,random,5,184,0.051546391752577324,95.20000000000005,1,0.01,29,0.29,100,0.007881408408284187,18437
no_polynomial,random,5,185,0.05128205128205128,97.30000000000004,0,0.0,27,0.27,100,0.0074876325041987,18537
no_polynomial,random,5,186,0.0510204081632653,96.40000000000003,0,0.0,36,0.36,100,0.008444367519114166,18637
no_polynomial,random,5,187,0.050761421319796954,94.30000000000004,1,0.01,38,0.38,100,0.008501411499455571,18737
no_polynomial,random,5,188,0.050505050505050504,94.5,1,0.01,36,0.36,100,0.007611219577956945,18837
no_polynomial,random,5,189,0.05025125628140704,96.60000000000002,0,0.0,34,0.34,100,0.007328409331385046,18937
no_polynomial,random,5,190,0.05,91.20000000000002,3,0.03,31,0.31,100,0.008957599797286093,19037
no_polynomial,random,5,191,0.04975124378109452,97.10000000000005,0,0.0,29,0.29,100,0.007279992294497788,19137
no_polynomial,random,5,192,0.04950495049504951,97.60000000000002,0,0.0,24,0.24,100,0.00789025228470564,19237
no_polynomial,random,5,193,0.04926108374384236,95.60000000000002,1,0.01,25,0.25,100,0.008477517606224864,19337
no_polynomial,random,5,194,0.04901960784313726,95.20000000000005,1,0.01,29,0.29,100,0.007903281152248382,19437
no_polynomial,random,5,195,0.04878048780487805,96.60000000000007,0,0.0,34,0.34,100,0.008238995701540262,19537
no_polynomial,random,5,196,0.04854368932038835,95.20000000000006,1,0.01,29,0.29,100,0.0076974738901481035,19637
no_polynomial,random,5,197,0.04830917874396135,93.40000000000005,2,0.02,27,0.27,100,0.007602697554975748,19737
no_polynomial,random,5,198,0.04807692307692307,96.80000000000005,0,0.0,32,0.32,100,0.007915474043693393,19837
no_polynomial,random,5,199,0.04784688995215311,96.10000000000004,0,0.0,39,0.39,100,0.00943690241780132,19937
no_polynomial,random,6,0,1.0,72.39999999999998,10,0.1,83,0.83,100,0.1302715175206194,37
no_polynomial,random,6,1,0.9090909090909091,72.59999999999998,10,0.1,80,0.8,100,0.04828061260282993,137
no_polynomial,random,6,2,0.8333333333333334,72.3,10,0.1,84,0.84,100,0.033708331547677516,237
no_polynomial,random,6,3,0.7692307692307692,59.39999999999995,17,0.17,82,0.82,100,0.019476305050775407,337
no_polynomial,random,6,4,0.7142857142857143,70.79999999999997,11,0.11,82,0.82,100,0.012076385049149395,437
no_polynomial,random,6,5,0.6666666666666666,80.30000000000004,6,0.06,80,0.8,100,0.007560954089276492,537
no_polynomial,random,6,6,0.625,70.29999999999998,11,0.11,86,0.86,100,0.006089612252544611,637
no_polynomial,random,6,7,0.5882352941176471,76.69999999999999,8,0.08,81,0.81,100,0.0056923628994263705,737
no_polynomial,random,6,8,0.5555555555555556,80.80000000000003,6,0.06,78,0.78,100,0.00499698230298236,837
no_polynomial,random,6,9,0.5263157894736842,74.7,9,0.09,80,0.8,100,0.00407673635520041,937
no_polynomial,random,6,10,0.5,82.80000000000004,5,0.05,77,0.77,100,0.004855619000736624,1037
no_polynomial,random,6,11,0.47619047619047616,84.70000000000007,4,0.04,76,0.76,100,0.006443955744616687,1137
no_polynomial,random,6,12,0.45454545454545453,82.40000000000002,5,0.05,81,0.81,100,0.006249379715882242,1237
no_polynomial,random,6,13,0.4347826086956522,79.1,7,0.07,76,0.76,100,0.006058366224169731,1337
no_polynomial,random,6,14,0.4166666666666667,80.50000000000003,7,0.07,62,0.62,100,0.005519794900901615,1437
no_polynomial,random,6,15,0.4,83.80000000000004,5,0.05,66,0.66,100,0.007305643917061388,1537
no_polynomial,random,6,16,0.3846153846153846,86.40000000000006,4,0.04,60,0.6,100,0.005184140908531845,1637
no_polynomial,random,6,17,0.37037037037037035,84.40000000000005,5,0.05,60,0.6,100,0.0047602966637350615,1737
no_polynomial,random,6,18,0.35714285714285715,85.20000000000005,4,0.04,70,0.7,100,0.007192162340506911,1837
no_polynomial,random,6,19,0.3448275862068966,90.40000000000006,2,0.02,58,0.58,100,0.006308342784177512,1937
no_polynomial,random,6,20,0.3333333333333333,88.30000000000008,3,0.03,60,0.6,100,0.006666564468760044,2037
no_polynomial,random,6,21,0.3225806451612903,88.40000000000006,3,0.03,59,0.59,100,0.008069337198976427,2137
no_polynomial,random,6,22,0.3125,87.90000000000002,3,0.03,63,0.63,100,0.0070673807780258354,2237
no_polynomial,random,6,23,0.30303030303030304,90.80000000000004,2,0.02,53,0.53,100,0.0074385157483629885,2337
no_polynomial,random,6,24,0.29411764705882354,89.80000000000005,2,0.02,64,0.64,100,0.007860306771472097,2437
no_polynomial,random,6,25,0.2857142857142857,89.0000000000001,3,0.03,53,0.53,100,0.0073499887995421885,2537
no_polynomial,random,6,26,0.2777777777777778,90.40000000000006,2,0.02,58,0.58,100,0.007854397443588823,2637
no_polynomial,random,6,27,0.27027027027027023,82.70000000000005,6,0.06,59,0.59,100,0.006879494846798479,2737
no_polynomial,random,6,28,0.2631578947368421,90.30000000000005,2,0.02,59,0.59,100,0.007395150423981249,2837
no_polynomial,random,6,29,0.25641025641025644,90.30000000000004,2,0.02,59,0.59,100,0.008762829480692744,2937
no_polynomial,random,6,30,0.25,91.00000000000004,2,0.02,51,0.51,100,0.007572715415153653,3037
no_polynomial,random,6,31,0.24390243902439027,88.30000000000008,3,0.03,60,0.6,100,0.0080411062319763,3137
no_polynomial,random,6,32,0.23809523809523808,88.50000000000003,3,0.03,58,0.58,100,0.008235193321015686,3237
no_polynomial,random,6,33,0.23255813953488372,93.60000000000004,1,0.01,44,0.44,100,0.00781264920020476,3337
no_polynomial,random,6,34,0.22727272727272727,92.30000000000007,1,0.01,58,0.58,100,0.00922317497432232,3437
no_polynomial,random,6,35,0.2222222222222222,92.10000000000004,2,0.02,41,0.41,100,0.007349516514223069,3537
no_polynomial,random,6,36,0.2173913043478261,85.10000000000007,5,0.05,53,0.53,100,0.00785375632578507,3637
no_polynomial,random,6,37,0.2127659574468085,90.39999999999999,3,0.03,39,0.39,100,0.008259556125849485,3737
no_polynomial,random,6,38,0.20833333333333334,90.00000000000004,3,0.03,43,0.43,100,0.008055798273999245,3837
no_polynomial,random,6,39,0.2040816326530612,92.10000000000002,2,0.02,41,0.41,100,0.008839505217038095,3937
no_polynomial,random,6,40,0.2,92.00000000000007,2,0.02,42,0.42,100,0.008503064201213419,4037
no_polynomial,random,6,41,0.19607843137254904,96.20000000000005,0,0.0,38,0.38,100,0.006039171174634248,4137
no_polynomial,random,6,42,0.1923076923076923,93.60000000000001,1,0.01,45,0.45,100,0.007673465390689671,4237
no_polynomial,random,6,43,0.18867924528301888,92.30000000000004,2,0.02,38,0.38,100,0.008490016283467412,4337
no_polynomial,random,6,44,0.18518518518518517,93.10000000000005,1,0.01,50,0.5,100,0.008408929805736988,4437
no_polynomial,random,6,45,0.18181818181818182,88.70000000000002,3,0.03,54,0.54,100,0.0091468369634822,4537
no_polynomial,random,6,46,0.17857142857142858,93.60000000000008,1,0.01,45,0.45,100,0.007494408837519586,4637
no_polynomial,random,6,47,0.17543859649122806,85.50000000000006,4,0.04,67,0.67,100,0.00825853924266994,4737
no_polynomial,random,6,48,0.1724137931034483,88.10000000000005,3,0.03,62,0.62,100,0.007572307900991291,4837
no_polynomial,random,6,49,0.1694915254237288,95.80000000000008,0,0.0,42,0.42,100,0.006661673183552921,4937
no_polynomial,random,6,50,0.16666666666666666,93.60000000000007,1,0.01,45,0.45,100,0.0063965838239528235,5037
no_polynomial,random,6,51,0.1639344262295082,83.40000000000002,6,0.06,52,0.52,100,0.0077611321629956365,5137
no_polynomial,random,6,52,0.16129032258064516,95.10000000000007,0,0.0,49,0.49,100,0.009989312505349518,5237
no_polynomial,random,6,53,0.15873015873015872,93.39999999999999,1,0.01,47,0.47,100,0.007568037353921682,5337
no_polynomial,random,6,54,0.15625,87.30000000000005,4,0.04,51,0.51,100,0.010281189335510135,5437
no_polynomial,random,6,55,0.15384615384615385,93.80000000000005,1,0.01,43,0.43,100,0.0077567098219878975,5537
no_polynomial,random,6,56,0.15151515151515152,94.20000000000005,1,0.01,39,0.39,100,0.008021565254312009,5637
no_polynomial,random,6,57,0.14925373134328357,95.90000000000002,0,0.0,41,0.41,100,0.007710185777395964,5737
no_polynomial,random,6,58,0.14705882352941177,89.3,3,0.03,49,0.49,100,0.007475512009114027,5837
no_polynomial,random,6,59,0.14492753623188406,94.80000000000007,0,0.0,52,0.52,100,0.007916126283816993,5937
no_polynomial,random,6,60,0.14285714285714285,92.69999999999999,2,0.02,35,0.35,100,0.008241267115809024,6037
no_polynomial,random,6,61,0.14084507042253522,87.50000000000001,4,0.04,49,0.49,100,0.008228965390007942,6137
no_polynomial,random,6,62,0.1388888888888889,92.10000000000005,2,0.02,41,0.41,100,0.007843641515355557,6237
no_polynomial,random,6,63,0.136986301369863,95.80000000000008,0,0.0,42,0.42,100,0.007572434332687407,6337
no_polynomial,random,6,64,0.13513513513513511,96.20000000000003,0,0.0,38,0.38,100,0.00795847828965634,6437
no_polynomial,random,6,65,0.13333333333333333,91.40000000000006,2,0.02,48,0.48,100,0.008404535152949392,6537
no_polynomial,random,6,66,0.13157894736842105,92.30000000000005,2,0.02,38,0.38,100,0.009419072652235627,6637
no_polynomial,random,6,67,0.12987012987012986,89.40000000000006,3,0.03,49,0.49,100,0.0070456081908196215,6737
no_polynomial,random,6,68,0.12820512820512822,90.00000000000007,3,0.03,42,0.42,100,0.007012029499746859,6837
no_polynomial,random,6,69,0.12658227848101264,95.90000000000009,0,0.0,41,0.41,100,0.008512109932489693,6937
no_polynomial,random,6,70,0.125,97.00000000000006,0,0.0,30,0.3,100,0.00688504142453894,7037
no_polynomial,random,6,71,0.1234567901234568,96.00000000000007,0,0.0,40,0.4,100,0.006355577763170004,7137
no_polynomial,random,6,72,0.12195121951219513,95.50000000000009,0,0.0,45,0.45,100,0.007406304792966694,7237
no_polynomial,random,6,73,0.12048192771084336,95.50000000000009,0,0.0,45,0.45,100,0.009085325426422059,7337
no_polynomial,random,6,74,0.11904761904761904,93.50000000000007,1,0.01,46,0.46,100,0.010332306851632894,7437
no_polynomial,random,6,75,0.11764705882352941,94.6000000000001,0,0.0,54,0.54,100,0.008556913754437118,7537
no_polynomial,random,6,76,0.11627906976744186,93.40000000000003,1,0.01,47,0.47,100,0.007079427770804614,7637
no_polynomial,random,6,77,0.1149425287356322,92.40000000000003,2,0.02,38,0.38,100,0.008128602437209339,7737
no_polynomial,random,6,78,0.11363636363636363,92.90000000000002,2,0.02,32,0.32,100,0.009253348144702613,7837
no_polynomial,random,6,79,0.11235955056179775,94.10000000000005,1,0.01,40,0.4,100,0.009066502666100859,7937
no_polynomial,random,6,80,0.1111111111111111,85.90000000000005,5,0.05,45,0.45,100,0.007500381786376238,8037
no_polynomial,random,6,81,0.10989010989010989,93.60000000000005,1,0.01,45,0.45,100,0.008502510180696844,8137
no_polynomial,random,6,82,0.10869565217391305,94.30000000000004,1,0.01,38,0.38,100,0.006849532071501016,8237
no_polynomial,random,6,83,0.1075268817204301,93.90000000000005,1,0.01,41,0.41,100,0.00807558486238122,8337
no_polynomial,random,6,84,0.10638297872340426,89.50000000000001,3,0.03,47,0.47,100,0.0077031401614658535,8437
no_polynomial,random,6,85,0.10526315789473684,93.30000000000004,1,0.01,48,0.48,100,0.00758758929092437,8537
no_polynomial,random,6,86,0.10416666666666667,94.10000000000002,1,0.01,39,0.39,100,0.00848301719641313,8637
no_polynomial,random,6,87,0.10309278350515465,89.30000000000004,3,0.03,49,0.49,100,0.008415697074960917,8737
no_polynomial,random,6,88,0.1020408163265306,94.50000000000004,1,0.01,36,0.36,100,0.008139130098279566,8837
no_polynomial,random,6,89,0.10101010101010101,91.40000000000008,2,0.02,48,0.48,100,0.009420830002054572,8937
no_polynomial,random,6,90,0.1,91.40000000000005,2,0.02,48,0.48,100,0.009268628982827067,9037
no_polynomial,random,6,91,0.09900990099009901,96.40000000000006,0,0.0,36,0.36,100,0.008059794753789902,9137
no_polynomial,random,6,92,0.09803921568627452,96.40000000000006,0,0.0,36,0.36,100,0.008469411674886941,9237
no_polynomial,random,6,93,0.0970873786407767,96.00000000000004,0,0.0,40,0.4,100,0.0077088555414229635,9337
no_polynomial,random,6,94,0.09615384615384615,87.50000000000001,4,0.04,49,0.49,100,0.008543934151530265,9437
no_polynomial,random,6,95,0.09523809523809523,96.50000000000003,0,0.0,35,0.35,100,0.01005806805100292,9537
no_polynomial,random,6,96,0.09433962264150944,92.10000000000002,2,0.02,40,0.4,100,0.010313472780399024,9637
no_polynomial,random,6,97,0.09345794392523366,88.70000000000002,4,0.04,37,0.37,100,0.008549284560140223,9737
no_polynomial,random,6,98,0.09259259259259259,93.10000000000005,1,0.01,50,0.5,100,0.009632190307602286,9837
no_polynomial,random,6,99,0.09174311926605504,94.8000000000001,1,0.01,33,0.33,100,0.007159493491053581,9937
no_polynomial,random,6,100,0.09090909090909091,97.90000000000002,0,0.0,21,0.21,100,0.007711007352918386,10037
no_polynomial,random,6,101,0.0900900900900901,92.60000000000007,1,0.01,55,0.55,100,0.007072519629728049,10137
no_polynomial,random,6,102,0.08928571428571429,94.90000000000003,0,0.0,51,0.51,100,0.00723258156562224,10237
no_polynomial,random,6,103,0.08849557522123894,94.90000000000009,1,0.01,32,0.32,100,0.008068798547610641,10337
no_polynomial,random,6,104,0.08771929824561403,96.10000000000008,0,0.0,39,0.39,100,0.008368926036637277,10437
no_polynomial,random,6,105,0.08695652173913043,90.00000000000006,3,0.03,43,0.43,100,0.007246104115620255,10537
no_polynomial,random,6,106,0.08620689655172414,95.20000000000007,0,0.0,48,0.48,100,0.007526316668372601,10637
no_polynomial,random,6,107,0.08547008547008547,96.40000000000003,0,0.0,36,0.36,100,0.006543574114330113,10737
no_polynomial,random,6,108,0.0847457627118644,96.90000000000003,0,0.0,31,0.31,100,0.007714539042208344,10837
no_polynomial,random,6,109,0.08403361344537814,89.40000000000003,4,0.04,29,0.29,100,0.012072249404154719,10937
no_polynomial,random,6,110,0.08333333333333333,88.60000000000008,3,0.03,57,0.57,100,0.011981893870979548,11037
no_polynomial,random,6,111,0.08264462809917356,96.80000000000007,0,0.0,32,0.32,100,0.009795286771841348,11137
no_polynomial,random,6,112,0.0819672131147541,91.30000000000007,2,0.02,49,0.49,100,0.008269228728022427,11237
no_polynomial,random,6,113,0.08130081300813008,95.10000000000005,1,0.01,29,0.29,100,0.008164673317223788,11337
no_polynomial,random,6,114,0.08064516129032258,96.30000000000005,0,0.0,37,0.37,100,0.010900442111305893,11437
no_polynomial,random,6,115,0.08,96.80000000000001,0,0.0,32,0.32,100,0.007648336652200669,11537
no_polynomial,random,6,116,0.07936507936507936,93.50000000000004,1,0.01,46,0.46,100,0.00897528107976541,11637
no_polynomial,random,6,117,0.07874015748031496,92.10000000000005,2,0.02,40,0.4,100,0.010583472214639187,11737
no_polynomial,random,6,118,0.078125,94.80000000000005,1,0.01,33,0.33,100,0.007782102643977851,11837
no_polynomial,random,6,119,0.07751937984496124,95.10000000000002,1,0.01,29,0.29,100,0.006722759651020169,11937
no_polynomial,random,6,120,0.07692307692307693,96.10000000000007,0,0.0,39,0.39,100,0.01018592456355691,12037
no_polynomial,random,6,121,0.07633587786259542,89.90000000000003,3,0.03,44,0.44,100,0.008428618093021215,12137
no_polynomial,random,6,122,0.07575757575757576,90.6,3,0.03,36,0.36,100,0.01023881631437689,12237
no_polynomial,random,6,123,0.07518796992481203,95.50000000000009,0,0.0,45,0.45,100,0.010454963617958129,12337
no_polynomial,random,6,124,0.07462686567164178,96.50000000000007,0,0.0,35,0.35,100,0.009205538029782474,12437
no_polynomial,random,6,125,0.07407407407407407,96.90000000000005,0,0.0,31,0.31,100,0.008646514280699194,12537
no_polynomial,random,6,126,0.07352941176470588,97.20000000000005,0,0.0,28,0.28,100,0.011628342864569277,12637
no_polynomial,random,6,127,0.07299270072992702,96.80000000000005,0,0.0,32,0.32,100,0.009381834627129137,12737
no_polynomial,random,6,128,0.07246376811594203,96.30000000000001,0,0.0,37,0.37,100,0.008227346667554229,12837
no_polynomial,random,6,129,0.07194244604316546,96.80000000000001,0,0.0,32,0.32,100,0.010628540699835867,12937
no_polynomial,random,6,130,0.07142857142857142,96.40000000000002,0,0.0,36,0.36,100,0.007840718971565366,13037
no_polynomial,random,6,131,0.07092198581560284,93.80000000000005,1,0.01,43,0.43,100,0.0073745495709590615,13137
no_polynomial,random,6,132,0.07042253521126761,95.60000000000004,1,0.01,24,0.24,100,0.010003587424289435,13237
no_polynomial,random,6,133,0.06993006993006992,92.50000000000009,1,0.01,55,0.55,100,0.008673757344949991,13337
no_polynomial,random,6,134,0.06944444444444445,92.70000000000005,2,0.02,35,0.35,100,0.00870357375126332,13437
no_polynomial,random,6,135,0.06896551724137931,92.90000000000003,2,0.02,32,0.32,100,0.010511675553862005,13537
no_polynomial,random,6,136,0.0684931506849315,94.70000000000006,0,0.0,53,0.53,100,0.010963514014147222,13637
no_polynomial,random,6,137,0.06802721088435375,95.5,1,0.01,26,0.26,100,0.00923114308854565,13737
no_polynomial,random,6,138,0.06756756756756756,94.70000000000005,1,0.01,34,0.34,100,0.011566001903265715,13837
no_polynomial,random,6,139,0.06711409395973154,94.00000000000006,1,0.01,40,0.4,100,0.011948924758471549,13937
no_polynomial,random,6,140,0.06666666666666667,95.5,1,0.01,26,0.26,100,0.010002468079328537,14037
no_polynomial,random,6,141,0.06622516556291391,97.29999999999998,0,0.0,27,0.27,100,0.008772803738247603,14137
no_polynomial,random,6,142,0.06578947368421052,96.80000000000005,0,0.0,32,0.32,100,0.00810414640698582,14237
no_polynomial,random,6,143,0.06535947712418301,97.80000000000004,0,0.0,22,0.22,100,0.008312381526920945,14337
no_polynomial,random,6,144,0.06493506493506493,95.8000000000001,0,0.0,42,0.42,100,0.009274151301942766,14437
no_polynomial,random,6,145,0.06451612903225806,90.60000000000002,3,0.03,37,0.37,100,0.008656185674481095,14537
no_polynomial,random,6,146,0.06410256410256411,92.20000000000002,2,0.02,39,0.39,100,0.008353836925234646,14637
no_polynomial,random,6,147,0.06369426751592357,96.90000000000003,0,0.0,31,0.31,100,0.00831357727991417,14737
no_polynomial,random,6,148,0.06329113924050632,92.70000000000005,2,0.02,35,0.35,100,0.008912221430800855,14837
no_polynomial,random,6,149,0.06289308176100629,96.30000000000004,0,0.0,37,0.37,100,0.009116420261561871,14937
no_polynomial,random,6,150,0.0625,96.50000000000001,0,0.0,35,0.35,100,0.00941371249500662,15037
no_polynomial,random,6,151,0.06211180124223602,93.00000000000007,2,0.02,32,0.32,100,0.009118426274508238,15137
no_polynomial,random,6,152,0.0617283950617284,91.70000000000006,2,0.02,45,0.45,100,0.009261279604397715,15237
no_polynomial,random,6,153,0.06134969325153374,95.30000000000004,1,0.01,28,0.28,100,0.007611670210026205,15337
no_polynomial,random,6,154,0.06097560975609757,92.10000000000002,2,0.02,41,0.41,100,0.00941466356627643,15437
no_polynomial,random,6,155,0.06060606060606061,97.2000000000001,0,0.0,28,0.28,100,0.009807820902206004,15537
no_polynomial,random,6,156,0.06024096385542168,92.10000000000004,2,0.02,41,0.41,100,0.00824662636499852,15637
no_polynomial,random,6,157,0.059880239520958084,92.80000000000007,2,0.02,33,0.33,100,0.0077513946627732365,15737
no_polynomial,random,6,158,0.05952380952380952,93.00000000000003,2,0.02,32,0.32,100,0.010451886542141438,15837
no_polynomial,random,6,159,0.0591715976331361,89.50000000000003,3,0.03,48,0.48,100,0.008804994416423143,15937
no_polynomial,random,6,160,0.058823529411764705,96.10000000000011,0,0.0,39,0.39,100,0.008091573065612465,16037
no_polynomial,random,6,161,0.05847953216374269,96.20000000000005,0,0.0,38,0.38,100,0.008984233671799301,16137
no_polynomial,random,6,162,0.05813953488372093,94.80000000000007,1,0.01,33,0.33,100,0.010635792762041092,16237
no_polynomial,random,6,163,0.057803468208092484,96.10000000000005,0,0.0,39,0.39,100,0.00893926986027509,16337
no_polynomial,random,6,164,0.0574712643678161,96.10000000000004,0,0.0,39,0.39,100,0.00788659194484353,16437
no_polynomial,random,6,165,0.05714285714285714,94.80000000000005,1,0.01,33,0.33,100,0.008072055955417455,16537
no_polynomial,random,6,166,0.056818181818181816,92.50000000000007,2,0.02,37,0.37,100,0.00850933751091361,16637
no_polynomial,random,6,167,0.05649717514124294,97.60000000000002,0,0.0,24,0.24,100,0.008796256855130196,16737
no_polynomial,random,6,168,0.056179775280898875,94.60000000000005,1,0.01,35,0.35,100,0.008867095147725195,16837
no_polynomial,random,6,169,0.0558659217877095,97.00000000000006,0,0.0,30,0.3,100,0.01815227359998971,16937
no_polynomial,random,6,170,0.05555555555555555,96.20000000000005,0,0.0,38,0.38,100,0.00935283076018095,17037
no_polynomial,random,6,171,0.055248618784530384,95.8,1,0.01,23,0.23,100,0.009439111836254597,17137
no_polynomial,random,6,172,0.054945054945054944,95.80000000000003,0,0.0,42,0.42,100,0.010955103728920222,17237
no_polynomial,random,6,173,0.0546448087431694,95.90000000000009,0,0.0,41,0.41,100,0.013242473604623228,17337
no_polynomial,random,6,174,0.05434782608695653,93.70000000000005,1,0.01,44,0.44,100,0.008133818949572743,17437
no_polynomial,random,6,175,0.05405405405405406,95.5,1,0.01,26,0.26,100,0.008258029692806304,17537
no_polynomial,random,6,176,0.05376344086021505,97.10000000000004,0,0.0,29,0.29,100,0.006827981285750866,17637
no_polynomial,random,6,177,0.053475935828877004,93.20000000000002,2,0.02,30,0.3,100,0.008634442980401218,17737
no_polynomial,random,6,178,0.05319148936170213,95.10000000000002,1,0.01,30,0.3,100,0.008455697409808637,17837
no_polynomial,random,6,179,0.052910052910052914,95.20000000000003,0,0.0,48,0.48,100,0.008201895661186428,17937
no_polynomial,random,6,180,0.05263157894736842,94.10000000000007,1,0.01,40,0.4,100,0.007386066485196352,18037
no_polynomial,random,6,181,0.05235602094240837,91.60000000000002,3,0.03,25,0.25,100,0.010849534086883068,18137
no_polynomial,random,6,182,0.052083333333333336,93.10000000000002,2,0.02,30,0.3,100,0.007704785061068833,18237
no_polynomial,random,6,183,0.05181347150259067,96.80000000000003,0,0.0,32,0.32,100,0.007813488782849163,18337
no_polynomial,random,6,184,0.051546391752577324,97.5,0,0.0,25,0.25,100,0.007205898414831609,18437
no_polynomial,random,6,185,0.05128205128205128,97.10000000000005,0,0.0,29,0.29,100,0.00922066800063476,18537
no_polynomial,random,6,186,0.0510204081632653,94.70000000000002,1,0.01,33,0.33,100,0.008274576086550951,18637
no_polynomial,random,6,187,0.050761421319796954,96.50000000000004,0,0.0,35,0.35,100,0.00750367914326489,18737
no_polynomial,random,6,188,0.050505050505050504,94.9,1,0.01,31,0.31,100,0.007915218889247627,18837
no_polynomial,random,6,189,0.05025125628140704,95.20000000000007,1,0.01,29,0.29,100,0.007742246785201132,18937
no_polynomial,random,6,190,0.05,96.60000000000005,0,0.0,34,0.34,100,0.007943559596315026,19037
no_polynomial,random,6,191,0.04975124378109452,94.60000000000005,1,0.01,35,0.35,100,0.008242281361017376,19137
no_polynomial,random,6,192,0.04950495049504951,97.10000000000007,0,0.0,29,0.29,100,0.008912331925239414,19237
no_polynomial,random,6,193,0.04926108374384236,95.10000000000005,1,0.01,30,0.3,100,0.008973466011229902,19337
no_polynomial,random,6,194,0.04901960784313726,94.20000000000003,1,0.01,39,0.39,100,0.007424941253848374,19437
no_polynomial,random,6,195,0.04878048780487805,92.70000000000007,2,0.02,34,0.34,100,0.008463707368355245,19537
no_polynomial,random,6,196,0.04854368932038835,92.90000000000003,2,0.02,33,0.33,100,0.007351681261789054,19637
no_polynomial,random,6,197,0.04830917874396135,97.30000000000005,0,0.0,27,0.27,100,0.008206777963787317,19737
no_polynomial,random,6,198,0.04807692307692307,97.20000000000007,0,0.0,28,0.28,100,0.006376742997672409,19837
no_polynomial,random,6,199,0.04784688995215311,95.10000000000002,1,0.01,30,0.3,100,0.007725021385122091,19937
no_polynomial,random,7,0,1.0,62.69999999999993,15,0.15,88,0.88,100,0.23623340637297244,37
no_polynomial,random,7,1,0.9090909090909091,58.799999999999926,17,0.17,86,0.86,100,0.07424938786774873,137
no_polynomial,random,7,2,0.8333333333333334,64.39999999999993,14,0.14,87,0.87,100,0.03373959245160222,237
no_polynomial,random,7,3,0.7692307692307692,67.99999999999996,12,0.12,87,0.87,100,0.0252914506662637,337
no_polynomial,random,7,4,0.7142857142857143,66.19999999999996,13,0.13,90,0.9,100,0.012323157121427357,437
no_polynomial,random,7,5,0.6666666666666666,80.0,6,0.06,85,0.85,100,0.008073408887721598,537
no_polynomial,random,7,6,0.625,74.30000000000001,9,0.09,85,0.85,100,0.006791423368267715,637
no_polynomial,random,7,7,0.5882352941176471,86.00000000000007,3,0.03,82,0.82,100,0.006518249234650284,737
no_polynomial,random,7,8,0.5555555555555556,78.69999999999999,7,0.07,78,0.78,100,0.005617735697887838,837
no_polynomial,random,7,9,0.5263157894736842,78.7,7,0.07,80,0.8,100,0.004981133872643113,937
no_polynomial,random,7,10,0.5,74.0,10,0.1,70,0.7,100,0.004815993495285511,1037
no_polynomial,random,7,11,0.47619047619047616,78.80000000000004,7,0.07,77,0.77,100,0.005225964640267193,1137
no_polynomial,random,7,12,0.45454545454545453,75.2,9,0.09,74,0.74,100,0.005579548601526767,1237
no_polynomial,random,7,13,0.4347826086956522,85.00000000000003,4,0.04,74,0.74,100,0.006270274142734706,1337
no_polynomial,random,7,14,0.4166666666666667,81.80000000000004,6,0.06,68,0.68,100,0.006713503911159932,1437
no_polynomial,random,7,15,0.4,86.80000000000004,3,0.03,75,0.75,100,0.00550767570734024,1537
no_polynomial,random,7,16,0.3846153846153846,82.0,6,0.06,65,0.65,100,0.0056721492391079665,1637
no_polynomial,random,7,17,0.37037037037037035,86.1000000000001,4,0.04,62,0.62,100,0.004120809063315392,1737
no_polynomial,random,7,18,0.35714285714285715,76.69999999999999,9,0.09,60,0.6,100,0.005581277967430651,1837
no_polynomial,random,7,19,0.3448275862068966,87.30000000000003,3,0.03,69,0.69,100,0.005691682265605778,1937
no_polynomial,random,7,20,0.3333333333333333,88.30000000000004,3,0.03,59,0.59,100,0.006636316885706037,2037
no_polynomial,random,7,21,0.3225806451612903,83.8,5,0.05,67,0.67,100,0.00773925989633426,2137
no_polynomial,random,7,22,0.3125,88.60000000000007,2,0.02,76,0.76,100,0.006622704903129488,2237
no_polynomial,random,7,23,0.30303030303030304,89.20000000000007,2,0.02,70,0.7,100,0.005952542482409626,2337
no_polynomial,random,7,24,0.29411764705882354,89.90000000000006,2,0.02,63,0.63,100,0.0060904878377914425,2437
no_polynomial,random,7,25,0.2857142857142857,91.60000000000008,1,0.01,65,0.65,100,0.00564401087583974,2537
no_polynomial,random,7,26,0.2777777777777778,82.90000000000002,6,0.06,55,0.55,100,0.006887583220377564,2637
no_polynomial,random,7,27,0.27027027027027023,92.90000000000003,1,0.01,52,0.52,100,0.007463368447497487,2737
no_polynomial,random,7,28,0.2631578947368421,87.00000000000007,4,0.04,54,0.54,100,0.006697015704121441,2837
no_polynomial,random,7,29,0.25641025641025644,89.40000000000009,2,0.02,68,0.68,100,0.00707638704450801,2937
no_polynomial,random,7,30,0.25,91.60000000000002,2,0.02,46,0.46,100,0.005717379217967391,3037
no_polynomial,random,7,31,0.24390243902439027,95.10000000000007,0,0.0,49,0.49,100,0.007267982785124332,3137
no_polynomial,random,7,32,0.23809523809523808,85.00000000000004,5,0.05,55,0.55,100,0.006297265018802136,3237
no_polynomial,random,7,33,0.23255813953488372,91.60000000000004,2,0.02,45,0.45,100,0.007014214755035937,3337
no_polynomial,random,7,34,0.22727272727272727,81.4,7,0.07,52,0.52,100,0.0074363490846008065,3437
no_polynomial,random,7,35,0.2222222222222222,90.60000000000002,2,0.02,55,0.55,100,0.007806507560890168,3537
no_polynomial,random,7,36,0.2173913043478261,94.30000000000008,1,0.01,38,0.38,100,0.006897246106527746,3637
no_polynomial,random,7,37,0.2127659574468085,89.20000000000006,3,0.03,50,0.5,100,0.007122265251819044,3737
no_polynomial,random,7,38,0.20833333333333334,91.40000000000008,2,0.02,48,0.48,100,0.006535505843348801,3837
no_polynomial,random,7,39,0.2040816326530612,86.00000000000003,5,0.05,43,0.43,100,0.0075030480418354275,3937
no_polynomial,random,7,40,0.2,87.30000000000005,4,0.04,51,0.51,100,0.007619851743802428,4037
no_polynomial,random,7,41,0.19607843137254904,87.40000000000003,4,0.04,50,0.5,100,0.007194798160344362,4137
no_polynomial,random,7,42,0.1923076923076923,92.10000000000002,2,0.02,41,0.41,100,0.008596455855295062,4237
no_polynomial,random,7,43,0.18867924528301888,92.80000000000008,1,0.01,53,0.53,100,0.006972839732188731,4337
no_polynomial,random,7,44,0.18518518518518517,86.90000000000006,4,0.04,55,0.55,100,0.00835211223224178,4437
no_polynomial,random,7,45,0.18181818181818182,88.80000000000004,3,0.03,55,0.55,100,0.0070197110995650295,4537
no_polynomial,random,7,46,0.17857142857142858,95.1000000000001,0,0.0,49,0.49,100,0.008520016861148179,4637
no_polynomial,random,7,47,0.17543859649122806,90.50000000000006,2,0.02,57,0.57,100,0.007238597657997161,4737
no_polynomial,random,7,48,0.1724137931034483,88.20000000000005,4,0.04,41,0.41,100,0.007886412926018238,4837
no_polynomial,random,7,49,0.1694915254237288,96.20000000000002,0,0.0,38,0.38,100,0.007938339770771564,4937
no_polynomial,random,7,50,0.16666666666666666,91.60000000000005,2,0.02,45,0.45,100,0.007706432999111712,5037
no_polynomial,random,7,51,0.1639344262295082,93.40000000000006,1,0.01,46,0.46,100,0.006799408160150051,5137
no_polynomial,random,7,52,0.16129032258064516,93.90000000000006,1,0.01,42,0.42,100,0.00691765230614692,5237
no_polynomial,random,7,53,0.15873015873015872,87.20000000000002,4,0.04,52,0.52,100,0.007426723821554333,5337
no_polynomial,random,7,54,0.15625,93.60000000000005,1,0.01,45,0.45,100,0.006936159732285887,5437
no_polynomial,random,7,55,0.15384615384615385,94.00000000000009,1,0.01,41,0.41,100,0.007619513156823814,5537
no_polynomial,random,7,56,0.15151515151515152,89.60000000000005,3,0.03,47,0.47,100,0.007876426326110958,5637
no_polynomial,random,7,57,0.14925373134328357,91.40000000000009,2,0.02,48,0.48,100,0.009125153254717588,5737
no_polynomial,random,7,58,0.14705882352941177,93.60000000000007,1,0.01,45,0.45,100,0.006493823274504393,5837
no_polynomial,random,7,59,0.14492753623188406,91.00000000000004,2,0.02,50,0.5,100,0.006939257467165589,5937
no_polynomial,random,7,60,0.14285714285714285,94.90000000000002,1,0.01,32,0.32,100,0.00678269213763997,6037
no_polynomial,random,7,61,0.14084507042253522,91.10000000000005,2,0.02,49,0.49,100,0.009386676400899886,6137
no_polynomial,random,7,62,0.1388888888888889,94.70000000000003,1,0.01,34,0.34,100,0.006424208469688893,6237
no_polynomial,random,7,63,0.136986301369863,94.70000000000006,0,0.0,53,0.53,100,0.007724235595669597,6337
no_polynomial,random,7,64,0.13513513513513511,96.10000000000004,0,0.0,39,0.39,100,0.008100102134048938,6437
no_polynomial,random,7,65,0.13333333333333333,92.90000000000008,1,0.01,52,0.52,100,0.0077751852106302975,6537
no_polynomial,random,7,66,0.13157894736842105,95.90000000000003,0,0.0,41,0.41,100,0.00828107026172802,6637
no_polynomial,random,7,67,0.12987012987012986,96.00000000000003,0,0.0,40,0.4,100,0.00902420393191278,6737
no_polynomial,random,7,68,0.12820512820512822,87.4,4,0.04,50,0.5,100,0.009357411768287421,6837
no_polynomial,random,7,69,0.12658227848101264,94.40000000000006,0,0.0,56,0.56,100,0.009347803117707372,6937
no_polynomial,random,7,70,0.125,94.60000000000004,1,0.01,35,0.35,100,0.0074272294482216235,7037
no_polynomial,random,7,71,0.1234567901234568,93.10000000000002,1,0.01,49,0.49,100,0.010821801105048507,7137
no_polynomial,random,7,72,0.12195121951219513,89.70000000000003,3,0.03,46,0.46,100,0.007580099122133106,7237
no_polynomial,random,7,73,0.12048192771084336,92.10000000000002,2,0.02,41,0.41,100,0.0073238451522774995,7337
no_polynomial,random,7,74,0.11904761904761904,89.30000000000004,3,0.03,49,0.49,100,0.006835534998681396,7437
no_polynomial,random,7,75,0.11764705882352941,90.20000000000003,3,0.03,40,0.4,100,0.00904912520200014,7537
no_polynomial,random,7,76,0.11627906976744186,91.10000000000004,2,0.02,51,0.51,100,0.006604537626262754,7637
no_polynomial,random,7,77,0.1149425287356322,90.50000000000007,2,0.02,57,0.57,100,0.008430329503025859,7737
no_polynomial,random,7,78,0.11363636363636363,93.20000000000006,1,0.01,48,0.48,100,0.007725385308731347,7837
no_polynomial,random,7,79,0.11235955056179775,94.20000000000005,1,0.01,39,0.39,100,0.008763921218924225,7937
no_polynomial,random,7,80,0.1111111111111111,90.90000000000003,3,0.03,34,0.34,100,0.007902479656040668,8037
no_polynomial,random,7,81,0.10989010989010989,95.50000000000004,0,0.0,45,0.45,100,0.007346556503325701,8137
no_polynomial,random,7,82,0.10869565217391305,92.90000000000003,2,0.02,33,0.33,100,0.007521797649096698,8237
no_polynomial,random,7,83,0.1075268817204301,94.30000000000003,1,0.01,38,0.38,100,0.008992883414030074,8337
no_polynomial,random,7,84,0.10638297872340426,91.60000000000004,2,0.02,46,0.46,100,0.009054198870435357,8437
no_polynomial,random,7,85,0.10526315789473684,95.70000000000006,0,0.0,43,0.43,100,0.00783107482129708,8537
no_polynomial,random,7,86,0.10416666666666667,97.10000000000002,0,0.0,29,0.29,100,0.008176880145911128,8637
no_polynomial,random,7,87,0.10309278350515465,91.9,2,0.02,42,0.42,100,0.007850260571576655,8737
no_polynomial,random,7,88,0.1020408163265306,92.80000000000001,2,0.02,33,0.33,100,0.008032575331162662,8837
no_polynomial,random,7,89,0.10101010101010101,92.10000000000002,2,0.02,41,0.41,100,0.00911274075973779,8937
no_polynomial,random,7,90,0.1,89.50000000000003,3,0.03,48,0.48,100,0.007324448046274483,9037
no_polynomial,random,7,91,0.09900990099009901,92.10000000000007,2,0.02,41,0.41,100,0.007711495391558856,9137
no_polynomial,random,7,92,0.09803921568627452,91.40000000000003,2,0.02,48,0.48,100,0.0076843781815841795,9237
no_polynomial,random,7,93,0.0970873786407767,93.50000000000007,1,0.01,46,0.46,100,0.008323829146102071,9337
no_polynomial,random,7,94,0.09615384615384615,94.40000000000003,1,0.01,37,0.37,100,0.008928912342526019,9437
no_polynomial,random,7,95,0.09523809523809523,94.10000000000005,1,0.01,40,0.4,100,0.007608063658699394,9537
no_polynomial,random,7,96,0.09433962264150944,94.90000000000003,1,0.01,32,0.32,100,0.007111804180312902,9637
no_polynomial,random,7,97,0.09345794392523366,96.30000000000007,0,0.0,37,0.37,100,0.008103500618599355,9737
no_polynomial,random,7,98,0.09259259259259259,91.30000000000007,3,0.03,29,0.29,100,0.008700664867646993,9837
no_polynomial,random,7,99,0.09174311926605504,95.00000000000004,0,0.0,50,0.5,100,0.008429248011671006,9937
no_polynomial,random,7,100,0.09090909090909091,94.20000000000006,1,0.01,38,0.38,100,0.007711068280041217,10037
no_polynomial,random,7,101,0.0900900900900901,95.10000000000004,1,0.01,30,0.3,100,0.00811338582308963,10137
no_polynomial,random,7,102,0.08928571428571429,92.30000000000007,2,0.02,39,0.39,100,0.006772573480848223,10237
no_polynomial,random,7,103,0.08849557522123894,95.9,0,0.0,41,0.41,100,0.006997407453600318,10337
no_polynomial,random,7,104,0.08771929824561403,96.20000000000007,0,0.0,38,0.38,100,0.008457170077599585,10437
no_polynomial,random,7,105,0.08695652173913043,94.50000000000006,1,0.01,35,0.35,100,0.007137667129281908,10537
no_polynomial,random,7,106,0.08620689655172414,91.90000000000003,2,0.02,43,0.43,100,0.007843114377465099,10637
no_polynomial,random,7,107,0.08547008547008547,94.70000000000002,1,0.01,34,0.34,100,0.009314926443621516,10737
no_polynomial,random,7,108,0.0847457627118644,93.70000000000005,1,0.01,44,0.44,100,0.007829153554048389,10837
no_polynomial,random,7,109,0.08403361344537814,95.60000000000005,0,0.0,44,0.44,100,0.006838721595704556,10937
no_polynomial,random,7,110,0.08333333333333333,92.00000000000006,2,0.02,42,0.42,100,0.007837555785663426,11037
no_polynomial,random,7,111,0.08264462809917356,95.40000000000008,0,0.0,46,0.46,100,0.007652173680253327,11137
no_polynomial,random,7,112,0.0819672131147541,91.7,2,0.02,45,0.45,100,0.0074481249554082755,11237
no_polynomial,random,7,113,0.08130081300813008,81.29999999999998,7,0.07,53,0.53,100,0.010675473897717893,11337
no_polynomial,random,7,114,0.08064516129032258,92.60000000000002,2,0.02,36,0.36,100,0.012908263872377574,11437
no_polynomial,random,7,115,0.08,96.90000000000003,0,0.0,31,0.31,100,0.013571142938453705,11537
no_polynomial,random,7,116,0.07936507936507936,94.70000000000002,1,0.01,34,0.34,100,0.012533388854935766,11637
no_polynomial,random,7,117,0.07874015748031496,94.20000000000006,1,0.01,38,0.38,100,0.013879492972046137,11737
no_polynomial,random,7,118,0.078125,95.00000000000009,0,0.0,50,0.5,100,0.009703390940558165,11837
no_polynomial,random,7,119,0.07751937984496124,96.80000000000004,0,0.0,32,0.32,100,0.007156172171235085,11937
no_polynomial,random,7,120,0.07692307692307693,92.50000000000006,2,0.02,37,0.37,100,0.011060127790551632,12037
no_polynomial,random,7,121,0.07633587786259542,88.40000000000003,4,0.04,39,0.39,100,0.011892346111126243,12137
no_polynomial,random,7,122,0.07575757575757576,94.20000000000007,1,0.01,39,0.39,100,0.011327827326022088,12237
no_polynomial,random,7,123,0.07518796992481203,92.90000000000002,2,0.02,33,0.33,100,0.010883147157728671,12337
no_polynomial,random,7,124,0.07462686567164178,95.40000000000003,1,0.01,27,0.27,100,0.011679430473595858,12437
no_polynomial,random,7,125,0.07407407407407407,96.50000000000003,0,0.0,35,0.35,100,0.02011284217471257,12537
no_polynomial,random,7,126,0.07352941176470588,92.50000000000009,2,0.02,37,0.37,100,0.009447387689724564,12637
no_polynomial,random,7,127,0.07299270072992702,96.40000000000003,0,0.0,36,0.36,100,0.009980597395915537,12737
no_polynomial,random,7,128,0.07246376811594203,92.10000000000001,2,0.02,41,0.41,100,0.009608169002458453,12837
no_polynomial,random,7,129,0.07194244604316546,92.90000000000003,2,0.02,33,0.33,100,0.009726677522994578,12937
no_polynomial,random,7,130,0.07142857142857142,96.90000000000005,0,0.0,31,0.31,100,0.010453325968701393,13037
no_polynomial,random,7,131,0.07092198581560284,94.10000000000007,1,0.01,40,0.4,100,0.0087166289659217,13137
no_polynomial,random,7,132,0.07042253521126761,95.60000000000002,0,0.0,44,0.44,100,0.010880665723234414,13237
no_polynomial,random,7,133,0.06993006993006992,97.10000000000002,0,0.0,29,0.29,100,0.010343732489272952,13337
no_polynomial,random,7,134,0.06944444444444445,96.00000000000006,0,0.0,40,0.4,100,0.0075066789635457095,13437
no_polynomial,random,7,135,0.06896551724137931,96.40000000000009,0,0.0,36,0.36,100,0.009807247128337622,13537
no_polynomial,random,7,136,0.0684931506849315,96.80000000000007,0,0.0,32,0.32,100,0.009426617005374283,13637
no_polynomial,random,7,137,0.06802721088435375,97.20000000000003,0,0.0,28,0.28,100,0.008629283756017686,13737
no_polynomial,random,7,138,0.06756756756756756,96.90000000000006,0,0.0,31,0.31,100,0.008547065667808057,13837
no_polynomial,random,7,139,0.06711409395973154,94.30000000000004,1,0.01,37,0.37,100,0.009903546418063342,13937
no_polynomial,random,7,140,0.06666666666666667,95.90000000000009,0,0.0,41,0.41,100,0.008996329761575907,14037
no_polynomial,random,7,141,0.06622516556291391,95.20000000000005,0,0.0,48,0.48,100,0.011826855358667671,14137
no_polynomial,random,7,142,0.06578947368421052,93.70000000000005,1,0.01,44,0.44,100,0.009641485749743878,14237
no_polynomial,random,7,143,0.06535947712418301,95.50000000000001,0,0.0,45,0.45,100,0.00861675364896655,14337
no_polynomial,random,7,144,0.06493506493506493,94.70000000000006,1,0.01,34,0.34,100,0.008136671455577015,14437
no_polynomial,random,7,145,0.06451612903225806,96.10000000000002,1,0.01,20,0.2,100,0.00824743058066815,14537
no_polynomial,random,7,146,0.06410256410256411,97.40000000000005,0,0.0,26,0.26,100,0.007945815937127919,14637
no_polynomial,random,7,147,0.06369426751592357,95.90000000000005,0,0.0,41,0.41,100,0.009045766356866807,14737
no_polynomial,random,7,148,0.06329113924050632,94.60000000000001,1,0.01,35,0.35,100,0.008768739444203675,14837
no_polynomial,random,7,149,0.06289308176100629,94.40000000000005,1,0.01,37,0.37,100,0.008176088642794638,14937
no_polynomial,random,7,150,0.0625,91.00000000000001,3,0.03,33,0.33,100,0.011500566184986382,15037
no_polynomial,random,7,151,0.06211180124223602,95.10000000000005,1,0.01,29,0.29,100,0.007089225139934569,15137
no_polynomial,random,7,152,0.0617283950617284,96.60000000000004,0,0.0,34,0.34,100,0.00898407046450302,15237
no_polynomial,random,7,153,0.06134969325153374,93.20000000000003,1,0.01,49,0.49,100,0.007583163792733103,15337
no_polynomial,random,7,154,0.06097560975609757,95.50000000000004,1,0.01,26,0.26,100,0.0069423715979792175,15437
no_polynomial,random,7,155,0.06060606060606061,95.50000000000009,0,0.0,45,0.45,100,0.008024606849066912,15537
no_polynomial,random,7,156,0.06024096385542168,94.70000000000006,1,0.01,34,0.34,100,0.007738855748903007,15637
no_polynomial,random,7,157,0.059880239520958084,94.00000000000007,0,0.0,60,0.6,100,0.007522647399455309,15737
no_polynomial,random,7,158,0.05952380952380952,93.10000000000004,2,0.02,31,0.31,100,0.006709371879696846,15837
no_polynomial,random,7,159,0.0591715976331361,94.60000000000002,1,0.01,34,0.34,100,0.00752911166055128,15937
no_polynomial,random,7,160,0.058823529411764705,97.30000000000003,0,0.0,27,0.27,100,0.008093582352157682,16037
no_polynomial,random,7,161,0.05847953216374269,93.40000000000008,1,0.01,47,0.47,100,0.00698678387561813,16137
no_polynomial,random,7,162,0.05813953488372093,98.50000000000003,0,0.0,15,0.15,100,0.007046347118448466,16237
no_polynomial,random,7,163,0.057803468208092484,95.40000000000003,1,0.01,26,0.26,100,0.007345255445688963,16337
no_polynomial,random,7,164,0.0574712643678161,89.90000000000006,3,0.03,44,0.44,100,0.007926921104080975,16437
no_polynomial,random,7,165,0.05714285714285714,96.10000000000002,0,0.0,39,0.39,100,0.008039163711946457,16537
no_polynomial,random,7,166,0.056818181818181816,96.70000000000005,0,0.0,33,0.33,100,0.007503868602216243,16637
no_polynomial,random,7,167,0.05649717514124294,94.40000000000008,1,0.01,37,0.37,100,0.008579808068461717,16737
no_polynomial,random,7,168,0.056179775280898875,94.20000000000005,1,0.01,39,0.39,100,0.0070820185518823565,16837
no_polynomial,random,7,169,0.0558659217877095,91.90000000000003,2,0.02,43,0.43,100,0.00811798902694136,16937
no_polynomial,random,7,170,0.05555555555555555,95.40000000000003,0,0.0,46,0.46,100,0.008102733474224806,17037
no_polynomial,random,7,171,0.055248618784530384,96.90000000000005,0,0.0,31,0.31,100,0.0075989475124515595,17137
no_polynomial,random,7,172,0.054945054945054944,96.30000000000003,0,0.0,37,0.37,100,0.007990123087074608,17237
no_polynomial,random,7,173,0.0546448087431694,93.90000000000002,2,0.02,23,0.23,100,0.008628972170408816,17337
no_polynomial,random,7,174,0.05434782608695653,92.89999999999999,2,0.02,32,0.32,100,0.006833726915065199,17437
no_polynomial,random,7,175,0.05405405405405406,96.60000000000004,0,0.0,34,0.34,100,0.0064960843604058025,17537
no_polynomial,random,7,176,0.05376344086021505,97.90000000000006,0,0.0,21,0.21,100,0.008216119823046028,17637
no_polynomial,random,7,177,0.053475935828877004,96.80000000000004,0,0.0,32,0.32,100,0.008185425067786127,17737
no_polynomial,random,7,178,0.05319148936170213,94.30000000000005,1,0.01,38,0.38,100,0.008805037790443749,17837
no_polynomial,random,7,179,0.052910052910052914,96.80000000000001,0,0.0,32,0.32,100,0.007134748429525644,17937
no_polynomial,random,7,180,0.05263157894736842,95.60000000000005,1,0.01,25,0.25,100,0.00752902083331719,18037
no_polynomial,random,7,181,0.05235602094240837,95.50000000000003,1,0.01,26,0.26,100,0.006837215591222048,18137
no_polynomial,random,7,182,0.052083333333333336,94.40000000000006,1,0.01,37,0.37,100,0.007975613999878988,18237
no_polynomial,random,7,183,0.05181347150259067,96.80000000000004,0,0.0,32,0.32,100,0.008209401285275817,18337
no_polynomial,random,7,184,0.051546391752577324,95.90000000000006,0,0.0,41,0.41,100,0.0078053305018693205,18437
no_polynomial,random,7,185,0.05128205128205128,94.20000000000005,1,0.01,39,0.39,100,0.00969131357036531,18537
no_polynomial,random,7,186,0.0510204081632653,94.60000000000005,1,0.01,35,0.35,100,0.008513332847505807,18637
no_polynomial,random,7,187,0.050761421319796954,97.10000000000005,0,0.0,29,0.29,100,0.008444481745827943,18737
no_polynomial,random,7,188,0.050505050505050504,96.29999999999998,1,0.01,17,0.17,100,0.00932449193438515,18837
no_polynomial,random,7,189,0.05025125628140704,97.00000000000003,0,0.0,30,0.3,100,0.010024146169889718,18937
no_polynomial,random,7,190,0.05,96.60000000000002,0,0.0,34,0.34,100,0.00785177027573809,19037
no_polynomial,random,7,191,0.04975124378109452,97.30000000000004,0,0.0,27,0.27,100,0.008215474979951978,19137
no_polynomial,random,7,192,0.04950495049504951,94.40000000000006,1,0.01,37,0.37,100,0.008174051623791456,19237
no_polynomial,random,7,193,0.04926108374384236,94.80000000000007,1,0.01,33,0.33,100,0.007829940877854824,19337
no_polynomial,random,7,194,0.04901960784313726,94.50000000000003,1,0.01,36,0.36,100,0.00787497618002817,19437
no_polynomial,random,7,195,0.04878048780487805,94.4,1,0.01,37,0.37,100,0.006989186867140233,19537
no_polynomial,random,7,196,0.04854368932038835,94.50000000000003,1,0.01,36,0.36,100,0.008375879775267095,19637
no_polynomial,random,7,197,0.04830917874396135,97.10000000000002,0,0.0,29,0.29,100,0.008307517629582435,19737
no_polynomial,random,7,198,0.04807692307692307,96.40000000000005,0,0.0,36,0.36,100,0.009118807134218514,19837
no_polynomial,random,7,199,0.04784688995215311,93.20000000000005,2,0.02,30,0.3,100,0.009877548173535615,19937
no_polynomial,random,8,0,1.0,64.89999999999993,14,0.14,84,0.84,100,0.13182788312032417,37
no_polynomial,random,8,1,0.9090909090909091,78.60000000000004,7,0.07,80,0.8,100,0.028180361865088342,137
no_polynomial,random,8,2,0.8333333333333334,70.29999999999995,11,0.11,88,0.88,100,0.026398441325873136,237
no_polynomial,random,8,3,0.7692307692307692,74.09999999999998,9,0.09,88,0.88,100,0.01944614078849554,337
no_polynomial,random,8,4,0.7142857142857143,73.00000000000001,10,0.1,79,0.79,100,0.029491232903674246,437
no_polynomial,random,8,5,0.6666666666666666,72.9,10,0.1,80,0.8,100,0.009644490513019265,537
no_polynomial,random,8,6,0.625,70.29999999999995,11,0.11,86,0.86,100,0.006581010590307415,637
no_polynomial,random,8,7,0.5882352941176471,78.90000000000002,7,0.07,77,0.77,100,0.004613127820193768,737
no_polynomial,random,8,8,0.5555555555555556,76.90000000000003,8,0.08,77,0.77,100,0.005960320476442575,837
no_polynomial,random,8,9,0.5263157894736842,83.90000000000003,5,0.05,66,0.66,100,0.005024151410907507,937
no_polynomial,random,8,10,0.5,88.80000000000005,2,0.02,74,0.74,100,0.003910024887882173,1037
no_polynomial,random,8,11,0.47619047619047616,71.19999999999996,11,0.11,79,0.79,100,0.004734441763721406,1137
no_polynomial,random,8,12,0.45454545454545453,85.80000000000004,4,0.04,65,0.65,100,0.005100020929239691,1237
no_polynomial,random,8,13,0.4347826086956522,83.60000000000004,5,0.05,69,0.69,100,0.005968040761072189,1337
no_polynomial,random,8,14,0.4166666666666667,83.20000000000005,5,0.05,72,0.72,100,0.006110660992562771,1437
no_polynomial,random,8,15,0.4,76.0,9,0.09,67,0.67,100,0.005506850311066955,1537
no_polynomial,random,8,16,0.3846153846153846,87.30000000000007,3,0.03,70,0.7,100,0.010119603483472019,1637
no_polynomial,random,8,17,0.37037037037037035,83.10000000000004,5,0.05,73,0.73,100,0.012178614656440913,1737
no_polynomial,random,8,18,0.35714285714285715,84.80000000000005,4,0.04,76,0.76,100,0.0112415153067559,1837
no_polynomial,random,8,19,0.3448275862068966,89.20000000000005,2,0.02,70,0.7,100,0.007180541672278195,1937
no_polynomial,random,8,20,0.3333333333333333,85.50000000000007,4,0.04,68,0.68,100,0.006441230047494173,2037
no_polynomial,random,8,21,0.3225806451612903,90.50000000000006,2,0.02,57,0.57,100,0.007675270587205887,2137
no_polynomial,random,8,22,0.3125,81.30000000000004,6,0.06,73,0.73,100,0.006370891840197146,2237
no_polynomial,random,8,23,0.30303030303030304,80.30000000000005,7,0.07,62,0.62,100,0.006662813767325133,2337
no_polynomial,random,8,24,0.29411764705882354,87.90000000000006,3,0.03,63,0.63,100,0.00744466079166159,2437
no_polynomial,random,8,25,0.2857142857142857,86.50000000000007,4,0.04,58,0.58,100,0.006509210232179612,2537
no_polynomial,random,8,26,0.2777777777777778,84.20000000000005,5,0.05,62,0.62,100,0.005695764669217169,2637
no_polynomial,random,8,27,0.27027027027027023,90.90000000000006,2,0.02,52,0.52,100,0.005786037545185536,2737
no_polynomial,random,8,28,0.2631578947368421,85.30000000000005,5,0.05,52,0.52,100,0.007058029391337186,2837
no_polynomial,random,8,29,0.25641025641025644,90.80000000000005,2,0.02,54,0.54,100,0.007574409367516637,2937
no_polynomial,random,8,30,0.25,92.90000000000003,1,0.01,52,0.52,100,0.005990315794479102,3037
no_polynomial,random,8,31,0.24390243902439027,88.40000000000005,3,0.03,58,0.58,100,0.00768770367372781,3137
no_polynomial,random,8,32,0.23809523809523808,90.40000000000006,2,0.02,57,0.57,100,0.008178977358620615,3237
no_polynomial,random,8,33,0.23255813953488372,84.00000000000004,5,0.05,63,0.63,100,0.008936367630958557,3337
no_polynomial,random,8,34,0.22727272727272727,88.90000000000005,3,0.03,54,0.54,100,0.007002427957486361,3437
no_polynomial,random,8,35,0.2222222222222222,84.90000000000005,5,0.05,56,0.56,100,0.008006682144477964,3537
no_polynomial,random,8,36,0.2173913043478261,92.30000000000004,2,0.02,39,0.39,100,0.00762544868979603,3637
no_polynomial,random,8,37,0.2127659574468085,90.40000000000006,2,0.02,58,0.58,100,0.00751132849836722,3737
no_polynomial,random,8,38,0.20833333333333334,86.00000000000003,4,0.04,64,0.64,100,0.0068001785245724025,3837
no_polynomial,random,8,39,0.2040816326530612,90.60000000000004,2,0.02,56,0.56,100,0.007072478141635656,3937
no_polynomial,random,8,40,0.2,95.40000000000005,0,0.0,46,0.46,100,0.007453902373090387,4037
no_polynomial,random,8,41,0.19607843137254904,93.40000000000003,1,0.01,47,0.47,100,0.006741047196555883,4137
no_polynomial,random,8,42,0.1923076923076923,90.00000000000004,2,0.02,62,0.62,100,0.009900475759059191,4237
no_polynomial,random,8,43,0.18867924528301888,87.30000000000001,4,0.04,50,0.5,100,0.008908892511390149,4337
no_polynomial,random,8,44,0.18518518518518517,88.60000000000002,3,0.03,57,0.57,100,0.0078156493534334,4437
no_polynomial,random,8,45,0.18181818181818182,91.90000000000006,2,0.02,43,0.43,100,0.008586755560245365,4537
no_polynomial,random,8,46,0.17857142857142858,91.90000000000003,2,0.02,42,0.42,100,0.007307874662801623,4637
no_polynomial,random,8,47,0.17543859649122806,89.50000000000006,3,0.03,48,0.48,100,0.007769440226256847,4737
no_polynomial,random,8,48,0.1724137931034483,93.40000000000005,1,0.01,47,0.47,100,0.008294913903810083,4837
no_polynomial,random,8,49,0.1694915254237288,93.00000000000006,1,0.01,51,0.51,100,0.00789254398085177,4937
no_polynomial,random,8,50,0.16666666666666666,94.80000000000007,0,0.0,52,0.52,100,0.008673489566426724,5037
no_polynomial,random,8,51,0.1639344262295082,90.79999999999998,3,0.03,35,0.35,100,0.007431987759191543,5137
no_polynomial,random,8,52,0.16129032258064516,94.70000000000007,0,0.0,53,0.53,100,0.006974275857210159,5237
no_polynomial,random,8,53,0.15873015873015872,90.00000000000003,3,0.03,42,0.42,100,0.0067648825747892265,5337
no_polynomial,random,8,54,0.15625,91.90000000000005,2,0.02,43,0.43,100,0.006254985081031918,5437
no_polynomial,random,8,55,0.15384615384615385,91.60000000000005,2,0.02,46,0.46,100,0.008307372338604182,5537
no_polynomial,random,8,56,0.15151515151515152,93.30000000000005,1,0.01,48,0.48,100,0.007938876608386635,5637
no_polynomial,random,8,57,0.14925373134328357,91.80000000000004,2,0.02,44,0.44,100,0.00932428952306509,5737
no_polynomial,random,8,58,0.14705882352941177,87.70000000000005,4,0.04,45,0.45,100,0.007030371762812138,5837
no_polynomial,random,8,59,0.14492753623188406,85.50000000000004,5,0.05,48,0.48,100,0.007350673524197191,5937
no_polynomial,random,8,60,0.14285714285714285,96.90000000000003,0,0.0,31,0.31,100,0.009183679595589639,6037
no_polynomial,random,8,61,0.14084507042253522,91.30000000000003,2,0.02,49,0.49,100,0.01048924661707133,6137
no_polynomial,random,8,62,0.1388888888888889,92.70000000000003,2,0.02,34,0.34,100,0.008537768442183733,6237
no_polynomial,random,8,63,0.136986301369863,89.60000000000005,3,0.03,47,0.47,100,0.008256741417571902,6337
no_polynomial,random,8,64,0.13513513513513511,87.00000000000003,4,0.04,54,0.54,100,0.008705992558971047,6437
no_polynomial,random,8,65,0.13333333333333333,93.90000000000003,1,0.01,42,0.42,100,0.008277260411996395,6537
no_polynomial,random,8,66,0.13157894736842105,88.90000000000002,3,0.03,54,0.54,100,0.008067557206377387,6637
no_polynomial,random,8,67,0.12987012987012986,89.80000000000004,3,0.03,43,0.43,100,0.007667996222153306,6737
no_polynomial,random,8,68,0.12820512820512822,87.90000000000003,4,0.04,45,0.45,100,0.00827341026859358,6837
no_polynomial,random,8,69,0.12658227848101264,93.60000000000004,1,0.01,44,0.44,100,0.008920754408463835,6937
no_polynomial,random,8,70,0.125,92.60000000000002,2,0.02,34,0.34,100,0.007126187649555504,7037
no_polynomial,random,8,71,0.1234567901234568,91.70000000000007,2,0.02,45,0.45,100,0.00824427499435842,7137
no_polynomial,random,8,72,0.12195121951219513,96.80000000000001,0,0.0,32,0.32,100,0.007432832263875752,7237
no_polynomial,random,8,73,0.12048192771084336,88.30000000000001,4,0.04,40,0.4,100,0.01094453599769622,7337
no_polynomial,random,8,74,0.11904761904761904,93.30000000000008,1,0.01,48,0.48,100,0.008832835108041764,7437
no_polynomial,random,8,75,0.11764705882352941,93.30000000000005,1,0.01,48,0.48,100,0.00820994021371007,7537
no_polynomial,random,8,76,0.11627906976744186,87.4,4,0.04,50,0.5,100,0.010456202207133175,7637
no_polynomial,random,8,77,0.1149425287356322,96.5,0,0.0,35,0.35,100,0.008793185746762902,7737
no_polynomial,random,8,78,0.11363636363636363,89.40000000000002,3,0.03,49,0.49,100,0.008734142612665892,7837
no_polynomial,random,8,79,0.11235955056179775,88.20000000000005,4,0.04,42,0.42,100,0.008284892360679806,7937
no_polynomial,random,8,80,0.1111111111111111,96.00000000000003,0,0.0,40,0.4,100,0.009352381655480713,8037
no_polynomial,random,8,81,0.10989010989010989,92.30000000000004,2,0.02,38,0.38,100,0.01094377347268164,8137
no_polynomial,random,8,82,0.10869565217391305,88.00000000000006,4,0.04,44,0.44,100,0.008215021602809429,8237
no_polynomial,random,8,83,0.1075268817204301,93.10000000000008,1,0.01,50,0.5,100,0.008580001969821751,8337
no_polynomial,random,8,84,0.10638297872340426,90.90000000000003,3,0.03,34,0.34,100,0.007177604460157454,8437
no_polynomial,random,8,85,0.10526315789473684,95.60000000000002,1,0.01,25,0.25,100,0.007633844341617077,8537
no_polynomial,random,8,86,0.10416666666666667,95.70000000000005,0,0.0,43,0.43,100,0.00908298705238849,8637
no_polynomial,random,8,87,0.10309278350515465,95.80000000000008,0,0.0,42,0.42,100,0.008850453463383019,8737
no_polynomial,random,8,88,0.1020408163265306,88.40000000000008,4,0.04,40,0.4,100,0.007990455504041165,8837
no_polynomial,random,8,89,0.10101010101010101,95.60000000000002,1,0.01,24,0.24,100,0.00783231967361644,8937
no_polynomial,random,8,90,0.1,93.90000000000003,1,0.01,42,0.42,100,0.008484727209433914,9037
no_polynomial,random,8,91,0.09900990099009901,96.90000000000003,0,0.0,31,0.31,100,0.008941771595273167,9137
no_polynomial,random,8,92,0.09803921568627452,89.90000000000005,3,0.03,44,0.44,100,0.009742217664606869,9237
no_polynomial,random,8,93,0.0970873786407767,94.00000000000009,1,0.01,41,0.41,100,0.007710095059592277,9337
no_polynomial,random,8,94,0.09615384615384615,96.50000000000006,0,0.0,35,0.35,100,0.008159326226450502,9437
no_polynomial,random,8,95,0.09523809523809523,94.60000000000005,1,0.01,34,0.34,100,0.009941725968383252,9537
no_polynomial,random,8,96,0.09433962264150944,95.40000000000003,0,0.0,46,0.46,100,0.008704343386925757,9637
no_polynomial,random,8,97,0.09345794392523366,94.40000000000005,1,0.01,37,0.37,100,0.008236329816281796,9737
no_polynomial,random,8,98,0.09259259259259259,92.50000000000006,2,0.02,37,0.37,100,0.00845439693890512,9837
no_polynomial,random,8,99,0.09174311926605504,92.00000000000004,2,0.02,42,0.42,100,0.008201671298593283,9937
no_polynomial,random,8,100,0.09090909090909091,97.10000000000005,0,0.0,29,0.29,100,0.008752745983656496,10037
no_polynomial,random,8,101,0.0900900900900901,92.30000000000001,2,0.02,39,0.39,100,0.007512908584903926,10137
no_polynomial,random,8,102,0.08928571428571429,93.80000000000003,1,0.01,43,0.43,100,0.007877059434540569,10237
no_polynomial,random,8,103,0.08849557522123894,93.80000000000005,1,0.01,42,0.42,100,0.007591658292803913,10337
no_polynomial,random,8,104,0.08771929824561403,95.90000000000006,0,0.0,41,0.41,100,0.00932684115599841,10437
no_polynomial,random,8,105,0.08695652173913043,96.50000000000004,0,0.0,35,0.35,100,0.009019750400912017,10537
no_polynomial,random,8,106,0.08620689655172414,92.80000000000004,2,0.02,33,0.33,100,0.0075588541245087985,10637
no_polynomial,random,8,107,0.08547008547008547,95.00000000000004,1,0.01,30,0.3,100,0.010766847946215422,10737
no_polynomial,random,8,108,0.0847457627118644,93.4,1,0.01,47,0.47,100,0.00833208417519927,10837
no_polynomial,random,8,109,0.08403361344537814,94.10000000000005,1,0.01,40,0.4,100,0.009444576008245349,10937
no_polynomial,random,8,110,0.08333333333333333,96.60000000000001,1,0.01,15,0.15,100,0.0076008251006715,11037
no_polynomial,random,8,111,0.08264462809917356,94.30000000000004,1,0.01,38,0.38,100,0.007212684485130012,11137
no_polynomial,random,8,112,0.0819672131147541,96.40000000000006,0,0.0,36,0.36,100,0.007010287290904671,11237
no_polynomial,random,8,113,0.08130081300813008,92.60000000000001,2,0.02,36,0.36,100,0.008094696197658777,11337
no_polynomial,random,8,114,0.08064516129032258,96.70000000000009,0,0.0,33,0.33,100,0.008170249173417687,11437
no_polynomial,random,8,115,0.08,96.50000000000006,0,0.0,35,0.35,100,0.007850839355960489,11537
no_polynomial,random,8,116,0.07936507936507936,95.0,1,0.01,30,0.3,100,0.008902305727824569,11637
no_polynomial,random,8,117,0.07874015748031496,91.90000000000005,2,0.02,43,0.43,100,0.008777756979689001,11737
no_polynomial,random,8,118,0.078125,93.50000000000009,1,0.01,46,0.46,100,0.010472833877429366,11837
no_polynomial,random,8,119,0.07751937984496124,95.8000000000001,0,0.0,42,0.42,100,0.0070289060985669494,11937
no_polynomial,random,8,120,0.07692307692307693,94.30000000000005,1,0.01,37,0.37,100,0.008283756782766431,12037
no_polynomial,random,8,121,0.07633587786259542,96.70000000000002,0,0.0,33,0.33,100,0.008302841200493277,12137
no_polynomial,random,8,122,0.07575757575757576,93.80000000000004,1,0.01,42,0.42,100,0.008859055952634663,12237
no_polynomial,random,8,123,0.07518796992481203,95.20000000000002,1,0.01,28,0.28,100,0.011049249027855694,12337
no_polynomial,random,8,124,0.07462686567164178,94.00000000000004,1,0.01,41,0.41,100,0.009621265635360032,12437
no_polynomial,random,8,125,0.07407407407407407,94.30000000000007,1,0.01,38,0.38,100,0.007969186899717897,12537
no_polynomial,random,8,126,0.07352941176470588,96.30000000000001,0,0.0,37,0.37,100,0.010103626074269415,12637
no_polynomial,random,8,127,0.07299270072992702,96.50000000000001,0,0.0,35,0.35,100,0.011577259730547667,12737
no_polynomial,random,8,128,0.07246376811594203,90.50000000000001,3,0.03,36,0.36,100,0.011791107594035566,12837
no_polynomial,random,8,129,0.07194244604316546,94.10000000000005,1,0.01,39,0.39,100,0.009130474699195474,12937
no_polynomial,random,8,130,0.07142857142857142,94.70000000000003,1,0.01,34,0.34,100,0.0074045118014328185,13037
no_polynomial,random,8,131,0.07092198581560284,95.00000000000006,0,0.0,50,0.5,100,0.008328362223692239,13137
no_polynomial,random,8,132,0.07042253521126761,95.19999999999999,1,0.01,29,0.29,100,0.0073271199665032325,13237
no_polynomial,random,8,133,0.06993006993006992,96.3000000000001,0,0.0,37,0.37,100,0.008049783583264797,13337
no_polynomial,random,8,134,0.06944444444444445,97.20000000000002,0,0.0,28,0.28,100,0.009314433825202285,13437
no_polynomial,random,8,135,0.06896551724137931,93.1,2,0.02,30,0.3,100,0.00799709567334503,13537
no_polynomial,random,8,136,0.0684931506849315,95.00000000000003,1,0.01,31,0.31,100,0.00743372093886137,13637
no_polynomial,random,8,137,0.06802721088435375,96.10000000000004,0,0.0,39,0.39,100,0.008114743309561164,13737
no_polynomial,random,8,138,0.06756756756756756,94.50000000000004,1,0.01,35,0.35,100,0.009152800457086415,13837
no_polynomial,random,8,139,0.06711409395973154,95.00000000000006,1,0.01,31,0.31,100,0.00788258102023974,13937
no_polynomial,random,8,140,0.06666666666666667,96.60000000000004,0,0.0,34,0.34,100,0.008430885972920805,14037
no_polynomial,random,8,141,0.06622516556291391,92.70000000000005,2,0.02,34,0.34,100,0.008906270386651158,14137
no_polynomial,random,8,142,0.06578947368421052,94.60000000000005,1,0.01,35,0.35,100,0.00820820225868374,14237
no_polynomial,random,8,143,0.06535947712418301,97.20000000000007,0,0.0,28,0.28,100,0.007538180849514901,14337
no_polynomial,random,8,144,0.06493506493506493,97.00000000000003,0,0.0,30,0.3,100,0.008084022044204175,14437
no_polynomial,random,8,145,0.06451612903225806,95.40000000000003,1,0.01,27,0.27,100,0.00676057995762676,14537
no_polynomial,random,8,146,0.06410256410256411,92.60000000000004,2,0.02,36,0.36,100,0.007540761104319244,14637
no_polynomial,random,8,147,0.06369426751592357,96.30000000000005,0,0.0,37,0.37,100,0.007142912265844643,14737
no_polynomial,random,8,148,0.06329113924050632,94.30000000000004,1,0.01,38,0.38,100,0.007006950243376196,14837
no_polynomial,random,8,149,0.06289308176100629,96.20000000000005,0,0.0,38,0.38,100,0.007379425338003784,14937
no_polynomial,random,8,150,0.0625,95.40000000000002,1,0.01,27,0.27,100,0.00684685604646802,15037
no_polynomial,random,8,151,0.06211180124223602,92.70000000000003,2,0.02,34,0.34,100,0.007268202651757747,15137
no_polynomial,random,8,152,0.0617283950617284,96.60000000000005,0,0.0,34,0.34,100,0.007860465198755264,15237
no_polynomial,random,8,153,0.06134969325153374,92.10000000000004,2,0.02,41,0.41,100,0.007777656316757202,15337
no_polynomial,random,8,154,0.06097560975609757,94.10000000000005,1,0.01,40,0.4,100,0.008130962904542684,15437
no_polynomial,random,8,155,0.06060606060606061,95.80000000000005,1,0.01,23,0.23,100,0.008448735843412578,15537
no_polynomial,random,8,156,0.06024096385542168,93.20000000000005,1,0.01,49,0.49,100,0.008738326993770897,15637
no_polynomial,random,8,157,0.059880239520958084,98.1,0,0.0,19,0.19,100,0.008050788710825145,15737
no_polynomial,random,8,158,0.05952380952380952,96.60000000000004,0,0.0,34,0.34,100,0.008063947330228985,15837
no_polynomial,random,8,159,0.0591715976331361,93.90000000000005,1,0.01,42,0.42,100,0.007581517170183361,15937
no_polynomial,random,8,160,0.058823529411764705,94.50000000000004,1,0.01,36,0.36,100,0.009164472620468586,16037
no_polynomial,random,8,161,0.05847953216374269,95.80000000000005,0,0.0,42,0.42,100,0.00826583539834246,16137
no_polynomial,random,8,162,0.05813953488372093,96.10000000000008,0,0.0,39,0.39,100,0.008616716233082116,16237
no_polynomial,random,8,163,0.057803468208092484,94.20000000000006,1,0.01,39,0.39,100,0.009559721578843891,16337
no_polynomial,random,8,164,0.0574712643678161,96.10000000000005,0,0.0,39,0.39,100,0.007683625495992601,16437
no_polynomial,random,8,165,0.05714285714285714,95.10000000000005,1,0.01,30,0.3,100,0.007718979902565479,16537
no_polynomial,random,8,166,0.056818181818181816,94.9,1,0.01,32,0.32,100,0.007713310061953962,16637
no_polynomial,random,8,167,0.05649717514124294,96.20000000000003,0,0.0,38,0.38,100,0.007660696120001376,16737
no_polynomial,random,8,168,0.056179775280898875,88.60000000000004,4,0.04,38,0.38,100,0.007891608150675893,16837
no_polynomial,random,8,169,0.0558659217877095,94.70000000000005,1,0.01,33,0.33,100,0.010349706534761936,16937
no_polynomial,random,8,170,0.05555555555555555,96.00000000000006,0,0.0,40,0.4,100,0.008668266015592962,17037
no_polynomial,random,8,171,0.055248618784530384,96.3,1,0.01,18,0.18,100,0.007402819930575788,17137
no_polynomial,random,8,172,0.054945054945054944,97.60000000000005,0,0.0,24,0.24,100,0.008127123992890119,17237
no_polynomial,random,8,173,0.0546448087431694,95.9,0,0.0,41,0.41,100,0.0103790219174698,17337
no_polynomial,random,8,174,0.05434782608695653,98.30000000000001,0,0.0,17,0.17,100,0.012126640793867409,17437
no_polynomial,random,8,175,0.05405405405405406,93.80000000000007,1,0.01,43,0.43,100,0.009777143576648085,17537
no_polynomial,random,8,176,0.05376344086021505,96.20000000000002,0,0.0,38,0.38,100,0.010512428092770278,17637
no_polynomial,random,8,177,0.053475935828877004,92.40000000000003,2,0.02,38,0.38,100,0.009533387180417775,17737
no_polynomial,random,8,178,0.05319148936170213,96.50000000000006,0,0.0,35,0.35,100,0.011994199729524552,17837
no_polynomial,random,8,179,0.052910052910052914,91.30000000000001,3,0.03,29,0.29,100,0.00859899090602994,17937
no_polynomial,random,8,180,0.05263157894736842,90.20000000000002,3,0.03,40,0.4,100,0.008332333690486849,18037
no_polynomial,random,8,181,0.05235602094240837,93.30000000000003,2,0.02,29,0.29,100,0.008496720003895461,18137
no_polynomial,random,8,182,0.052083333333333336,95.10000000000005,1,0.01,30,0.3,100,0.008156846666242928,18237
no_polynomial,random,8,183,0.05181347150259067,94.50000000000004,1,0.01,35,0.35,100,0.008020270220004021,18337
no_polynomial,random,8,184,0.051546391752577324,96.40000000000006,0,0.0,36,0.36,100,0.007936134280171245,18437
no_polynomial,random,8,185,0.05128205128205128,95.60000000000007,0,0.0,44,0.44,100,0.008713047772180288,18537
no_polynomial,random,8,186,0.0510204081632653,93.60000000000007,2,0.02,26,0.26,100,0.01041725748218596,18637
no_polynomial,random,8,187,0.050761421319796954,96.70000000000005,0,0.0,33,0.33,100,0.009542745947837829,18737
no_polynomial,random,8,188,0.050505050505050504,97.0,0,0.0,30,0.3,100,0.009919846574775874,18837
no_polynomial,random,8,189,0.05025125628140704,96.60000000000008,0,0.0,34,0.34,100,0.007185749404598028,18937
no_polynomial,random,8,190,0.05,96.70000000000007,0,0.0,33,0.33,100,0.007473803113680333,19037
no_polynomial,random,8,191,0.04975124378109452,97.5,0,0.0,25,0.25,100,0.008165886332280934,19137
no_polynomial,random,8,192,0.04950495049504951,92.2,2,0.02,40,0.4,100,0.007586192064918578,19237
no_polynomial,random,8,193,0.04926108374384236,97.00000000000006,0,0.0,30,0.3,100,0.008618233064189552,19337
no_polynomial,random,8,194,0.04901960784313726,97.20000000000007,0,0.0,28,0.28,100,0.007671883248258382,19437
no_polynomial,random,8,195,0.04878048780487805,97.90000000000003,0,0.0,21,0.21,100,0.00848850519862026,19537
no_polynomial,random,8,196,0.04854368932038835,97.30000000000004,0,0.0,27,0.27,100,0.007772980749141425,19637
no_polynomial,random,8,197,0.04830917874396135,97.00000000000003,0,0.0,30,0.3,100,0.007055441178381443,19737
no_polynomial,random,8,198,0.04807692307692307,96.60000000000005,0,0.0,34,0.34,100,0.007392028621397912,19837
no_polynomial,random,8,199,0.04784688995215311,95.20000000000003,1,0.01,28,0.28,100,0.007867799499072134,19937
no_polynomial,random,9,0,1.0,62.299999999999926,15,0.15,91,0.91,100,0.1612515903606608,37
no_polynomial,random,9,1,0.9090909090909091,66.69999999999995,13,0.13,84,0.84,100,0.04734746351838112,137
no_polynomial,random,9,2,0.8333333333333334,75.5,8,0.08,91,0.91,100,0.03333048362284899,237
no_polynomial,random,9,3,0.7692307692307692,76.20000000000002,8,0.08,86,0.86,100,0.014294887497089803,337
no_polynomial,random,9,4,0.7142857142857143,76.2,8,0.08,83,0.83,100,0.01110393735114485,437
no_polynomial,random,9,5,0.6666666666666666,79.70000000000005,6,0.06,87,0.87,100,0.007747848089784384,537
no_polynomial,random,9,6,0.625,78.70000000000002,7,0.07,79,0.79,100,0.006558131473138928,637
no_polynomial,random,9,7,0.5882352941176471,80.00000000000003,6,0.06,85,0.85,100,0.005332569850143045,737
no_polynomial,random,9,8,0.5555555555555556,70.49999999999997,11,0.11,84,0.84,100,0.004511453865561634,837
no_polynomial,random,9,9,0.5263157894736842,81.10000000000001,6,0.06,73,0.73,100,0.004798662441316992,937
no_polynomial,random,9,10,0.5,80.10000000000002,6,0.06,84,0.84,100,0.004436784377321601,1037
no_polynomial,random,9,11,0.47619047619047616,86.80000000000004,3,0.03,75,0.75,100,0.009827965262811631,1137
no_polynomial,random,9,12,0.45454545454545453,88.50000000000009,2,0.02,77,0.77,100,0.005840215177740902,1237
no_polynomial,random,9,13,0.4347826086956522,82.90000000000002,5,0.05,75,0.75,100,0.005030700638890266,1337
no_polynomial,random,9,14,0.4166666666666667,77.1,8,0.08,77,0.77,100,0.00425333488616161,1437
no_polynomial,random,9,15,0.4,80.10000000000001,7,0.07,66,0.66,100,0.004023886271752417,1537
no_polynomial,random,9,16,0.3846153846153846,84.80000000000005,4,0.04,76,0.76,100,0.005655540879815817,1637
no_polynomial,random,9,17,0.37037037037037035,89.20000000000006,2,0.02,69,0.69,100,0.006237552261445671,1737
no_polynomial,random,9,18,0.35714285714285715,81.70000000000002,6,0.06,68,0.68,100,0.005426401211880147,1837
no_polynomial,random,9,19,0.3448275862068966,79.80000000000004,7,0.07,69,0.69,100,0.005541879783850163,1937
no_polynomial,random,9,20,0.3333333333333333,90.50000000000009,1,0.01,76,0.76,100,0.004476223818492144,2037
no_polynomial,random,9,21,0.3225806451612903,92.60000000000007,0,0.0,74,0.74,100,0.006026638178154826,2137
no_polynomial,random,9,22,0.3125,84.60000000000001,5,0.05,59,0.59,100,0.005646385117433966,2237
no_polynomial,random,9,23,0.30303030303030304,86.10000000000001,4,0.04,62,0.62,100,0.006187943886034191,2337
no_polynomial,random,9,24,0.29411764705882354,77.50000000000003,8,0.08,73,0.73,100,0.006384569259826094,2437
no_polynomial,random,9,25,0.2857142857142857,91.50000000000004,1,0.01,66,0.66,100,0.0053649119520559905,2537
no_polynomial,random,9,26,0.2777777777777778,82.50000000000004,6,0.06,60,0.6,100,0.0063527669198811055,2637
no_polynomial,random,9,27,0.27027027027027023,84.70000000000003,4,0.04,77,0.77,100,0.006151774530299008,2737
no_polynomial,random,9,28,0.2631578947368421,88.30000000000004,3,0.03,59,0.59,100,0.004808446106035262,2837
no_polynomial,random,9,29,0.25641025641025644,85.90000000000002,4,0.04,65,0.65,100,0.00617622033925727,2937
no_polynomial,random,9,30,0.25,90.00000000000004,2,0.02,62,0.62,100,0.005711657730862498,3037
no_polynomial,random,9,31,0.24390243902439027,80.90000000000003,7,0.07,58,0.58,100,0.005704444057773799,3137
no_polynomial,random,9,32,0.23809523809523808,86.40000000000006,4,0.04,60,0.6,100,0.008788079437799752,3237
no_polynomial,random,9,33,0.23255813953488372,86.00000000000004,4,0.04,63,0.63,100,0.00845711235422641,3337
no_polynomial,random,9,34,0.22727272727272727,94.50000000000006,0,0.0,55,0.55,100,0.00853833643021062,3437
no_polynomial,random,9,35,0.2222222222222222,82.30000000000004,6,0.06,61,0.61,100,0.007476533884182572,3537
no_polynomial,random,9,36,0.2173913043478261,91.90000000000003,1,0.01,62,0.62,100,0.006488729554694146,3637
no_polynomial,random,9,37,0.2127659574468085,92.60000000000008,1,0.01,55,0.55,100,0.007690874252002686,3737
no_polynomial,random,9,38,0.20833333333333334,88.90000000000006,3,0.03,54,0.54,100,0.007112568952143192,3837
no_polynomial,random,9,39,0.2040816326530612,84.70000000000005,5,0.05,58,0.58,100,0.008596797487698496,3937
no_polynomial,random,9,40,0.2,94.60000000000008,0,0.0,54,0.54,100,0.006813287069089711,4037
no_polynomial,random,9,41,0.19607843137254904,88.89999999999999,3,0.03,54,0.54,100,0.006726285724435002,4137
no_polynomial,random,9,42,0.1923076923076923,87.50000000000007,3,0.03,68,0.68,100,0.006332667672540993,4237
no_polynomial,random,9,43,0.18867924528301888,89.00000000000004,3,0.03,52,0.52,100,0.008160985759459435,4337
no_polynomial,random,9,44,0.18518518518518517,88.80000000000005,3,0.03,55,0.55,100,0.006973534049466252,4437
no_polynomial,random,9,45,0.18181818181818182,89.10000000000002,3,0.03,52,0.52,100,0.007735627635847777,4537
no_polynomial,random,9,46,0.17857142857142858,86.00000000000006,4,0.04,63,0.63,100,0.008006333014927805,4637
no_polynomial,random,9,47,0.17543859649122806,93.70000000000005,1,0.01,44,0.44,100,0.006654264065437019,4737
no_polynomial,random,9,48,0.1724137931034483,91.70000000000007,2,0.02,44,0.44,100,0.008381386005785316,4837
no_polynomial,random,9,49,0.1694915254237288,90.80000000000007,2,0.02,53,0.53,100,0.007830499149858951,4937
no_polynomial,random,9,50,0.16666666666666666,95.3000000000001,0,0.0,47,0.47,100,0.00788425003644079,5037
no_polynomial,random,9,51,0.1639344262295082,89.30000000000004,3,0.03,50,0.5,100,0.008379408051259815,5137
no_polynomial,random,9,52,0.16129032258064516,93.00000000000009,1,0.01,51,0.51,100,0.008743143538013101,5237
no_polynomial,random,9,53,0.15873015873015872,92.90000000000009,1,0.01,52,0.52,100,0.00813681167550385,5337
no_polynomial,random,9,54,0.15625,96.60000000000002,0,0.0,34,0.34,100,0.006034927889704705,5437
no_polynomial,random,9,55,0.15384615384615385,94.80000000000007,0,0.0,52,0.52,100,0.0074751354777254165,5537
no_polynomial,random,9,56,0.15151515151515152,90.40000000000003,2,0.02,58,0.58,100,0.007713459935039282,5637
no_polynomial,random,9,57,0.14925373134328357,90.00000000000004,2,0.02,62,0.62,100,0.008832770350854844,5737
no_polynomial,random,9,58,0.14705882352941177,86.20000000000003,4,0.04,62,0.62,100,0.00679096648003906,5837
no_polynomial,random,9,59,0.14492753623188406,91.00000000000001,2,0.02,52,0.52,100,0.006918994460720569,5937
no_polynomial,random,9,60,0.14285714285714285,90.70000000000003,2,0.02,55,0.55,100,0.00727071087108925,6037
no_polynomial,random,9,61,0.14084507042253522,91.50000000000004,2,0.02,47,0.47,100,0.00723159168381244,6137
no_polynomial,random,9,62,0.1388888888888889,91.30000000000004,2,0.02,49,0.49,100,0.007873970319051295,6237
no_polynomial,random,9,63,0.136986301369863,94.70000000000006,0,0.0,53,0.53,100,0.008195189472753555,6337
no_polynomial,random,9,64,0.13513513513513511,95.00000000000007,1,0.01,31,0.31,100,0.007922896482050419,6437
no_polynomial,random,9,65,0.13333333333333333,87.60000000000005,4,0.04,47,0.47,100,0.006755730549339205,6537
no_polynomial,random,9,66,0.13157894736842105,93.90000000000006,1,0.01,42,0.42,100,0.0074236968345940115,6637
no_polynomial,random,9,67,0.12987012987012986,94.20000000000003,1,0.01,39,0.39,100,0.0072867416799999776,6737
no_polynomial,random,9,68,0.12820512820512822,92.80000000000003,2,0.02,34,0.34,100,0.006481724462937564,6837
no_polynomial,random,9,69,0.12658227848101264,93.80000000000004,1,0.01,43,0.43,100,0.007802742295898497,6937
no_polynomial,random,9,70,0.125,94.00000000000007,1,0.01,41,0.41,100,0.008231777267064899,7037
no_polynomial,random,9,71,0.1234567901234568,89.60000000000007,3,0.03,46,0.46,100,0.007837575837038457,7137
no_polynomial,random,9,72,0.12195121951219513,94.70000000000006,0,0.0,53,0.53,100,0.007486327113583684,7237
no_polynomial,random,9,73,0.12048192771084336,91.30000000000001,2,0.02,49,0.49,100,0.007632600702345371,7337
no_polynomial,random,9,74,0.11904761904761904,83.50000000000003,6,0.06,50,0.5,100,0.007418487574905157,7437
no_polynomial,random,9,75,0.11764705882352941,94.90000000000006,0,0.0,51,0.51,100,0.00859907851088792,7537
no_polynomial,random,9,76,0.11627906976744186,92.20000000000007,2,0.02,40,0.4,100,0.007266009645536542,7637
no_polynomial,random,9,77,0.1149425287356322,94.70000000000005,1,0.01,34,0.34,100,0.007820702916942536,7737
no_polynomial,random,9,78,0.11363636363636363,96.10000000000005,0,0.0,39,0.39,100,0.009066217432264238,7837
no_polynomial,random,9,79,0.11235955056179775,96.70000000000005,0,0.0,33,0.33,100,0.007373337377794087,7937
no_polynomial,random,9,80,0.1111111111111111,89.30000000000004,3,0.03,50,0.5,100,0.007687068611849099,8037
no_polynomial,random,9,81,0.10989010989010989,90.80000000000005,2,0.02,54,0.54,100,0.007110796992201358,8137
no_polynomial,random,9,82,0.10869565217391305,94.20000000000006,1,0.01,39,0.39,100,0.007103273987304419,8237
no_polynomial,random,9,83,0.1075268817204301,89.20000000000003,3,0.03,51,0.51,100,0.008645598434377462,8337
no_polynomial,random,9,84,0.10638297872340426,93.80000000000004,1,0.01,43,0.43,100,0.007534019711893052,8437
no_polynomial,random,9,85,0.10526315789473684,94.90000000000002,1,0.01,32,0.32,100,0.007341061378829181,8537
no_polynomial,random,9,86,0.10416666666666667,92.80000000000001,2,0.02,33,0.33,100,0.0084440749976784,8637
no_polynomial,random,9,87,0.10309278350515465,96.00000000000003,0,0.0,40,0.4,100,0.00908281116746366,8737
no_polynomial,random,9,88,0.1020408163265306,96.00000000000004,0,0.0,40,0.4,100,0.009491850035265087,8837
no_polynomial,random,9,89,0.10101010101010101,94.10000000000005,1,0.01,40,0.4,100,0.007572365812957287,8937
no_polynomial,random,9,90,0.1,93.40000000000005,1,0.01,46,0.46,100,0.009103831455577164,9037
no_polynomial,random,9,91,0.09900990099009901,90.60000000000005,2,0.02,56,0.56,100,0.008070024768821895,9137
no_polynomial,random,9,92,0.09803921568627452,95.1,1,0.01,30,0.3,100,0.007805785834789276,9237
no_polynomial,random,9,93,0.0970873786407767,90.10000000000001,3,0.03,42,0.42,100,0.008159433342516422,9337
no_polynomial,random,9,94,0.09615384615384615,93.90000000000006,1,0.01,42,0.42,100,0.008369121223222465,9437
no_polynomial,random,9,95,0.09523809523809523,96.00000000000007,0,0.0,40,0.4,100,0.008023951114155351,9537
no_polynomial,random,9,96,0.09433962264150944,95.90000000000002,0,0.0,41,0.41,100,0.007924504794646054,9637
no_polynomial,random,9,97,0.09345794392523366,96.20000000000007,0,0.0,38,0.38,100,0.006924329476896673,9737
no_polynomial,random,9,98,0.09259259259259259,93.60000000000004,1,0.01,44,0.44,100,0.008977847895585,9837
no_polynomial,random,9,99,0.09174311926605504,96.60000000000005,0,0.0,34,0.34,100,0.007770962757058441,9937
no_polynomial,random,9,100,0.09090909090909091,95.70000000000006,0,0.0,43,0.43,100,0.007438830980099738,10037
no_polynomial,random,9,101,0.0900900900900901,90.60000000000004,3,0.03,36,0.36,100,0.009241941613145172,10137
no_polynomial,random,9,102,0.08928571428571429,94.60000000000005,1,0.01,35,0.35,100,0.007993051505181939,10237
no_polynomial,random,9,103,0.08849557522123894,94.60000000000008,1,0.01,35,0.35,100,0.0070896768197417255,10337
no_polynomial,random,9,104,0.08771929824561403,93.4,1,0.01,47,0.47,100,0.007225104819517583,10437
no_polynomial,random,9,105,0.08695652173913043,94.9,1,0.01,32,0.32,100,0.006878032351378352,10537
no_polynomial,random,9,106,0.08620689655172414,91.60000000000005,2,0.02,46,0.46,100,0.008440158371813595,10637
no_polynomial,random,9,107,0.08547008547008547,94.30000000000005,1,0.01,37,0.37,100,0.007455358940642327,10737
no_polynomial,random,9,108,0.0847457627118644,93.60000000000005,1,0.01,45,0.45,100,0.0068579837493598465,10837
no_polynomial,random,9,109,0.08403361344537814,95.80000000000005,0,0.0,42,0.42,100,0.008025351194664836,10937
no_polynomial,random,9,110,0.08333333333333333,95.30000000000003,0,0.0,47,0.47,100,0.007516780188307166,11037
no_polynomial,random,9,111,0.08264462809917356,92.20000000000007,1,0.01,59,0.59,100,0.008887989860959351,11137
no_polynomial,random,9,112,0.0819672131147541,94.20000000000006,1,0.01,39,0.39,100,0.008965812686365099,11237
no_polynomial,random,9,113,0.08130081300813008,93.80000000000004,1,0.01,43,0.43,100,0.00856482659932226,11337
no_polynomial,random,9,114,0.08064516129032258,91.80000000000003,2,0.02,44,0.44,100,0.009609266775660217,11437
no_polynomial,random,9,115,0.08,95.60000000000002,1,0.01,24,0.24,100,0.006777712840121239,11537
no_polynomial,random,9,116,0.07936507936507936,97.50000000000004,0,0.0,25,0.25,100,0.007722101332619786,11637
no_polynomial,random,9,117,0.07874015748031496,97.00000000000004,0,0.0,30,0.3,100,0.010189748271368444,11737
no_polynomial,random,9,118,0.078125,91.70000000000005,2,0.02,44,0.44,100,0.008558416310697793,11837
no_polynomial,random,9,119,0.07751937984496124,96.30000000000003,0,0.0,37,0.37,100,0.008353882653173059,11937
no_polynomial,random,9,120,0.07692307692307693,95.10000000000004,1,0.01,30,0.3,100,0.00808949104975909,12037
no_polynomial,random,9,121,0.07633587786259542,96.70000000000002,0,0.0,33,0.33,100,0.0075996550126001235,12137
no_polynomial,random,9,122,0.07575757575757576,96.00000000000003,0,0.0,40,0.4,100,0.010112799955531954,12237
no_polynomial,random,9,123,0.07518796992481203,94.60000000000002,1,0.01,35,0.35,100,0.008049764279276133,12337
no_polynomial,random,9,124,0.07462686567164178,93.90000000000006,2,0.02,21,0.21,100,0.008765176720917225,12437
no_polynomial,random,9,125,0.07407407407407407,96.70000000000005,0,0.0,33,0.33,100,0.0076888054423034195,12537
no_polynomial,random,9,126,0.07352941176470588,95.90000000000006,0,0.0,41,0.41,100,0.008946392233483494,12637
no_polynomial,random,9,127,0.07299270072992702,95.90000000000006,0,0.0,41,0.41,100,0.007609632324893027,12737
no_polynomial,random,9,128,0.07246376811594203,94.80000000000005,1,0.01,33,0.33,100,0.009869650457985699,12837
no_polynomial,random,9,129,0.07194244604316546,96.10000000000005,0,0.0,39,0.39,100,0.009306099717505276,12937
no_polynomial,random,9,130,0.07142857142857142,94.90000000000005,1,0.01,32,0.32,100,0.008757642440032213,13037
no_polynomial,random,9,131,0.07092198581560284,91.30000000000003,3,0.03,29,0.29,100,0.008426302594598383,13137
no_polynomial,random,9,132,0.07042253521126761,90.80000000000004,3,0.03,35,0.35,100,0.00768324431264773,13237
no_polynomial,random,9,133,0.06993006993006992,93.70000000000005,1,0.01,44,0.44,100,0.008221372172702104,13337
no_polynomial,random,9,134,0.06944444444444445,93.39999999999998,2,0.02,27,0.27,100,0.007571754718665034,13437
no_polynomial,random,9,135,0.06896551724137931,92.40000000000003,2,0.02,38,0.38,100,0.008901981627568603,13537
no_polynomial,random,9,136,0.0684931506849315,95.30000000000004,1,0.01,28,0.28,100,0.008494390526320785,13637
no_polynomial,random,9,137,0.06802721088435375,96.90000000000005,0,0.0,31,0.31,100,0.007917624148540199,13737
no_polynomial,random,9,138,0.06756756756756756,94.40000000000006,1,0.01,37,0.37,100,0.0075470504933036866,13837
no_polynomial,random,9,139,0.06711409395973154,94.40000000000003,1,0.01,37,0.37,100,0.006383130419999361,13937
no_polynomial,random,9,140,0.06666666666666667,92.30000000000004,2,0.02,38,0.38,100,0.00823893932858482,14037
no_polynomial,random,9,141,0.06622516556291391,94.30000000000007,1,0.01,38,0.38,100,0.007154919870663435,14137
no_polynomial,random,9,142,0.06578947368421052,96.60000000000002,0,0.0,34,0.34,100,0.007415429798420518,14237
no_polynomial,random,9,143,0.06535947712418301,96.70000000000005,0,0.0,33,0.33,100,0.008139005089178681,14337
no_polynomial,random,9,144,0.06493506493506493,93.20000000000005,2,0.02,30,0.3,100,0.01006290213437751,14437
no_polynomial,random,9,145,0.06451612903225806,94.10000000000004,1,0.01,39,0.39,100,0.007710063881240785,14537
no_polynomial,random,9,146,0.06410256410256411,94.40000000000006,1,0.01,37,0.37,100,0.009146291590295732,14637
no_polynomial,random,9,147,0.06369426751592357,96.20000000000005,0,0.0,38,0.38,100,0.009079661555588245,14737
no_polynomial,random,9,148,0.06329113924050632,96.60000000000005,0,0.0,34,0.34,100,0.008325585210695863,14837
no_polynomial,random,9,149,0.06289308176100629,96.60000000000001,0,0.0,34,0.34,100,0.007428716372232884,14937
no_polynomial,random,9,150,0.0625,92.10000000000004,2,0.02,40,0.4,100,0.007260354915633798,15037
no_polynomial,random,9,151,0.06211180124223602,91.60000000000005,2,0.02,46,0.46,100,0.008133698254823685,15137
no_polynomial,random,9,152,0.0617283950617284,94.80000000000001,1,0.01,33,0.33,100,0.0074130600807256995,15237
no_polynomial,random,9,153,0.06134969325153374,93.70000000000005,1,0.01,44,0.44,100,0.00995725169312209,15337
no_polynomial,random,9,154,0.06097560975609757,97.70000000000003,0,0.0,23,0.23,100,0.008508248880971223,15437
no_polynomial,random,9,155,0.06060606060606061,96.80000000000003,0,0.0,32,0.32,100,0.007707754545845091,15537
no_polynomial,random,9,156,0.06024096385542168,92.00000000000003,2,0.02,42,0.42,100,0.008918904184829443,15637
no_polynomial,random,9,157,0.059880239520958084,94.30000000000005,1,0.01,37,0.37,100,0.00915853382088244,15737
no_polynomial,random,9,158,0.05952380952380952,96.80000000000004,0,0.0,32,0.32,100,0.009100501532666385,15837
no_polynomial,random,9,159,0.0591715976331361,94.80000000000004,1,0.01,33,0.33,100,0.008743453561328352,15937
no_polynomial,random,9,160,0.058823529411764705,96.90000000000006,0,0.0,31,0.31,100,0.008662332422100008,16037
no_polynomial,random,9,161,0.05847953216374269,92.00000000000006,2,0.02,42,0.42,100,0.010101728839799762,16137
no_polynomial,random,9,162,0.05813953488372093,94.9,1,0.01,31,0.31,100,0.00807451396016404,16237
no_polynomial,random,9,163,0.057803468208092484,96.80000000000004,0,0.0,32,0.32,100,0.008341145671438425,16337
no_polynomial,random,9,164,0.0574712643678161,92.20000000000005,2,0.02,39,0.39,100,0.008314213056582958,16437
no_polynomial,random,9,165,0.05714285714285714,96.70000000000005,0,0.0,33,0.33,100,0.00911568887764588,16537
no_polynomial,random,9,166,0.056818181818181816,92.60000000000005,2,0.02,36,0.36,100,0.00801167381228879,16637
no_polynomial,random,9,167,0.05649717514124294,96.20000000000002,0,0.0,38,0.38,100,0.008189426264725625,16737
no_polynomial,random,9,168,0.056179775280898875,93.60000000000005,1,0.01,45,0.45,100,0.008895231508649886,16837
no_polynomial,random,9,169,0.0558659217877095,93.90000000000003,1,0.01,42,0.42,100,0.008487318668048829,16937
no_polynomial,random,9,170,0.05555555555555555,95.30000000000004,1,0.01,28,0.28,100,0.007160335124935955,17037
no_polynomial,random,9,171,0.055248618784530384,91.70000000000006,2,0.02,45,0.45,100,0.006956660652067512,17137
no_polynomial,random,9,172,0.054945054945054944,97.10000000000005,0,0.0,29,0.29,100,0.00725977131864056,17237
no_polynomial,random,9,173,0.0546448087431694,94.20000000000005,1,0.01,39,0.39,100,0.008493103345390409,17337
no_polynomial,random,9,174,0.05434782608695653,92.60000000000004,2,0.02,36,0.36,100,0.008033236791379749,17437
no_polynomial,random,9,175,0.05405405405405406,94.80000000000003,1,0.01,32,0.32,100,0.00892069260124117,17537
no_polynomial,random,9,176,0.05376344086021505,95.20000000000006,0,0.0,48,0.48,100,0.0074202044703997674,17637
no_polynomial,random,9,177,0.053475935828877004,93.80000000000001,1,0.01,43,0.43,100,0.007054627826437354,17737
no_polynomial,random,9,178,0.05319148936170213,96.30000000000005,0,0.0,37,0.37,100,0.006481640490237623,17837
no_polynomial,random,9,179,0.052910052910052914,96.50000000000003,0,0.0,35,0.35,100,0.008469742015004158,17937
no_polynomial,random,9,180,0.05263157894736842,97.00000000000006,0,0.0,30,0.3,100,0.006435108771547675,18037
no_polynomial,random,9,181,0.05235602094240837,94.80000000000004,1,0.01,33,0.33,100,0.0064917121268808844,18137
no_polynomial,random,9,182,0.052083333333333336,98.10000000000002,0,0.0,19,0.19,100,0.007681735141668469,18237
no_polynomial,random,9,183,0.05181347150259067,96.90000000000003,0,0.0,31,0.31,100,0.008264906378462911,18337
no_polynomial,random,9,184,0.051546391752577324,94.20000000000007,1,0.01,39,0.39,100,0.007439273409545422,18437
no_polynomial,random,9,185,0.05128205128205128,91.90000000000005,2,0.02,43,0.43,100,0.006530001037754118,18537
no_polynomial,random,9,186,0.0510204081632653,95.20000000000002,1,0.01,29,0.29,100,0.00825762348016724,18637
no_polynomial,random,9,187,0.050761421319796954,95.20000000000006,1,0.01,29,0.29,100,0.006682200722862035,18737
no_polynomial,random,9,188,0.050505050505050504,97.00000000000006,0,0.0,30,0.3,100,0.008208554489538073,18837
no_polynomial,random,9,189,0.05025125628140704,93.00000000000003,2,0.02,30,0.3,100,0.007784559794235975,18937
no_polynomial,random,9,190,0.05,93.50000000000006,2,0.02,26,0.26,100,0.008767878436483443,19037
no_polynomial,random,9,191,0.04975124378109452,91.0,3,0.03,33,0.33,100,0.008264454037416727,19137
no_polynomial,random,9,192,0.04950495049504951,94.80000000000008,1,0.01,33,0.33,100,0.008704358921386301,19237
no_polynomial,random,9,193,0.04926108374384236,95.80000000000005,1,0.01,23,0.23,100,0.0073888706904836,19337
no_polynomial,random,9,194,0.04901960784313726,96.70000000000005,0,0.0,33,0.33,100,0.007462787639815361,19437
no_polynomial,random,9,195,0.04878048780487805,97.40000000000003,0,0.0,26,0.26,100,0.007817573635838926,19537
no_polynomial,random,9,196,0.04854368932038835,97.10000000000002,0,0.0,29,0.29,100,0.007748436143156141,19637
no_polynomial,random,9,197,0.04830917874396135,96.50000000000003,0,0.0,35,0.35,100,0.006731092459522188,19737
no_polynomial,random,9,198,0.04807692307692307,90.30000000000005,3,0.03,40,0.4,100,0.007355847891885787,19837
no_polynomial,random,9,199,0.04784688995215311,96.60000000000008,0,0.0,34,0.34,100,0.00762077461113222,19937
no_polynomial,random,10,0,1.0,66.09999999999994,13,0.13,90,0.9,100,0.18115638337425283,37
no_polynomial,random,10,1,0.9090909090909091,74.8,9,0.09,80,0.8,100,0.05860247375443578,137
no_polynomial,random,10,2,0.8333333333333334,72.69999999999997,10,0.1,81,0.81,100,0.04388779105618596,237
no_polynomial,random,10,3,0.7692307692307692,70.09999999999997,11,0.11,88,0.88,100,0.01961811709217727,337
no_polynomial,random,10,4,0.7142857142857143,76.70000000000002,8,0.08,81,0.81,100,0.014291072469204665,437
no_polynomial,random,10,5,0.6666666666666666,83.50000000000006,4,0.04,89,0.89,100,0.008476848900318145,537
no_polynomial,random,10,6,0.625,70.69999999999997,11,0.11,81,0.81,100,0.00634482602821663,637
no_polynomial,random,10,7,0.5882352941176471,80.60000000000001,6,0.06,80,0.8,100,0.006446594588924199,737
no_polynomial,random,10,8,0.5555555555555556,80.00000000000003,6,0.06,85,0.85,100,0.005336860357783735,837
no_polynomial,random,10,9,0.5263157894736842,87.50000000000003,3,0.03,68,0.68,100,0.0038650432252325118,937
no_polynomial,random,10,10,0.5,78.10000000000001,8,0.08,65,0.65,100,0.004339019109029323,1037
no_polynomial,random,10,11,0.47619047619047616,77.40000000000002,8,0.08,72,0.72,100,0.0077588311326690015,1137
no_polynomial,random,10,12,0.45454545454545453,82.30000000000004,5,0.05,82,0.82,100,0.008611202405299992,1237
no_polynomial,random,10,13,0.4347826086956522,79.80000000000001,7,0.07,68,0.68,100,0.00495116246631369,1337
no_polynomial,random,10,14,0.4166666666666667,81.50000000000004,6,0.06,71,0.71,100,0.004716591313481331,1437
no_polynomial,random,10,15,0.4,79.70000000000002,7,0.07,69,0.69,100,0.004498808726202697,1537
no_polynomial,random,10,16,0.3846153846153846,83.60000000000005,5,0.05,68,0.68,100,0.0063299641665071245,1637
no_polynomial,random,10,17,0.37037037037037035,83.30000000000003,5,0.05,70,0.7,100,0.005166781458538026,1737
no_polynomial,random,10,18,0.35714285714285715,92.90000000000006,1,0.01,52,0.52,100,0.004936227434081957,1837
no_polynomial,random,10,19,0.3448275862068966,90.90000000000008,1,0.01,72,0.72,100,0.005253584461752325,1937
no_polynomial,random,10,20,0.3333333333333333,82.20000000000002,6,0.06,62,0.62,100,0.006490057352930307,2037
no_polynomial,random,10,21,0.3225806451612903,90.50000000000004,2,0.02,57,0.57,100,0.006251445373054594,2137
no_polynomial,random,10,22,0.3125,85.60000000000007,4,0.04,67,0.67,100,0.006476893646176905,2237
no_polynomial,random,10,23,0.30303030303030304,82.20000000000002,6,0.06,63,0.63,100,0.005469452203251421,2337
no_polynomial,random,10,24,0.29411764705882354,87.40000000000006,3,0.03,69,0.69,100,0.006607396726030857,2437
no_polynomial,random,10,25,0.2857142857142857,87.20000000000006,4,0.04,50,0.5,100,0.005888637204188854,2537
no_polynomial,random,10,26,0.2777777777777778,91.10000000000007,1,0.01,69,0.69,100,0.007945791110396385,2637
no_polynomial,random,10,27,0.27027027027027023,87.90000000000002,3,0.03,64,0.64,100,0.006273640594445169,2737
no_polynomial,random,10,28,0.2631578947368421,86.80000000000004,4,0.04,55,0.55,100,0.0053697012783959506,2837
no_polynomial,random,10,29,0.25641025641025644,90.50000000000004,2,0.02,56,0.56,100,0.006016914376523345,2937
no_polynomial,random,10,30,0.25,90.50000000000009,2,0.02,57,0.57,100,0.005482421270571649,3037
no_polynomial,random,10,31,0.24390243902439027,91.50000000000006,2,0.02,47,0.47,100,0.0053664247691631315,3137
no_polynomial,random,10,32,0.23809523809523808,89.00000000000004,3,0.03,53,0.53,100,0.0054319483251310885,3237
no_polynomial,random,10,33,0.23255813953488372,92.80000000000007,1,0.01,53,0.53,100,0.007483724325429648,3337
no_polynomial,random,10,34,0.22727272727272727,90.60000000000005,2,0.02,56,0.56,100,0.006043660298455506,3437
no_polynomial,random,10,35,0.2222222222222222,89.10000000000008,3,0.03,51,0.51,100,0.006354257327038795,3537
no_polynomial,random,10,36,0.2173913043478261,88.30000000000004,3,0.03,59,0.59,100,0.008118619648739696,3637
no_polynomial,random,10,37,0.2127659574468085,92.90000000000005,1,0.01,52,0.52,100,0.00535640730522573,3737
no_polynomial,random,10,38,0.20833333333333334,89.50000000000001,3,0.03,47,0.47,100,0.005584660146851093,3837
no_polynomial,random,10,39,0.2040816326530612,96.00000000000004,0,0.0,40,0.4,100,0.005706074787303806,3937
no_polynomial,random,10,40,0.2,87.00000000000004,4,0.04,54,0.54,100,0.005780713907442987,4037
no_polynomial,random,10,41,0.19607843137254904,83.30000000000004,6,0.06,53,0.53,100,0.006924345085863024,4137
no_polynomial,random,10,42,0.1923076923076923,90.90000000000002,2,0.02,53,0.53,100,0.00679586692713201,4237
no_polynomial,random,10,43,0.18867924528301888,91.00000000000003,2,0.02,52,0.52,100,0.006619359063915908,4337
no_polynomial,random,10,44,0.18518518518518517,91.00000000000007,2,0.02,52,0.52,100,0.0073757998202927414,4437
no_polynomial,random,10,45,0.18181818181818182,90.80000000000004,2,0.02,54,0.54,100,0.007065201434306801,4537
no_polynomial,random,10,46,0.17857142857142858,88.60000000000004,4,0.04,38,0.38,100,0.006183343145530671,4637
no_polynomial,random,10,47,0.17543859649122806,93.20000000000009,1,0.01,49,0.49,100,0.005613917217124254,4737
no_polynomial,random,10,48,0.1724137931034483,95.70000000000005,0,0.0,43,0.43,100,0.006621083377394825,4837
no_polynomial,random,10,49,0.1694915254237288,93.70000000000006,1,0.01,44,0.44,100,0.007234426464419812,4937
no_polynomial,random,10,50,0.16666666666666666,91.90000000000006,2,0.02,42,0.42,100,0.007072937462944537,5037
no_polynomial,random,10,51,0.1639344262295082,95.10000000000004,0,0.0,49,0.49,100,0.006113739754073322,5137
no_polynomial,random,10,52,0.16129032258064516,92.80000000000004,1,0.01,52,0.52,100,0.006992593193426728,5237
no_polynomial,random,10,53,0.15873015873015872,86.00000000000004,5,0.05,43,0.43,100,0.006071329733822494,5337
no_polynomial,random,10,54,0.15625,87.30000000000004,4,0.04,50,0.5,100,0.005596981798298657,5437
no_polynomial,random,10,55,0.15384615384615385,90.00000000000003,3,0.03,43,0.43,100,0.00753956290660426,5537
no_polynomial,random,10,56,0.15151515151515152,93.00000000000003,2,0.02,32,0.32,100,0.005822739971335977,5637
no_polynomial,random,10,57,0.14925373134328357,89.90000000000005,3,0.03,43,0.43,100,0.00834113737102598,5737
no_polynomial,random,10,58,0.14705882352941177,93.00000000000004,1,0.01,51,0.51,100,0.007603779681958258,5837
no_polynomial,random,10,59,0.14492753623188406,88.40000000000006,4,0.04,40,0.4,100,0.0068602967588230965,5937
no_polynomial,random,10,60,0.14285714285714285,92.90000000000006,2,0.02,33,0.33,100,0.005588735470082611,6037
no_polynomial,random,10,61,0.14084507042253522,87.80000000000007,4,0.04,46,0.46,100,0.007174525500740856,6137
no_polynomial,random,10,62,0.1388888888888889,93.30000000000005,1,0.01,48,0.48,100,0.008565461575053633,6237
no_polynomial,random,10,63,0.136986301369863,93.50000000000006,1,0.01,46,0.46,100,0.008591022239997984,6337
no_polynomial,random,10,64,0.13513513513513511,96.60000000000005,0,0.0,34,0.34,100,0.006308472543023527,6437
no_polynomial,random,10,65,0.13333333333333333,95.50000000000003,0,0.0,45,0.45,100,0.007161321681924165,6537
no_polynomial,random,10,66,0.13157894736842105,91.70000000000005,2,0.02,45,0.45,100,0.0065060961991548535,6637
no_polynomial,random,10,67,0.12987012987012986,95.60000000000008,0,0.0,44,0.44,100,0.007426717281341553,6737
no_polynomial,random,10,68,0.12820512820512822,94.80000000000004,1,0.01,33,0.33,100,0.006783700431697071,6837
no_polynomial,random,10,69,0.12658227848101264,94.80000000000004,1,0.01,33,0.33,100,0.009007716563064604,6937
no_polynomial,random,10,70,0.125,93.70000000000006,1,0.01,44,0.44,100,0.008364454393740743,7037
no_polynomial,random,10,71,0.1234567901234568,93.90000000000003,1,0.01,42,0.42,100,0.007212156613823026,7137
no_polynomial,random,10,72,0.12195121951219513,92.70000000000005,2,0.02,34,0.34,100,0.008596530489157886,7237
no_polynomial,random,10,73,0.12048192771084336,93.50000000000003,1,0.01,46,0.46,100,0.009639619737863541,7337
no_polynomial,random,10,74,0.11904761904761904,86.90000000000005,4,0.04,54,0.54,100,0.006523228960577399,7437
no_polynomial,random,10,75,0.11764705882352941,95.10000000000007,0,0.0,49,0.49,100,0.007072544808033853,7537
no_polynomial,random,10,76,0.11627906976744186,91.50000000000007,2,0.02,47,0.47,100,0.007410055613145232,7637
no_polynomial,random,10,77,0.1149425287356322,88.80000000000001,4,0.04,35,0.35,100,0.007012373087927699,7737
no_polynomial,random,10,78,0.11363636363636363,92.70000000000005,2,0.02,34,0.34,100,0.007376425601541996,7837
no_polynomial,random,10,79,0.11235955056179775,91.80000000000004,2,0.02,43,0.43,100,0.007829482562374323,7937
no_polynomial,random,10,80,0.1111111111111111,92.50000000000006,2,0.02,36,0.36,100,0.006453604949638247,8037
no_polynomial,random,10,81,0.10989010989010989,91.80000000000001,2,0.02,44,0.44,100,0.007193180611357093,8137
no_polynomial,random,10,82,0.10869565217391305,92.20000000000003,2,0.02,40,0.4,100,0.007333472883328795,8237
no_polynomial,random,10,83,0.1075268817204301,94.20000000000006,1,0.01,39,0.39,100,0.009693299662321806,8337
no_polynomial,random,10,84,0.10638297872340426,93.90000000000005,1,0.01,41,0.41,100,0.0063658022810705005,8437
no_polynomial,random,10,85,0.10526315789473684,89.40000000000006,3,0.03,47,0.47,100,0.007006501781288535,8537
no_polynomial,random,10,86,0.10416666666666667,94.20000000000005,1,0.01,39,0.39,100,0.007716691824607551,8637
no_polynomial,random,10,87,0.10309278350515465,93.80000000000007,1,0.01,43,0.43,100,0.00768831183668226,8737
no_polynomial,random,10,88,0.1020408163265306,95.0,1,0.01,31,0.31,100,0.007454674104228616,8837
no_polynomial,random,10,89,0.10101010101010101,92.80000000000001,2,0.02,34,0.34,100,0.0074918517889454965,8937
no_polynomial,random,10,90,0.1,92.60000000000002,2,0.02,36,0.36,100,0.007855557387229055,9037
no_polynomial,random,10,91,0.09900990099009901,96.4,0,0.0,36,0.36,100,0.007018481749109923,9137
no_polynomial,random,10,92,0.09803921568627452,93.80000000000007,1,0.01,43,0.43,100,0.007172569362446666,9237
no_polynomial,random,10,93,0.0970873786407767,96.30000000000004,0,0.0,37,0.37,100,0.00788503947434947,9337
no_polynomial,random,10,94,0.09615384615384615,96.80000000000003,0,0.0,32,0.32,100,0.007488163360394537,9437
no_polynomial,random,10,95,0.09523809523809523,94.60000000000005,1,0.01,35,0.35,100,0.007403698340058326,9537
no_polynomial,random,10,96,0.09433962264150944,96.2,0,0.0,38,0.38,100,0.007444166501518339,9637
no_polynomial,random,10,97,0.09345794392523366,94.00000000000004,1,0.01,41,0.41,100,0.006645603233482689,9737
no_polynomial,random,10,98,0.09259259259259259,91.60000000000008,2,0.02,46,0.46,100,0.007150763114914298,9837
no_polynomial,random,10,99,0.09174311926605504,92.70000000000005,2,0.02,35,0.35,100,0.0067976123234257104,9937
no_polynomial,random,10,100,0.09090909090909091,97.10000000000002,0,0.0,29,0.29,100,0.005841997840907425,10037
no_polynomial,random,10,101,0.0900900900900901,94.60000000000002,1,0.01,35,0.35,100,0.006068482351256534,10137
no_polynomial,random,10,102,0.08928571428571429,94.60000000000004,1,0.01,35,0.35,100,0.007512411265634,10237
no_polynomial,random,10,103,0.08849557522123894,90.20000000000005,3,0.03,41,0.41,100,0.008365821121260523,10337
no_polynomial,random,10,104,0.08771929824561403,95.70000000000006,0,0.0,43,0.43,100,0.008286812745500355,10437
no_polynomial,random,10,105,0.08695652173913043,94.50000000000007,1,0.01,35,0.35,100,0.006936668693087995,10537
no_polynomial,random,10,106,0.08620689655172414,88.70000000000005,3,0.03,56,0.56,100,0.007264961774926633,10637
no_polynomial,random,10,107,0.08547008547008547,96.90000000000005,0,0.0,31,0.31,100,0.0058990605035796765,10737
no_polynomial,random,10,108,0.0847457627118644,97.10000000000002,0,0.0,29,0.29,100,0.006571005119476467,10837
no_polynomial,random,10,109,0.08403361344537814,96.60000000000005,0,0.0,34,0.34,100,0.005723564296495169,10937
no_polynomial,random,10,110,0.08333333333333333,95.10000000000002,1,0.01,30,0.3,100,0.007157531366683543,11037
no_polynomial,random,10,111,0.08264462809917356,93.0,2,0.02,32,0.32,100,0.006362969614565372,11137
no_polynomial,random,10,112,0.0819672131147541,94.50000000000001,1,0.01,36,0.36,100,0.0064277731603942815,11237
no_polynomial,random,10,113,0.08130081300813008,94.50000000000006,1,0.01,36,0.36,100,0.007083296610508114,11337
no_polynomial,random,10,114,0.08064516129032258,90.90000000000002,3,0.03,34,0.34,100,0.007803269866853952,11437
no_polynomial,random,10,115,0.08,96.20000000000006,0,0.0,38,0.38,100,0.006690716568846256,11537
no_polynomial,random,10,116,0.07936507936507936,96.40000000000006,0,0.0,36,0.36,100,0.006685494836419821,11637
no_polynomial,random,10,117,0.07874015748031496,92.50000000000003,2,0.02,37,0.37,100,0.00695805954746902,11737
no_polynomial,random,10,118,0.078125,94.10000000000004,1,0.01,39,0.39,100,0.006521760553587228,11837
no_polynomial,random,10,119,0.07751937984496124,97.60000000000002,0,0.0,24,0.24,100,0.005830756132490933,11937
no_polynomial,random,10,120,0.07692307692307693,92.5,2,0.02,37,0.37,100,0.007487662620842456,12037
no_polynomial,random,10,121,0.07633587786259542,97.40000000000003,0,0.0,26,0.26,100,0.0068268030672334135,12137
no_polynomial,random,10,122,0.07575757575757576,95.40000000000008,0,0.0,46,0.46,100,0.006584889644291252,12237
no_polynomial,random,10,123,0.07518796992481203,90.40000000000002,3,0.03,37,0.37,100,0.005069392077857628,12337
no_polynomial,random,10,124,0.07462686567164178,96.30000000000004,0,0.0,37,0.37,100,0.006254599131643772,12437
no_polynomial,random,10,125,0.07407407407407407,96.30000000000007,0,0.0,37,0.37,100,0.006673041319008917,12537
no_polynomial,random,10,126,0.07352941176470588,94.40000000000003,1,0.01,37,0.37,100,0.006853980931919068,12637
no_polynomial,random,10,127,0.07299270072992702,92.10000000000005,2,0.02,40,0.4,100,0.007177135413512587,12737
no_polynomial,random,10,128,0.07246376811594203,93.00000000000004,2,0.02,32,0.32,100,0.006861120811663568,12837
no_polynomial,random,10,129,0.07194244604316546,94.50000000000004,1,0.01,36,0.36,100,0.006557883992791176,12937
no_polynomial,random,10,130,0.07142857142857142,94.4,1,0.01,37,0.37,100,0.006847318902146071,13037
no_polynomial,random,10,131,0.07092198581560284,96.70000000000002,0,0.0,33,0.33,100,0.007651876218151301,13137
no_polynomial,random,10,132,0.07042253521126761,93.00000000000001,2,0.02,32,0.32,100,0.008678105243016035,13237
no_polynomial,random,10,133,0.06993006993006992,96.70000000000002,0,0.0,33,0.33,100,0.007130874851718545,13337
no_polynomial,random,10,134,0.06944444444444445,97.30000000000001,0,0.0,27,0.27,100,0.006767036975361407,13437
no_polynomial,random,10,135,0.06896551724137931,93.70000000000003,1,0.01,43,0.43,100,0.006973565270891413,13537
no_polynomial,random,10,136,0.0684931506849315,95.30000000000001,1,0.01,28,0.28,100,0.007297095430549234,13637
no_polynomial,random,10,137,0.06802721088435375,98.60000000000002,0,0.0,14,0.14,100,0.006470616864971817,13737
no_polynomial,random,10,138,0.06756756756756756,92.80000000000004,2,0.02,33,0.33,100,0.006582779593300074,13837
no_polynomial,random,10,139,0.06711409395973154,94.90000000000006,1,0.01,32,0.32,100,0.00564600161742419,13937
no_polynomial,random,10,140,0.06666666666666667,91.80000000000003,2,0.02,43,0.43,100,0.006551311055663973,14037
no_polynomial,random,10,141,0.06622516556291391,96.70000000000006,0,0.0,33,0.33,100,0.007409951821900904,14137
no_polynomial,random,10,142,0.06578947368421052,94.00000000000009,1,0.01,41,0.41,100,0.006644888857845217,14237
no_polynomial,random,10,143,0.06535947712418301,95.60000000000002,1,0.01,25,0.25,100,0.005953603505622596,14337
no_polynomial,random,10,144,0.06493506493506493,92.10000000000005,2,0.02,41,0.41,100,0.006118540095631033,14437
no_polynomial,random,10,145,0.06451612903225806,95.10000000000002,1,0.01,30,0.3,100,0.005605734961573034,14537
no_polynomial,random,10,146,0.06410256410256411,97.4,0,0.0,26,0.26,100,0.005166409108787775,14637
no_polynomial,random,10,147,0.06369426751592357,95.30000000000004,1,0.01,27,0.27,100,0.0060169233870692555,14737
no_polynomial,random,10,148,0.06329113924050632,94.70000000000005,1,0.01,34,0.34,100,0.007199357417412102,14837
no_polynomial,random,10,149,0.06289308176100629,94.20000000000005,1,0.01,39,0.39,100,0.008193290608469397,14937
no_polynomial,random,10,150,0.0625,93.10000000000002,2,0.02,31,0.31,100,0.006086193328956142,15037
no_polynomial,random,10,151,0.06211180124223602,96.70000000000005,0,0.0,33,0.33,100,0.006926898644305766,15137
no_polynomial,random,10,152,0.0617283950617284,96.60000000000004,0,0.0,34,0.34,100,0.006557422066107392,15237
no_polynomial,random,10,153,0.06134969325153374,96.80000000000004,0,0.0,32,0.32,100,0.00719224626896903,15337
no_polynomial,random,10,154,0.06097560975609757,95.30000000000004,1,0.01,28,0.28,100,0.006347638596780598,15437
no_polynomial,random,10,155,0.06060606060606061,94.50000000000006,1,0.01,36,0.36,100,0.007030812765005976,15537
no_polynomial,random,10,156,0.06024096385542168,96.60000000000002,0,0.0,34,0.34,100,0.008025247952900827,15637
no_polynomial,random,10,157,0.059880239520958084,96.00000000000001,1,0.01,21,0.21,100,0.00609779377700761,15737
no_polynomial,random,10,158,0.05952380952380952,94.00000000000004,1,0.01,41,0.41,100,0.007328773974440992,15837
no_polynomial,random,10,159,0.0591715976331361,98.2,0,0.0,18,0.18,100,0.006559959852602333,15937
no_polynomial,random,10,160,0.058823529411764705,94.60000000000001,1,0.01,35,0.35,100,0.007906564201693982,16037
no_polynomial,random,10,161,0.05847953216374269,97.20000000000002,0,0.0,28,0.28,100,0.007547821130137891,16137
no_polynomial,random,10,162,0.05813953488372093,94.70000000000005,1,0.01,34,0.34,100,0.005606753737665713,16237
no_polynomial,random,10,163,0.057803468208092484,93.4,2,0.02,28,0.28,100,0.0074064329266548155,16337
no_polynomial,random,10,164,0.0574712643678161,94.30000000000007,1,0.01,38,0.38,100,0.006104249625932426,16437
no_polynomial,random,10,165,0.05714285714285714,97.80000000000004,0,0.0,22,0.22,100,0.007193434247747064,16537
no_polynomial,random,10,166,0.056818181818181816,97.20000000000002,0,0.0,28,0.28,100,0.007070629769004882,16637
no_polynomial,random,10,167,0.05649717514124294,95.20000000000005,1,0.01,29,0.29,100,0.007121995009947568,16737
no_polynomial,random,10,168,0.056179775280898875,97.60000000000002,0,0.0,24,0.24,100,0.006597173947375268,16837
no_polynomial,random,10,169,0.0558659217877095,94.10000000000005,1,0.01,40,0.4,100,0.008677366951014847,16937
no_polynomial,random,10,170,0.05555555555555555,97.40000000000003,0,0.0,26,0.26,100,0.005371555674355477,17037
no_polynomial,random,10,171,0.055248618784530384,97.60000000000005,0,0.0,24,0.24,100,0.007597535590175539,17137
no_polynomial,random,10,172,0.054945054945054944,97.0,0,0.0,30,0.3,100,0.00905221298802644,17237
no_polynomial,random,10,173,0.0546448087431694,92.6,2,0.02,36,0.36,100,0.008646670253947377,17337
no_polynomial,random,10,174,0.05434782608695653,92.80000000000004,2,0.02,34,0.34,100,0.008149773506447673,17437
no_polynomial,random,10,175,0.05405405405405406,97.70000000000003,0,0.0,23,0.23,100,0.00780846364563331,17537
no_polynomial,random,10,176,0.05376344086021505,94.19999999999999,1,0.01,39,0.39,100,0.007279361060354859,17637
no_polynomial,random,10,177,0.053475935828877004,94.90000000000003,1,0.01,32,0.32,100,0.007052635666914284,17737
no_polynomial,random,10,178,0.05319148936170213,96.10000000000002,0,0.0,39,0.39,100,0.008549715760163962,17837
no_polynomial,random,10,179,0.052910052910052914,97.10000000000002,0,0.0,29,0.29,100,0.006035532590467483,17937
no_polynomial,random,10,180,0.05263157894736842,94.90000000000003,1,0.01,32,0.32,100,0.008165602856315672,18037
no_polynomial,random,10,181,0.05235602094240837,97.70000000000002,0,0.0,23,0.23,100,0.006779150897637009,18137
no_polynomial,random,10,182,0.052083333333333336,97.50000000000004,0,0.0,25,0.25,100,0.009756312887184322,18237
no_polynomial,random,10,183,0.05181347150259067,93.30000000000001,2,0.02,29,0.29,100,0.008610687658656389,18337
no_polynomial,random,10,184,0.051546391752577324,92.50000000000003,2,0.02,37,0.37,100,0.007047954120207578,18437
no_polynomial,random,10,185,0.05128205128205128,94.70000000000003,1,0.01,33,0.33,100,0.0068457258539274335,18537
no_polynomial,random,10,186,0.0510204081632653,93.8,2,0.02,23,0.23,100,0.008299104641191662,18637
no_polynomial,random,10,187,0.050761421319796954,95.20000000000005,1,0.01,29,0.29,100,0.007014881444629282,18737
no_polynomial,random,10,188,0.050505050505050504,98.10000000000002,0,0.0,19,0.19,100,0.005440884830895811,18837
no_polynomial,random,10,189,0.05025125628140704,97.60000000000002,0,0.0,24,0.24,100,0.007376574203372002,18937
no_polynomial,random,10,190,0.05,97.50000000000004,0,0.0,25,0.25,100,0.00649187246337533,19037
no_polynomial,random,10,191,0.04975124378109452,98.00000000000003,0,0.0,20,0.2,100,0.0063806128967553374,19137
no_polynomial,random,10,192,0.04950495049504951,97.40000000000002,0,0.0,26,0.26,100,0.006260593552142381,19237
no_polynomial,random,10,193,0.04926108374384236,92.70000000000005,2,0.02,34,0.34,100,0.006093024453148246,19337
no_polynomial,random,10,194,0.04901960784313726,94.90000000000002,1,0.01,32,0.32,100,0.00536023338790983,19437
no_polynomial,random,10,195,0.04878048780487805,96.00000000000004,1,0.01,20,0.2,100,0.005811258608009667,19537
no_polynomial,random,10,196,0.04854368932038835,97.50000000000003,0,0.0,25,0.25,100,0.00629627283429727,19637
no_polynomial,random,10,197,0.04830917874396135,95.40000000000008,1,0.01,27,0.27,100,0.005898067215457559,19737
no_polynomial,random,10,198,0.04807692307692307,97.60000000000002,0,0.0,24,0.24,100,0.007059545197989792,19837
no_polynomial,random,10,199,0.04784688995215311,97.40000000000006,0,0.0,26,0.26,100,0.006290248264558613,19937
