model,jammer_mode,train_seed,episode,epsilon,return,collisions,collision_rate,switches,switch_rate,steps,mean_td_mse,updates
hnp,sweeping,1,0,1.0,78.30000000000001,7,0.07,82,0.82,100,0.10656927802876846,37
hnp,sweeping,1,1,0.9090909090909091,66.79999999999994,13,0.13,82,0.82,100,0.03751185825094581,137
hnp,sweeping,1,2,0.8333333333333334,70.09999999999998,11,0.11,86,0.86,100,0.029509365893900394,237
hnp,sweeping,1,3,0.7692307692307692,72.19999999999999,10,0.1,88,0.88,100,0.016758515322580932,337
hnp,sweeping,1,4,0.7142857142857143,70.19999999999996,11,0.11,89,0.89,100,0.01271874455269426,437
hnp,sweeping,1,5,0.6666666666666666,82.30000000000001,5,0.05,80,0.8,100,0.00769894381519407,537
hnp,sweeping,1,6,0.625,77.00000000000004,8,0.08,77,0.77,100,0.004550499990582466,637
hnp,sweeping,1,7,0.5882352941176471,74.79999999999998,9,0.09,80,0.8,100,0.004906077838968486,737
hnp,sweeping,1,8,0.5555555555555556,74.6,9,0.09,79,0.79,100,0.0050636771437712015,837
hnp,sweeping,1,9,0.5263157894736842,81.30000000000001,6,0.06,73,0.73,100,0.005853019841015339,937
hnp,sweeping,1,10,0.5,77.20000000000002,8,0.08,75,0.75,100,0.0035042753955349328,1037
hnp,sweeping,1,11,0.47619047619047616,69.8,12,0.12,73,0.73,100,0.0038714312214870004,1137
hnp,sweeping,1,12,0.45454545454545453,80.70000000000003,6,0.06,78,0.78,100,0.006695680262055248,1237
hnp,sweeping,1,13,0.4347826086956522,73.6,10,0.1,73,0.73,100,0.0049999972409568725,1337
hnp,sweeping,1,14,0.4166666666666667,89.00000000000009,2,0.02,71,0.71,100,0.0066869942098855975,1437
hnp,sweeping,1,15,0.4,83.00000000000004,5,0.05,75,0.75,100,0.006056763927917927,1537
hnp,sweeping,1,16,0.3846153846153846,87.00000000000004,3,0.03,73,0.73,100,0.006591626128647476,1637
hnp,sweeping,1,17,0.37037037037037035,84.40000000000003,5,0.05,61,0.61,100,0.0075854295981116595,1737
hnp,sweeping,1,18,0.35714285714285715,86.80000000000004,3,0.03,75,0.75,100,0.006033334662206471,1837
hnp,sweeping,1,19,0.3448275862068966,91.80000000000007,1,0.01,63,0.63,100,0.00532217993400991,1937
hnp,sweeping,1,20,0.3333333333333333,93.30000000000007,0,0.0,67,0.67,100,0.013181163223925978,2037
hnp,sweeping,1,21,0.3225806451612903,79.70000000000002,7,0.07,67,0.67,100,0.009197129171807318,2137
hnp,sweeping,1,22,0.3125,83.60000000000004,5,0.05,68,0.68,100,0.006772146683651954,2237
hnp,sweeping,1,23,0.30303030303030304,73.9,10,0.1,69,0.69,100,0.006486757837701589,2337
hnp,sweeping,1,24,0.29411764705882354,88.20000000000003,3,0.03,61,0.61,100,0.005986022294964641,2437
hnp,sweeping,1,25,0.2857142857142857,90.2000000000001,2,0.02,60,0.6,100,0.007017411147244274,2537
hnp,sweeping,1,26,0.2777777777777778,79.80000000000004,7,0.07,67,0.67,100,0.006422731117345393,2637
hnp,sweeping,1,27,0.27027027027027023,84.80000000000005,4,0.04,76,0.76,100,0.00809028825024143,2737
hnp,sweeping,1,28,0.2631578947368421,89.70000000000005,2,0.02,65,0.65,100,0.008587550004012883,2837
hnp,sweeping,1,29,0.25641025641025644,93.10000000000008,0,0.0,69,0.69,100,0.007937186858616769,2937
hnp,sweeping,1,30,0.25,77.80000000000001,8,0.08,70,0.7,100,0.006377401052741333,3037
hnp,sweeping,1,31,0.24390243902439027,91.40000000000009,1,0.01,67,0.67,100,0.005484762724954635,3137
hnp,sweeping,1,32,0.23809523809523808,88.00000000000006,3,0.03,63,0.63,100,0.00811769583960995,3237
hnp,sweeping,1,33,0.23255813953488372,83.80000000000003,5,0.05,66,0.66,100,0.006594891317654401,3337
hnp,sweeping,1,34,0.22727272727272727,91.90000000000005,1,0.01,61,0.61,100,0.007795343180187046,3437
hnp,sweeping,1,35,0.2222222222222222,83.9,5,0.05,66,0.66,100,0.007901381456758828,3537
hnp,sweeping,1,36,0.2173913043478261,84.00000000000003,5,0.05,64,0.64,100,0.0068215465359389785,3637
hnp,sweeping,1,37,0.2127659574468085,86.00000000000004,4,0.04,63,0.63,100,0.0074248155462555586,3737
hnp,sweeping,1,38,0.20833333333333334,88.10000000000004,3,0.03,62,0.62,100,0.007857962786220014,3837
hnp,sweeping,1,39,0.2040816326530612,88.20000000000005,3,0.03,60,0.6,100,0.008502986175008118,3937
hnp,sweeping,1,40,0.2,90.40000000000006,2,0.02,58,0.58,100,0.006362384986132384,4037
hnp,sweeping,1,41,0.19607843137254904,90.70000000000007,2,0.02,55,0.55,100,0.0073446926660835745,4137
hnp,sweeping,1,42,0.1923076923076923,90.30000000000007,2,0.02,59,0.59,100,0.006378909777849912,4237
hnp,sweeping,1,43,0.18867924528301888,90.40000000000006,2,0.02,58,0.58,100,0.010298244417645036,4337
hnp,sweeping,1,44,0.18518518518518517,93.10000000000007,1,0.01,50,0.5,100,0.008588300857227296,4437
hnp,sweeping,1,45,0.18181818181818182,92.10000000000007,1,0.01,60,0.6,100,0.008293753792531788,4537
hnp,sweeping,1,46,0.17857142857142858,86.50000000000006,4,0.04,59,0.59,100,0.006894666189327836,4637
hnp,sweeping,1,47,0.17543859649122806,85.30000000000001,4,0.04,70,0.7,100,0.007897671449463815,4737
hnp,sweeping,1,48,0.1724137931034483,92.50000000000006,1,0.01,56,0.56,100,0.007986466626171022,4837
hnp,sweeping,1,49,0.1694915254237288,84.0,5,0.05,65,0.65,100,0.009058118513785303,4937
hnp,sweeping,1,50,0.16666666666666666,92.60000000000008,1,0.01,55,0.55,100,0.007283234274946153,5037
hnp,sweeping,1,51,0.1639344262295082,85.40000000000003,4,0.04,69,0.69,100,0.008514585876837373,5137
hnp,sweeping,1,52,0.16129032258064516,82.10000000000007,6,0.06,65,0.65,100,0.009516604426316917,5237
hnp,sweeping,1,53,0.15873015873015872,90.90000000000003,2,0.02,52,0.52,100,0.00979969761800021,5337
hnp,sweeping,1,54,0.15625,86.60000000000002,4,0.04,57,0.57,100,0.01031935036648065,5437
hnp,sweeping,1,55,0.15384615384615385,93.00000000000006,1,0.01,51,0.51,100,0.0075094658858142795,5537
hnp,sweeping,1,56,0.15151515151515152,84.80000000000004,5,0.05,56,0.56,100,0.009397734000813215,5637
hnp,sweeping,1,57,0.14925373134328357,91.10000000000005,2,0.02,50,0.5,100,0.008098342448938638,5737
hnp,sweeping,1,58,0.14705882352941177,91.60000000000005,1,0.01,65,0.65,100,0.007681499740574509,5837
hnp,sweeping,1,59,0.14492753623188406,94.60000000000007,0,0.0,54,0.54,100,0.008320518573746084,5937
hnp,sweeping,1,60,0.14285714285714285,90.70000000000005,2,0.02,55,0.55,100,0.009319903710857034,6037
hnp,sweeping,1,61,0.14084507042253522,90.10000000000002,2,0.02,61,0.61,100,0.008941471553407609,6137
hnp,sweeping,1,62,0.1388888888888889,92.2000000000001,1,0.01,59,0.59,100,0.007833050300832837,6237
hnp,sweeping,1,63,0.136986301369863,81.9,6,0.06,66,0.66,100,0.009099686944391578,6337
hnp,sweeping,1,64,0.13513513513513511,94.80000000000005,0,0.0,52,0.52,100,0.01131177058443427,6437
hnp,sweeping,1,65,0.13333333333333333,93.50000000000006,1,0.01,46,0.46,100,0.009456388370599597,6537
hnp,sweeping,1,66,0.13157894736842105,94.90000000000006,0,0.0,51,0.51,100,0.008700526151806116,6637
hnp,sweeping,1,67,0.12987012987012986,86.80000000000004,4,0.04,55,0.55,100,0.00967963834060356,6737
hnp,sweeping,1,68,0.12820512820512822,86.50000000000004,4,0.04,59,0.59,100,0.008630294383037836,6837
hnp,sweeping,1,69,0.12658227848101264,90.70000000000007,2,0.02,55,0.55,100,0.009357160739600658,6937
hnp,sweeping,1,70,0.125,86.60000000000002,4,0.04,57,0.57,100,0.009943897337652743,7037
hnp,sweeping,1,71,0.1234567901234568,88.50000000000006,3,0.03,58,0.58,100,0.00802661421475932,7137
hnp,sweeping,1,72,0.12195121951219513,90.90000000000003,1,0.01,72,0.72,100,0.009758519534952938,7237
hnp,sweeping,1,73,0.12048192771084336,92.60000000000002,1,0.01,55,0.55,100,0.010678087261039764,7337
hnp,sweeping,1,74,0.11904761904761904,88.20000000000009,3,0.03,61,0.61,100,0.01089336960343644,7437
hnp,sweeping,1,75,0.11764705882352941,95.00000000000004,0,0.0,50,0.5,100,0.007254139536526054,7537
hnp,sweeping,1,76,0.11627906976744186,92.80000000000004,1,0.01,53,0.53,100,0.00724828815087676,7637
hnp,sweeping,1,77,0.1149425287356322,89.90000000000002,3,0.03,42,0.42,100,0.0067202276736497875,7737
hnp,sweeping,1,78,0.11363636363636363,95.40000000000005,0,0.0,46,0.46,100,0.00870827586390078,7837
hnp,sweeping,1,79,0.11235955056179775,91.30000000000005,2,0.02,49,0.49,100,0.008837908648420125,7937
hnp,sweeping,1,80,0.1111111111111111,88.90000000000003,3,0.03,54,0.54,100,0.014939063685014844,8037
hnp,sweeping,1,81,0.10989010989010989,91.30000000000007,2,0.02,49,0.49,100,0.007560731829144061,8137
hnp,sweeping,1,82,0.10869565217391305,95.3000000000001,0,0.0,47,0.47,100,0.009570658097509295,8237
hnp,sweeping,1,83,0.1075268817204301,92.70000000000005,1,0.01,54,0.54,100,0.007376817469485104,8337
hnp,sweeping,1,84,0.10638297872340426,95.10000000000008,0,0.0,49,0.49,100,0.010727376225404442,8437
hnp,sweeping,1,85,0.10526315789473684,96.00000000000006,0,0.0,40,0.4,100,0.010771896478254349,8537
hnp,sweeping,1,86,0.10416666666666667,92.50000000000006,1,0.01,56,0.56,100,0.008572315706405789,8637
hnp,sweeping,1,87,0.10309278350515465,91.60000000000004,2,0.02,46,0.46,100,0.008353287586942315,8737
hnp,sweeping,1,88,0.1020408163265306,94.20000000000005,1,0.01,39,0.39,100,0.007429115783888846,8837
hnp,sweeping,1,89,0.10101010101010101,85.10000000000002,5,0.05,54,0.54,100,0.009125473070889711,8937
hnp,sweeping,1,90,0.1,90.80000000000005,2,0.02,54,0.54,100,0.009571323295822366,9037
hnp,sweeping,1,91,0.09900990099009901,95.60000000000005,0,0.0,44,0.44,100,0.009490027327556163,9137
hnp,sweeping,1,92,0.09803921568627452,94.90000000000005,0,0.0,51,0.51,100,0.00980687877163291,9237
hnp,sweeping,1,93,0.0970873786407767,89.70000000000002,3,0.03,46,0.46,100,0.008263764834264293,9337
hnp,sweeping,1,94,0.09615384615384615,93.30000000000004,1,0.01,48,0.48,100,0.01205511923879385,9437
hnp,sweeping,1,95,0.09523809523809523,92.00000000000004,2,0.02,42,0.42,100,0.010117065533995629,9537
hnp,sweeping,1,96,0.09433962264150944,95.70000000000007,0,0.0,43,0.43,100,0.010139694951940328,9637
hnp,sweeping,1,97,0.09345794392523366,95.90000000000005,0,0.0,41,0.41,100,0.011120457507204265,9737
hnp,sweeping,1,98,0.09259259259259259,94.80000000000007,0,0.0,52,0.52,100,0.009931804782245307,9837
hnp,sweeping,1,99,0.09174311926605504,93.30000000000004,1,0.01,48,0.48,100,0.01038349221693352,9937
hnp,sweeping,1,100,0.09090909090909091,90.9,2,0.02,53,0.53,100,0.010826355102472008,10037
hnp,sweeping,1,101,0.0900900900900901,93.50000000000003,1,0.01,46,0.46,100,0.007923045228235424,10137
hnp,sweeping,1,102,0.08928571428571429,92.90000000000005,1,0.01,52,0.52,100,0.008105532613117248,10237
hnp,sweeping,1,103,0.08849557522123894,93.90000000000006,1,0.01,41,0.41,100,0.008127737489994616,10337
hnp,sweeping,1,104,0.08771929824561403,93.70000000000003,1,0.01,44,0.44,100,0.008722035747487098,10437
hnp,sweeping,1,105,0.08695652173913043,92.80000000000007,1,0.01,53,0.53,100,0.008958902726881206,10537
hnp,sweeping,1,106,0.08620689655172414,95.30000000000007,0,0.0,47,0.47,100,0.007528688968159258,10637
hnp,sweeping,1,107,0.08547008547008547,94.50000000000007,0,0.0,55,0.55,100,0.009082654672674835,10737
hnp,sweeping,1,108,0.0847457627118644,95.80000000000007,0,0.0,42,0.42,100,0.007333660912699998,10837
hnp,sweeping,1,109,0.08403361344537814,94.40000000000006,1,0.01,37,0.37,100,0.006486048935912549,10937
hnp,sweeping,1,110,0.08333333333333333,91.10000000000005,2,0.02,51,0.51,100,0.007346793920733035,11037
hnp,sweeping,1,111,0.08264462809917356,91.00000000000006,2,0.02,52,0.52,100,0.007734311574604362,11137
hnp,sweeping,1,112,0.0819672131147541,95.60000000000005,0,0.0,44,0.44,100,0.007959747936110944,11237
hnp,sweeping,1,113,0.08130081300813008,95.70000000000005,0,0.0,43,0.43,100,0.00927426140056923,11337
hnp,sweeping,1,114,0.08064516129032258,89.60000000000004,3,0.03,47,0.47,100,0.007098696120083332,11437
hnp,sweeping,1,115,0.08,94.10000000000005,1,0.01,40,0.4,100,0.007673665597103536,11537
hnp,sweeping,1,116,0.07936507936507936,92.50000000000009,1,0.01,56,0.56,100,0.009450755855068564,11637
hnp,sweeping,1,117,0.07874015748031496,95.90000000000005,0,0.0,41,0.41,100,0.009431089477147906,11737
hnp,sweeping,1,118,0.078125,93.90000000000005,1,0.01,42,0.42,100,0.009303700532764197,11837
hnp,sweeping,1,119,0.07751937984496124,92.00000000000007,2,0.02,41,0.41,100,0.009895645102951676,11937
hnp,sweeping,1,120,0.07692307692307693,95.50000000000006,0,0.0,45,0.45,100,0.007556489964481443,12037
hnp,sweeping,1,121,0.07633587786259542,92.70000000000005,1,0.01,54,0.54,100,0.008833595155738293,12137
hnp,sweeping,1,122,0.07575757575757576,93.60000000000005,1,0.01,45,0.45,100,0.009406260992400349,12237
hnp,sweeping,1,123,0.07518796992481203,92.90000000000006,1,0.01,52,0.52,100,0.007813766705803573,12337
hnp,sweeping,1,124,0.07462686567164178,93.40000000000006,1,0.01,47,0.47,100,0.006738727560732513,12437
hnp,sweeping,1,125,0.07407407407407407,95.80000000000004,0,0.0,42,0.42,100,0.008951330740237608,12537
hnp,sweeping,1,126,0.07352941176470588,93.30000000000005,1,0.01,48,0.48,100,0.00937299277400598,12637
hnp,sweeping,1,127,0.07299270072992702,95.70000000000005,0,0.0,43,0.43,100,0.008323494254145771,12737
hnp,sweeping,1,128,0.07246376811594203,96.10000000000005,0,0.0,39,0.39,100,0.005949377240613103,12837
hnp,sweeping,1,129,0.07194244604316546,95.00000000000006,0,0.0,50,0.5,100,0.009837792615871876,12937
hnp,sweeping,1,130,0.07142857142857142,93.40000000000006,1,0.01,47,0.47,100,0.007382476001512259,13037
hnp,sweeping,1,131,0.07092198581560284,89.70000000000005,3,0.03,46,0.46,100,0.007256332240067422,13137
hnp,sweeping,1,132,0.07042253521126761,96.00000000000006,0,0.0,40,0.4,100,0.00780782647896558,13237
hnp,sweeping,1,133,0.06993006993006992,94.30000000000005,1,0.01,38,0.38,100,0.008904412181582302,13337
hnp,sweeping,1,134,0.06944444444444445,93.20000000000005,1,0.01,49,0.49,100,0.008274728504475207,13437
hnp,sweeping,1,135,0.06896551724137931,93.90000000000006,1,0.01,42,0.42,100,0.00881399623467587,13537
hnp,sweeping,1,136,0.0684931506849315,95.80000000000008,0,0.0,42,0.42,100,0.00851250738836825,13637
hnp,sweeping,1,137,0.06802721088435375,93.10000000000004,1,0.01,50,0.5,100,0.009000520650297404,13737
hnp,sweeping,1,138,0.06756756756756756,96.10000000000007,0,0.0,39,0.39,100,0.009788892939686775,13837
hnp,sweeping,1,139,0.06711409395973154,92.70000000000005,1,0.01,54,0.54,100,0.012095857798121869,13937
hnp,sweeping,1,140,0.06666666666666667,94.90000000000006,0,0.0,51,0.51,100,0.009572153168264777,14037
hnp,sweeping,1,141,0.06622516556291391,95.50000000000004,0,0.0,45,0.45,100,0.007507238807156682,14137
hnp,sweeping,1,142,0.06578947368421052,94.30000000000004,1,0.01,38,0.38,100,0.008673743198160081,14237
hnp,sweeping,1,143,0.06535947712418301,90.70000000000003,2,0.02,55,0.55,100,0.009187251455150544,14337
hnp,sweeping,1,144,0.06493506493506493,94.00000000000007,1,0.01,41,0.41,100,0.008011101151350886,14437
hnp,sweeping,1,145,0.06451612903225806,92.40000000000006,1,0.01,56,0.56,100,0.008182705196086318,14537
hnp,sweeping,1,146,0.06410256410256411,93.60000000000007,1,0.01,45,0.45,100,0.006899158232845366,14637
hnp,sweeping,1,147,0.06369426751592357,95.2000000000001,0,0.0,48,0.48,100,0.012840790471527726,14737
hnp,sweeping,1,148,0.06329113924050632,91.30000000000007,2,0.02,49,0.49,100,0.008986212264280766,14837
hnp,sweeping,1,149,0.06289308176100629,94.00000000000006,1,0.01,41,0.41,100,0.007110338639467955,14937
hnp,sweeping,1,150,0.0625,95.70000000000005,0,0.0,43,0.43,100,0.006042560792993754,15037
hnp,sweeping,1,151,0.06211180124223602,93.1000000000001,1,0.01,49,0.49,100,0.009172926519531756,15137
hnp,sweeping,1,152,0.0617283950617284,93.30000000000004,1,0.01,48,0.48,100,0.00873829941265285,15237
hnp,sweeping,1,153,0.06134969325153374,93.70000000000005,1,0.01,44,0.44,100,0.007746955577749759,15337
hnp,sweeping,1,154,0.06097560975609757,92.60000000000002,1,0.01,55,0.55,100,0.008299395048525185,15437
hnp,sweeping,1,155,0.06060606060606061,96.10000000000002,0,0.0,39,0.39,100,0.007097646379843354,15537
hnp,sweeping,1,156,0.06024096385542168,96.10000000000005,0,0.0,39,0.39,100,0.009972431135829539,15637
hnp,sweeping,1,157,0.059880239520958084,89.40000000000002,3,0.03,49,0.49,100,0.00854344149120152,15737
hnp,sweeping,1,158,0.05952380952380952,93.30000000000007,1,0.01,48,0.48,100,0.00857265576487407,15837
hnp,sweeping,1,159,0.0591715976331361,94.50000000000004,0,0.0,55,0.55,100,0.008631783311720938,15937
hnp,sweeping,1,160,0.058823529411764705,91.90000000000006,2,0.02,43,0.43,100,0.008140765158459544,16037
hnp,sweeping,1,161,0.05847953216374269,92.20000000000005,2,0.02,40,0.4,100,0.0079005172313191,16137
hnp,sweeping,1,162,0.05813953488372093,89.40000000000005,3,0.03,49,0.49,100,0.009079570842441171,16237
hnp,sweeping,1,163,0.057803468208092484,95.10000000000002,0,0.0,49,0.49,100,0.009262485022190958,16337
hnp,sweeping,1,164,0.0574712643678161,93.90000000000005,1,0.01,42,0.42,100,0.011293210831936448,16437
hnp,sweeping,1,165,0.05714285714285714,93.70000000000005,1,0.01,44,0.44,100,0.008645905184093862,16537
hnp,sweeping,1,166,0.056818181818181816,96.20000000000003,0,0.0,38,0.38,100,0.006559959545265883,16637
hnp,sweeping,1,167,0.05649717514124294,96.10000000000008,0,0.0,39,0.39,100,0.008662452213466168,16737
hnp,sweeping,1,168,0.056179775280898875,93.60000000000004,1,0.01,45,0.45,100,0.009414681147318334,16837
hnp,sweeping,1,169,0.0558659217877095,93.20000000000007,1,0.01,49,0.49,100,0.008070243739057332,16937
hnp,sweeping,1,170,0.05555555555555555,92.90000000000005,1,0.01,52,0.52,100,0.010849477825686335,17037
hnp,sweeping,1,171,0.055248618784530384,95.60000000000007,0,0.0,44,0.44,100,0.006735114892944693,17137
hnp,sweeping,1,172,0.054945054945054944,95.60000000000005,0,0.0,44,0.44,100,0.009607266709208489,17237
hnp,sweeping,1,173,0.0546448087431694,93.60000000000005,1,0.01,45,0.45,100,0.00839394700480625,17337
hnp,sweeping,1,174,0.05434782608695653,93.70000000000005,1,0.01,44,0.44,100,0.00668647289974615,17437
hnp,sweeping,1,175,0.05405405405405406,93.70000000000005,1,0.01,44,0.44,100,0.006991938843857497,17537
hnp,sweeping,1,176,0.05376344086021505,94.00000000000003,1,0.01,41,0.41,100,0.008115620024036617,17637
hnp,sweeping,1,177,0.053475935828877004,91.90000000000003,2,0.02,43,0.43,100,0.0075166916125454005,17737
hnp,sweeping,1,178,0.05319148936170213,94.50000000000003,1,0.01,36,0.36,100,0.007434179709525779,17837
hnp,sweeping,1,179,0.052910052910052914,94.20000000000005,1,0.01,39,0.39,100,0.008312711378093808,17937
hnp,sweeping,1,180,0.05263157894736842,94.10000000000004,1,0.01,40,0.4,100,0.006681449504103511,18037
hnp,sweeping,1,181,0.05235602094240837,96.60000000000002,0,0.0,34,0.34,100,0.0072223147307522596,18137
hnp,sweeping,1,182,0.052083333333333336,94.10000000000004,1,0.01,40,0.4,100,0.006518643391318619,18237
hnp,sweeping,1,183,0.05181347150259067,96.10000000000005,0,0.0,39,0.39,100,0.005970200590090826,18337
hnp,sweeping,1,184,0.051546391752577324,96.20000000000003,0,0.0,38,0.38,100,0.01062886484665796,18437
hnp,sweeping,1,185,0.05128205128205128,95.90000000000005,0,0.0,41,0.41,100,0.005900537079432979,18537
hnp,sweeping,1,186,0.0510204081632653,96.00000000000006,0,0.0,40,0.4,100,0.010666158790700138,18637
hnp,sweeping,1,187,0.050761421319796954,95.20000000000003,0,0.0,48,0.48,100,0.00822950727189891,18737
hnp,sweeping,1,188,0.050505050505050504,95.90000000000003,0,0.0,41,0.41,100,0.009466517828404903,18837
hnp,sweeping,1,189,0.05025125628140704,93.80000000000004,1,0.01,43,0.43,100,0.007417017736006528,18937
hnp,sweeping,1,190,0.05,95.50000000000007,0,0.0,45,0.45,100,0.012757300941739231,19037
hnp,sweeping,1,191,0.04975124378109452,96.20000000000005,0,0.0,38,0.38,100,0.007465160188730806,19137
hnp,sweeping,1,192,0.04950495049504951,96.50000000000003,0,0.0,35,0.35,100,0.007642936303745955,19237
hnp,sweeping,1,193,0.04926108374384236,92.30000000000004,2,0.02,39,0.39,100,0.009337859533261508,19337
hnp,sweeping,1,194,0.04901960784313726,95.50000000000006,0,0.0,45,0.45,100,0.0064336542505770925,19437
hnp,sweeping,1,195,0.04878048780487805,95.60000000000005,0,0.0,44,0.44,100,0.006367680083494634,19537
hnp,sweeping,1,196,0.04854368932038835,96.00000000000004,0,0.0,40,0.4,100,0.008176231456454843,19637
hnp,sweeping,1,197,0.04830917874396135,94.40000000000003,1,0.01,37,0.37,100,0.005869119521230459,19737
hnp,sweeping,1,198,0.04807692307692307,94.00000000000003,1,0.01,41,0.41,100,0.009784292639233172,19837
hnp,sweeping,1,199,0.04784688995215311,96.40000000000003,0,0.0,36,0.36,100,0.006219112122198567,19937
hnp,sweeping,2,0,1.0,75.60000000000002,8,0.08,92,0.92,100,0.18608638462988106,37
hnp,sweeping,2,1,0.9090909090909091,70.19999999999996,11,0.11,87,0.87,100,0.06937826588749886,137
hnp,sweeping,2,2,0.8333333333333334,66.69999999999993,13,0.13,84,0.84,100,0.03598059584386647,237
hnp,sweeping,2,3,0.7692307692307692,75.60000000000004,8,0.08,90,0.9,100,0.015493065388873219,337
hnp,sweeping,2,4,0.7142857142857143,78.10000000000002,7,0.07,86,0.86,100,0.01871391511056572,437
hnp,sweeping,2,5,0.6666666666666666,76.79999999999998,8,0.08,80,0.8,100,0.008150880059693008,537
hnp,sweeping,2,6,0.625,76.30000000000001,8,0.08,84,0.84,100,0.006058019637130201,637
hnp,sweeping,2,7,0.5882352941176471,72.69999999999997,10,0.1,82,0.82,100,0.0040857375878840686,737
hnp,sweeping,2,8,0.5555555555555556,74.69999999999999,9,0.09,80,0.8,100,0.003399024750106037,837
hnp,sweeping,2,9,0.5263157894736842,86.20000000000005,3,0.03,81,0.81,100,0.007679376953747124,937
hnp,sweeping,2,10,0.5,80.30000000000003,6,0.06,83,0.83,100,0.004155027063097805,1037
hnp,sweeping,2,11,0.47619047619047616,77.00000000000001,8,0.08,77,0.77,100,0.00658936359686777,1137
hnp,sweeping,2,12,0.45454545454545453,82.60000000000004,5,0.05,77,0.77,100,0.005690354383550584,1237
hnp,sweeping,2,13,0.4347826086956522,84.10000000000004,4,0.04,81,0.81,100,0.005966466744430363,1337
hnp,sweeping,2,14,0.4166666666666667,82.60000000000005,5,0.05,79,0.79,100,0.004898108835332096,1437
hnp,sweeping,2,15,0.4,86.20000000000006,3,0.03,80,0.8,100,0.0058620354463346305,1537
hnp,sweeping,2,16,0.3846153846153846,79.19999999999999,7,0.07,73,0.73,100,0.0042630119249224665,1637
hnp,sweeping,2,17,0.37037037037037035,88.70000000000005,2,0.02,75,0.75,100,0.0064260288560763,1737
hnp,sweeping,2,18,0.35714285714285715,80.30000000000001,6,0.06,80,0.8,100,0.009884026693180203,1837
hnp,sweeping,2,19,0.3448275862068966,77.19999999999997,8,0.08,75,0.75,100,0.006415770840831101,1937
hnp,sweeping,2,20,0.3333333333333333,84.30000000000004,4,0.04,81,0.81,100,0.00637404226930812,2037
hnp,sweeping,2,21,0.3225806451612903,87.10000000000005,3,0.03,72,0.72,100,0.00703336089849472,2137
hnp,sweeping,2,22,0.3125,84.90000000000005,4,0.04,75,0.75,100,0.0061296044220216575,2237
hnp,sweeping,2,23,0.30303030303030304,87.30000000000007,3,0.03,70,0.7,100,0.004367128009907901,2337
hnp,sweeping,2,24,0.29411764705882354,91.00000000000003,1,0.01,71,0.71,100,0.0072412602254189554,2437
hnp,sweeping,2,25,0.2857142857142857,86.30000000000004,3,0.03,80,0.8,100,0.008096010787412525,2537
hnp,sweeping,2,26,0.2777777777777778,88.90000000000008,2,0.02,72,0.72,100,0.0059064255189150575,2637
hnp,sweeping,2,27,0.27027027027027023,77.60000000000001,8,0.08,72,0.72,100,0.007283688480965793,2737
hnp,sweeping,2,28,0.2631578947368421,91.00000000000007,1,0.01,70,0.7,100,0.006010413160547614,2837
hnp,sweeping,2,29,0.25641025641025644,86.40000000000005,3,0.03,79,0.79,100,0.008734618604648858,2937
hnp,sweeping,2,30,0.25,85.00000000000007,4,0.04,73,0.73,100,0.007430367660708726,3037
hnp,sweeping,2,31,0.24390243902439027,82.60000000000002,5,0.05,78,0.78,100,0.0058995855087414385,3137
hnp,sweeping,2,32,0.23809523809523808,85.30000000000004,4,0.04,70,0.7,100,0.007713337743189186,3237
hnp,sweeping,2,33,0.23255813953488372,89.70000000000006,2,0.02,65,0.65,100,0.006737753816414624,3337
hnp,sweeping,2,34,0.22727272727272727,87.80000000000005,3,0.03,64,0.64,100,0.008205205543199555,3437
hnp,sweeping,2,35,0.2222222222222222,81.30000000000003,6,0.06,70,0.7,100,0.008574111182242631,3537
hnp,sweeping,2,36,0.2173913043478261,87.30000000000008,3,0.03,69,0.69,100,0.007339369552209973,3637
hnp,sweeping,2,37,0.2127659574468085,90.20000000000009,1,0.01,79,0.79,100,0.008847376916091889,3737
hnp,sweeping,2,38,0.20833333333333334,83.80000000000003,5,0.05,67,0.67,100,0.008549418933689594,3837
hnp,sweeping,2,39,0.2040816326530612,91.50000000000007,1,0.01,66,0.66,100,0.006813805897254496,3937
hnp,sweeping,2,40,0.2,91.70000000000006,1,0.01,64,0.64,100,0.008028400347102433,4037
hnp,sweeping,2,41,0.19607843137254904,89.30000000000007,2,0.02,69,0.69,100,0.008178190528415143,4137
hnp,sweeping,2,42,0.1923076923076923,88.60000000000002,3,0.03,56,0.56,100,0.0068478955538012086,4237
hnp,sweeping,2,43,0.18867924528301888,87.40000000000005,3,0.03,67,0.67,100,0.0071503439871594306,4337
hnp,sweeping,2,44,0.18518518518518517,91.50000000000003,1,0.01,66,0.66,100,0.0065288300788961355,4437
hnp,sweeping,2,45,0.18181818181818182,89.80000000000004,2,0.02,64,0.64,100,0.0069981699693016704,4537
hnp,sweeping,2,46,0.17857142857142858,86.60000000000004,4,0.04,57,0.57,100,0.007315441104583442,4637
hnp,sweeping,2,47,0.17543859649122806,92.40000000000006,1,0.01,57,0.57,100,0.007861994314007461,4737
hnp,sweeping,2,48,0.1724137931034483,89.10000000000005,3,0.03,51,0.51,100,0.008029795705806465,4837
hnp,sweeping,2,49,0.1694915254237288,90.00000000000006,2,0.02,62,0.62,100,0.00856882939580828,4937
hnp,sweeping,2,50,0.16666666666666666,89.30000000000005,2,0.02,68,0.68,100,0.008368467234540732,5037
hnp,sweeping,2,51,0.1639344262295082,93.30000000000005,0,0.0,67,0.67,100,0.009004338379018009,5137
hnp,sweeping,2,52,0.16129032258064516,88.60000000000004,3,0.03,57,0.57,100,0.011761921318247914,5237
hnp,sweeping,2,53,0.15873015873015872,92.40000000000003,1,0.01,57,0.57,100,0.008162290104664863,5337
hnp,sweeping,2,54,0.15625,90.50000000000004,2,0.02,56,0.56,100,0.009234805549494922,5437
hnp,sweeping,2,55,0.15384615384615385,89.70000000000005,2,0.02,65,0.65,100,0.00807600179919973,5537
hnp,sweeping,2,56,0.15151515151515152,93.00000000000009,1,0.01,51,0.51,100,0.0075752070895396175,5637
hnp,sweeping,2,57,0.14925373134328357,92.60000000000004,1,0.01,55,0.55,100,0.007701693023554981,5737
hnp,sweeping,2,58,0.14705882352941177,94.10000000000007,0,0.0,59,0.59,100,0.01138588321628049,5837
hnp,sweeping,2,59,0.14492753623188406,86.20000000000005,4,0.04,62,0.62,100,0.00811513909837231,5937
hnp,sweeping,2,60,0.14285714285714285,90.00000000000007,2,0.02,62,0.62,100,0.010931870620697736,6037
hnp,sweeping,2,61,0.14084507042253522,92.70000000000003,1,0.01,54,0.54,100,0.0082364937546663,6137
hnp,sweeping,2,62,0.1388888888888889,94.00000000000004,0,0.0,60,0.6,100,0.009443365964107215,6237
hnp,sweeping,2,63,0.136986301369863,88.40000000000008,3,0.03,59,0.59,100,0.00955978746758774,6337
hnp,sweeping,2,64,0.13513513513513511,92.20000000000006,1,0.01,59,0.59,100,0.010411376096308232,6437
hnp,sweeping,2,65,0.13333333333333333,92.60000000000004,1,0.01,55,0.55,100,0.008620458415243774,6537
hnp,sweeping,2,66,0.13157894736842105,88.80000000000004,3,0.03,55,0.55,100,0.013683492513373495,6637
hnp,sweeping,2,67,0.12987012987012986,90.90000000000002,2,0.02,53,0.53,100,0.012557747173123062,6737
hnp,sweeping,2,68,0.12820512820512822,91.90000000000006,1,0.01,62,0.62,100,0.009195288370829075,6837
hnp,sweeping,2,69,0.12658227848101264,92.10000000000007,1,0.01,60,0.6,100,0.010295131409075111,6937
hnp,sweeping,2,70,0.125,93.60000000000011,0,0.0,64,0.64,100,0.008488136695232242,7037
hnp,sweeping,2,71,0.1234567901234568,91.50000000000003,2,0.02,47,0.47,100,0.00863968229619786,7137
hnp,sweeping,2,72,0.12195121951219513,95.40000000000003,0,0.0,46,0.46,100,0.0080608472507447,7237
hnp,sweeping,2,73,0.12048192771084336,88.80000000000004,3,0.03,54,0.54,100,0.007940412538591773,7337
hnp,sweeping,2,74,0.11904761904761904,93.00000000000007,1,0.01,51,0.51,100,0.01031198880635202,7437
hnp,sweeping,2,75,0.11764705882352941,92.80000000000007,1,0.01,53,0.53,100,0.00888349579880014,7537
hnp,sweeping,2,76,0.11627906976744186,90.40000000000003,2,0.02,58,0.58,100,0.010638778093270957,7637
hnp,sweeping,2,77,0.1149425287356322,94.30000000000008,0,0.0,57,0.57,100,0.012155751441605389,7737
hnp,sweeping,2,78,0.11363636363636363,88.80000000000001,3,0.03,54,0.54,100,0.012161005549132823,7837
hnp,sweeping,2,79,0.11235955056179775,92.70000000000005,1,0.01,54,0.54,100,0.012354608324822039,7937
hnp,sweeping,2,80,0.1111111111111111,88.40000000000003,3,0.03,59,0.59,100,0.011198941848706455,8037
hnp,sweeping,2,81,0.10989010989010989,89.30000000000007,3,0.03,49,0.49,100,0.012436718011740596,8137
hnp,sweeping,2,82,0.10869565217391305,90.40000000000005,2,0.02,57,0.57,100,0.011887959162704647,8237
hnp,sweeping,2,83,0.1075268817204301,90.70000000000007,2,0.02,54,0.54,100,0.013006116522010416,8337
hnp,sweeping,2,84,0.10638297872340426,88.20000000000002,3,0.03,59,0.59,100,0.013325383476912976,8437
hnp,sweeping,2,85,0.10526315789473684,90.70000000000006,2,0.02,55,0.55,100,0.011512795330490917,8537
hnp,sweeping,2,86,0.10416666666666667,88.70000000000005,3,0.03,56,0.56,100,0.014219602700322867,8637
hnp,sweeping,2,87,0.10309278350515465,94.10000000000008,0,0.0,59,0.59,100,0.014347747215069831,8737
hnp,sweeping,2,88,0.1020408163265306,85.90000000000003,4,0.04,63,0.63,100,0.007934162619058042,8837
hnp,sweeping,2,89,0.10101010101010101,92.60000000000005,1,0.01,55,0.55,100,0.010847115102224051,8937
hnp,sweeping,2,90,0.1,86.90000000000003,4,0.04,53,0.53,100,0.009784299705643207,9037
hnp,sweeping,2,91,0.09900990099009901,94.90000000000006,0,0.0,51,0.51,100,0.011509025243576616,9137
hnp,sweeping,2,92,0.09803921568627452,92.80000000000005,1,0.01,52,0.52,100,0.009876165443565697,9237
hnp,sweeping,2,93,0.0970873786407767,94.10000000000007,0,0.0,59,0.59,100,0.011614503224845975,9337
hnp,sweeping,2,94,0.09615384615384615,91.30000000000004,2,0.02,49,0.49,100,0.01155879121273756,9437
hnp,sweeping,2,95,0.09523809523809523,94.60000000000008,0,0.0,54,0.54,100,0.010921389013528824,9537
hnp,sweeping,2,96,0.09433962264150944,90.80000000000011,2,0.02,53,0.53,100,0.010255891100969165,9637
hnp,sweeping,2,97,0.09345794392523366,94.70000000000009,0,0.0,53,0.53,100,0.01288982848636806,9737
hnp,sweeping,2,98,0.09259259259259259,86.50000000000004,4,0.04,59,0.59,100,0.009707568404264748,9837
hnp,sweeping,2,99,0.09174311926605504,89.20000000000002,3,0.03,50,0.5,100,0.009764089153613896,9937
hnp,sweeping,2,100,0.09090909090909091,90.80000000000003,2,0.02,53,0.53,100,0.01055994413793087,10037
hnp,sweeping,2,101,0.0900900900900901,95.50000000000004,0,0.0,45,0.45,100,0.01070246723946184,10137
hnp,sweeping,2,102,0.08928571428571429,90.60000000000007,2,0.02,55,0.55,100,0.013038636404089629,10237
hnp,sweeping,2,103,0.08849557522123894,93.00000000000003,1,0.01,51,0.51,100,0.010170388319529593,10337
hnp,sweeping,2,104,0.08771929824561403,94.30000000000008,0,0.0,57,0.57,100,0.009210114956367761,10437
hnp,sweeping,2,105,0.08695652173913043,95.60000000000005,0,0.0,44,0.44,100,0.010863595209084451,10537
hnp,sweeping,2,106,0.08620689655172414,91.20000000000005,2,0.02,49,0.49,100,0.010817130473442375,10637
hnp,sweeping,2,107,0.08547008547008547,92.50000000000006,1,0.01,56,0.56,100,0.00939233418321237,10737
hnp,sweeping,2,108,0.0847457627118644,94.50000000000009,0,0.0,55,0.55,100,0.018752891412004827,10837
hnp,sweeping,2,109,0.08403361344537814,95.20000000000007,0,0.0,48,0.48,100,0.015816215621307493,10937
hnp,sweeping,2,110,0.08333333333333333,95.40000000000003,0,0.0,46,0.46,100,0.010141562120988965,11037
hnp,sweeping,2,111,0.08264462809917356,94.00000000000009,0,0.0,60,0.6,100,0.011022449722513556,11137
hnp,sweeping,2,112,0.0819672131147541,92.60000000000002,1,0.01,55,0.55,100,0.012582164239138365,11237
hnp,sweeping,2,113,0.08130081300813008,95.40000000000005,0,0.0,46,0.46,100,0.009788415748625994,11337
hnp,sweeping,2,114,0.08064516129032258,94.90000000000006,0,0.0,51,0.51,100,0.008771711748559029,11437
hnp,sweeping,2,115,0.08,94.00000000000006,1,0.01,41,0.41,100,0.00858017648337409,11537
hnp,sweeping,2,116,0.07936507936507936,92.40000000000003,1,0.01,57,0.57,100,0.01149672243045643,11637
hnp,sweeping,2,117,0.07874015748031496,92.50000000000004,1,0.01,56,0.56,100,0.010260786730796098,11737
hnp,sweeping,2,118,0.078125,95.60000000000005,0,0.0,44,0.44,100,0.008951172097586096,11837
hnp,sweeping,2,119,0.07751937984496124,93.70000000000003,1,0.01,44,0.44,100,0.009474580092355609,11937
hnp,sweeping,2,120,0.07692307692307693,93.00000000000006,1,0.01,51,0.51,100,0.008707169473636896,12037
hnp,sweeping,2,121,0.07633587786259542,93.60000000000004,1,0.01,45,0.45,100,0.008734439744148403,12137
hnp,sweeping,2,122,0.07575757575757576,89.60000000000005,3,0.03,47,0.47,100,0.009852990580257029,12237
hnp,sweeping,2,123,0.07518796992481203,93.00000000000007,1,0.01,51,0.51,100,0.009351641891989858,12337
hnp,sweeping,2,124,0.07462686567164178,94.50000000000006,0,0.0,55,0.55,100,0.009653530628420413,12437
hnp,sweeping,2,125,0.07407407407407407,93.50000000000004,1,0.01,46,0.46,100,0.009701510325539857,12537
hnp,sweeping,2,126,0.07352941176470588,92.30000000000004,2,0.02,39,0.39,100,0.011304018665105104,12637
hnp,sweeping,2,127,0.07299270072992702,95.20000000000003,0,0.0,48,0.48,100,0.011983607516158372,12737
hnp,sweeping,2,128,0.07246376811594203,94.00000000000006,1,0.01,41,0.41,100,0.012688572248443962,12837
hnp,sweeping,2,129,0.07194244604316546,93.90000000000006,1,0.01,42,0.42,100,0.01029079244704917,12937
hnp,sweeping,2,130,0.07142857142857142,94.00000000000003,1,0.01,41,0.41,100,0.009729003158863634,13037
hnp,sweeping,2,131,0.07092198581560284,92.00000000000007,2,0.02,41,0.41,100,0.012074141125194728,13137
hnp,sweeping,2,132,0.07042253521126761,90.00000000000006,3,0.03,43,0.43,100,0.006892688432708382,13237
hnp,sweeping,2,133,0.06993006993006992,92.30000000000004,2,0.02,39,0.39,100,0.00790707351290621,13337
hnp,sweeping,2,134,0.06944444444444445,95.50000000000006,0,0.0,45,0.45,100,0.009983635311946272,13437
hnp,sweeping,2,135,0.06896551724137931,95.70000000000003,0,0.0,43,0.43,100,0.008946683430112899,13537
hnp,sweeping,2,136,0.0684931506849315,93.40000000000003,1,0.01,47,0.47,100,0.010784771707840264,13637
hnp,sweeping,2,137,0.06802721088435375,95.70000000000005,0,0.0,43,0.43,100,0.008515448512043803,13737
hnp,sweeping,2,138,0.06756756756756756,94.10000000000007,0,0.0,59,0.59,100,0.013625433496199548,13837
hnp,sweeping,2,139,0.06711409395973154,92.90000000000003,1,0.01,52,0.52,100,0.010118928630836308,13937
hnp,sweeping,2,140,0.06666666666666667,93.20000000000005,1,0.01,49,0.49,100,0.008271207199431956,14037
hnp,sweeping,2,141,0.06622516556291391,95.30000000000007,0,0.0,47,0.47,100,0.009908518609590829,14137
hnp,sweeping,2,142,0.06578947368421052,94.40000000000009,0,0.0,56,0.56,100,0.010861537591554225,14237
hnp,sweeping,2,143,0.06535947712418301,91.00000000000006,2,0.02,52,0.52,100,0.010041047607082874,14337
hnp,sweeping,2,144,0.06493506493506493,91.40000000000003,2,0.02,47,0.47,100,0.01356893423013389,14437
hnp,sweeping,2,145,0.06451612903225806,95.80000000000007,0,0.0,42,0.42,100,0.010630617609713226,14537
hnp,sweeping,2,146,0.06410256410256411,92.10000000000005,2,0.02,41,0.41,100,0.009391631169710308,14637
hnp,sweeping,2,147,0.06369426751592357,93.20000000000005,1,0.01,49,0.49,100,0.012983747438993306,14737
hnp,sweeping,2,148,0.06329113924050632,93.40000000000005,1,0.01,47,0.47,100,0.009516493487171828,14837
hnp,sweeping,2,149,0.06289308176100629,92.90000000000003,1,0.01,51,0.51,100,0.009607369182631373,14937
hnp,sweeping,2,150,0.0625,93.80000000000007,1,0.01,43,0.43,100,0.009794853078201413,15037
hnp,sweeping,2,151,0.06211180124223602,93.70000000000007,1,0.01,44,0.44,100,0.008206418866757303,15137
hnp,sweeping,2,152,0.0617283950617284,95.10000000000004,0,0.0,49,0.49,100,0.00864607838448137,15237
hnp,sweeping,2,153,0.06134969325153374,91.60000000000005,2,0.02,46,0.46,100,0.007902467360254377,15337
hnp,sweeping,2,154,0.06097560975609757,96.40000000000003,0,0.0,36,0.36,100,0.00850774021120742,15437
hnp,sweeping,2,155,0.06060606060606061,95.30000000000007,0,0.0,47,0.47,100,0.010324878774117679,15537
hnp,sweeping,2,156,0.06024096385542168,91.70000000000003,2,0.02,45,0.45,100,0.00813189800363034,15637
hnp,sweeping,2,157,0.059880239520958084,96.70000000000003,0,0.0,33,0.33,100,0.009383640778250992,15737
hnp,sweeping,2,158,0.05952380952380952,95.90000000000003,0,0.0,41,0.41,100,0.006420630170032382,15837
hnp,sweeping,2,159,0.0591715976331361,96.10000000000007,0,0.0,39,0.39,100,0.008419842189177872,15937
hnp,sweeping,2,160,0.058823529411764705,91.50000000000003,2,0.02,47,0.47,100,0.009730029935017228,16037
hnp,sweeping,2,161,0.05847953216374269,95.40000000000005,0,0.0,46,0.46,100,0.00848782991990447,16137
hnp,sweeping,2,162,0.05813953488372093,93.40000000000003,1,0.01,47,0.47,100,0.008194785853847862,16237
hnp,sweeping,2,163,0.057803468208092484,92.60000000000007,1,0.01,54,0.54,100,0.008134577965829521,16337
hnp,sweeping,2,164,0.0574712643678161,93.60000000000007,1,0.01,45,0.45,100,0.0063998223701491955,16437
hnp,sweeping,2,165,0.05714285714285714,93.40000000000006,1,0.01,47,0.47,100,0.007803359895478934,16537
hnp,sweeping,2,166,0.056818181818181816,95.50000000000006,0,0.0,45,0.45,100,0.010438327288720756,16637
hnp,sweeping,2,167,0.05649717514124294,94.20000000000005,1,0.01,39,0.39,100,0.008962599018123001,16737
hnp,sweeping,2,168,0.056179775280898875,92.10000000000004,2,0.02,40,0.4,100,0.007340855775400996,16837
hnp,sweeping,2,169,0.0558659217877095,94.60000000000005,1,0.01,35,0.35,100,0.007023273416562006,16937
hnp,sweeping,2,170,0.05555555555555555,94.40000000000005,1,0.01,37,0.37,100,0.007810019261669367,17037
hnp,sweeping,2,171,0.055248618784530384,96.20000000000002,0,0.0,38,0.38,100,0.008240791109856219,17137
hnp,sweeping,2,172,0.054945054945054944,96.20000000000005,0,0.0,38,0.38,100,0.009669668339192868,17237
hnp,sweeping,2,173,0.0546448087431694,96.40000000000003,0,0.0,36,0.36,100,0.008900301968678833,17337
hnp,sweeping,2,174,0.05434782608695653,95.50000000000009,0,0.0,45,0.45,100,0.007788739006500691,17437
hnp,sweeping,2,175,0.05405405405405406,96.00000000000006,0,0.0,40,0.4,100,0.007577947890385985,17537
hnp,sweeping,2,176,0.05376344086021505,96.50000000000003,0,0.0,35,0.35,100,0.00786295830272138,17637
hnp,sweeping,2,177,0.053475935828877004,95.90000000000005,0,0.0,41,0.41,100,0.007352896858938038,17737
hnp,sweeping,2,178,0.05319148936170213,95.20000000000005,0,0.0,48,0.48,100,0.008670263673411682,17837
hnp,sweeping,2,179,0.052910052910052914,96.50000000000006,0,0.0,35,0.35,100,0.007219088461715728,17937
hnp,sweeping,2,180,0.05263157894736842,94.40000000000003,1,0.01,37,0.37,100,0.008700173066463321,18037
hnp,sweeping,2,181,0.05235602094240837,95.90000000000003,0,0.0,41,0.41,100,0.008335463535040617,18137
hnp,sweeping,2,182,0.052083333333333336,96.30000000000004,0,0.0,37,0.37,100,0.006420036616036668,18237
hnp,sweeping,2,183,0.05181347150259067,92.20000000000003,2,0.02,40,0.4,100,0.009283585499506444,18337
hnp,sweeping,2,184,0.051546391752577324,96.00000000000006,0,0.0,40,0.4,100,0.007480295484419912,18437
hnp,sweeping,2,185,0.05128205128205128,96.40000000000005,0,0.0,36,0.36,100,0.009109035320580005,18537
hnp,sweeping,2,186,0.0510204081632653,92.40000000000003,2,0.02,37,0.37,100,0.00770305406069383,18637
hnp,sweeping,2,187,0.050761421319796954,96.50000000000004,0,0.0,35,0.35,100,0.007947971511166543,18737
hnp,sweeping,2,188,0.050505050505050504,94.50000000000003,1,0.01,36,0.36,100,0.0076168000372126695,18837
hnp,sweeping,2,189,0.05025125628140704,94.50000000000006,1,0.01,36,0.36,100,0.007238494406919926,18937
hnp,sweeping,2,190,0.05,92.30000000000004,2,0.02,39,0.39,100,0.007864392823539674,19037
hnp,sweeping,2,191,0.04975124378109452,95.70000000000005,0,0.0,43,0.43,100,0.00884948282968253,19137
hnp,sweeping,2,192,0.04950495049504951,94.20000000000003,1,0.01,39,0.39,100,0.008367528906092048,19237
hnp,sweeping,2,193,0.04926108374384236,95.80000000000005,0,0.0,42,0.42,100,0.00826451915083453,19337
hnp,sweeping,2,194,0.04901960784313726,91.80000000000005,2,0.02,44,0.44,100,0.011548656024970114,19437
hnp,sweeping,2,195,0.04878048780487805,94.70000000000007,0,0.0,53,0.53,100,0.008927965180482715,19537
hnp,sweeping,2,196,0.04854368932038835,92.0,2,0.02,41,0.41,100,0.008083928367123008,19637
hnp,sweeping,2,197,0.04830917874396135,94.30000000000004,1,0.01,38,0.38,100,0.007781382496468723,19737
hnp,sweeping,2,198,0.04807692307692307,96.60000000000002,0,0.0,34,0.34,100,0.007065079521853476,19837
hnp,sweeping,2,199,0.04784688995215311,94.40000000000002,1,0.01,37,0.37,100,0.009260352891869843,19937
hnp,sweeping,3,0,1.0,63.99999999999993,14,0.14,92,0.92,100,0.1671371953310193,37
hnp,sweeping,3,1,0.9090909090909091,72.29999999999998,10,0.1,85,0.85,100,0.07871656555682421,137
hnp,sweeping,3,2,0.8333333333333334,68.29999999999995,12,0.12,88,0.88,100,0.0638561230711639,237
hnp,sweeping,3,3,0.7692307692307692,63.19999999999993,15,0.15,80,0.8,100,0.02797880705446005,337
hnp,sweeping,3,4,0.7142857142857143,76.10000000000001,8,0.08,86,0.86,100,0.013908548671752214,437
hnp,sweeping,3,5,0.6666666666666666,85.60000000000005,3,0.03,86,0.86,100,0.006525199513416738,537
hnp,sweeping,3,6,0.625,70.89999999999998,11,0.11,79,0.79,100,0.004763233684934675,637
hnp,sweeping,3,7,0.5882352941176471,82.40000000000003,5,0.05,81,0.81,100,0.0037680118065327407,737
hnp,sweeping,3,8,0.5555555555555556,82.30000000000005,5,0.05,80,0.8,100,0.0034730719425715506,837
hnp,sweeping,3,9,0.5263157894736842,76.79999999999998,8,0.08,79,0.79,100,0.003850462934933603,937
hnp,sweeping,3,10,0.5,84.40000000000003,4,0.04,80,0.8,100,0.005013274203520268,1037
hnp,sweeping,3,11,0.47619047619047616,78.60000000000002,7,0.07,81,0.81,100,0.004850801583379507,1137
hnp,sweeping,3,12,0.45454545454545453,82.60000000000002,5,0.05,77,0.77,100,0.006345458447467536,1237
hnp,sweeping,3,13,0.4347826086956522,77.20000000000002,8,0.08,75,0.75,100,0.005920780168380589,1337
hnp,sweeping,3,14,0.4166666666666667,87.00000000000004,3,0.03,72,0.72,100,0.005103686349466443,1437
hnp,sweeping,3,15,0.4,82.50000000000004,5,0.05,79,0.79,100,0.007307307464070618,1537
hnp,sweeping,3,16,0.3846153846153846,79.40000000000002,7,0.07,72,0.72,100,0.004042685577878728,1637
hnp,sweeping,3,17,0.37037037037037035,91.10000000000008,1,0.01,69,0.69,100,0.005623282769229263,1737
hnp,sweeping,3,18,0.35714285714285715,84.90000000000006,4,0.04,75,0.75,100,0.007889914948027581,1837
hnp,sweeping,3,19,0.3448275862068966,82.90000000000005,5,0.05,76,0.76,100,0.0070689629181288184,1937
hnp,sweeping,3,20,0.3333333333333333,82.70000000000003,5,0.05,78,0.78,100,0.007321046332363039,2037
hnp,sweeping,3,21,0.3225806451612903,82.20000000000003,6,0.06,63,0.63,100,0.006048084632493555,2137
hnp,sweeping,3,22,0.3125,83.00000000000004,5,0.05,74,0.74,100,0.006363257942721248,2237
hnp,sweeping,3,23,0.30303030303030304,80.40000000000002,6,0.06,81,0.81,100,0.00637102227890864,2337
hnp,sweeping,3,24,0.29411764705882354,88.70000000000006,2,0.02,75,0.75,100,0.00713741137413308,2437
hnp,sweeping,3,25,0.2857142857142857,89.00000000000003,2,0.02,71,0.71,100,0.006511314548552036,2537
hnp,sweeping,3,26,0.2777777777777778,88.30000000000007,3,0.03,60,0.6,100,0.005989759836811572,2637
hnp,sweeping,3,27,0.27027027027027023,83.70000000000005,5,0.05,67,0.67,100,0.006396850687451661,2737
hnp,sweeping,3,28,0.2631578947368421,80.40000000000005,7,0.07,62,0.62,100,0.006912945976946503,2837
hnp,sweeping,3,29,0.25641025641025644,91.90000000000005,1,0.01,62,0.62,100,0.008125694110058248,2937
hnp,sweeping,3,30,0.25,91.90000000000006,1,0.01,62,0.62,100,0.007862594844773411,3037
hnp,sweeping,3,31,0.24390243902439027,85.20000000000007,4,0.04,72,0.72,100,0.007915592477656901,3137
hnp,sweeping,3,32,0.23809523809523808,83.50000000000003,5,0.05,70,0.7,100,0.0070153806777670975,3237
hnp,sweeping,3,33,0.23255813953488372,87.40000000000005,3,0.03,69,0.69,100,0.00955919488798827,3337
hnp,sweeping,3,34,0.22727272727272727,93.50000000000009,0,0.0,65,0.65,100,0.006215844079852104,3437
hnp,sweeping,3,35,0.2222222222222222,91.00000000000006,1,0.01,71,0.71,100,0.007454170996788889,3537
hnp,sweeping,3,36,0.2173913043478261,91.9000000000001,1,0.01,62,0.62,100,0.007966690964531153,3637
hnp,sweeping,3,37,0.2127659574468085,90.10000000000005,2,0.02,61,0.61,100,0.008069122603628784,3737
hnp,sweeping,3,38,0.20833333333333334,90.20000000000002,2,0.02,59,0.59,100,0.007769044409506023,3837
hnp,sweeping,3,39,0.2040816326530612,88.10000000000005,3,0.03,61,0.61,100,0.007983497870154678,3937
hnp,sweeping,3,40,0.2,92.40000000000006,1,0.01,57,0.57,100,0.007012329665012657,4037
hnp,sweeping,3,41,0.19607843137254904,93.10000000000007,1,0.01,49,0.49,100,0.005632725961040705,4137
hnp,sweeping,3,42,0.1923076923076923,87.70000000000005,3,0.03,66,0.66,100,0.008627604546491056,4237
hnp,sweeping,3,43,0.18867924528301888,91.60000000000007,1,0.01,65,0.65,100,0.008663303144276142,4337
hnp,sweeping,3,44,0.18518518518518517,88.60000000000005,3,0.03,57,0.57,100,0.007439709189347923,4437
hnp,sweeping,3,45,0.18181818181818182,83.70000000000005,5,0.05,68,0.68,100,0.008053217185661196,4537
hnp,sweeping,3,46,0.17857142857142858,84.30000000000004,5,0.05,62,0.62,100,0.00906960132997483,4637
hnp,sweeping,3,47,0.17543859649122806,89.60000000000008,2,0.02,65,0.65,100,0.009449215638451278,4737
hnp,sweeping,3,48,0.1724137931034483,82.00000000000006,6,0.06,66,0.66,100,0.00981293327640742,4837
hnp,sweeping,3,49,0.1694915254237288,92.70000000000005,1,0.01,54,0.54,100,0.00888146872865036,4937
hnp,sweeping,3,50,0.16666666666666666,90.80000000000007,1,0.01,73,0.73,100,0.009372099172323942,5037
hnp,sweeping,3,51,0.1639344262295082,87.80000000000004,3,0.03,65,0.65,100,0.008045151506084949,5137
hnp,sweeping,3,52,0.16129032258064516,92.00000000000004,1,0.01,61,0.61,100,0.009641587685327977,5237
hnp,sweeping,3,53,0.15873015873015872,94.00000000000003,0,0.0,60,0.6,100,0.00818300954066217,5337
hnp,sweeping,3,54,0.15625,94.30000000000008,0,0.0,57,0.57,100,0.008554715698119253,5437
hnp,sweeping,3,55,0.15384615384615385,90.30000000000007,2,0.02,59,0.59,100,0.008390079103410244,5537
hnp,sweeping,3,56,0.15151515151515152,80.40000000000002,7,0.07,63,0.63,100,0.006951663750223816,5637
hnp,sweeping,3,57,0.14925373134328357,92.70000000000005,1,0.01,54,0.54,100,0.012330435789190233,5737
hnp,sweeping,3,58,0.14705882352941177,94.40000000000008,0,0.0,56,0.56,100,0.013495490280911326,5837
hnp,sweeping,3,59,0.14492753623188406,89.80000000000004,2,0.02,64,0.64,100,0.013364144153892994,5937
hnp,sweeping,3,60,0.14285714285714285,94.20000000000005,0,0.0,58,0.58,100,0.011619029243011027,6037
hnp,sweeping,3,61,0.14084507042253522,92.30000000000007,1,0.01,58,0.58,100,0.00785815757000819,6137
hnp,sweeping,3,62,0.1388888888888889,89.60000000000005,3,0.03,46,0.46,100,0.010484791828785091,6237
hnp,sweeping,3,63,0.136986301369863,91.00000000000006,2,0.02,51,0.51,100,0.011729676560498774,6337
hnp,sweeping,3,64,0.13513513513513511,88.70000000000002,3,0.03,56,0.56,100,0.008788898882921786,6437
hnp,sweeping,3,65,0.13333333333333333,88.60000000000005,3,0.03,56,0.56,100,0.011392841378692538,6537
hnp,sweeping,3,66,0.13157894736842105,88.1000000000001,3,0.03,62,0.62,100,0.009192362556932494,6637
hnp,sweeping,3,67,0.12987012987012986,88.50000000000006,3,0.03,58,0.58,100,0.009556608414277435,6737
hnp,sweeping,3,68,0.12820512820512822,91.30000000000003,2,0.02,49,0.49,100,0.009429970243945717,6837
hnp,sweeping,3,69,0.12658227848101264,94.10000000000004,0,0.0,59,0.59,100,0.012023989118169993,6937
hnp,sweeping,3,70,0.125,93.30000000000004,1,0.01,47,0.47,100,0.011825068560428918,7037
hnp,sweeping,3,71,0.1234567901234568,94.40000000000003,0,0.0,56,0.56,100,0.01140738520771265,7137
hnp,sweeping,3,72,0.12195121951219513,94.90000000000003,0,0.0,51,0.51,100,0.009232315486297011,7237
hnp,sweeping,3,73,0.12048192771084336,92.50000000000003,1,0.01,56,0.56,100,0.00927225660532713,7337
hnp,sweeping,3,74,0.11904761904761904,94.20000000000007,0,0.0,58,0.58,100,0.007598502403125167,7437
hnp,sweeping,3,75,0.11764705882352941,95.1000000000001,0,0.0,49,0.49,100,0.007945130465086549,7537
hnp,sweeping,3,76,0.11627906976744186,94.60000000000005,0,0.0,54,0.54,100,0.009745502499863506,7637
hnp,sweeping,3,77,0.1149425287356322,87.00000000000006,4,0.04,54,0.54,100,0.009303601372521371,7737
hnp,sweeping,3,78,0.11363636363636363,91.20000000000003,2,0.02,50,0.5,100,0.008756219076458365,7837
hnp,sweeping,3,79,0.11235955056179775,95.40000000000005,0,0.0,46,0.46,100,0.010673066726885736,7937
hnp,sweeping,3,80,0.1111111111111111,92.80000000000007,1,0.01,53,0.53,100,0.00969932508887723,8037
hnp,sweeping,3,81,0.10989010989010989,91.00000000000006,2,0.02,52,0.52,100,0.009224616300780326,8137
hnp,sweeping,3,82,0.10869565217391305,89.20000000000005,3,0.03,50,0.5,100,0.009139163789805026,8237
hnp,sweeping,3,83,0.1075268817204301,90.50000000000007,2,0.02,56,0.56,100,0.009067713271360845,8337
hnp,sweeping,3,84,0.10638297872340426,92.10000000000005,2,0.02,41,0.41,100,0.006344001714605838,8437
hnp,sweeping,3,85,0.10526315789473684,89.40000000000003,3,0.03,48,0.48,100,0.008592946901917458,8537
hnp,sweeping,3,86,0.10416666666666667,95.20000000000006,0,0.0,48,0.48,100,0.007862106019165366,8637
hnp,sweeping,3,87,0.10309278350515465,95.00000000000009,0,0.0,50,0.5,100,0.009356383630074561,8737
hnp,sweeping,3,88,0.1020408163265306,95.00000000000007,0,0.0,50,0.5,100,0.008392863438930363,8837
hnp,sweeping,3,89,0.10101010101010101,89.20000000000006,3,0.03,51,0.51,100,0.009203599009197205,8937
hnp,sweeping,3,90,0.1,93.10000000000005,1,0.01,50,0.5,100,0.009355589074548334,9037
hnp,sweeping,3,91,0.09900990099009901,89.40000000000003,3,0.03,49,0.49,100,0.011102568896021695,9137
hnp,sweeping,3,92,0.09803921568627452,90.20000000000006,2,0.02,60,0.6,100,0.010464642813894897,9237
hnp,sweeping,3,93,0.0970873786407767,93.40000000000005,1,0.01,47,0.47,100,0.00833154967520386,9337
hnp,sweeping,3,94,0.09615384615384615,90.80000000000004,2,0.02,54,0.54,100,0.009408664028160273,9437
hnp,sweeping,3,95,0.09523809523809523,90.80000000000005,2,0.02,53,0.53,100,0.00922285417560488,9537
hnp,sweeping,3,96,0.09433962264150944,93.10000000000005,1,0.01,50,0.5,100,0.009765065216924995,9637
hnp,sweeping,3,97,0.09345794392523366,91.50000000000006,2,0.02,47,0.47,100,0.01207047979813069,9737
hnp,sweeping,3,98,0.09259259259259259,94.40000000000003,0,0.0,56,0.56,100,0.008345732223242521,9837
hnp,sweeping,3,99,0.09174311926605504,93.10000000000008,1,0.01,50,0.5,100,0.013210736294277013,9937
hnp,sweeping,3,100,0.09090909090909091,92.90000000000005,1,0.01,52,0.52,100,0.011748377815820277,10037
hnp,sweeping,3,101,0.0900900900900901,87.9,4,0.04,45,0.45,100,0.010950775488745422,10137
hnp,sweeping,3,102,0.08928571428571429,92.30000000000004,2,0.02,39,0.39,100,0.009207709026522935,10237
hnp,sweeping,3,103,0.08849557522123894,93.70000000000006,1,0.01,43,0.43,100,0.013319765599444509,10337
hnp,sweeping,3,104,0.08771929824561403,90.80000000000007,2,0.02,54,0.54,100,0.009573873453773559,10437
hnp,sweeping,3,105,0.08695652173913043,95.20000000000006,0,0.0,48,0.48,100,0.011997612505219878,10537
hnp,sweeping,3,106,0.08620689655172414,93.50000000000007,1,0.01,46,0.46,100,0.00915501526556909,10637
hnp,sweeping,3,107,0.08547008547008547,88.80000000000005,3,0.03,54,0.54,100,0.007999230620916932,10737
hnp,sweeping,3,108,0.0847457627118644,91.00000000000003,2,0.02,52,0.52,100,0.007881513948086649,10837
hnp,sweeping,3,109,0.08403361344537814,95.10000000000005,0,0.0,49,0.49,100,0.010660467015113681,10937
hnp,sweeping,3,110,0.08333333333333333,92.4000000000001,1,0.01,56,0.56,100,0.010202110460959375,11037
hnp,sweeping,3,111,0.08264462809917356,95.20000000000006,0,0.0,48,0.48,100,0.00991057712584734,11137
hnp,sweeping,3,112,0.0819672131147541,89.40000000000005,3,0.03,49,0.49,100,0.007033296439331025,11237
hnp,sweeping,3,113,0.08130081300813008,93.50000000000003,1,0.01,46,0.46,100,0.009663742166012526,11337
hnp,sweeping,3,114,0.08064516129032258,94.00000000000003,1,0.01,41,0.41,100,0.009274639771319926,11437
hnp,sweeping,3,115,0.08,95.50000000000006,0,0.0,45,0.45,100,0.009638029930647463,11537
hnp,sweeping,3,116,0.07936507936507936,93.20000000000006,1,0.01,48,0.48,100,0.009123521293513476,11637
hnp,sweeping,3,117,0.07874015748031496,93.10000000000002,1,0.01,50,0.5,100,0.008116251251194626,11737
hnp,sweeping,3,118,0.078125,95.60000000000008,0,0.0,44,0.44,100,0.009252421369310468,11837
hnp,sweeping,3,119,0.07751937984496124,95.70000000000006,0,0.0,43,0.43,100,0.007085800694767386,11937
hnp,sweeping,3,120,0.07692307692307693,93.80000000000004,1,0.01,43,0.43,100,0.009149419476743787,12037
hnp,sweeping,3,121,0.07633587786259542,94.10000000000005,1,0.01,40,0.4,100,0.0100126325013116,12137
hnp,sweeping,3,122,0.07575757575757576,92.70000000000006,1,0.01,54,0.54,100,0.010231762179173529,12237
hnp,sweeping,3,123,0.07518796992481203,90.30000000000007,2,0.02,59,0.59,100,0.011097517390735447,12337
hnp,sweeping,3,124,0.07462686567164178,93.40000000000003,1,0.01,46,0.46,100,0.008644938892684877,12437
hnp,sweeping,3,125,0.07407407407407407,95.80000000000007,0,0.0,42,0.42,100,0.008104343672748655,12537
hnp,sweeping,3,126,0.07352941176470588,95.80000000000005,0,0.0,42,0.42,100,0.00877780273091048,12637
hnp,sweeping,3,127,0.07299270072992702,95.60000000000005,0,0.0,44,0.44,100,0.008712222559843212,12737
hnp,sweeping,3,128,0.07246376811594203,90.70000000000005,3,0.03,36,0.36,100,0.0074516533594578506,12837
hnp,sweeping,3,129,0.07194244604316546,95.90000000000006,0,0.0,41,0.41,100,0.008798415153287352,12937
hnp,sweeping,3,130,0.07142857142857142,93.60000000000004,1,0.01,45,0.45,100,0.010337131454143673,13037
hnp,sweeping,3,131,0.07092198581560284,90.30000000000004,3,0.03,40,0.4,100,0.007907985157798976,13137
hnp,sweeping,3,132,0.07042253521126761,89.80000000000004,3,0.03,45,0.45,100,0.008703775538597256,13237
hnp,sweeping,3,133,0.06993006993006992,96.00000000000003,0,0.0,40,0.4,100,0.008994039366953074,13337
hnp,sweeping,3,134,0.06944444444444445,93.80000000000004,1,0.01,43,0.43,100,0.009957496433053166,13437
hnp,sweeping,3,135,0.06896551724137931,95.70000000000007,0,0.0,43,0.43,100,0.010415011297445743,13537
hnp,sweeping,3,136,0.0684931506849315,95.70000000000005,0,0.0,43,0.43,100,0.007115776955615729,13637
hnp,sweeping,3,137,0.06802721088435375,93.60000000000005,1,0.01,45,0.45,100,0.008401903284247964,13737
hnp,sweeping,3,138,0.06756756756756756,95.40000000000008,0,0.0,46,0.46,100,0.013420723446179181,13837
hnp,sweeping,3,139,0.06711409395973154,95.80000000000005,0,0.0,42,0.42,100,0.011419029149692506,13937
hnp,sweeping,3,140,0.06666666666666667,92.20000000000005,2,0.02,39,0.39,100,0.011073752390220761,14037
hnp,sweeping,3,141,0.06622516556291391,93.60000000000004,1,0.01,45,0.45,100,0.010730434365104884,14137
hnp,sweeping,3,142,0.06578947368421052,93.90000000000005,1,0.01,41,0.41,100,0.00838342824485153,14237
hnp,sweeping,3,143,0.06535947712418301,93.60000000000004,1,0.01,45,0.45,100,0.0071567750885151325,14337
hnp,sweeping,3,144,0.06493506493506493,94.20000000000006,1,0.01,39,0.39,100,0.007513081008801237,14437
hnp,sweeping,3,145,0.06451612903225806,91.60000000000008,2,0.02,46,0.46,100,0.008736430106218905,14537
hnp,sweeping,3,146,0.06410256410256411,93.70000000000005,1,0.01,44,0.44,100,0.010251509475056082,14637
hnp,sweeping,3,147,0.06369426751592357,94.20000000000005,1,0.01,39,0.39,100,0.00884728810749948,14737
hnp,sweeping,3,148,0.06329113924050632,96.50000000000004,0,0.0,35,0.35,100,0.006919614633079618,14837
hnp,sweeping,3,149,0.06289308176100629,95.00000000000009,0,0.0,50,0.5,100,0.012501444956287742,14937
hnp,sweeping,3,150,0.0625,91.70000000000007,2,0.02,43,0.43,100,0.008231183039024472,15037
hnp,sweeping,3,151,0.06211180124223602,93.70000000000005,1,0.01,44,0.44,100,0.006464438394177705,15137
hnp,sweeping,3,152,0.0617283950617284,94.40000000000003,1,0.01,37,0.37,100,0.006432486756239086,15237
hnp,sweeping,3,153,0.06134969325153374,89.90000000000003,3,0.03,44,0.44,100,0.008186390206683427,15337
hnp,sweeping,3,154,0.06097560975609757,95.80000000000007,0,0.0,42,0.42,100,0.008283997270045801,15437
hnp,sweeping,3,155,0.06060606060606061,93.60000000000007,1,0.01,45,0.45,100,0.010618251261766999,15537
hnp,sweeping,3,156,0.06024096385542168,97.00000000000003,0,0.0,30,0.3,100,0.00929893396794796,15637
hnp,sweeping,3,157,0.059880239520958084,96.50000000000007,0,0.0,35,0.35,100,0.007452329285442829,15737
hnp,sweeping,3,158,0.05952380952380952,91.90000000000005,2,0.02,43,0.43,100,0.00927694584708661,15837
hnp,sweeping,3,159,0.0591715976331361,95.90000000000003,0,0.0,41,0.41,100,0.007188974821474403,15937
hnp,sweeping,3,160,0.058823529411764705,94.30000000000004,1,0.01,38,0.38,100,0.008043123616371304,16037
hnp,sweeping,3,161,0.05847953216374269,94.50000000000003,1,0.01,36,0.36,100,0.007648282423615455,16137
hnp,sweeping,3,162,0.05813953488372093,95.60000000000004,0,0.0,44,0.44,100,0.006985192485153675,16237
hnp,sweeping,3,163,0.057803468208092484,95.3000000000001,0,0.0,47,0.47,100,0.007075069332495331,16337
hnp,sweeping,3,164,0.0574712643678161,93.30000000000005,1,0.01,48,0.48,100,0.00707906347932294,16437
hnp,sweeping,3,165,0.05714285714285714,95.50000000000007,0,0.0,45,0.45,100,0.007531167441047728,16537
hnp,sweeping,3,166,0.056818181818181816,96.80000000000004,0,0.0,32,0.32,100,0.009679718310944736,16637
hnp,sweeping,3,167,0.05649717514124294,93.90000000000005,1,0.01,42,0.42,100,0.011239181275013834,16737
hnp,sweeping,3,168,0.056179775280898875,93.20000000000003,1,0.01,49,0.49,100,0.009301491205114872,16837
hnp,sweeping,3,169,0.0558659217877095,93.1000000000001,1,0.01,50,0.5,100,0.009542185280006379,16937
hnp,sweeping,3,170,0.05555555555555555,97.00000000000004,0,0.0,30,0.3,100,0.008720400023739784,17037
hnp,sweeping,3,171,0.055248618784530384,93.3000000000001,1,0.01,48,0.48,100,0.01007032259600237,17137
hnp,sweeping,3,172,0.054945054945054944,95.30000000000003,0,0.0,47,0.47,100,0.008334387731738389,17237
hnp,sweeping,3,173,0.0546448087431694,94.30000000000004,1,0.01,38,0.38,100,0.006783564947545529,17337
hnp,sweeping,3,174,0.05434782608695653,96.60000000000005,0,0.0,34,0.34,100,0.007536025918088853,17437
hnp,sweeping,3,175,0.05405405405405406,91.80000000000003,2,0.02,44,0.44,100,0.012910242674406618,17537
hnp,sweeping,3,176,0.05376344086021505,94.90000000000005,1,0.01,32,0.32,100,0.009915598792722448,17637
hnp,sweeping,3,177,0.053475935828877004,93.60000000000005,1,0.01,45,0.45,100,0.007359965238720179,17737
hnp,sweeping,3,178,0.05319148936170213,95.40000000000006,0,0.0,46,0.46,100,0.010220905039459468,17837
hnp,sweeping,3,179,0.052910052910052914,96.20000000000006,0,0.0,38,0.38,100,0.007891653571277857,17937
hnp,sweeping,3,180,0.05263157894736842,91.60000000000005,2,0.02,46,0.46,100,0.008432097004260867,18037
hnp,sweeping,3,181,0.05235602094240837,91.90000000000006,2,0.02,42,0.42,100,0.0067413599870633336,18137
hnp,sweeping,3,182,0.052083333333333336,95.70000000000007,0,0.0,43,0.43,100,0.010366917978972197,18237
hnp,sweeping,3,183,0.05181347150259067,94.10000000000005,1,0.01,40,0.4,100,0.0068891785037703815,18337
hnp,sweeping,3,184,0.051546391752577324,94.00000000000003,1,0.01,41,0.41,100,0.0067894796282053,18437
hnp,sweeping,3,185,0.05128205128205128,95.60000000000004,0,0.0,44,0.44,100,0.007549513450358063,18537
hnp,sweeping,3,186,0.0510204081632653,96.00000000000004,0,0.0,40,0.4,100,0.005350835566641763,18637
hnp,sweeping,3,187,0.050761421319796954,95.20000000000005,1,0.01,29,0.29,100,0.007993267992278561,18737
hnp,sweeping,3,188,0.050505050505050504,96.20000000000005,0,0.0,38,0.38,100,0.0061447480239439755,18837
hnp,sweeping,3,189,0.05025125628140704,93.80000000000004,1,0.01,43,0.43,100,0.006307764615630731,18937
hnp,sweeping,3,190,0.05,92.10000000000004,1,0.01,60,0.6,100,0.007459168569184839,19037
hnp,sweeping,3,191,0.04975124378109452,90.10000000000002,3,0.03,42,0.42,100,0.006698256754316389,19137
hnp,sweeping,3,192,0.04950495049504951,96.50000000000004,0,0.0,35,0.35,100,0.0076863765134476125,19237
hnp,sweeping,3,193,0.04926108374384236,96.50000000000004,0,0.0,35,0.35,100,0.00686964501393959,19337
hnp,sweeping,3,194,0.04901960784313726,95.90000000000008,0,0.0,41,0.41,100,0.007265222240239382,19437
hnp,sweeping,3,195,0.04878048780487805,93.70000000000003,1,0.01,44,0.44,100,0.00694254016969353,19537
hnp,sweeping,3,196,0.04854368932038835,94.20000000000003,1,0.01,39,0.39,100,0.007787630556849763,19637
hnp,sweeping,3,197,0.04830917874396135,95.60000000000005,0,0.0,44,0.44,100,0.010075639192946255,19737
hnp,sweeping,3,198,0.04807692307692307,92.30000000000007,1,0.01,58,0.58,100,0.007515246651601046,19837
hnp,sweeping,3,199,0.04784688995215311,96.00000000000003,0,0.0,40,0.4,100,0.005332607100717724,19937
hnp,sweeping,4,0,1.0,71.79999999999997,10,0.1,91,0.91,100,0.18927152454853058,37
hnp,sweeping,4,1,0.9090909090909091,85.40000000000008,3,0.03,87,0.87,100,0.03217977067455649,137
hnp,sweeping,4,2,0.8333333333333334,74.19999999999999,9,0.09,87,0.87,100,0.025705210268497466,237
hnp,sweeping,4,3,0.7692307692307692,76.3,8,0.08,84,0.84,100,0.014579352750442922,337
hnp,sweeping,4,4,0.7142857142857143,70.29999999999998,11,0.11,87,0.87,100,0.018232511766254903,437
hnp,sweeping,4,5,0.6666666666666666,77.4,7,0.07,91,0.91,100,0.008958330696914344,537
hnp,sweeping,4,6,0.625,74.39999999999998,9,0.09,82,0.82,100,0.009239098585676403,637
hnp,sweeping,4,7,0.5882352941176471,79.10000000000004,7,0.07,74,0.74,100,0.009602278664242476,737
hnp,sweeping,4,8,0.5555555555555556,76.7,8,0.08,81,0.81,100,0.011545256979297846,837
hnp,sweeping,4,9,0.5263157894736842,82.60000000000002,5,0.05,79,0.79,100,0.006019688381347805,937
hnp,sweeping,4,10,0.5,80.50000000000003,6,0.06,80,0.8,100,0.00509315449744463,1037
hnp,sweeping,4,11,0.47619047619047616,82.60000000000005,5,0.05,78,0.78,100,0.004441649215295911,1137
hnp,sweeping,4,12,0.45454545454545453,84.60000000000007,4,0.04,78,0.78,100,0.00623004260705784,1237
hnp,sweeping,4,13,0.4347826086956522,80.80000000000004,6,0.06,78,0.78,100,0.006416916029993444,1337
hnp,sweeping,4,14,0.4166666666666667,87.10000000000008,3,0.03,72,0.72,100,0.005160453473217785,1437
hnp,sweeping,4,15,0.4,83.00000000000004,5,0.05,75,0.75,100,0.005415575118968263,1537
hnp,sweeping,4,16,0.3846153846153846,81.00000000000003,6,0.06,75,0.75,100,0.0063111074955668305,1637
hnp,sweeping,4,17,0.37037037037037035,87.80000000000003,3,0.03,65,0.65,100,0.006494308254914359,1737
hnp,sweeping,4,18,0.35714285714285715,83.40000000000003,5,0.05,71,0.71,100,0.005166153404861689,1837
hnp,sweeping,4,19,0.3448275862068966,83.70000000000009,5,0.05,68,0.68,100,0.0062258127774111926,1937
hnp,sweeping,4,20,0.3333333333333333,84.10000000000002,5,0.05,64,0.64,100,0.005859675749670714,2037
hnp,sweeping,4,21,0.3225806451612903,76.1,9,0.09,68,0.68,100,0.006508692030329257,2137
hnp,sweeping,4,22,0.3125,89.80000000000004,2,0.02,64,0.64,100,0.008454496210906654,2237
hnp,sweeping,4,23,0.30303030303030304,85.40000000000003,4,0.04,69,0.69,100,0.007398836084175855,2337
hnp,sweeping,4,24,0.29411764705882354,87.10000000000008,3,0.03,72,0.72,100,0.00804321580566466,2437
hnp,sweeping,4,25,0.2857142857142857,87.40000000000002,3,0.03,69,0.69,100,0.006800970255862921,2537
hnp,sweeping,4,26,0.2777777777777778,89.90000000000006,2,0.02,63,0.63,100,0.009063954635057598,2637
hnp,sweeping,4,27,0.27027027027027023,84.00000000000006,5,0.05,65,0.65,100,0.007450965950265526,2737
hnp,sweeping,4,28,0.2631578947368421,83.4,5,0.05,70,0.7,100,0.006715968488715589,2837
hnp,sweeping,4,29,0.25641025641025644,91.70000000000007,1,0.01,64,0.64,100,0.00732641791459173,2937
hnp,sweeping,4,30,0.25,86.90000000000003,4,0.04,54,0.54,100,0.007280096721369773,3037
hnp,sweeping,4,31,0.24390243902439027,89.00000000000006,2,0.02,71,0.71,100,0.007681116026360541,3137
hnp,sweeping,4,32,0.23809523809523808,83.10000000000002,5,0.05,74,0.74,100,0.007097222979646176,3237
hnp,sweeping,4,33,0.23255813953488372,92.00000000000006,1,0.01,61,0.61,100,0.008448945633135736,3337
hnp,sweeping,4,34,0.22727272727272727,86.00000000000006,4,0.04,64,0.64,100,0.007862902926281095,3437
hnp,sweeping,4,35,0.2222222222222222,93.20000000000005,1,0.01,49,0.49,100,0.00773806581273675,3537
hnp,sweeping,4,36,0.2173913043478261,87.60000000000005,3,0.03,67,0.67,100,0.007825695825740695,3637
hnp,sweeping,4,37,0.2127659574468085,87.80000000000004,3,0.03,65,0.65,100,0.007955170392524451,3737
hnp,sweeping,4,38,0.20833333333333334,88.80000000000004,3,0.03,55,0.55,100,0.009582514122594149,3837
hnp,sweeping,4,39,0.2040816326530612,93.00000000000006,1,0.01,51,0.51,100,0.009779901928268372,3937
hnp,sweeping,4,40,0.2,89.90000000000003,2,0.02,63,0.63,100,0.007471793061122298,4037
hnp,sweeping,4,41,0.19607843137254904,92.30000000000007,1,0.01,58,0.58,100,0.008502551035489888,4137
hnp,sweeping,4,42,0.1923076923076923,94.20000000000006,0,0.0,58,0.58,100,0.008079102712217718,4237
hnp,sweeping,4,43,0.18867924528301888,88.90000000000006,3,0.03,54,0.54,100,0.008097700702492147,4337
hnp,sweeping,4,44,0.18518518518518517,89.30000000000005,3,0.03,50,0.5,100,0.00817874212982133,4437
hnp,sweeping,4,45,0.18181818181818182,88.20000000000003,3,0.03,61,0.61,100,0.008666638946160675,4537
hnp,sweeping,4,46,0.17857142857142858,92.80000000000005,1,0.01,53,0.53,100,0.007846191741991788,4637
hnp,sweeping,4,47,0.17543859649122806,87.2,4,0.04,52,0.52,100,0.00879782736301422,4737
hnp,sweeping,4,48,0.1724137931034483,90.10000000000002,2,0.02,61,0.61,100,0.007722357416059822,4837
hnp,sweeping,4,49,0.1694915254237288,89.30000000000005,3,0.03,49,0.49,100,0.009090928703080862,4937
hnp,sweeping,4,50,0.16666666666666666,88.60000000000005,3,0.03,57,0.57,100,0.009644540203735232,5037
hnp,sweeping,4,51,0.1639344262295082,87.5,4,0.04,49,0.49,100,0.007915510940365493,5137
hnp,sweeping,4,52,0.16129032258064516,93.0000000000001,1,0.01,51,0.51,100,0.008582025989890099,5237
hnp,sweeping,4,53,0.15873015873015872,90.70000000000006,2,0.02,55,0.55,100,0.010551255128812045,5337
hnp,sweeping,4,54,0.15625,95.10000000000007,0,0.0,49,0.49,100,0.009324793294072152,5437
hnp,sweeping,4,55,0.15384615384615385,91.60000000000008,1,0.01,65,0.65,100,0.008955945246852934,5537
hnp,sweeping,4,56,0.15151515151515152,90.90000000000003,2,0.02,53,0.53,100,0.009257664780598134,5637
hnp,sweeping,4,57,0.14925373134328357,86.4,4,0.04,59,0.59,100,0.009118392947129905,5737
hnp,sweeping,4,58,0.14705882352941177,93.70000000000007,1,0.01,44,0.44,100,0.00783148852409795,5837
hnp,sweeping,4,59,0.14492753623188406,94.40000000000006,0,0.0,56,0.56,100,0.00829842582345009,5937
hnp,sweeping,4,60,0.14285714285714285,93.00000000000004,1,0.01,50,0.5,100,0.007139420756138861,6037
hnp,sweeping,4,61,0.14084507042253522,95.00000000000009,0,0.0,50,0.5,100,0.010243540036026389,6137
hnp,sweeping,4,62,0.1388888888888889,89.00000000000001,3,0.03,52,0.52,100,0.00918096058536321,6237
hnp,sweeping,4,63,0.136986301369863,91.00000000000004,2,0.02,52,0.52,100,0.00935959179420024,6337
hnp,sweeping,4,64,0.13513513513513511,85.30000000000001,5,0.05,52,0.52,100,0.008211150888819248,6437
hnp,sweeping,4,65,0.13333333333333333,92.40000000000006,1,0.01,57,0.57,100,0.010725814013276248,6537
hnp,sweeping,4,66,0.13157894736842105,92.60000000000005,1,0.01,55,0.55,100,0.008378633826505394,6637
hnp,sweeping,4,67,0.12987012987012986,90.70000000000006,2,0.02,54,0.54,100,0.008713345620781182,6737
hnp,sweeping,4,68,0.12820512820512822,90.90000000000006,2,0.02,53,0.53,100,0.009481919384561478,6837
hnp,sweeping,4,69,0.12658227848101264,82.4,6,0.06,62,0.62,100,0.009390156937297434,6937
hnp,sweeping,4,70,0.125,89.20000000000003,3,0.03,50,0.5,100,0.009318278790451585,7037
hnp,sweeping,4,71,0.1234567901234568,94.80000000000005,0,0.0,52,0.52,100,0.009492206198628991,7137
hnp,sweeping,4,72,0.12195121951219513,93.10000000000005,1,0.01,50,0.5,100,0.008509077234193682,7237
hnp,sweeping,4,73,0.12048192771084336,90.90000000000006,2,0.02,53,0.53,100,0.009066824519541114,7337
hnp,sweeping,4,74,0.11904761904761904,93.40000000000006,1,0.01,47,0.47,100,0.007781877571251244,7437
hnp,sweeping,4,75,0.11764705882352941,84.80000000000001,5,0.05,57,0.57,100,0.010193202227819711,7537
hnp,sweeping,4,76,0.11627906976744186,93.30000000000005,1,0.01,48,0.48,100,0.00958219323772937,7637
hnp,sweeping,4,77,0.1149425287356322,91.60000000000002,2,0.02,46,0.46,100,0.0087898861290887,7737
hnp,sweeping,4,78,0.11363636363636363,91.30000000000004,2,0.02,49,0.49,100,0.008221206991001963,7837
hnp,sweeping,4,79,0.11235955056179775,93.10000000000008,1,0.01,50,0.5,100,0.00851872787810862,7937
hnp,sweeping,4,80,0.1111111111111111,95.00000000000004,0,0.0,50,0.5,100,0.012345278321299702,8037
hnp,sweeping,4,81,0.10989010989010989,95.20000000000009,0,0.0,48,0.48,100,0.011585067030973733,8137
hnp,sweeping,4,82,0.10869565217391305,91.70000000000005,2,0.02,45,0.45,100,0.010003992782440036,8237
hnp,sweeping,4,83,0.1075268817204301,90.80000000000005,2,0.02,54,0.54,100,0.007778561150189489,8337
hnp,sweeping,4,84,0.10638297872340426,96.00000000000004,0,0.0,40,0.4,100,0.007493479752447456,8437
hnp,sweeping,4,85,0.10526315789473684,94.40000000000006,0,0.0,56,0.56,100,0.008455111472867429,8537
hnp,sweeping,4,86,0.10416666666666667,93.40000000000003,1,0.01,47,0.47,100,0.010071643085684628,8637
hnp,sweeping,4,87,0.10309278350515465,94.90000000000008,0,0.0,51,0.51,100,0.008250730640720577,8737
hnp,sweeping,4,88,0.1020408163265306,87.50000000000006,4,0.04,49,0.49,100,0.010422457123640925,8837
hnp,sweeping,4,89,0.10101010101010101,94.80000000000005,0,0.0,52,0.52,100,0.00935976614477113,8937
hnp,sweeping,4,90,0.1,92.80000000000001,1,0.01,53,0.53,100,0.008363130865618587,9037
hnp,sweeping,4,91,0.09900990099009901,88.70000000000007,3,0.03,55,0.55,100,0.00825816550059244,9137
hnp,sweeping,4,92,0.09803921568627452,92.00000000000007,2,0.02,42,0.42,100,0.00814335846574977,9237
hnp,sweeping,4,93,0.0970873786407767,91.60000000000005,2,0.02,45,0.45,100,0.009255392781924457,9337
hnp,sweeping,4,94,0.09615384615384615,93.50000000000007,1,0.01,46,0.46,100,0.007154012224636972,9437
hnp,sweeping,4,95,0.09523809523809523,95.60000000000002,0,0.0,44,0.44,100,0.009007661703508347,9537
hnp,sweeping,4,96,0.09433962264150944,93.20000000000005,1,0.01,49,0.49,100,0.009728242410346866,9637
hnp,sweeping,4,97,0.09345794392523366,96.00000000000006,0,0.0,40,0.4,100,0.00683400850975886,9737
hnp,sweeping,4,98,0.09259259259259259,92.60000000000004,2,0.02,36,0.36,100,0.007991324632894248,9837
hnp,sweeping,4,99,0.09174311926605504,95.20000000000007,0,0.0,48,0.48,100,0.008239242562558502,9937
hnp,sweeping,4,100,0.09090909090909091,94.00000000000007,1,0.01,41,0.41,100,0.011354846525937318,10037
hnp,sweeping,4,101,0.0900900900900901,92.40000000000003,2,0.02,38,0.38,100,0.00860647599445656,10137
hnp,sweeping,4,102,0.08928571428571429,86.30000000000004,4,0.04,61,0.61,100,0.009402165031060577,10237
hnp,sweeping,4,103,0.08849557522123894,91.70000000000005,2,0.02,45,0.45,100,0.008730919666122645,10337
hnp,sweeping,4,104,0.08771929824561403,89.90000000000005,3,0.03,44,0.44,100,0.00973995572887361,10437
hnp,sweeping,4,105,0.08695652173913043,91.20000000000006,2,0.02,50,0.5,100,0.007949880282394588,10537
hnp,sweeping,4,106,0.08620689655172414,94.20000000000003,1,0.01,39,0.39,100,0.008985316378530115,10637
hnp,sweeping,4,107,0.08547008547008547,90.20000000000002,3,0.03,41,0.41,100,0.006809771927073598,10737
hnp,sweeping,4,108,0.0847457627118644,93.90000000000005,1,0.01,42,0.42,100,0.007664368180558085,10837
hnp,sweeping,4,109,0.08403361344537814,92.80000000000004,2,0.02,34,0.34,100,0.008560933521948755,10937
hnp,sweeping,4,110,0.08333333333333333,95.50000000000007,0,0.0,45,0.45,100,0.007473239109385759,11037
hnp,sweeping,4,111,0.08264462809917356,95.40000000000006,0,0.0,46,0.46,100,0.008562050778418779,11137
hnp,sweeping,4,112,0.0819672131147541,91.50000000000003,2,0.02,47,0.47,100,0.007830745587125421,11237
hnp,sweeping,4,113,0.08130081300813008,93.50000000000006,1,0.01,46,0.46,100,0.008248634261544794,11337
hnp,sweeping,4,114,0.08064516129032258,94.10000000000004,1,0.01,40,0.4,100,0.008355182998348027,11437
hnp,sweeping,4,115,0.08,95.60000000000004,0,0.0,44,0.44,100,0.010124400991480797,11537
hnp,sweeping,4,116,0.07936507936507936,95.60000000000004,0,0.0,44,0.44,100,0.006767319634091109,11637
hnp,sweeping,4,117,0.07874015748031496,94.50000000000004,1,0.01,36,0.36,100,0.006074142039287835,11737
hnp,sweeping,4,118,0.078125,96.00000000000003,0,0.0,40,0.4,100,0.008221794730052351,11837
hnp,sweeping,4,119,0.07751937984496124,91.90000000000006,2,0.02,43,0.43,100,0.007955068170558662,11937
hnp,sweeping,4,120,0.07692307692307693,93.00000000000009,1,0.01,51,0.51,100,0.00944805609760806,12037
hnp,sweeping,4,121,0.07633587786259542,91.80000000000001,2,0.02,44,0.44,100,0.008269207109697163,12137
hnp,sweeping,4,122,0.07575757575757576,96.00000000000006,0,0.0,40,0.4,100,0.0066433239332400265,12237
hnp,sweeping,4,123,0.07518796992481203,96.30000000000004,0,0.0,37,0.37,100,0.0072562467725947495,12337
hnp,sweeping,4,124,0.07462686567164178,94.30000000000003,1,0.01,38,0.38,100,0.007395967629272491,12437
hnp,sweeping,4,125,0.07407407407407407,93.40000000000003,1,0.01,46,0.46,100,0.00831613589078188,12537
hnp,sweeping,4,126,0.07352941176470588,91.90000000000005,2,0.02,43,0.43,100,0.008347710159141571,12637
hnp,sweeping,4,127,0.07299270072992702,92.60000000000004,2,0.02,36,0.36,100,0.008969384508673102,12737
hnp,sweeping,4,128,0.07246376811594203,93.30000000000004,1,0.01,47,0.47,100,0.009963599694892765,12837
hnp,sweeping,4,129,0.07194244604316546,96.20000000000006,0,0.0,38,0.38,100,0.008035551148932427,12937
hnp,sweeping,4,130,0.07142857142857142,95.50000000000004,0,0.0,45,0.45,100,0.008906992082484067,13037
hnp,sweeping,4,131,0.07092198581560284,93.20000000000006,1,0.01,49,0.49,100,0.008570538428612053,13137
hnp,sweeping,4,132,0.07042253521126761,92.40000000000006,2,0.02,38,0.38,100,0.008335027319844812,13237
hnp,sweeping,4,133,0.06993006993006992,91.00000000000004,2,0.02,52,0.52,100,0.0076506840437650684,13337
hnp,sweeping,4,134,0.06944444444444445,93.70000000000003,1,0.01,44,0.44,100,0.007321088877506554,13437
hnp,sweeping,4,135,0.06896551724137931,93.80000000000007,1,0.01,43,0.43,100,0.006964552302379161,13537
hnp,sweeping,4,136,0.0684931506849315,91.60000000000005,2,0.02,46,0.46,100,0.006620918547268957,13637
hnp,sweeping,4,137,0.06802721088435375,93.30000000000011,1,0.01,48,0.48,100,0.010681867131497711,13737
hnp,sweeping,4,138,0.06756756756756756,95.80000000000005,0,0.0,42,0.42,100,0.008590428095776587,13837
hnp,sweeping,4,139,0.06711409395973154,93.40000000000006,1,0.01,47,0.47,100,0.006385295414365828,13937
hnp,sweeping,4,140,0.06666666666666667,94.80000000000004,0,0.0,52,0.52,100,0.01010300632333383,14037
hnp,sweeping,4,141,0.06622516556291391,95.50000000000003,0,0.0,45,0.45,100,0.00753754215547815,14137
hnp,sweeping,4,142,0.06578947368421052,95.60000000000007,0,0.0,44,0.44,100,0.007849304445553571,14237
hnp,sweeping,4,143,0.06535947712418301,90.00000000000004,3,0.03,43,0.43,100,0.0069010934187099335,14337
hnp,sweeping,4,144,0.06493506493506493,94.10000000000007,1,0.01,39,0.39,100,0.006584916474530474,14437
hnp,sweeping,4,145,0.06451612903225806,96.00000000000006,0,0.0,40,0.4,100,0.005856428302358836,14537
hnp,sweeping,4,146,0.06410256410256411,93.40000000000003,1,0.01,47,0.47,100,0.007138260120991617,14637
hnp,sweeping,4,147,0.06369426751592357,95.60000000000004,0,0.0,44,0.44,100,0.006218327694805339,14737
hnp,sweeping,4,148,0.06329113924050632,94.20000000000005,1,0.01,39,0.39,100,0.007080548766534776,14837
hnp,sweeping,4,149,0.06289308176100629,92.60000000000004,2,0.02,36,0.36,100,0.00942617523483932,14937
hnp,sweeping,4,150,0.0625,93.80000000000003,1,0.01,43,0.43,100,0.009941429132595658,15037
hnp,sweeping,4,151,0.06211180124223602,90.00000000000006,3,0.03,43,0.43,100,0.007573864366859198,15137
hnp,sweeping,4,152,0.0617283950617284,89.50000000000004,3,0.03,48,0.48,100,0.006888723645824939,15237
hnp,sweeping,4,153,0.06134969325153374,91.90000000000003,2,0.02,43,0.43,100,0.009211659304564818,15337
hnp,sweeping,4,154,0.06097560975609757,95.40000000000005,0,0.0,46,0.46,100,0.008919623950496315,15437
hnp,sweeping,4,155,0.06060606060606061,91.40000000000003,2,0.02,47,0.47,100,0.008319098751526326,15537
hnp,sweeping,4,156,0.06024096385542168,94.20000000000006,1,0.01,39,0.39,100,0.009586345506832003,15637
hnp,sweeping,4,157,0.059880239520958084,95.60000000000005,0,0.0,44,0.44,100,0.009340737916063517,15737
hnp,sweeping,4,158,0.05952380952380952,91.80000000000004,2,0.02,44,0.44,100,0.007402109222020954,15837
hnp,sweeping,4,159,0.0591715976331361,93.50000000000006,1,0.01,46,0.46,100,0.009349444042891264,15937
hnp,sweeping,4,160,0.058823529411764705,93.40000000000008,1,0.01,47,0.47,100,0.008591721833217889,16037
hnp,sweeping,4,161,0.05847953216374269,95.60000000000005,0,0.0,44,0.44,100,0.00741147811175324,16137
hnp,sweeping,4,162,0.05813953488372093,93.70000000000003,1,0.01,44,0.44,100,0.00905716815032065,16237
hnp,sweeping,4,163,0.057803468208092484,95.60000000000005,0,0.0,44,0.44,100,0.007062290625181049,16337
hnp,sweeping,4,164,0.0574712643678161,96.00000000000007,0,0.0,40,0.4,100,0.009157924109604209,16437
hnp,sweeping,4,165,0.05714285714285714,92.60000000000004,2,0.02,36,0.36,100,0.007066286790650338,16537
hnp,sweeping,4,166,0.056818181818181816,96.40000000000005,0,0.0,36,0.36,100,0.006773616527207196,16637
hnp,sweeping,4,167,0.05649717514124294,94.50000000000007,1,0.01,36,0.36,100,0.007415468741673976,16737
hnp,sweeping,4,168,0.056179775280898875,94.10000000000005,1,0.01,40,0.4,100,0.00887744477018714,16837
hnp,sweeping,4,169,0.0558659217877095,96.00000000000006,0,0.0,40,0.4,100,0.0078089016955345866,16937
hnp,sweeping,4,170,0.05555555555555555,95.90000000000006,0,0.0,41,0.41,100,0.0084641890716739,17037
hnp,sweeping,4,171,0.055248618784530384,94.80000000000004,0,0.0,52,0.52,100,0.01298798809060827,17137
hnp,sweeping,4,172,0.054945054945054944,93.20000000000007,1,0.01,49,0.49,100,0.008269408349879086,17237
hnp,sweeping,4,173,0.0546448087431694,95.30000000000008,0,0.0,47,0.47,100,0.007491081925109029,17337
hnp,sweeping,4,174,0.05434782608695653,96.00000000000003,0,0.0,40,0.4,100,0.006550500213634223,17437
hnp,sweeping,4,175,0.05405405405405406,93.90000000000006,1,0.01,42,0.42,100,0.00753686705371365,17537
hnp,sweeping,4,176,0.05376344086021505,95.40000000000006,0,0.0,46,0.46,100,0.009234935499262065,17637
hnp,sweeping,4,177,0.053475935828877004,91.70000000000006,2,0.02,45,0.45,100,0.008637961328495293,17737
hnp,sweeping,4,178,0.05319148936170213,92.80000000000003,2,0.02,33,0.33,100,0.007661696714349091,17837
hnp,sweeping,4,179,0.052910052910052914,92.10000000000005,2,0.02,40,0.4,100,0.00894519885070622,17937
hnp,sweeping,4,180,0.05263157894736842,96.60000000000004,0,0.0,34,0.34,100,0.008017787747085094,18037
hnp,sweeping,4,181,0.05235602094240837,96.00000000000006,0,0.0,40,0.4,100,0.008018422026652842,18137
hnp,sweeping,4,182,0.052083333333333336,96.70000000000003,0,0.0,33,0.33,100,0.007062211423180998,18237
hnp,sweeping,4,183,0.05181347150259067,96.10000000000004,0,0.0,39,0.39,100,0.005973759340122342,18337
hnp,sweeping,4,184,0.051546391752577324,95.40000000000005,0,0.0,46,0.46,100,0.006615330399945378,18437
hnp,sweeping,4,185,0.05128205128205128,95.90000000000005,0,0.0,41,0.41,100,0.007826854269951581,18537
hnp,sweeping,4,186,0.0510204081632653,94.30000000000005,1,0.01,38,0.38,100,0.00601195304770954,18637
hnp,sweeping,4,187,0.050761421319796954,94.60000000000007,1,0.01,35,0.35,100,0.007214645852800458,18737
hnp,sweeping,4,188,0.050505050505050504,93.90000000000003,1,0.01,42,0.42,100,0.009170957882888615,18837
hnp,sweeping,4,189,0.05025125628140704,96.30000000000004,0,0.0,37,0.37,100,0.007437566148582846,18937
hnp,sweeping,4,190,0.05,96.10000000000005,0,0.0,39,0.39,100,0.005772874373942614,19037
hnp,sweeping,4,191,0.04975124378109452,96.50000000000004,0,0.0,35,0.35,100,0.0063247776357457045,19137
hnp,sweeping,4,192,0.04950495049504951,96.40000000000003,0,0.0,36,0.36,100,0.007673802280332893,19237
hnp,sweeping,4,193,0.04926108374384236,94.60000000000002,1,0.01,35,0.35,100,0.0052852906135376545,19337
hnp,sweeping,4,194,0.04901960784313726,95.00000000000003,1,0.01,31,0.31,100,0.006167955779237673,19437
hnp,sweeping,4,195,0.04878048780487805,96.40000000000006,0,0.0,36,0.36,100,0.005602396066533402,19537
hnp,sweeping,4,196,0.04854368932038835,96.30000000000004,0,0.0,37,0.37,100,0.005420947570819408,19637
hnp,sweeping,4,197,0.04830917874396135,92.40000000000003,2,0.02,37,0.37,100,0.00761997549328953,19737
hnp,sweeping,4,198,0.04807692307692307,96.40000000000006,0,0.0,36,0.36,100,0.006270229150541127,19837
hnp,sweeping,4,199,0.04784688995215311,94.70000000000003,1,0.01,34,0.34,100,0.0084814894804731,19937
hnp,sweeping,5,0,1.0,68.09999999999994,12,0.12,91,0.91,100,0.23429375393567858,37
hnp,sweeping,5,1,0.9090909090909091,60.99999999999993,16,0.16,83,0.83,100,0.07266628483310342,137
hnp,sweeping,5,2,0.8333333333333334,74.8,9,0.09,81,0.81,100,0.04294067220762372,237
hnp,sweeping,5,3,0.7692307692307692,83.40000000000003,4,0.04,90,0.9,100,0.021846470292657613,337
hnp,sweeping,5,4,0.7142857142857143,66.39999999999993,13,0.13,85,0.85,100,0.01032699302304536,437
hnp,sweeping,5,5,0.6666666666666666,76.70000000000002,8,0.08,79,0.79,100,0.006351429796777666,537
hnp,sweeping,5,6,0.625,78.10000000000001,7,0.07,86,0.86,100,0.004477688272017986,637
hnp,sweeping,5,7,0.5882352941176471,82.20000000000003,5,0.05,82,0.82,100,0.004185687687713653,737
hnp,sweeping,5,8,0.5555555555555556,84.90000000000006,4,0.04,75,0.75,100,0.004207156046759337,837
hnp,sweeping,5,9,0.5263157894736842,84.50000000000004,4,0.04,79,0.79,100,0.005633088499307632,937
hnp,sweeping,5,10,0.5,79.70000000000002,6,0.06,89,0.89,100,0.004396207819227129,1037
hnp,sweeping,5,11,0.47619047619047616,85.10000000000004,4,0.04,72,0.72,100,0.004025455717928708,1137
hnp,sweeping,5,12,0.45454545454545453,84.30000000000005,4,0.04,80,0.8,100,0.00690253013977781,1237
hnp,sweeping,5,13,0.4347826086956522,88.90000000000006,2,0.02,73,0.73,100,0.005304995274636895,1337
hnp,sweeping,5,14,0.4166666666666667,89.20000000000005,2,0.02,69,0.69,100,0.004790065293200314,1437
hnp,sweeping,5,15,0.4,83.00000000000003,5,0.05,75,0.75,100,0.005394158342387528,1537
hnp,sweeping,5,16,0.3846153846153846,85.30000000000007,4,0.04,71,0.71,100,0.006009247698821127,1637
hnp,sweeping,5,17,0.37037037037037035,84.00000000000006,4,0.04,84,0.84,100,0.0064722411381080746,1737
hnp,sweeping,5,18,0.35714285714285715,82.80000000000003,5,0.05,77,0.77,100,0.006528565792832524,1837
hnp,sweeping,5,19,0.3448275862068966,84.50000000000004,4,0.04,79,0.79,100,0.004884165411349386,1937
hnp,sweeping,5,20,0.3333333333333333,90.60000000000005,1,0.01,75,0.75,100,0.008002317799255252,2037
hnp,sweeping,5,21,0.3225806451612903,82.90000000000003,5,0.05,76,0.76,100,0.00794303378323093,2137
hnp,sweeping,5,22,0.3125,80.70000000000003,6,0.06,79,0.79,100,0.007924699329305441,2237
hnp,sweeping,5,23,0.30303030303030304,88.70000000000006,2,0.02,75,0.75,100,0.006127982418984174,2337
hnp,sweeping,5,24,0.29411764705882354,89.80000000000007,2,0.02,63,0.63,100,0.0065155366761609915,2437
hnp,sweeping,5,25,0.2857142857142857,91.00000000000006,1,0.01,71,0.71,100,0.006352909919805825,2537
hnp,sweeping,5,26,0.2777777777777778,91.0000000000001,1,0.01,71,0.71,100,0.005971380928531289,2637
hnp,sweeping,5,27,0.27027027027027023,85.30000000000005,4,0.04,70,0.7,100,0.009683621127624064,2737
hnp,sweeping,5,28,0.2631578947368421,87.00000000000003,3,0.03,72,0.72,100,0.007918371062260121,2837
hnp,sweeping,5,29,0.25641025641025644,82.80000000000004,5,0.05,77,0.77,100,0.008849476824980228,2937
hnp,sweeping,5,30,0.25,89.40000000000006,2,0.02,67,0.67,100,0.006901634060777723,3037
hnp,sweeping,5,31,0.24390243902439027,88.60000000000007,2,0.02,76,0.76,100,0.007794499590527266,3137
hnp,sweeping,5,32,0.23809523809523808,93.20000000000009,0,0.0,68,0.68,100,0.008804024080745876,3237
hnp,sweeping,5,33,0.23255813953488372,81.90000000000002,6,0.06,67,0.67,100,0.007895670328289271,3337
hnp,sweeping,5,34,0.22727272727272727,87.20000000000005,3,0.03,71,0.71,100,0.009153551501221956,3437
hnp,sweeping,5,35,0.2222222222222222,88.00000000000006,3,0.03,62,0.62,100,0.0076399183506146075,3537
hnp,sweeping,5,36,0.2173913043478261,88.90000000000006,2,0.02,73,0.73,100,0.007207774368580431,3637
hnp,sweeping,5,37,0.2127659574468085,89.20000000000007,2,0.02,70,0.7,100,0.0073032520012930036,3737
hnp,sweeping,5,38,0.20833333333333334,91.20000000000006,1,0.01,69,0.69,100,0.007966682412661612,3837
hnp,sweeping,5,39,0.2040816326530612,84.40000000000006,4,0.04,79,0.79,100,0.009059029747731984,3937
hnp,sweeping,5,40,0.2,91.10000000000007,1,0.01,69,0.69,100,0.006884878445416689,4037
hnp,sweeping,5,41,0.19607843137254904,89.50000000000003,2,0.02,66,0.66,100,0.007029185630381107,4137
hnp,sweeping,5,42,0.1923076923076923,92.10000000000005,1,0.01,60,0.6,100,0.008799556321464478,4237
hnp,sweeping,5,43,0.18867924528301888,84.00000000000001,5,0.05,65,0.65,100,0.006074002522509545,4337
hnp,sweeping,5,44,0.18518518518518517,93.80000000000007,0,0.0,62,0.62,100,0.005537120883818716,4437
hnp,sweeping,5,45,0.18181818181818182,88.10000000000004,3,0.03,62,0.62,100,0.00796308476710692,4537
hnp,sweeping,5,46,0.17857142857142858,90.10000000000004,2,0.02,60,0.6,100,0.007714263747911901,4637
hnp,sweeping,5,47,0.17543859649122806,89.90000000000006,2,0.02,63,0.63,100,0.01028743151575327,4737
hnp,sweeping,5,48,0.1724137931034483,89.50000000000006,2,0.02,66,0.66,100,0.008588473098352551,4837
hnp,sweeping,5,49,0.1694915254237288,93.80000000000011,0,0.0,62,0.62,100,0.008721872398164124,4937
hnp,sweeping,5,50,0.16666666666666666,83.40000000000003,5,0.05,71,0.71,100,0.008647438655607402,5037
hnp,sweeping,5,51,0.1639344262295082,89.50000000000006,2,0.02,67,0.67,100,0.007075359178707004,5137
hnp,sweeping,5,52,0.16129032258064516,93.60000000000011,0,0.0,64,0.64,100,0.0064106056955642995,5237
hnp,sweeping,5,53,0.15873015873015872,91.60000000000005,1,0.01,65,0.65,100,0.007371908121276647,5337
hnp,sweeping,5,54,0.15625,91.60000000000008,1,0.01,65,0.65,100,0.00907254706369713,5437
hnp,sweeping,5,55,0.15384615384615385,87.50000000000003,3,0.03,68,0.68,100,0.008517499100416898,5537
hnp,sweeping,5,56,0.15151515151515152,93.00000000000007,0,0.0,70,0.7,100,0.007562186331488192,5637
hnp,sweeping,5,57,0.14925373134328357,90.10000000000007,2,0.02,61,0.61,100,0.006850259774364531,5737
hnp,sweeping,5,58,0.14705882352941177,87.60000000000008,3,0.03,67,0.67,100,0.007656552118714899,5837
hnp,sweeping,5,59,0.14492753623188406,90.70000000000006,2,0.02,55,0.55,100,0.009277619197964668,5937
hnp,sweeping,5,60,0.14285714285714285,93.90000000000008,0,0.0,61,0.61,100,0.008190496983006596,6037
hnp,sweeping,5,61,0.14084507042253522,88.20000000000005,3,0.03,61,0.61,100,0.009087350694462657,6137
hnp,sweeping,5,62,0.1388888888888889,87.20000000000005,4,0.04,51,0.51,100,0.009848485123366118,6237
hnp,sweeping,5,63,0.136986301369863,92.50000000000007,1,0.01,55,0.55,100,0.007650433802045882,6337
hnp,sweeping,5,64,0.13513513513513511,92.20000000000009,1,0.01,59,0.59,100,0.00807793606305495,6437
hnp,sweeping,5,65,0.13333333333333333,89.50000000000009,2,0.02,67,0.67,100,0.0077072705328464506,6537
hnp,sweeping,5,66,0.13157894736842105,91.40000000000006,1,0.01,67,0.67,100,0.011399499836843461,6637
hnp,sweeping,5,67,0.12987012987012986,91.60000000000007,1,0.01,65,0.65,100,0.01092294514644891,6737
hnp,sweeping,5,68,0.12820512820512822,90.20000000000006,2,0.02,60,0.6,100,0.01039461131207645,6837
hnp,sweeping,5,69,0.12658227848101264,94.50000000000009,0,0.0,55,0.55,100,0.00786178048234433,6937
hnp,sweeping,5,70,0.125,90.80000000000004,2,0.02,54,0.54,100,0.0083953802799806,7037
hnp,sweeping,5,71,0.1234567901234568,90.10000000000004,2,0.02,61,0.61,100,0.009451295486651362,7137
hnp,sweeping,5,72,0.12195121951219513,86.60000000000004,4,0.04,56,0.56,100,0.008607408553361893,7237
hnp,sweeping,5,73,0.12048192771084336,86.70000000000002,4,0.04,57,0.57,100,0.008735587110277266,7337
hnp,sweeping,5,74,0.11904761904761904,92.30000000000007,1,0.01,58,0.58,100,0.009186786564532668,7437
hnp,sweeping,5,75,0.11764705882352941,92.70000000000006,1,0.01,54,0.54,100,0.009352293973788619,7537
hnp,sweeping,5,76,0.11627906976744186,92.30000000000004,1,0.01,58,0.58,100,0.009077372655738145,7637
hnp,sweeping,5,77,0.1149425287356322,92.00000000000004,1,0.01,61,0.61,100,0.011061978333164007,7737
hnp,sweeping,5,78,0.11363636363636363,91.30000000000004,2,0.02,49,0.49,100,0.008759376471862196,7837
hnp,sweeping,5,79,0.11235955056179775,92.30000000000004,1,0.01,58,0.58,100,0.009756516157649458,7937
hnp,sweeping,5,80,0.1111111111111111,92.80000000000004,1,0.01,53,0.53,100,0.009332500260788947,8037
hnp,sweeping,5,81,0.10989010989010989,87.10000000000002,4,0.04,53,0.53,100,0.009251897332724184,8137
hnp,sweeping,5,82,0.10869565217391305,94.1000000000001,0,0.0,59,0.59,100,0.009641274819150567,8237
hnp,sweeping,5,83,0.1075268817204301,92.90000000000006,1,0.01,52,0.52,100,0.009211889279540628,8337
hnp,sweeping,5,84,0.10638297872340426,93.10000000000005,1,0.01,50,0.5,100,0.009097740612924099,8437
hnp,sweeping,5,85,0.10526315789473684,90.50000000000006,2,0.02,57,0.57,100,0.007546029035001994,8537
hnp,sweeping,5,86,0.10416666666666667,91.00000000000006,2,0.02,52,0.52,100,0.012232530605979263,8637
hnp,sweeping,5,87,0.10309278350515465,94.70000000000006,0,0.0,53,0.53,100,0.010406585468444973,8737
hnp,sweeping,5,88,0.1020408163265306,93.60000000000005,1,0.01,45,0.45,100,0.007649815047625452,8837
hnp,sweeping,5,89,0.10101010101010101,90.10000000000005,2,0.02,61,0.61,100,0.019565776076633484,8937
hnp,sweeping,5,90,0.1,93.20000000000009,0,0.0,68,0.68,100,0.01146813019644469,9037
hnp,sweeping,5,91,0.09900990099009901,92.2000000000001,1,0.01,59,0.59,100,0.011089713755063712,9137
hnp,sweeping,5,92,0.09803921568627452,91.60000000000004,2,0.02,46,0.46,100,0.008670280205551535,9237
hnp,sweeping,5,93,0.0970873786407767,93.10000000000007,1,0.01,50,0.5,100,0.008410004994366317,9337
hnp,sweeping,5,94,0.09615384615384615,93.20000000000005,1,0.01,49,0.49,100,0.007714798508677631,9437
hnp,sweeping,5,95,0.09523809523809523,95.20000000000002,0,0.0,48,0.48,100,0.0070750182238407434,9537
hnp,sweeping,5,96,0.09433962264150944,90.70000000000005,2,0.02,55,0.55,100,0.00767553877318278,9637
hnp,sweeping,5,97,0.09345794392523366,89.50000000000006,3,0.03,47,0.47,100,0.008590462084393949,9737
hnp,sweeping,5,98,0.09259259259259259,93.10000000000005,1,0.01,50,0.5,100,0.008856461849063635,9837
hnp,sweeping,5,99,0.09174311926605504,91.30000000000003,2,0.02,49,0.49,100,0.00821711559779942,9937
hnp,sweeping,5,100,0.09090909090909091,94.50000000000007,0,0.0,55,0.55,100,0.011239674466196448,10037
hnp,sweeping,5,101,0.0900900900900901,95.20000000000005,0,0.0,48,0.48,100,0.006312712177168578,10137
hnp,sweeping,5,102,0.08928571428571429,90.80000000000007,2,0.02,54,0.54,100,0.007503127243835479,10237
hnp,sweeping,5,103,0.08849557522123894,93.10000000000007,1,0.01,50,0.5,100,0.007220766176469624,10337
hnp,sweeping,5,104,0.08771929824561403,93.0000000000001,1,0.01,50,0.5,100,0.006925822044722736,10437
hnp,sweeping,5,105,0.08695652173913043,96.10000000000004,0,0.0,39,0.39,100,0.008430903335101903,10537
hnp,sweeping,5,106,0.08620689655172414,95.20000000000006,0,0.0,48,0.48,100,0.01168233406264335,10637
hnp,sweeping,5,107,0.08547008547008547,93.30000000000007,1,0.01,48,0.48,100,0.009727249187417328,10737
hnp,sweeping,5,108,0.0847457627118644,93.30000000000004,1,0.01,48,0.48,100,0.008104025763459503,10837
hnp,sweeping,5,109,0.08403361344537814,89.30000000000004,3,0.03,50,0.5,100,0.008356087110005319,10937
hnp,sweeping,5,110,0.08333333333333333,92.30000000000007,1,0.01,58,0.58,100,0.008958268964197486,11037
hnp,sweeping,5,111,0.08264462809917356,87.30000000000003,4,0.04,51,0.51,100,0.009100657305680215,11137
hnp,sweeping,5,112,0.0819672131147541,94.20000000000003,1,0.01,39,0.39,100,0.0073977879411540924,11237
hnp,sweeping,5,113,0.08130081300813008,95.60000000000005,0,0.0,44,0.44,100,0.008081531596835702,11337
hnp,sweeping,5,114,0.08064516129032258,95.10000000000005,0,0.0,49,0.49,100,0.00843351800693199,11437
hnp,sweeping,5,115,0.08,91.70000000000007,2,0.02,45,0.45,100,0.008700361051596701,11537
hnp,sweeping,5,116,0.07936507936507936,96.20000000000006,0,0.0,38,0.38,100,0.0076789367408491675,11637
hnp,sweeping,5,117,0.07874015748031496,93.00000000000004,1,0.01,51,0.51,100,0.006624765251763165,11737
hnp,sweeping,5,118,0.078125,91.20000000000005,2,0.02,49,0.49,100,0.008932927364949137,11837
hnp,sweeping,5,119,0.07751937984496124,96.00000000000006,0,0.0,40,0.4,100,0.007783299162983894,11937
hnp,sweeping,5,120,0.07692307692307693,89.30000000000007,3,0.03,48,0.48,100,0.0068167488905601205,12037
hnp,sweeping,5,121,0.07633587786259542,95.40000000000006,0,0.0,46,0.46,100,0.008461221486795694,12137
hnp,sweeping,5,122,0.07575757575757576,93.20000000000002,1,0.01,49,0.49,100,0.007819112513680011,12237
hnp,sweeping,5,123,0.07518796992481203,95.40000000000006,0,0.0,46,0.46,100,0.010295147262513637,12337
hnp,sweeping,5,124,0.07462686567164178,92.50000000000009,1,0.01,56,0.56,100,0.00804250797489658,12437
hnp,sweeping,5,125,0.07407407407407407,93.00000000000004,1,0.01,51,0.51,100,0.007103872981388122,12537
hnp,sweeping,5,126,0.07352941176470588,93.20000000000006,1,0.01,49,0.49,100,0.009620104318019003,12637
hnp,sweeping,5,127,0.07299270072992702,91.40000000000005,2,0.02,48,0.48,100,0.006459747683256864,12737
hnp,sweeping,5,128,0.07246376811594203,95.50000000000006,0,0.0,45,0.45,100,0.006480388713534921,12837
hnp,sweeping,5,129,0.07194244604316546,94.10000000000005,1,0.01,40,0.4,100,0.006940797455608844,12937
hnp,sweeping,5,130,0.07142857142857142,94.50000000000004,1,0.01,36,0.36,100,0.007876183923799544,13037
hnp,sweeping,5,131,0.07092198581560284,91.50000000000004,2,0.02,46,0.46,100,0.01109861705917865,13137
hnp,sweeping,5,132,0.07042253521126761,96.30000000000003,0,0.0,37,0.37,100,0.008226096198195592,13237
hnp,sweeping,5,133,0.06993006993006992,87.30000000000004,4,0.04,51,0.51,100,0.007765081466641277,13337
hnp,sweeping,5,134,0.06944444444444445,95.80000000000004,0,0.0,42,0.42,100,0.007967427768744529,13437
hnp,sweeping,5,135,0.06896551724137931,95.20000000000005,0,0.0,48,0.48,100,0.008796965060755611,13537
hnp,sweeping,5,136,0.0684931506849315,96.00000000000004,0,0.0,40,0.4,100,0.009794704695232213,13637
hnp,sweeping,5,137,0.06802721088435375,93.20000000000007,1,0.01,49,0.49,100,0.009265283881686627,13737
hnp,sweeping,5,138,0.06756756756756756,92.10000000000004,2,0.02,41,0.41,100,0.0073104801634326574,13837
hnp,sweeping,5,139,0.06711409395973154,91.80000000000005,2,0.02,44,0.44,100,0.009922683283220976,13937
hnp,sweeping,5,140,0.06666666666666667,94.20000000000005,1,0.01,39,0.39,100,0.008732539701741189,14037
hnp,sweeping,5,141,0.06622516556291391,91.80000000000005,2,0.02,43,0.43,100,0.007610468450002373,14137
hnp,sweeping,5,142,0.06578947368421052,95.80000000000004,0,0.0,42,0.42,100,0.007062275258358568,14237
hnp,sweeping,5,143,0.06535947712418301,93.2000000000001,1,0.01,49,0.49,100,0.006067791266832501,14337
hnp,sweeping,5,144,0.06493506493506493,95.70000000000007,0,0.0,43,0.43,100,0.007932165986858308,14437
hnp,sweeping,5,145,0.06451612903225806,95.90000000000003,0,0.0,41,0.41,100,0.008596479899715632,14537
hnp,sweeping,5,146,0.06410256410256411,95.80000000000005,0,0.0,42,0.42,100,0.007087017750600353,14637
hnp,sweeping,5,147,0.06369426751592357,95.60000000000008,0,0.0,44,0.44,100,0.006808979552006349,14737
hnp,sweeping,5,148,0.06329113924050632,95.90000000000005,0,0.0,41,0.41,100,0.007071218404453248,14837
hnp,sweeping,5,149,0.06289308176100629,93.40000000000003,1,0.01,47,0.47,100,0.005644831557292491,14937
hnp,sweeping,5,150,0.0625,94.00000000000006,1,0.01,41,0.41,100,0.005848790348973125,15037
hnp,sweeping,5,151,0.06211180124223602,93.90000000000003,1,0.01,42,0.42,100,0.007396605210378766,15137
hnp,sweeping,5,152,0.0617283950617284,95.50000000000006,0,0.0,45,0.45,100,0.009039370263926684,15237
hnp,sweeping,5,153,0.06134969325153374,93.20000000000006,1,0.01,49,0.49,100,0.009818730887491255,15337
hnp,sweeping,5,154,0.06097560975609757,93.00000000000006,1,0.01,51,0.51,100,0.007946404861286283,15437
hnp,sweeping,5,155,0.06060606060606061,96.10000000000004,0,0.0,39,0.39,100,0.0072150830284226685,15537
hnp,sweeping,5,156,0.06024096385542168,96.20000000000002,0,0.0,38,0.38,100,0.007502172423992306,15637
hnp,sweeping,5,157,0.059880239520958084,96.10000000000005,0,0.0,39,0.39,100,0.007175085586495698,15737
hnp,sweeping,5,158,0.05952380952380952,95.80000000000001,0,0.0,42,0.42,100,0.00837919015903026,15837
hnp,sweeping,5,159,0.0591715976331361,96.40000000000003,0,0.0,36,0.36,100,0.00814138056943193,15937
hnp,sweeping,5,160,0.058823529411764705,95.20000000000007,0,0.0,48,0.48,100,0.008553864941932261,16037
hnp,sweeping,5,161,0.05847953216374269,95.80000000000004,0,0.0,42,0.42,100,0.006347136639524251,16137
hnp,sweeping,5,162,0.05813953488372093,91.80000000000004,2,0.02,44,0.44,100,0.007486568284220994,16237
hnp,sweeping,5,163,0.057803468208092484,95.10000000000008,0,0.0,49,0.49,100,0.006900401806924492,16337
hnp,sweeping,5,164,0.0574712643678161,93.80000000000007,1,0.01,43,0.43,100,0.008602140820585191,16437
hnp,sweeping,5,165,0.05714285714285714,91.30000000000004,2,0.02,49,0.49,100,0.006984252766706049,16537
hnp,sweeping,5,166,0.056818181818181816,92.50000000000004,2,0.02,37,0.37,100,0.00491332991165109,16637
hnp,sweeping,5,167,0.05649717514124294,92.20000000000005,2,0.02,40,0.4,100,0.006171938660554588,16737
hnp,sweeping,5,168,0.056179775280898875,95.20000000000003,0,0.0,48,0.48,100,0.006725117287132889,16837
hnp,sweeping,5,169,0.0558659217877095,95.70000000000007,0,0.0,43,0.43,100,0.00673020273912698,16937
hnp,sweeping,5,170,0.05555555555555555,94.00000000000007,1,0.01,41,0.41,100,0.006222000168636441,17037
hnp,sweeping,5,171,0.055248618784530384,94.30000000000003,1,0.01,38,0.38,100,0.0050269863195717334,17137
hnp,sweeping,5,172,0.054945054945054944,94.20000000000005,1,0.01,39,0.39,100,0.005776111474260688,17237
hnp,sweeping,5,173,0.0546448087431694,96.20000000000005,0,0.0,38,0.38,100,0.007558754235506057,17337
hnp,sweeping,5,174,0.05434782608695653,94.50000000000006,1,0.01,36,0.36,100,0.005850316488649696,17437
hnp,sweeping,5,175,0.05405405405405406,91.80000000000005,2,0.02,44,0.44,100,0.005666783771011978,17537
hnp,sweeping,5,176,0.05376344086021505,94.20000000000005,1,0.01,39,0.39,100,0.006463702833279968,17637
hnp,sweeping,5,177,0.053475935828877004,92.80000000000004,2,0.02,34,0.34,100,0.00706939629977569,17737
hnp,sweeping,5,178,0.05319148936170213,96.20000000000006,0,0.0,38,0.38,100,0.00914150252006948,17837
hnp,sweeping,5,179,0.052910052910052914,94.60000000000007,1,0.01,35,0.35,100,0.006012018085457384,17937
hnp,sweeping,5,180,0.05263157894736842,94.60000000000005,1,0.01,35,0.35,100,0.007347550843842327,18037
hnp,sweeping,5,181,0.05235602094240837,93.80000000000007,1,0.01,43,0.43,100,0.006005910590756685,18137
hnp,sweeping,5,182,0.052083333333333336,96.60000000000004,0,0.0,34,0.34,100,0.0079848453681916,18237
hnp,sweeping,5,183,0.05181347150259067,96.60000000000004,0,0.0,34,0.34,100,0.008523580029141158,18337
hnp,sweeping,5,184,0.051546391752577324,96.40000000000003,0,0.0,36,0.36,100,0.005309935922268778,18437
hnp,sweeping,5,185,0.05128205128205128,96.60000000000004,0,0.0,34,0.34,100,0.006194556090049446,18537
hnp,sweeping,5,186,0.0510204081632653,96.20000000000005,0,0.0,38,0.38,100,0.006829182186629623,18637
hnp,sweeping,5,187,0.050761421319796954,94.10000000000004,1,0.01,40,0.4,100,0.008345136824063957,18737
hnp,sweeping,5,188,0.050505050505050504,96.20000000000003,0,0.0,38,0.38,100,0.006387767367996276,18837
hnp,sweeping,5,189,0.05025125628140704,95.40000000000006,0,0.0,46,0.46,100,0.006424560253508389,18937
hnp,sweeping,5,190,0.05,96.60000000000002,0,0.0,34,0.34,100,0.006495368650648743,19037
hnp,sweeping,5,191,0.04975124378109452,94.70000000000005,1,0.01,34,0.34,100,0.006107487487606704,19137
hnp,sweeping,5,192,0.04950495049504951,96.80000000000004,0,0.0,32,0.32,100,0.006120803493540734,19237
hnp,sweeping,5,193,0.04926108374384236,95.40000000000006,0,0.0,46,0.46,100,0.007417676472105086,19337
hnp,sweeping,5,194,0.04901960784313726,95.90000000000006,0,0.0,41,0.41,100,0.007238019276410341,19437
hnp,sweeping,5,195,0.04878048780487805,92.80000000000004,2,0.02,34,0.34,100,0.006780752947088331,19537
hnp,sweeping,5,196,0.04854368932038835,96.30000000000004,0,0.0,37,0.37,100,0.005552274177316577,19637
hnp,sweeping,5,197,0.04830917874396135,96.30000000000004,0,0.0,37,0.37,100,0.005548219070769847,19737
hnp,sweeping,5,198,0.04807692307692307,96.10000000000005,0,0.0,39,0.39,100,0.00628079182235524,19837
hnp,sweeping,5,199,0.04784688995215311,96.30000000000004,0,0.0,37,0.37,100,0.007079747449606657,19937
hnp,sweeping,6,0,1.0,68.69999999999997,12,0.12,83,0.83,100,0.1848998277171238,37
hnp,sweeping,6,1,0.9090909090909091,63.19999999999994,15,0.15,81,0.81,100,0.045818983213976025,137
hnp,sweeping,6,2,0.8333333333333334,71.89999999999996,10,0.1,91,0.91,100,0.031102112689986826,237
hnp,sweeping,6,3,0.7692307692307692,74.7,9,0.09,82,0.82,100,0.015293303932994605,337
hnp,sweeping,6,4,0.7142857142857143,78.20000000000002,7,0.07,85,0.85,100,0.008801277256570756,437
hnp,sweeping,6,5,0.6666666666666666,74.69999999999999,9,0.09,82,0.82,100,0.007996379914693534,537
hnp,sweeping,6,6,0.625,72.39999999999999,10,0.1,84,0.84,100,0.005201910836622119,637
hnp,sweeping,6,7,0.5882352941176471,85.50000000000004,3,0.03,88,0.88,100,0.006731558220926672,737
hnp,sweeping,6,8,0.5555555555555556,88.40000000000006,2,0.02,78,0.78,100,0.005749618373811245,837
hnp,sweeping,6,9,0.5263157894736842,80.90000000000003,6,0.06,77,0.77,100,0.005444893275853247,937
hnp,sweeping,6,10,0.5,88.90000000000006,2,0.02,72,0.72,100,0.005070823576534167,1037
hnp,sweeping,6,11,0.47619047619047616,78.60000000000002,7,0.07,81,0.81,100,0.004926103320904076,1137
hnp,sweeping,6,12,0.45454545454545453,78.70000000000002,7,0.07,79,0.79,100,0.005662998594343663,1237
hnp,sweeping,6,13,0.4347826086956522,78.70000000000003,7,0.07,80,0.8,100,0.006548416598234325,1337
hnp,sweeping,6,14,0.4166666666666667,88.30000000000007,2,0.02,79,0.79,100,0.006932133622467518,1437
hnp,sweeping,6,15,0.4,88.80000000000007,2,0.02,74,0.74,100,0.0058681972464546565,1537
hnp,sweeping,6,16,0.3846153846153846,77.60000000000002,8,0.08,71,0.71,100,0.007769682044163347,1637
hnp,sweeping,6,17,0.37037037037037035,87.30000000000008,3,0.03,70,0.7,100,0.007206998788751662,1737
hnp,sweeping,6,18,0.35714285714285715,78.80000000000004,7,0.07,79,0.79,100,0.008979093707166612,1837
hnp,sweeping,6,19,0.3448275862068966,88.60000000000007,2,0.02,76,0.76,100,0.007928769164718687,1937
hnp,sweeping,6,20,0.3333333333333333,85.40000000000006,4,0.04,69,0.69,100,0.008151702235918492,2037
hnp,sweeping,6,21,0.3225806451612903,85.40000000000006,4,0.04,70,0.7,100,0.007791936793364584,2137
hnp,sweeping,6,22,0.3125,80.90000000000005,6,0.06,77,0.77,100,0.010495010020677,2237
hnp,sweeping,6,23,0.30303030303030304,88.60000000000007,2,0.02,76,0.76,100,0.007401722744107247,2337
hnp,sweeping,6,24,0.29411764705882354,87.20000000000007,3,0.03,71,0.71,100,0.005872098873369396,2437
hnp,sweeping,6,25,0.2857142857142857,77.90000000000003,8,0.08,68,0.68,100,0.0065865589096210896,2537
hnp,sweeping,6,26,0.2777777777777778,91.80000000000005,1,0.01,63,0.63,100,0.007400070142466575,2637
hnp,sweeping,6,27,0.27027027027027023,93.40000000000009,0,0.0,66,0.66,100,0.008070314431097358,2737
hnp,sweeping,6,28,0.2631578947368421,87.20000000000005,3,0.03,71,0.71,100,0.009561024487484247,2837
hnp,sweeping,6,29,0.25641025641025644,88.00000000000004,3,0.03,63,0.63,100,0.006575764208100736,2937
hnp,sweeping,6,30,0.25,87.20000000000007,3,0.03,70,0.7,100,0.006081044306047261,3037
hnp,sweeping,6,31,0.24390243902439027,87.80000000000008,3,0.03,65,0.65,100,0.004901852747425437,3137
hnp,sweeping,6,32,0.23809523809523808,86.50000000000006,3,0.03,77,0.77,100,0.006958294219803065,3237
hnp,sweeping,6,33,0.23255813953488372,81.5,6,0.06,70,0.7,100,0.011599169028922916,3337
hnp,sweeping,6,34,0.22727272727272727,89.60000000000005,2,0.02,66,0.66,100,0.008985437685623765,3437
hnp,sweeping,6,35,0.2222222222222222,92.30000000000004,1,0.01,58,0.58,100,0.008762066923081875,3537
hnp,sweeping,6,36,0.2173913043478261,88.00000000000009,3,0.03,63,0.63,100,0.00727574905846268,3637
hnp,sweeping,6,37,0.2127659574468085,92.20000000000007,1,0.01,59,0.59,100,0.010145316380076111,3737
hnp,sweeping,6,38,0.20833333333333334,89.70000000000005,2,0.02,65,0.65,100,0.008291999709326774,3837
hnp,sweeping,6,39,0.2040816326530612,86.30000000000004,4,0.04,61,0.61,100,0.0093538884120062,3937
hnp,sweeping,6,40,0.2,91.80000000000007,1,0.01,63,0.63,100,0.007321756146848202,4037
hnp,sweeping,6,41,0.19607843137254904,90.30000000000004,2,0.02,59,0.59,100,0.009601876197848469,4137
hnp,sweeping,6,42,0.1923076923076923,80.0,7,0.07,66,0.66,100,0.008159648240543903,4237
hnp,sweeping,6,43,0.18867924528301888,92.40000000000005,1,0.01,57,0.57,100,0.007064094149973244,4337
hnp,sweeping,6,44,0.18518518518518517,89.40000000000006,2,0.02,68,0.68,100,0.008641281130257994,4437
hnp,sweeping,6,45,0.18181818181818182,90.60000000000004,2,0.02,55,0.55,100,0.008576405006460846,4537
hnp,sweeping,6,46,0.17857142857142858,94.30000000000008,0,0.0,57,0.57,100,0.00790204721968621,4637
hnp,sweeping,6,47,0.17543859649122806,90.60000000000005,2,0.02,56,0.56,100,0.008326962424907833,4737
hnp,sweeping,6,48,0.1724137931034483,89.40000000000008,2,0.02,68,0.68,100,0.007710051042959094,4837
hnp,sweeping,6,49,0.1694915254237288,94.10000000000008,0,0.0,59,0.59,100,0.009049032360780983,4937
hnp,sweeping,6,50,0.16666666666666666,90.30000000000008,2,0.02,58,0.58,100,0.008736497394274921,5037
hnp,sweeping,6,51,0.1639344262295082,85.20000000000002,4,0.04,72,0.72,100,0.008064485169015825,5137
hnp,sweeping,6,52,0.16129032258064516,88.70000000000003,3,0.03,56,0.56,100,0.009137132710311562,5237
hnp,sweeping,6,53,0.15873015873015872,94.40000000000008,0,0.0,56,0.56,100,0.00895985668990761,5337
hnp,sweeping,6,54,0.15625,86.20000000000002,4,0.04,62,0.62,100,0.008894243529066443,5437
hnp,sweeping,6,55,0.15384615384615385,93.10000000000002,1,0.01,50,0.5,100,0.0076913211611099545,5537
hnp,sweeping,6,56,0.15151515151515152,93.20000000000003,1,0.01,49,0.49,100,0.010107415122911334,5637
hnp,sweeping,6,57,0.14925373134328357,93.30000000000004,1,0.01,48,0.48,100,0.007475730620790273,5737
hnp,sweeping,6,58,0.14705882352941177,88.20000000000003,3,0.03,61,0.61,100,0.007835503614041955,5837
hnp,sweeping,6,59,0.14492753623188406,90.20000000000007,2,0.02,60,0.6,100,0.010566228220704943,5937
hnp,sweeping,6,60,0.14285714285714285,93.20000000000003,1,0.01,49,0.49,100,0.008610355665441603,6037
hnp,sweeping,6,61,0.14084507042253522,85.40000000000006,5,0.05,49,0.49,100,0.008579284606967122,6137
hnp,sweeping,6,62,0.1388888888888889,90.40000000000005,2,0.02,57,0.57,100,0.008216037687379867,6237
hnp,sweeping,6,63,0.136986301369863,94.90000000000006,0,0.0,51,0.51,100,0.008057830575853586,6337
hnp,sweeping,6,64,0.13513513513513511,91.90000000000006,1,0.01,62,0.62,100,0.006512642686720938,6437
hnp,sweeping,6,65,0.13333333333333333,93.90000000000009,0,0.0,61,0.61,100,0.01049452051287517,6537
hnp,sweeping,6,66,0.13157894736842105,89.40000000000008,2,0.02,68,0.68,100,0.009526806138455867,6637
hnp,sweeping,6,67,0.12987012987012986,90.90000000000008,1,0.01,71,0.71,100,0.011019475995562971,6737
hnp,sweeping,6,68,0.12820512820512822,91.90000000000009,1,0.01,62,0.62,100,0.00705297126667574,6837
hnp,sweeping,6,69,0.12658227848101264,94.80000000000007,0,0.0,52,0.52,100,0.008345500594004988,6937
hnp,sweeping,6,70,0.125,95.70000000000006,0,0.0,43,0.43,100,0.007751213074661791,7037
hnp,sweeping,6,71,0.1234567901234568,92.80000000000007,1,0.01,53,0.53,100,0.008346793027594685,7137
hnp,sweeping,6,72,0.12195121951219513,90.20000000000006,2,0.02,60,0.6,100,0.008623590895440429,7237
hnp,sweeping,6,73,0.12048192771084336,95.60000000000007,0,0.0,44,0.44,100,0.007777076202910393,7337
hnp,sweeping,6,74,0.11904761904761904,91.60000000000004,2,0.02,46,0.46,100,0.007998107275925577,7437
hnp,sweeping,6,75,0.11764705882352941,92.60000000000008,1,0.01,55,0.55,100,0.00806730002630502,7537
hnp,sweeping,6,76,0.11627906976744186,93.00000000000007,1,0.01,51,0.51,100,0.007869555759243667,7637
hnp,sweeping,6,77,0.1149425287356322,94.80000000000007,0,0.0,52,0.52,100,0.007795046744868159,7737
hnp,sweeping,6,78,0.11363636363636363,94.40000000000008,0,0.0,56,0.56,100,0.009780660113319755,7837
hnp,sweeping,6,79,0.11235955056179775,91.20000000000006,2,0.02,49,0.49,100,0.009346746162045748,7937
hnp,sweeping,6,80,0.1111111111111111,93.10000000000007,1,0.01,50,0.5,100,0.007574337814003229,8037
hnp,sweeping,6,81,0.10989010989010989,91.20000000000006,2,0.02,50,0.5,100,0.00699301062617451,8137
hnp,sweeping,6,82,0.10869565217391305,93.20000000000006,1,0.01,49,0.49,100,0.007622007797472179,8237
hnp,sweeping,6,83,0.1075268817204301,92.10000000000004,2,0.02,41,0.41,100,0.0094476195727475,8337
hnp,sweeping,6,84,0.10638297872340426,86.80000000000001,4,0.04,56,0.56,100,0.008688891087658704,8437
hnp,sweeping,6,85,0.10526315789473684,90.60000000000002,2,0.02,55,0.55,100,0.009200199749320745,8537
hnp,sweeping,6,86,0.10416666666666667,92.90000000000003,1,0.01,52,0.52,100,0.009115569260902703,8637
hnp,sweeping,6,87,0.10309278350515465,93.20000000000007,1,0.01,49,0.49,100,0.00782562884967774,8737
hnp,sweeping,6,88,0.1020408163265306,95.30000000000007,0,0.0,47,0.47,100,0.007479606103152037,8837
hnp,sweeping,6,89,0.10101010101010101,94.90000000000008,0,0.0,51,0.51,100,0.008669049353338778,8937
hnp,sweeping,6,90,0.1,94.20000000000005,1,0.01,39,0.39,100,0.009677820591023192,9037
hnp,sweeping,6,91,0.09900990099009901,92.90000000000005,1,0.01,52,0.52,100,0.010234612131025642,9137
hnp,sweeping,6,92,0.09803921568627452,92.70000000000007,1,0.01,54,0.54,100,0.01098720482783392,9237
hnp,sweeping,6,93,0.0970873786407767,93.50000000000004,1,0.01,46,0.46,100,0.00791090018581599,9337
hnp,sweeping,6,94,0.09615384615384615,91.30000000000003,2,0.02,49,0.49,100,0.007633662964217365,9437
hnp,sweeping,6,95,0.09523809523809523,96.30000000000005,0,0.0,37,0.37,100,0.008419793248176575,9537
hnp,sweeping,6,96,0.09433962264150944,95.00000000000006,0,0.0,50,0.5,100,0.0077341697888914495,9637
hnp,sweeping,6,97,0.09345794392523366,92.50000000000001,1,0.01,56,0.56,100,0.011777281698305159,9737
hnp,sweeping,6,98,0.09259259259259259,85.80000000000001,5,0.05,46,0.46,100,0.009753222612198442,9837
hnp,sweeping,6,99,0.09174311926605504,92.90000000000003,1,0.01,52,0.52,100,0.006877954786177725,9937
hnp,sweeping,6,100,0.09090909090909091,95.40000000000006,0,0.0,46,0.46,100,0.009421589525882155,10037
hnp,sweeping,6,101,0.0900900900900901,93.10000000000008,1,0.01,50,0.5,100,0.008557237822096796,10137
hnp,sweeping,6,102,0.08928571428571429,93.20000000000005,1,0.01,49,0.49,100,0.007406597950030118,10237
hnp,sweeping,6,103,0.08849557522123894,96.20000000000005,0,0.0,38,0.38,100,0.009475942749995738,10337
hnp,sweeping,6,104,0.08771929824561403,90.30000000000007,3,0.03,40,0.4,100,0.006765359479468316,10437
hnp,sweeping,6,105,0.08695652173913043,89.70000000000003,3,0.03,46,0.46,100,0.009599094686564058,10537
hnp,sweeping,6,106,0.08620689655172414,95.60000000000004,0,0.0,44,0.44,100,0.007246922492049635,10637
hnp,sweeping,6,107,0.08547008547008547,95.80000000000007,0,0.0,42,0.42,100,0.00860893986420706,10737
hnp,sweeping,6,108,0.0847457627118644,95.60000000000004,0,0.0,44,0.44,100,0.009852641755715012,10837
hnp,sweeping,6,109,0.08403361344537814,93.60000000000007,1,0.01,45,0.45,100,0.008777373479679227,10937
hnp,sweeping,6,110,0.08333333333333333,95.10000000000005,0,0.0,49,0.49,100,0.010151764061301947,11037
hnp,sweeping,6,111,0.08264462809917356,95.70000000000006,0,0.0,43,0.43,100,0.009414904159493745,11137
hnp,sweeping,6,112,0.0819672131147541,95.40000000000003,0,0.0,46,0.46,100,0.008053067238070071,11237
hnp,sweeping,6,113,0.08130081300813008,93.10000000000002,1,0.01,50,0.5,100,0.00999809174099937,11337
hnp,sweeping,6,114,0.08064516129032258,96.40000000000003,0,0.0,36,0.36,100,0.010640982016921043,11437
hnp,sweeping,6,115,0.08,95.40000000000008,0,0.0,46,0.46,100,0.007376420351210982,11537
hnp,sweeping,6,116,0.07936507936507936,95.30000000000004,0,0.0,47,0.47,100,0.008468212294392288,11637
hnp,sweeping,6,117,0.07874015748031496,95.10000000000007,0,0.0,49,0.49,100,0.008484475293662398,11737
hnp,sweeping,6,118,0.078125,95.2000000000001,0,0.0,48,0.48,100,0.008048791168257595,11837
hnp,sweeping,6,119,0.07751937984496124,96.00000000000006,0,0.0,40,0.4,100,0.00807701321085915,11937
hnp,sweeping,6,120,0.07692307692307693,92.70000000000007,1,0.01,54,0.54,100,0.009531655989121646,12037
hnp,sweeping,6,121,0.07633587786259542,91.60000000000007,2,0.02,46,0.46,100,0.008982090863864868,12137
hnp,sweeping,6,122,0.07575757575757576,93.10000000000002,1,0.01,50,0.5,100,0.010758058829233051,12237
hnp,sweeping,6,123,0.07518796992481203,91.50000000000006,2,0.02,47,0.47,100,0.009502767093945295,12337
hnp,sweeping,6,124,0.07462686567164178,96.30000000000004,0,0.0,37,0.37,100,0.006991277784109116,12437
hnp,sweeping,6,125,0.07407407407407407,96.50000000000006,0,0.0,35,0.35,100,0.00700904517667368,12537
hnp,sweeping,6,126,0.07352941176470588,94.30000000000007,1,0.01,38,0.38,100,0.005779928425326943,12637
hnp,sweeping,6,127,0.07299270072992702,95.60000000000004,0,0.0,44,0.44,100,0.00704462488880381,12737
hnp,sweeping,6,128,0.07246376811594203,96.90000000000003,0,0.0,31,0.31,100,0.007701417007483542,12837
hnp,sweeping,6,129,0.07194244604316546,93.80000000000007,1,0.01,43,0.43,100,0.008879184627439828,12937
hnp,sweeping,6,130,0.07142857142857142,94.30000000000001,1,0.01,38,0.38,100,0.006616824299562722,13037
hnp,sweeping,6,131,0.07092198581560284,96.10000000000005,0,0.0,39,0.39,100,0.007616929196519778,13137
hnp,sweeping,6,132,0.07042253521126761,94.00000000000003,1,0.01,41,0.41,100,0.0066450377483852205,13237
hnp,sweeping,6,133,0.06993006993006992,89.50000000000007,3,0.03,48,0.48,100,0.007182873678393662,13337
hnp,sweeping,6,134,0.06944444444444445,95.90000000000005,0,0.0,41,0.41,100,0.0071480132732540365,13437
hnp,sweeping,6,135,0.06896551724137931,94.50000000000006,1,0.01,36,0.36,100,0.00696378173539415,13537
hnp,sweeping,6,136,0.0684931506849315,94.20000000000005,1,0.01,39,0.39,100,0.006135610503843054,13637
hnp,sweeping,6,137,0.06802721088435375,95.90000000000003,0,0.0,41,0.41,100,0.008015855345875025,13737
hnp,sweeping,6,138,0.06756756756756756,95.00000000000006,0,0.0,50,0.5,100,0.010024310688022524,13837
hnp,sweeping,6,139,0.06711409395973154,95.30000000000007,0,0.0,47,0.47,100,0.007170380004681647,13937
hnp,sweeping,6,140,0.06666666666666667,95.30000000000004,0,0.0,47,0.47,100,0.007849638073239476,14037
hnp,sweeping,6,141,0.06622516556291391,95.90000000000005,0,0.0,41,0.41,100,0.00768246206222102,14137
hnp,sweeping,6,142,0.06578947368421052,95.40000000000005,0,0.0,46,0.46,100,0.0070691521815024316,14237
hnp,sweeping,6,143,0.06535947712418301,95.90000000000003,0,0.0,41,0.41,100,0.008092158391373233,14337
hnp,sweeping,6,144,0.06493506493506493,91.70000000000003,2,0.02,44,0.44,100,0.007460744981653988,14437
hnp,sweeping,6,145,0.06451612903225806,96.00000000000006,0,0.0,40,0.4,100,0.006893796811345965,14537
hnp,sweeping,6,146,0.06410256410256411,91.30000000000007,2,0.02,49,0.49,100,0.007560197827406228,14637
hnp,sweeping,6,147,0.06369426751592357,96.20000000000005,0,0.0,38,0.38,100,0.00831829518894665,14737
hnp,sweeping,6,148,0.06329113924050632,92.40000000000002,2,0.02,38,0.38,100,0.007386041439604014,14837
hnp,sweeping,6,149,0.06289308176100629,96.10000000000005,0,0.0,39,0.39,100,0.007835006166715175,14937
hnp,sweeping,6,150,0.0625,94.40000000000005,1,0.01,37,0.37,100,0.007989507124293596,15037
hnp,sweeping,6,151,0.06211180124223602,94.90000000000003,1,0.01,32,0.32,100,0.00735859545879066,15137
hnp,sweeping,6,152,0.0617283950617284,95.70000000000003,0,0.0,43,0.43,100,0.0065420955733861775,15237
hnp,sweeping,6,153,0.06134969325153374,96.00000000000004,0,0.0,40,0.4,100,0.006493538594804704,15337
hnp,sweeping,6,154,0.06097560975609757,90.30000000000003,3,0.03,40,0.4,100,0.009196894278284162,15437
hnp,sweeping,6,155,0.06060606060606061,96.60000000000005,0,0.0,34,0.34,100,0.006872120404150337,15537
hnp,sweeping,6,156,0.06024096385542168,93.40000000000006,1,0.01,46,0.46,100,0.0071519160969182845,15637
hnp,sweeping,6,157,0.059880239520958084,93.50000000000003,1,0.01,46,0.46,100,0.006941799346823246,15737
hnp,sweeping,6,158,0.05952380952380952,92.80000000000004,2,0.02,33,0.33,100,0.00641838108189404,15837
hnp,sweeping,6,159,0.0591715976331361,93.70000000000003,1,0.01,44,0.44,100,0.007299699054565281,15937
hnp,sweeping,6,160,0.058823529411764705,93.50000000000006,1,0.01,45,0.45,100,0.008858912917785346,16037
hnp,sweeping,6,161,0.05847953216374269,96.20000000000006,0,0.0,38,0.38,100,0.006690008630976081,16137
hnp,sweeping,6,162,0.05813953488372093,96.00000000000006,0,0.0,40,0.4,100,0.006273644083412364,16237
hnp,sweeping,6,163,0.057803468208092484,90.10000000000005,3,0.03,42,0.42,100,0.005856945021077991,16337
hnp,sweeping,6,164,0.0574712643678161,95.90000000000005,0,0.0,41,0.41,100,0.007877807400655001,16437
hnp,sweeping,6,165,0.05714285714285714,96.70000000000002,0,0.0,33,0.33,100,0.008280516916420311,16537
hnp,sweeping,6,166,0.056818181818181816,96.30000000000004,0,0.0,37,0.37,100,0.00898385259322822,16637
hnp,sweeping,6,167,0.05649717514124294,94.60000000000002,1,0.01,35,0.35,100,0.006692401184700429,16737
hnp,sweeping,6,168,0.056179775280898875,93.90000000000006,1,0.01,42,0.42,100,0.007267832229845225,16837
hnp,sweeping,6,169,0.0558659217877095,90.10000000000005,3,0.03,41,0.41,100,0.0075951084704138335,16937
hnp,sweeping,6,170,0.05555555555555555,92.10000000000005,2,0.02,41,0.41,100,0.006255516137462109,17037
hnp,sweeping,6,171,0.055248618784530384,96.10000000000005,0,0.0,39,0.39,100,0.0065229184133932,17137
hnp,sweeping,6,172,0.054945054945054944,96.10000000000004,0,0.0,39,0.39,100,0.007629644552944228,17237
hnp,sweeping,6,173,0.0546448087431694,94.30000000000004,1,0.01,38,0.38,100,0.005798564341384918,17337
hnp,sweeping,6,174,0.05434782608695653,94.20000000000002,1,0.01,38,0.38,100,0.006648925894405693,17437
hnp,sweeping,6,175,0.05405405405405406,95.70000000000005,0,0.0,43,0.43,100,0.006960890186019242,17537
hnp,sweeping,6,176,0.05376344086021505,95.40000000000006,0,0.0,46,0.46,100,0.004506861930713058,17637
hnp,sweeping,6,177,0.053475935828877004,93.90000000000006,1,0.01,42,0.42,100,0.006213716912316159,17737
hnp,sweeping,6,178,0.05319148936170213,93.90000000000003,1,0.01,42,0.42,100,0.007366946099791676,17837
hnp,sweeping,6,179,0.052910052910052914,91.40000000000003,2,0.02,48,0.48,100,0.006305776068475097,17937
hnp,sweeping,6,180,0.05263157894736842,95.30000000000004,0,0.0,47,0.47,100,0.00998756219400093,18037
hnp,sweeping,6,181,0.05235602094240837,94.30000000000007,1,0.01,38,0.38,100,0.006119863523636014,18137
hnp,sweeping,6,182,0.052083333333333336,95.80000000000005,0,0.0,42,0.42,100,0.00603466440923512,18237
hnp,sweeping,6,183,0.05181347150259067,95.90000000000006,0,0.0,41,0.41,100,0.006890048875939101,18337
hnp,sweeping,6,184,0.051546391752577324,94.00000000000007,1,0.01,41,0.41,100,0.006921568471007049,18437
hnp,sweeping,6,185,0.05128205128205128,94.20000000000005,1,0.01,39,0.39,100,0.005466346181929111,18537
hnp,sweeping,6,186,0.0510204081632653,92.60000000000004,2,0.02,35,0.35,100,0.006448235348798335,18637
hnp,sweeping,6,187,0.050761421319796954,96.50000000000006,0,0.0,35,0.35,100,0.006640927599510178,18737
hnp,sweeping,6,188,0.050505050505050504,96.30000000000004,0,0.0,37,0.37,100,0.006076839761808514,18837
hnp,sweeping,6,189,0.05025125628140704,96.00000000000009,0,0.0,40,0.4,100,0.007643933636136353,18937
hnp,sweeping,6,190,0.05,94.20000000000005,1,0.01,39,0.39,100,0.007296874960884452,19037
hnp,sweeping,6,191,0.04975124378109452,96.40000000000006,0,0.0,36,0.36,100,0.00561062537948601,19137
hnp,sweeping,6,192,0.04950495049504951,96.60000000000004,0,0.0,34,0.34,100,0.006337014259770513,19237
hnp,sweeping,6,193,0.04926108374384236,96.30000000000003,0,0.0,37,0.37,100,0.008766964056994765,19337
hnp,sweeping,6,194,0.04901960784313726,96.20000000000005,0,0.0,38,0.38,100,0.005389684173278511,19437
hnp,sweeping,6,195,0.04878048780487805,96.80000000000004,0,0.0,32,0.32,100,0.005564281449187547,19537
hnp,sweeping,6,196,0.04854368932038835,95.80000000000005,0,0.0,42,0.42,100,0.007531229658052325,19637
hnp,sweeping,6,197,0.04830917874396135,96.00000000000006,0,0.0,40,0.4,100,0.007822861552704126,19737
hnp,sweeping,6,198,0.04807692307692307,95.10000000000002,1,0.01,30,0.3,100,0.005647421196335926,19837
hnp,sweeping,6,199,0.04784688995215311,94.40000000000003,1,0.01,37,0.37,100,0.0056761163892224435,19937
hnp,sweeping,7,0,1.0,64.39999999999993,14,0.14,88,0.88,100,0.1928927416132914,37
hnp,sweeping,7,1,0.9090909090909091,81.70000000000005,5,0.05,88,0.88,100,0.050852619148790836,137
hnp,sweeping,7,2,0.8333333333333334,74.5,9,0.09,84,0.84,100,0.028435187106952073,237
hnp,sweeping,7,3,0.7692307692307692,70.19999999999996,11,0.11,85,0.85,100,0.015473929448053241,337
hnp,sweeping,7,4,0.7142857142857143,79.30000000000004,6,0.06,92,0.92,100,0.008402318716980517,437
hnp,sweeping,7,5,0.6666666666666666,74.39999999999998,9,0.09,85,0.85,100,0.00828909314237535,537
hnp,sweeping,7,6,0.625,83.60000000000004,4,0.04,87,0.87,100,0.005037835501134395,637
hnp,sweeping,7,7,0.5882352941176471,82.60000000000005,5,0.05,79,0.79,100,0.005374714625068009,737
hnp,sweeping,7,8,0.5555555555555556,66.79999999999994,13,0.13,85,0.85,100,0.004384359929244966,837
hnp,sweeping,7,9,0.5263157894736842,78.79999999999998,7,0.07,79,0.79,100,0.004211301199393347,937
hnp,sweeping,7,10,0.5,79.20000000000003,7,0.07,73,0.73,100,0.004261437172535807,1037
hnp,sweeping,7,11,0.47619047619047616,80.70000000000002,6,0.06,79,0.79,100,0.004883357922080904,1137
hnp,sweeping,7,12,0.45454545454545453,83.70000000000002,5,0.05,68,0.68,100,0.005516800961922854,1237
hnp,sweeping,7,13,0.4347826086956522,83.10000000000002,5,0.05,74,0.74,100,0.006471109131816775,1337
hnp,sweeping,7,14,0.4166666666666667,83.20000000000005,5,0.05,73,0.73,100,0.007196871074847877,1437
hnp,sweeping,7,15,0.4,83.40000000000006,5,0.05,70,0.7,100,0.009987506207544357,1537
hnp,sweeping,7,16,0.3846153846153846,79.1,7,0.07,75,0.75,100,0.008454745123162865,1637
hnp,sweeping,7,17,0.37037037037037035,81.30000000000007,6,0.06,72,0.72,100,0.007965872492641211,1737
hnp,sweeping,7,18,0.35714285714285715,88.60000000000004,3,0.03,57,0.57,100,0.008033042531460524,1837
hnp,sweeping,7,19,0.3448275862068966,90.60000000000007,1,0.01,75,0.75,100,0.008610224544536322,1937
hnp,sweeping,7,20,0.3333333333333333,87.10000000000008,3,0.03,72,0.72,100,0.008443819424137473,2037
hnp,sweeping,7,21,0.3225806451612903,85.20000000000005,4,0.04,71,0.71,100,0.007926555767189711,2137
hnp,sweeping,7,22,0.3125,87.10000000000004,3,0.03,72,0.72,100,0.008116367741022259,2237
hnp,sweeping,7,23,0.30303030303030304,85.30000000000007,4,0.04,70,0.7,100,0.008061643219552933,2337
hnp,sweeping,7,24,0.29411764705882354,81.90000000000005,6,0.06,67,0.67,100,0.008168515677098184,2437
hnp,sweeping,7,25,0.2857142857142857,88.00000000000006,3,0.03,63,0.63,100,0.007582907755859196,2537
hnp,sweeping,7,26,0.2777777777777778,81.50000000000003,6,0.06,71,0.71,100,0.006734631881117821,2637
hnp,sweeping,7,27,0.27027027027027023,82.00000000000003,6,0.06,66,0.66,100,0.008751283495221286,2737
hnp,sweeping,7,28,0.2631578947368421,82.60000000000004,6,0.06,58,0.58,100,0.008331019629258663,2837
hnp,sweeping,7,29,0.25641025641025644,85.90000000000005,4,0.04,64,0.64,100,0.007259481826331467,2937
hnp,sweeping,7,30,0.25,84.50000000000003,5,0.05,59,0.59,100,0.008845673289615661,3037
hnp,sweeping,7,31,0.24390243902439027,90.30000000000008,2,0.02,58,0.58,100,0.009984632120467723,3137
hnp,sweeping,7,32,0.23809523809523808,86.40000000000003,4,0.04,59,0.59,100,0.006858691247180105,3237
hnp,sweeping,7,33,0.23255813953488372,87.90000000000005,3,0.03,63,0.63,100,0.007416361877694726,3337
hnp,sweeping,7,34,0.22727272727272727,83.80000000000004,5,0.05,65,0.65,100,0.007519683975260705,3437
hnp,sweeping,7,35,0.2222222222222222,92.10000000000007,1,0.01,60,0.6,100,0.007893048203550279,3537
hnp,sweeping,7,36,0.2173913043478261,89.00000000000004,3,0.03,53,0.53,100,0.008479247731156648,3637
hnp,sweeping,7,37,0.2127659574468085,90.10000000000005,2,0.02,61,0.61,100,0.009747115161735565,3737
hnp,sweeping,7,38,0.20833333333333334,93.80000000000005,0,0.0,62,0.62,100,0.008035186410415918,3837
hnp,sweeping,7,39,0.2040816326530612,88.90000000000003,3,0.03,54,0.54,100,0.006833721878938377,3937
hnp,sweeping,7,40,0.2,90.70000000000005,2,0.02,54,0.54,100,0.00785600425908342,4037
hnp,sweeping,7,41,0.19607843137254904,89.10000000000004,3,0.03,52,0.52,100,0.007795475192833692,4137
hnp,sweeping,7,42,0.1923076923076923,90.60000000000007,2,0.02,56,0.56,100,0.009401356740854681,4237
hnp,sweeping,7,43,0.18867924528301888,92.60000000000008,1,0.01,55,0.55,100,0.009592079035937786,4337
hnp,sweeping,7,44,0.18518518518518517,92.60000000000005,1,0.01,55,0.55,100,0.007034808590542525,4437
hnp,sweeping,7,45,0.18181818181818182,88.10000000000008,3,0.03,62,0.62,100,0.0076148479082621635,4537
hnp,sweeping,7,46,0.17857142857142858,88.50000000000007,3,0.03,58,0.58,100,0.00976539878640324,4637
hnp,sweeping,7,47,0.17543859649122806,88.40000000000003,3,0.03,59,0.59,100,0.007743151180911809,4737
hnp,sweeping,7,48,0.1724137931034483,93.70000000000006,0,0.0,63,0.63,100,0.008542815949767827,4837
hnp,sweeping,7,49,0.1694915254237288,94.50000000000007,0,0.0,55,0.55,100,0.009749556104652583,4937
hnp,sweeping,7,50,0.16666666666666666,87.00000000000006,4,0.04,54,0.54,100,0.009573136365506798,5037
hnp,sweeping,7,51,0.1639344262295082,88.90000000000002,3,0.03,54,0.54,100,0.007894909649621695,5137
hnp,sweeping,7,52,0.16129032258064516,87.70000000000003,3,0.03,66,0.66,100,0.009374028181191534,5237
hnp,sweeping,7,53,0.15873015873015872,90.20000000000005,2,0.02,60,0.6,100,0.010436012067366392,5337
hnp,sweeping,7,54,0.15625,87.10000000000002,4,0.04,53,0.53,100,0.010085065599996597,5437
hnp,sweeping,7,55,0.15384615384615385,89.40000000000005,3,0.03,49,0.49,100,0.008170326894614846,5537
hnp,sweeping,7,56,0.15151515151515152,91.00000000000004,2,0.02,51,0.51,100,0.009414458291139453,5637
hnp,sweeping,7,57,0.14925373134328357,91.00000000000006,2,0.02,52,0.52,100,0.009900218725670129,5737
hnp,sweeping,7,58,0.14705882352941177,95.20000000000005,0,0.0,48,0.48,100,0.01011644308688119,5837
hnp,sweeping,7,59,0.14492753623188406,92.90000000000009,1,0.01,52,0.52,100,0.008146416370291263,5937
hnp,sweeping,7,60,0.14285714285714285,90.70000000000003,2,0.02,55,0.55,100,0.007943280974868685,6037
hnp,sweeping,7,61,0.14084507042253522,88.40000000000005,3,0.03,59,0.59,100,0.009814762515015901,6137
hnp,sweeping,7,62,0.1388888888888889,94.00000000000006,0,0.0,60,0.6,100,0.0074571691593155265,6237
hnp,sweeping,7,63,0.136986301369863,90.10000000000011,2,0.02,61,0.61,100,0.008202733565121889,6337
hnp,sweeping,7,64,0.13513513513513511,91.00000000000004,2,0.02,52,0.52,100,0.008326289474498481,6437
hnp,sweeping,7,65,0.13333333333333333,91.60000000000007,2,0.02,46,0.46,100,0.007224753519985825,6537
hnp,sweeping,7,66,0.13157894736842105,91.60000000000002,2,0.02,46,0.46,100,0.007320890093687922,6637
hnp,sweeping,7,67,0.12987012987012986,92.90000000000003,1,0.01,52,0.52,100,0.008988538912963123,6737
hnp,sweeping,7,68,0.12820512820512822,93.60000000000008,0,0.0,64,0.64,100,0.00988039412535727,6837
hnp,sweeping,7,69,0.12658227848101264,93.20000000000007,1,0.01,49,0.49,100,0.008448553548660129,6937
hnp,sweeping,7,70,0.125,91.70000000000005,2,0.02,45,0.45,100,0.007427470711991191,7037
hnp,sweeping,7,71,0.1234567901234568,90.70000000000005,2,0.02,54,0.54,100,0.00854337540222332,7137
hnp,sweeping,7,72,0.12195121951219513,91.70000000000007,1,0.01,64,0.64,100,0.009263914255425333,7237
hnp,sweeping,7,73,0.12048192771084336,95.50000000000003,0,0.0,45,0.45,100,0.00752051412127912,7337
hnp,sweeping,7,74,0.11904761904761904,91.10000000000007,2,0.02,51,0.51,100,0.010535783439408988,7437
hnp,sweeping,7,75,0.11764705882352941,93.80000000000005,1,0.01,43,0.43,100,0.008868337366729975,7537
hnp,sweeping,7,76,0.11627906976744186,88.70000000000003,3,0.03,56,0.56,100,0.007462943501304835,7637
hnp,sweeping,7,77,0.1149425287356322,85.90000000000002,5,0.05,46,0.46,100,0.007261276552453637,7737
hnp,sweeping,7,78,0.11363636363636363,92.10000000000007,1,0.01,59,0.59,100,0.007838266061153263,7837
hnp,sweeping,7,79,0.11235955056179775,95.00000000000006,0,0.0,50,0.5,100,0.007552167596295476,7937
hnp,sweeping,7,80,0.1111111111111111,93.60000000000004,1,0.01,45,0.45,100,0.007656992855481803,8037
hnp,sweeping,7,81,0.10989010989010989,94.50000000000004,1,0.01,36,0.36,100,0.009585569242481141,8137
hnp,sweeping,7,82,0.10869565217391305,90.90000000000005,2,0.02,53,0.53,100,0.00934196549700573,8237
hnp,sweeping,7,83,0.1075268817204301,90.80000000000001,2,0.02,54,0.54,100,0.009412576975300908,8337
hnp,sweeping,7,84,0.10638297872340426,92.10000000000004,1,0.01,60,0.6,100,0.00848189994925633,8437
hnp,sweeping,7,85,0.10526315789473684,91.30000000000004,2,0.02,49,0.49,100,0.007087280976120383,8537
hnp,sweeping,7,86,0.10416666666666667,93.00000000000006,1,0.01,51,0.51,100,0.00790723032085225,8637
hnp,sweeping,7,87,0.10309278350515465,93.50000000000003,1,0.01,46,0.46,100,0.009092836766503751,8737
hnp,sweeping,7,88,0.1020408163265306,94.10000000000005,1,0.01,40,0.4,100,0.007935795187950134,8837
hnp,sweeping,7,89,0.10101010101010101,91.20000000000006,2,0.02,50,0.5,100,0.011739348080009222,8937
hnp,sweeping,7,90,0.1,95.20000000000007,0,0.0,48,0.48,100,0.008982496347744017,9037
hnp,sweeping,7,91,0.09900990099009901,95.30000000000008,0,0.0,47,0.47,100,0.00852700058137998,9137
hnp,sweeping,7,92,0.09803921568627452,90.00000000000001,3,0.03,43,0.43,100,0.00678169968072325,9237
hnp,sweeping,7,93,0.0970873786407767,87.00000000000006,4,0.04,53,0.53,100,0.009318404356017709,9337
hnp,sweeping,7,94,0.09615384615384615,93.10000000000005,1,0.01,50,0.5,100,0.01053949321154505,9437
hnp,sweeping,7,95,0.09523809523809523,95.30000000000007,0,0.0,47,0.47,100,0.009289852923247964,9537
hnp,sweeping,7,96,0.09433962264150944,93.80000000000007,1,0.01,43,0.43,100,0.006838807656895369,9637
hnp,sweeping,7,97,0.09345794392523366,94.90000000000008,0,0.0,51,0.51,100,0.008093920026440174,9737
hnp,sweeping,7,98,0.09259259259259259,93.80000000000008,1,0.01,43,0.43,100,0.008050244613550604,9837
hnp,sweeping,7,99,0.09174311926605504,93.00000000000004,1,0.01,51,0.51,100,0.010812466663774103,9937
hnp,sweeping,7,100,0.09090909090909091,90.80000000000004,2,0.02,53,0.53,100,0.008752371666487306,10037
hnp,sweeping,7,101,0.0900900900900901,89.50000000000006,3,0.03,48,0.48,100,0.008485311220865696,10137
hnp,sweeping,7,102,0.08928571428571429,93.10000000000007,1,0.01,50,0.5,100,0.008675196133553982,10237
hnp,sweeping,7,103,0.08849557522123894,95.70000000000007,0,0.0,43,0.43,100,0.00809896576218307,10337
hnp,sweeping,7,104,0.08771929824561403,96.10000000000005,0,0.0,39,0.39,100,0.008050795195158571,10437
hnp,sweeping,7,105,0.08695652173913043,91.60000000000005,2,0.02,46,0.46,100,0.008410666882991791,10537
hnp,sweeping,7,106,0.08620689655172414,95.10000000000008,0,0.0,49,0.49,100,0.008473818600177764,10637
hnp,sweeping,7,107,0.08547008547008547,93.00000000000004,1,0.01,51,0.51,100,0.009359135497361422,10737
hnp,sweeping,7,108,0.0847457627118644,94.00000000000004,1,0.01,41,0.41,100,0.009189759371802211,10837
hnp,sweeping,7,109,0.08403361344537814,96.10000000000007,0,0.0,39,0.39,100,0.00890470820479095,10937
hnp,sweeping,7,110,0.08333333333333333,95.50000000000007,0,0.0,45,0.45,100,0.008977103065699338,11037
hnp,sweeping,7,111,0.08264462809917356,92.1000000000001,1,0.01,59,0.59,100,0.008860008125193417,11137
hnp,sweeping,7,112,0.0819672131147541,94.50000000000004,1,0.01,36,0.36,100,0.008038460330571979,11237
hnp,sweeping,7,113,0.08130081300813008,91.50000000000001,2,0.02,46,0.46,100,0.007803299080114812,11337
hnp,sweeping,7,114,0.08064516129032258,96.20000000000005,0,0.0,38,0.38,100,0.008572430920321495,11437
hnp,sweeping,7,115,0.08,90.50000000000004,3,0.03,38,0.38,100,0.007487354534678161,11537
hnp,sweeping,7,116,0.07936507936507936,93.40000000000005,1,0.01,47,0.47,100,0.007047112863510847,11637
hnp,sweeping,7,117,0.07874015748031496,91.40000000000005,2,0.02,48,0.48,100,0.008438861768227071,11737
hnp,sweeping,7,118,0.078125,96.00000000000003,0,0.0,40,0.4,100,0.007708622748032213,11837
hnp,sweeping,7,119,0.07751937984496124,93.50000000000006,1,0.01,46,0.46,100,0.007236060260329396,11937
hnp,sweeping,7,120,0.07692307692307693,94.50000000000003,1,0.01,36,0.36,100,0.007341327825561166,12037
hnp,sweeping,7,121,0.07633587786259542,93.70000000000005,1,0.01,44,0.44,100,0.008281901681330054,12137
hnp,sweeping,7,122,0.07575757575757576,93.60000000000008,1,0.01,45,0.45,100,0.009411400281824172,12237
hnp,sweeping,7,123,0.07518796992481203,94.30000000000003,1,0.01,38,0.38,100,0.006829328530002386,12337
hnp,sweeping,7,124,0.07462686567164178,96.10000000000002,0,0.0,39,0.39,100,0.0073890027194283905,12437
hnp,sweeping,7,125,0.07407407407407407,91.80000000000005,2,0.02,43,0.43,100,0.007183003274258226,12537
hnp,sweeping,7,126,0.07352941176470588,93.1000000000001,1,0.01,50,0.5,100,0.008200341984629631,12637
hnp,sweeping,7,127,0.07299270072992702,94.10000000000004,1,0.01,40,0.4,100,0.007424708872567862,12737
hnp,sweeping,7,128,0.07246376811594203,94.40000000000006,0,0.0,56,0.56,100,0.00958752369042486,12837
hnp,sweeping,7,129,0.07194244604316546,96.00000000000004,0,0.0,40,0.4,100,0.008234378793276846,12937
hnp,sweeping,7,130,0.07142857142857142,92.30000000000007,2,0.02,39,0.39,100,0.006150939546059817,13037
hnp,sweeping,7,131,0.07092198581560284,88.10000000000004,4,0.04,42,0.42,100,0.007996417840477079,13137
hnp,sweeping,7,132,0.07042253521126761,93.40000000000006,1,0.01,47,0.47,100,0.0077454297058284285,13237
hnp,sweeping,7,133,0.06993006993006992,93.80000000000004,1,0.01,43,0.43,100,0.008052094639278948,13337
hnp,sweeping,7,134,0.06944444444444445,96.00000000000003,0,0.0,40,0.4,100,0.006144136311486363,13437
hnp,sweeping,7,135,0.06896551724137931,95.70000000000006,0,0.0,43,0.43,100,0.007163675236515701,13537
hnp,sweeping,7,136,0.0684931506849315,93.90000000000006,1,0.01,42,0.42,100,0.007260727286338806,13637
hnp,sweeping,7,137,0.06802721088435375,95.50000000000001,0,0.0,45,0.45,100,0.006837333915755152,13737
hnp,sweeping,7,138,0.06756756756756756,95.00000000000006,0,0.0,50,0.5,100,0.008523915223777294,13837
hnp,sweeping,7,139,0.06711409395973154,96.40000000000005,0,0.0,36,0.36,100,0.0077621076442301274,13937
hnp,sweeping,7,140,0.06666666666666667,96.10000000000007,0,0.0,39,0.39,100,0.004896333137294278,14037
hnp,sweeping,7,141,0.06622516556291391,94.50000000000003,1,0.01,36,0.36,100,0.006811866671778261,14137
hnp,sweeping,7,142,0.06578947368421052,95.80000000000007,0,0.0,42,0.42,100,0.005858195637119934,14237
hnp,sweeping,7,143,0.06535947712418301,93.80000000000004,1,0.01,43,0.43,100,0.009088843297213316,14337
hnp,sweeping,7,144,0.06493506493506493,95.60000000000007,0,0.0,44,0.44,100,0.006326293712481857,14437
hnp,sweeping,7,145,0.06451612903225806,92.20000000000005,2,0.02,39,0.39,100,0.007742769306059927,14537
hnp,sweeping,7,146,0.06410256410256411,95.90000000000005,0,0.0,41,0.41,100,0.00717537181219086,14637
hnp,sweeping,7,147,0.06369426751592357,95.40000000000006,0,0.0,46,0.46,100,0.005880412121769041,14737
hnp,sweeping,7,148,0.06329113924050632,94.10000000000007,1,0.01,40,0.4,100,0.0058664158650208265,14837
hnp,sweeping,7,149,0.06289308176100629,96.20000000000003,0,0.0,38,0.38,100,0.008413963641505689,14937
hnp,sweeping,7,150,0.0625,93.60000000000005,1,0.01,44,0.44,100,0.007747251687105745,15037
hnp,sweeping,7,151,0.06211180124223602,96.40000000000006,0,0.0,36,0.36,100,0.008139425858389586,15137
hnp,sweeping,7,152,0.0617283950617284,91.90000000000005,2,0.02,43,0.43,100,0.009418303887359798,15237
hnp,sweeping,7,153,0.06134969325153374,93.90000000000003,1,0.01,42,0.42,100,0.00790532493032515,15337
hnp,sweeping,7,154,0.06097560975609757,96.00000000000004,0,0.0,40,0.4,100,0.008430917744990439,15437
hnp,sweeping,7,155,0.06060606060606061,93.90000000000003,1,0.01,42,0.42,100,0.0075703840237110855,15537
hnp,sweeping,7,156,0.06024096385542168,93.70000000000005,1,0.01,44,0.44,100,0.007413971652276814,15637
hnp,sweeping,7,157,0.059880239520958084,95.5000000000001,0,0.0,45,0.45,100,0.00656098487204872,15737
hnp,sweeping,7,158,0.05952380952380952,95.80000000000005,0,0.0,42,0.42,100,0.006462710504420102,15837
hnp,sweeping,7,159,0.0591715976331361,93.60000000000004,1,0.01,45,0.45,100,0.005993193013127893,15937
hnp,sweeping,7,160,0.058823529411764705,96.00000000000007,0,0.0,40,0.4,100,0.007419813028536737,16037
hnp,sweeping,7,161,0.05847953216374269,95.70000000000007,0,0.0,43,0.43,100,0.007313603814691305,16137
hnp,sweeping,7,162,0.05813953488372093,92.50000000000003,2,0.02,36,0.36,100,0.006405345781240612,16237
hnp,sweeping,7,163,0.057803468208092484,96.20000000000005,0,0.0,38,0.38,100,0.007817865065298975,16337
hnp,sweeping,7,164,0.0574712643678161,92.80000000000003,2,0.02,34,0.34,100,0.010297710250597447,16437
hnp,sweeping,7,165,0.05714285714285714,93.80000000000007,1,0.01,43,0.43,100,0.00759013031842187,16537
hnp,sweeping,7,166,0.056818181818181816,95.60000000000002,0,0.0,44,0.44,100,0.0066248118691146374,16637
hnp,sweeping,7,167,0.05649717514124294,93.30000000000005,1,0.01,48,0.48,100,0.008122509017121048,16737
hnp,sweeping,7,168,0.056179775280898875,96.30000000000007,0,0.0,37,0.37,100,0.006725207548588514,16837
hnp,sweeping,7,169,0.0558659217877095,93.70000000000005,1,0.01,44,0.44,100,0.007190300819929689,16937
hnp,sweeping,7,170,0.05555555555555555,93.50000000000004,1,0.01,46,0.46,100,0.01085539213847369,17037
hnp,sweeping,7,171,0.055248618784530384,94.10000000000004,1,0.01,40,0.4,100,0.006873444349039346,17137
hnp,sweeping,7,172,0.054945054945054944,90.00000000000003,3,0.03,43,0.43,100,0.007534067367669195,17237
hnp,sweeping,7,173,0.0546448087431694,96.50000000000004,0,0.0,35,0.35,100,0.007662258113268763,17337
hnp,sweeping,7,174,0.05434782608695653,95.60000000000005,0,0.0,44,0.44,100,0.008598705055192113,17437
hnp,sweeping,7,175,0.05405405405405406,96.50000000000006,0,0.0,35,0.35,100,0.007828603769885376,17537
hnp,sweeping,7,176,0.05376344086021505,94.40000000000003,1,0.01,37,0.37,100,0.008097340846434235,17637
hnp,sweeping,7,177,0.053475935828877004,95.80000000000008,0,0.0,42,0.42,100,0.00744018407072872,17737
hnp,sweeping,7,178,0.05319148936170213,95.30000000000007,0,0.0,47,0.47,100,0.007438022850546986,17837
hnp,sweeping,7,179,0.052910052910052914,94.60000000000002,1,0.01,35,0.35,100,0.007563566495664417,17937
hnp,sweeping,7,180,0.05263157894736842,94.80000000000003,1,0.01,33,0.33,100,0.006453057788312435,18037
hnp,sweeping,7,181,0.05235602094240837,94.30000000000004,1,0.01,38,0.38,100,0.008182085999287665,18137
hnp,sweeping,7,182,0.052083333333333336,93.30000000000005,1,0.01,48,0.48,100,0.008052162560634315,18237
hnp,sweeping,7,183,0.05181347150259067,94.40000000000006,1,0.01,37,0.37,100,0.007021267437376082,18337
hnp,sweeping,7,184,0.051546391752577324,93.90000000000003,1,0.01,42,0.42,100,0.008226894072722644,18437
hnp,sweeping,7,185,0.05128205128205128,95.70000000000006,0,0.0,43,0.43,100,0.006611500110011548,18537
hnp,sweeping,7,186,0.0510204081632653,96.30000000000004,0,0.0,37,0.37,100,0.006466851998120546,18637
hnp,sweeping,7,187,0.050761421319796954,97.20000000000005,0,0.0,28,0.28,100,0.004690102835884318,18737
hnp,sweeping,7,188,0.050505050505050504,95.80000000000004,0,0.0,42,0.42,100,0.006106093459529802,18837
hnp,sweeping,7,189,0.05025125628140704,94.60000000000005,1,0.01,35,0.35,100,0.006610620904248208,18937
hnp,sweeping,7,190,0.05,93.60000000000004,1,0.01,45,0.45,100,0.008727926425635815,19037
hnp,sweeping,7,191,0.04975124378109452,94.20000000000005,1,0.01,39,0.39,100,0.007807513407897204,19137
hnp,sweeping,7,192,0.04950495049504951,94.20000000000005,1,0.01,38,0.38,100,0.005487109414534643,19237
hnp,sweeping,7,193,0.04926108374384236,90.00000000000004,3,0.03,43,0.43,100,0.007871972820721567,19337
hnp,sweeping,7,194,0.04901960784313726,94.60000000000005,1,0.01,35,0.35,100,0.005744884505402297,19437
hnp,sweeping,7,195,0.04878048780487805,92.10000000000004,2,0.02,41,0.41,100,0.006188906338065863,19537
hnp,sweeping,7,196,0.04854368932038835,95.80000000000004,0,0.0,42,0.42,100,0.007247221230063588,19637
hnp,sweeping,7,197,0.04830917874396135,95.60000000000005,0,0.0,44,0.44,100,0.006021632563788444,19737
hnp,sweeping,7,198,0.04807692307692307,94.40000000000002,1,0.01,37,0.37,100,0.007141426596790552,19837
hnp,sweeping,7,199,0.04784688995215311,92.20000000000003,2,0.02,40,0.4,100,0.0062166903121396895,19937
hnp,sweeping,8,0,1.0,78.10000000000001,7,0.07,84,0.84,100,0.1298316312651779,37
hnp,sweeping,8,1,0.9090909090909091,76.70000000000002,8,0.08,81,0.81,100,0.028457707865163683,137
hnp,sweeping,8,2,0.8333333333333334,73.89999999999998,9,0.09,89,0.89,100,0.027639219397678973,237
hnp,sweeping,8,3,0.7692307692307692,72.2,10,0.1,85,0.85,100,0.0159896371467039,337
hnp,sweeping,8,4,0.7142857142857143,76.30000000000001,8,0.08,84,0.84,100,0.012426061904989183,437
hnp,sweeping,8,5,0.6666666666666666,82.30000000000004,5,0.05,82,0.82,100,0.008310676685068756,537
hnp,sweeping,8,6,0.625,74.10000000000001,9,0.09,84,0.84,100,0.005615082178264856,637
hnp,sweeping,8,7,0.5882352941176471,90.40000000000009,1,0.01,77,0.77,100,0.004843846445437521,737
hnp,sweeping,8,8,0.5555555555555556,84.10000000000002,4,0.04,81,0.81,100,0.0056571262772195045,837
hnp,sweeping,8,9,0.5263157894736842,82.50000000000004,5,0.05,78,0.78,100,0.00452814202522859,937
hnp,sweeping,8,10,0.5,78.70000000000003,7,0.07,80,0.8,100,0.0047102600452490154,1037
hnp,sweeping,8,11,0.47619047619047616,81.60000000000005,5,0.05,86,0.86,100,0.004267139887670055,1137
hnp,sweeping,8,12,0.45454545454545453,77.5,8,0.08,73,0.73,100,0.00557618202874437,1237
hnp,sweeping,8,13,0.4347826086956522,77.3,8,0.08,74,0.74,100,0.0056355883518699555,1337
hnp,sweeping,8,14,0.4166666666666667,83.40000000000005,5,0.05,71,0.71,100,0.006684566417243331,1437
hnp,sweeping,8,15,0.4,87.10000000000005,3,0.03,72,0.72,100,0.004770197304897011,1537
hnp,sweeping,8,16,0.3846153846153846,75.9,9,0.09,68,0.68,100,0.008107891445979476,1637
hnp,sweeping,8,17,0.37037037037037035,74.70000000000002,9,0.09,82,0.82,100,0.00618799967225641,1737
hnp,sweeping,8,18,0.35714285714285715,83.40000000000003,5,0.05,71,0.71,100,0.004220966340508312,1837
hnp,sweeping,8,19,0.3448275862068966,77.7,8,0.08,70,0.7,100,0.006831221696920693,1937
hnp,sweeping,8,20,0.3333333333333333,83.20000000000007,5,0.05,73,0.73,100,0.006736694215796888,2037
hnp,sweeping,8,21,0.3225806451612903,89.70000000000006,2,0.02,64,0.64,100,0.006573705803602934,2137
hnp,sweeping,8,22,0.3125,81.90000000000002,6,0.06,67,0.67,100,0.006364784815814346,2237
hnp,sweeping,8,23,0.30303030303030304,85.50000000000007,4,0.04,69,0.69,100,0.005533421179279685,2337
hnp,sweeping,8,24,0.29411764705882354,85.80000000000007,4,0.04,66,0.66,100,0.006659495490603149,2437
hnp,sweeping,8,25,0.2857142857142857,89.30000000000005,2,0.02,69,0.69,100,0.007191883800551295,2537
hnp,sweeping,8,26,0.2777777777777778,88.50000000000004,3,0.03,58,0.58,100,0.006965153589844703,2637
hnp,sweeping,8,27,0.27027027027027023,88.50000000000004,3,0.03,57,0.57,100,0.007876615691930055,2737
hnp,sweeping,8,28,0.2631578947368421,90.40000000000006,2,0.02,58,0.58,100,0.006608825905714184,2837
hnp,sweeping,8,29,0.25641025641025644,89.50000000000003,2,0.02,66,0.66,100,0.007522188189905137,2937
hnp,sweeping,8,30,0.25,89.90000000000003,2,0.02,63,0.63,100,0.005702996682375669,3037
hnp,sweeping,8,31,0.24390243902439027,91.50000000000004,1,0.01,66,0.66,100,0.007263226690702141,3137
hnp,sweeping,8,32,0.23809523809523808,84.90000000000003,5,0.05,56,0.56,100,0.006826153136789799,3237
hnp,sweeping,8,33,0.23255813953488372,84.30000000000005,5,0.05,62,0.62,100,0.008712120531126856,3337
hnp,sweeping,8,34,0.22727272727272727,90.30000000000004,2,0.02,59,0.59,100,0.00809454038972035,3437
hnp,sweeping,8,35,0.2222222222222222,93.90000000000006,0,0.0,61,0.61,100,0.008387437902856619,3537
hnp,sweeping,8,36,0.2173913043478261,92.80000000000004,1,0.01,53,0.53,100,0.006617940382566303,3637
hnp,sweeping,8,37,0.2127659574468085,88.50000000000006,3,0.03,58,0.58,100,0.006546792886219919,3737
hnp,sweeping,8,38,0.20833333333333334,90.00000000000004,2,0.02,62,0.62,100,0.00974631599150598,3837
hnp,sweeping,8,39,0.2040816326530612,88.80000000000003,3,0.03,54,0.54,100,0.007102127310354263,3937
hnp,sweeping,8,40,0.2,89.30000000000004,3,0.03,49,0.49,100,0.007141475041862577,4037
hnp,sweeping,8,41,0.19607843137254904,86.30000000000003,4,0.04,61,0.61,100,0.007526376124005764,4137
hnp,sweeping,8,42,0.1923076923076923,88.40000000000005,3,0.03,59,0.59,100,0.008348108700010926,4237
hnp,sweeping,8,43,0.18867924528301888,89.00000000000003,3,0.03,53,0.53,100,0.008946638051420451,4337
hnp,sweeping,8,44,0.18518518518518517,89.70000000000007,2,0.02,64,0.64,100,0.010250880985986442,4437
hnp,sweeping,8,45,0.18181818181818182,94.40000000000009,0,0.0,56,0.56,100,0.007762975594960153,4537
hnp,sweeping,8,46,0.17857142857142858,89.10000000000005,3,0.03,52,0.52,100,0.008725322843529284,4637
hnp,sweeping,8,47,0.17543859649122806,88.50000000000007,3,0.03,58,0.58,100,0.010088424277491868,4737
hnp,sweeping,8,48,0.1724137931034483,88.40000000000005,3,0.03,59,0.59,100,0.009383827247656882,4837
hnp,sweeping,8,49,0.1694915254237288,90.30000000000004,2,0.02,58,0.58,100,0.008560137262102217,4937
hnp,sweeping,8,50,0.16666666666666666,90.30000000000007,2,0.02,59,0.59,100,0.0072224996984004974,5037
hnp,sweeping,8,51,0.1639344262295082,90.90000000000005,2,0.02,53,0.53,100,0.008249575484078377,5137
hnp,sweeping,8,52,0.16129032258064516,92.80000000000008,1,0.01,53,0.53,100,0.008192884500604123,5237
hnp,sweeping,8,53,0.15873015873015872,93.40000000000006,1,0.01,47,0.47,100,0.0070488739316351716,5337
hnp,sweeping,8,54,0.15625,95.10000000000005,0,0.0,49,0.49,100,0.009917385899461806,5437
hnp,sweeping,8,55,0.15384615384615385,92.60000000000008,1,0.01,55,0.55,100,0.008204206980299205,5537
hnp,sweeping,8,56,0.15151515151515152,91.00000000000006,2,0.02,52,0.52,100,0.006625633193179965,5637
hnp,sweeping,8,57,0.14925373134328357,91.30000000000005,2,0.02,48,0.48,100,0.009044105620123446,5737
hnp,sweeping,8,58,0.14705882352941177,95.50000000000006,0,0.0,45,0.45,100,0.007831651289016008,5837
hnp,sweeping,8,59,0.14492753623188406,88.50000000000007,3,0.03,58,0.58,100,0.0053471497958526015,5937
hnp,sweeping,8,60,0.14285714285714285,93.40000000000003,1,0.01,47,0.47,100,0.009721600140910596,6037
hnp,sweeping,8,61,0.14084507042253522,92.20000000000003,1,0.01,59,0.59,100,0.010614439747296273,6137
hnp,sweeping,8,62,0.1388888888888889,95.20000000000006,0,0.0,48,0.48,100,0.007783217863179743,6237
hnp,sweeping,8,63,0.136986301369863,83.00000000000006,6,0.06,55,0.55,100,0.009156908120494335,6337
hnp,sweeping,8,64,0.13513513513513511,93.00000000000006,1,0.01,51,0.51,100,0.006956781221088022,6437
hnp,sweeping,8,65,0.13333333333333333,85.20000000000005,5,0.05,53,0.53,100,0.007509424055460841,6537
hnp,sweeping,8,66,0.13157894736842105,91.20000000000003,2,0.02,50,0.5,100,0.008235970747191458,6637
hnp,sweeping,8,67,0.12987012987012986,92.60000000000005,1,0.01,55,0.55,100,0.0072706609801389275,6737
hnp,sweeping,8,68,0.12820512820512822,92.20000000000007,1,0.01,59,0.59,100,0.01004354678792879,6837
hnp,sweeping,8,69,0.12658227848101264,90.90000000000006,2,0.02,53,0.53,100,0.01018005653982982,6937
hnp,sweeping,8,70,0.125,91.60000000000007,2,0.02,46,0.46,100,0.008353916429914534,7037
hnp,sweeping,8,71,0.1234567901234568,91.10000000000005,2,0.02,50,0.5,100,0.008605789511930197,7137
hnp,sweeping,8,72,0.12195121951219513,91.40000000000003,2,0.02,48,0.48,100,0.006263734998647123,7237
hnp,sweeping,8,73,0.12048192771084336,88.60000000000002,3,0.03,56,0.56,100,0.006385006579803303,7337
hnp,sweeping,8,74,0.11904761904761904,91.60000000000008,2,0.02,46,0.46,100,0.00702600865974091,7437
hnp,sweeping,8,75,0.11764705882352941,88.90000000000003,3,0.03,53,0.53,100,0.007592553622089326,7537
hnp,sweeping,8,76,0.11627906976744186,90.80000000000005,2,0.02,54,0.54,100,0.007181808555033058,7637
hnp,sweeping,8,77,0.1149425287356322,94.20000000000005,1,0.01,39,0.39,100,0.008253902175929397,7737
hnp,sweeping,8,78,0.11363636363636363,90.90000000000006,2,0.02,53,0.53,100,0.011108991766814142,7837
hnp,sweeping,8,79,0.11235955056179775,94.80000000000004,0,0.0,52,0.52,100,0.007692235175054521,7937
hnp,sweeping,8,80,0.1111111111111111,91.70000000000005,2,0.02,45,0.45,100,0.006622984090354294,8037
hnp,sweeping,8,81,0.10989010989010989,91.90000000000005,2,0.02,42,0.42,100,0.008502880784217268,8137
hnp,sweeping,8,82,0.10869565217391305,90.40000000000006,2,0.02,57,0.57,100,0.01030308885499835,8237
hnp,sweeping,8,83,0.1075268817204301,93.90000000000003,1,0.01,42,0.42,100,0.0075422446639277045,8337
hnp,sweeping,8,84,0.10638297872340426,90.70000000000005,2,0.02,55,0.55,100,0.006439823401160538,8437
hnp,sweeping,8,85,0.10526315789473684,93.40000000000005,1,0.01,47,0.47,100,0.008323206102941185,8537
hnp,sweeping,8,86,0.10416666666666667,91.60000000000005,2,0.02,46,0.46,100,0.008771058600395919,8637
hnp,sweeping,8,87,0.10309278350515465,91.10000000000005,2,0.02,51,0.51,100,0.007836227549705654,8737
hnp,sweeping,8,88,0.1020408163265306,94.90000000000006,0,0.0,51,0.51,100,0.008668952549342065,8837
hnp,sweeping,8,89,0.10101010101010101,89.70000000000005,3,0.03,46,0.46,100,0.00833870745729655,8937
hnp,sweeping,8,90,0.1,89.00000000000003,3,0.03,52,0.52,100,0.007042206407058984,9037
hnp,sweeping,8,91,0.09900990099009901,93.00000000000006,1,0.01,50,0.5,100,0.0070610764995217325,9137
hnp,sweeping,8,92,0.09803921568627452,95.40000000000006,0,0.0,46,0.46,100,0.008011978077702224,9237
hnp,sweeping,8,93,0.0970873786407767,93.60000000000008,1,0.01,45,0.45,100,0.007533612637780606,9337
hnp,sweeping,8,94,0.09615384615384615,95.80000000000004,0,0.0,42,0.42,100,0.007003906171303242,9437
hnp,sweeping,8,95,0.09523809523809523,91.00000000000004,2,0.02,52,0.52,100,0.008366466003935783,9537
hnp,sweeping,8,96,0.09433962264150944,95.60000000000008,0,0.0,44,0.44,100,0.0071364407532382755,9637
hnp,sweeping,8,97,0.09345794392523366,95.60000000000005,0,0.0,44,0.44,100,0.009076954100746661,9737
hnp,sweeping,8,98,0.09259259259259259,93.40000000000006,1,0.01,47,0.47,100,0.006817266934085638,9837
hnp,sweeping,8,99,0.09174311926605504,93.40000000000005,1,0.01,47,0.47,100,0.005737306551309302,9937
hnp,sweeping,8,100,0.09090909090909091,96.00000000000004,0,0.0,40,0.4,100,0.007417696400079876,10037
hnp,sweeping,8,101,0.0900900900900901,95.60000000000007,0,0.0,44,0.44,100,0.006223707145545631,10137
hnp,sweeping,8,102,0.08928571428571429,94.90000000000006,0,0.0,51,0.51,100,0.00966766323428601,10237
hnp,sweeping,8,103,0.08849557522123894,86.90000000000005,4,0.04,55,0.55,100,0.0067370560998097065,10337
hnp,sweeping,8,104,0.08771929824561403,93.50000000000004,1,0.01,46,0.46,100,0.009500646719243378,10437
hnp,sweeping,8,105,0.08695652173913043,96.20000000000003,0,0.0,38,0.38,100,0.00725898684002459,10537
hnp,sweeping,8,106,0.08620689655172414,93.60000000000002,1,0.01,45,0.45,100,0.011700410796329379,10637
hnp,sweeping,8,107,0.08547008547008547,90.60000000000002,3,0.03,36,0.36,100,0.010512621726375073,10737
hnp,sweeping,8,108,0.0847457627118644,93.10000000000007,1,0.01,50,0.5,100,0.008399312875699252,10837
hnp,sweeping,8,109,0.08403361344537814,95.30000000000005,0,0.0,47,0.47,100,0.008254929226823152,10937
hnp,sweeping,8,110,0.08333333333333333,94.10000000000004,1,0.01,40,0.4,100,0.009063187150750308,11037
hnp,sweeping,8,111,0.08264462809917356,94.20000000000005,1,0.01,39,0.39,100,0.008517212471924723,11137
hnp,sweeping,8,112,0.0819672131147541,93.60000000000007,1,0.01,45,0.45,100,0.008889081890229135,11237
hnp,sweeping,8,113,0.08130081300813008,93.00000000000003,1,0.01,51,0.51,100,0.009662939293775707,11337
hnp,sweeping,8,114,0.08064516129032258,94.20000000000005,1,0.01,39,0.39,100,0.008965984450187535,11437
hnp,sweeping,8,115,0.08,92.40000000000002,2,0.02,38,0.38,100,0.007024758693296463,11537
hnp,sweeping,8,116,0.07936507936507936,94.60000000000002,1,0.01,35,0.35,100,0.007251357033383101,11637
hnp,sweeping,8,117,0.07874015748031496,96.30000000000005,0,0.0,37,0.37,100,0.008009884054772556,11737
hnp,sweeping,8,118,0.078125,95.30000000000007,0,0.0,47,0.47,100,0.006816929107299074,11837
hnp,sweeping,8,119,0.07751937984496124,95.40000000000002,0,0.0,46,0.46,100,0.00864321097265929,11937
hnp,sweeping,8,120,0.07692307692307693,88.4,4,0.04,38,0.38,100,0.008154403138905763,12037
hnp,sweeping,8,121,0.07633587786259542,95.80000000000004,0,0.0,42,0.42,100,0.009079193640500307,12137
hnp,sweeping,8,122,0.07575757575757576,89.10000000000004,3,0.03,52,0.52,100,0.01421177556272596,12237
hnp,sweeping,8,123,0.07518796992481203,94.40000000000002,1,0.01,36,0.36,100,0.013989145797677339,12337
hnp,sweeping,8,124,0.07462686567164178,95.50000000000006,0,0.0,45,0.45,100,0.009132909458130598,12437
hnp,sweeping,8,125,0.07407407407407407,91.00000000000007,2,0.02,52,0.52,100,0.00781786955660209,12537
hnp,sweeping,8,126,0.07352941176470588,95.80000000000004,0,0.0,42,0.42,100,0.01032086296705529,12637
hnp,sweeping,8,127,0.07299270072992702,93.80000000000005,1,0.01,43,0.43,100,0.013185445228591561,12737
hnp,sweeping,8,128,0.07246376811594203,93.80000000000003,1,0.01,43,0.43,100,0.010847651050426066,12837
hnp,sweeping,8,129,0.07194244604316546,94.20000000000005,1,0.01,39,0.39,100,0.009088889334816486,12937
hnp,sweeping,8,130,0.07142857142857142,93.50000000000003,1,0.01,46,0.46,100,0.008305837616790086,13037
hnp,sweeping,8,131,0.07092198581560284,96.10000000000007,0,0.0,39,0.39,100,0.008720874132122844,13137
hnp,sweeping,8,132,0.07042253521126761,92.10000000000004,2,0.02,41,0.41,100,0.011856691441498696,13237
hnp,sweeping,8,133,0.06993006993006992,91.50000000000003,2,0.02,47,0.47,100,0.008725773931946606,13337
hnp,sweeping,8,134,0.06944444444444445,96.30000000000005,0,0.0,37,0.37,100,0.009065450506750495,13437
hnp,sweeping,8,135,0.06896551724137931,95.90000000000002,0,0.0,41,0.41,100,0.008810921374242752,13537
hnp,sweeping,8,136,0.0684931506849315,94.00000000000003,1,0.01,41,0.41,100,0.00830151669215411,13637
hnp,sweeping,8,137,0.06802721088435375,95.50000000000009,0,0.0,45,0.45,100,0.010599942137487233,13737
hnp,sweeping,8,138,0.06756756756756756,94.30000000000005,1,0.01,37,0.37,100,0.01027079701772891,13837
hnp,sweeping,8,139,0.06711409395973154,95.60000000000007,0,0.0,44,0.44,100,0.01047390494728461,13937
hnp,sweeping,8,140,0.06666666666666667,90.60000000000002,3,0.03,37,0.37,100,0.007646831145975739,14037
hnp,sweeping,8,141,0.06622516556291391,94.00000000000004,1,0.01,41,0.41,100,0.008493462172336876,14137
hnp,sweeping,8,142,0.06578947368421052,94.30000000000003,1,0.01,38,0.38,100,0.007915528677403926,14237
hnp,sweeping,8,143,0.06535947712418301,95.40000000000003,0,0.0,46,0.46,100,0.009327329765073954,14337
hnp,sweeping,8,144,0.06493506493506493,94.00000000000004,1,0.01,41,0.41,100,0.008938014325685799,14437
hnp,sweeping,8,145,0.06451612903225806,94.10000000000005,1,0.01,40,0.4,100,0.006274249770212919,14537
hnp,sweeping,8,146,0.06410256410256411,94.40000000000003,1,0.01,37,0.37,100,0.007769180838949979,14637
hnp,sweeping,8,147,0.06369426751592357,96.40000000000006,0,0.0,36,0.36,100,0.005748510012635961,14737
hnp,sweeping,8,148,0.06329113924050632,94.20000000000006,1,0.01,39,0.39,100,0.005485244154697284,14837
hnp,sweeping,8,149,0.06289308176100629,95.90000000000003,0,0.0,41,0.41,100,0.006706205448135733,14937
hnp,sweeping,8,150,0.0625,93.80000000000004,1,0.01,43,0.43,100,0.006425647998694331,15037
hnp,sweeping,8,151,0.06211180124223602,93.50000000000001,1,0.01,45,0.45,100,0.00796816386282444,15137
hnp,sweeping,8,152,0.0617283950617284,96.20000000000005,0,0.0,38,0.38,100,0.00627955959411338,15237
hnp,sweeping,8,153,0.06134969325153374,95.30000000000004,0,0.0,47,0.47,100,0.0064071719977073375,15337
hnp,sweeping,8,154,0.06097560975609757,94.90000000000002,1,0.01,32,0.32,100,0.005975184483686462,15437
hnp,sweeping,8,155,0.06060606060606061,95.50000000000007,0,0.0,45,0.45,100,0.007840597659815103,15537
hnp,sweeping,8,156,0.06024096385542168,93.50000000000001,1,0.01,46,0.46,100,0.007193699851632119,15637
hnp,sweeping,8,157,0.059880239520958084,96.20000000000006,0,0.0,38,0.38,100,0.00637529875850305,15737
hnp,sweeping,8,158,0.05952380952380952,96.30000000000005,0,0.0,37,0.37,100,0.008008200803305953,15837
hnp,sweeping,8,159,0.0591715976331361,95.90000000000005,0,0.0,41,0.41,100,0.006782051750924438,15937
hnp,sweeping,8,160,0.058823529411764705,93.30000000000007,1,0.01,48,0.48,100,0.00717414515092969,16037
hnp,sweeping,8,161,0.05847953216374269,96.30000000000005,0,0.0,37,0.37,100,0.006680182381533086,16137
hnp,sweeping,8,162,0.05813953488372093,92.0,2,0.02,42,0.42,100,0.005796535005792976,16237
hnp,sweeping,8,163,0.057803468208092484,95.80000000000007,0,0.0,42,0.42,100,0.008482520445249974,16337
hnp,sweeping,8,164,0.0574712643678161,96.00000000000006,0,0.0,40,0.4,100,0.006359972843201831,16437
hnp,sweeping,8,165,0.05714285714285714,94.20000000000002,1,0.01,39,0.39,100,0.006886669571977109,16537
hnp,sweeping,8,166,0.056818181818181816,95.80000000000004,0,0.0,42,0.42,100,0.007534078464377671,16637
hnp,sweeping,8,167,0.05649717514124294,94.10000000000004,1,0.01,40,0.4,100,0.006319782451028004,16737
hnp,sweeping,8,168,0.056179775280898875,93.20000000000005,1,0.01,49,0.49,100,0.007511976582463831,16837
hnp,sweeping,8,169,0.0558659217877095,94.20000000000005,1,0.01,38,0.38,100,0.005126604724209755,16937
hnp,sweeping,8,170,0.05555555555555555,93.90000000000006,1,0.01,42,0.42,100,0.007201647572219372,17037
hnp,sweeping,8,171,0.055248618784530384,91.90000000000003,2,0.02,43,0.43,100,0.005549522475339472,17137
hnp,sweeping,8,172,0.054945054945054944,96.60000000000004,0,0.0,34,0.34,100,0.0066237948625348505,17237
hnp,sweeping,8,173,0.0546448087431694,90.20000000000003,3,0.03,41,0.41,100,0.007641261504031718,17337
hnp,sweeping,8,174,0.05434782608695653,96.30000000000005,0,0.0,37,0.37,100,0.00512350097997114,17437
hnp,sweeping,8,175,0.05405405405405406,93.60000000000007,1,0.01,45,0.45,100,0.006748830929864198,17537
hnp,sweeping,8,176,0.05376344086021505,96.40000000000006,0,0.0,36,0.36,100,0.006653841135557741,17637
hnp,sweeping,8,177,0.053475935828877004,91.70000000000005,2,0.02,45,0.45,100,0.006405383264645934,17737
hnp,sweeping,8,178,0.05319148936170213,91.80000000000005,2,0.02,44,0.44,100,0.0069498858647421,17837
hnp,sweeping,8,179,0.052910052910052914,96.10000000000007,0,0.0,39,0.39,100,0.006659484438132495,17937
hnp,sweeping,8,180,0.05263157894736842,94.50000000000006,1,0.01,36,0.36,100,0.007114701471291483,18037
hnp,sweeping,8,181,0.05235602094240837,94.00000000000007,1,0.01,41,0.41,100,0.006133524160832167,18137
hnp,sweeping,8,182,0.052083333333333336,95.40000000000006,0,0.0,46,0.46,100,0.0065352253685705365,18237
hnp,sweeping,8,183,0.05181347150259067,94.40000000000002,1,0.01,37,0.37,100,0.006002649103756994,18337
hnp,sweeping,8,184,0.051546391752577324,96.80000000000004,0,0.0,32,0.32,100,0.006477981896605343,18437
hnp,sweeping,8,185,0.05128205128205128,91.40000000000006,2,0.02,48,0.48,100,0.008749377969652415,18537
hnp,sweeping,8,186,0.0510204081632653,90.0000000000001,3,0.03,43,0.43,100,0.0054757347737904635,18637
hnp,sweeping,8,187,0.050761421319796954,96.50000000000004,0,0.0,35,0.35,100,0.006599481266457588,18737
hnp,sweeping,8,188,0.050505050505050504,96.60000000000007,0,0.0,34,0.34,100,0.005781067963689566,18837
hnp,sweeping,8,189,0.05025125628140704,96.00000000000006,0,0.0,40,0.4,100,0.006455562573391944,18937
hnp,sweeping,8,190,0.05,95.9,0,0.0,41,0.41,100,0.006188040294218809,19037
hnp,sweeping,8,191,0.04975124378109452,97.00000000000003,0,0.0,30,0.3,100,0.0060236507002264265,19137
hnp,sweeping,8,192,0.04950495049504951,92.10000000000005,2,0.02,40,0.4,100,0.00498377195559442,19237
hnp,sweeping,8,193,0.04926108374384236,95.50000000000003,0,0.0,45,0.45,100,0.005744227464310825,19337
hnp,sweeping,8,194,0.04901960784313726,93.70000000000003,1,0.01,43,0.43,100,0.0075899102876428514,19437
hnp,sweeping,8,195,0.04878048780487805,95.70000000000003,0,0.0,43,0.43,100,0.0068219264061190185,19537
hnp,sweeping,8,196,0.04854368932038835,96.70000000000005,0,0.0,33,0.33,100,0.004657267197035253,19637
hnp,sweeping,8,197,0.04830917874396135,96.60000000000005,0,0.0,34,0.34,100,0.008194619510322809,19737
hnp,sweeping,8,198,0.04807692307692307,94.10000000000005,1,0.01,40,0.4,100,0.006716827452182769,19837
hnp,sweeping,8,199,0.04784688995215311,95.90000000000006,0,0.0,41,0.41,100,0.009315555735956877,19937
hnp,sweeping,9,0,1.0,64.19999999999992,14,0.14,91,0.91,100,0.24083275337879723,37
hnp,sweeping,9,1,0.9090909090909091,80.10000000000001,6,0.06,85,0.85,100,0.05547899268567562,137
hnp,sweeping,9,2,0.8333333333333334,69.79999999999997,11,0.11,92,0.92,100,0.029778524367138744,237
hnp,sweeping,9,3,0.7692307692307692,69.89999999999995,11,0.11,90,0.9,100,0.02148172109387815,337
hnp,sweeping,9,4,0.7142857142857143,74.2,9,0.09,82,0.82,100,0.007736444855108857,437
hnp,sweeping,9,5,0.6666666666666666,75.89999999999999,8,0.08,88,0.88,100,0.008306059991009534,537
hnp,sweeping,9,6,0.625,85.80000000000005,3,0.03,85,0.85,100,0.004807250872254372,637
hnp,sweeping,9,7,0.5882352941176471,78.1,7,0.07,85,0.85,100,0.004197230620775372,737
hnp,sweeping,9,8,0.5555555555555556,70.59999999999997,11,0.11,85,0.85,100,0.004248342250939459,837
hnp,sweeping,9,9,0.5263157894736842,72.79999999999998,10,0.1,79,0.79,100,0.00453827820951119,937
hnp,sweeping,9,10,0.5,83.90000000000006,4,0.04,85,0.85,100,0.004681111396057531,1037
hnp,sweeping,9,11,0.47619047619047616,86.10000000000005,3,0.03,82,0.82,100,0.0047101452341303226,1137
hnp,sweeping,9,12,0.45454545454545453,83.00000000000006,5,0.05,75,0.75,100,0.004256782229058445,1237
hnp,sweeping,9,13,0.4347826086956522,76.9,8,0.08,79,0.79,100,0.0046238556876778605,1337
hnp,sweeping,9,14,0.4166666666666667,82.50000000000004,5,0.05,79,0.79,100,0.004444589229533449,1437
hnp,sweeping,9,15,0.4,78.7,7,0.07,80,0.8,100,0.004547966028330848,1537
hnp,sweeping,9,16,0.3846153846153846,84.90000000000006,4,0.04,75,0.75,100,0.00644857874372974,1637
hnp,sweeping,9,17,0.37037037037037035,85.40000000000003,4,0.04,69,0.69,100,0.007236444081645459,1737
hnp,sweeping,9,18,0.35714285714285715,84.60000000000005,4,0.04,78,0.78,100,0.00482055232510902,1837
hnp,sweeping,9,19,0.3448275862068966,82.20000000000003,5,0.05,83,0.83,100,0.00656536353752017,1937
hnp,sweeping,9,20,0.3333333333333333,78.60000000000004,7,0.07,81,0.81,100,0.005795993043575436,2037
hnp,sweeping,9,21,0.3225806451612903,87.10000000000005,3,0.03,72,0.72,100,0.008570737985428423,2137
hnp,sweeping,9,22,0.3125,84.20000000000002,4,0.04,82,0.82,100,0.008875794215127826,2237
hnp,sweeping,9,23,0.30303030303030304,83.20000000000005,5,0.05,72,0.72,100,0.007515096887946129,2337
hnp,sweeping,9,24,0.29411764705882354,91.20000000000007,1,0.01,69,0.69,100,0.01130701350281015,2437
hnp,sweeping,9,25,0.2857142857142857,90.00000000000009,1,0.01,81,0.81,100,0.008657252183184028,2537
hnp,sweeping,9,26,0.2777777777777778,84.80000000000003,4,0.04,76,0.76,100,0.009979269611649215,2637
hnp,sweeping,9,27,0.27027027027027023,90.30000000000007,1,0.01,78,0.78,100,0.009453545224387199,2737
hnp,sweeping,9,28,0.2631578947368421,83.00000000000001,5,0.05,73,0.73,100,0.007621623210143298,2837
hnp,sweeping,9,29,0.25641025641025644,86.90000000000005,3,0.03,73,0.73,100,0.00673624754184857,2937
hnp,sweeping,9,30,0.25,86.80000000000007,3,0.03,74,0.74,100,0.006997397250961513,3037
hnp,sweeping,9,31,0.24390243902439027,91.10000000000005,1,0.01,70,0.7,100,0.006996339692268521,3137
hnp,sweeping,9,32,0.23809523809523808,83.50000000000003,5,0.05,68,0.68,100,0.006594078473281115,3237
hnp,sweeping,9,33,0.23255813953488372,85.50000000000006,4,0.04,69,0.69,100,0.00679020400159061,3337
hnp,sweeping,9,34,0.22727272727272727,91.60000000000008,1,0.01,65,0.65,100,0.008070476276334376,3437
hnp,sweeping,9,35,0.2222222222222222,82.40000000000003,6,0.06,60,0.6,100,0.007383104211185127,3537
hnp,sweeping,9,36,0.2173913043478261,89.50000000000007,2,0.02,66,0.66,100,0.007717427690513432,3637
hnp,sweeping,9,37,0.2127659574468085,89.40000000000008,2,0.02,67,0.67,100,0.008836671689059585,3737
hnp,sweeping,9,38,0.20833333333333334,83.30000000000004,5,0.05,72,0.72,100,0.008480268251150846,3837
hnp,sweeping,9,39,0.2040816326530612,87.40000000000006,3,0.03,68,0.68,100,0.007962551882956177,3937
hnp,sweeping,9,40,0.2,88.60000000000005,2,0.02,76,0.76,100,0.007390247357543558,4037
hnp,sweeping,9,41,0.19607843137254904,93.40000000000006,0,0.0,66,0.66,100,0.007694267260376364,4137
hnp,sweeping,9,42,0.1923076923076923,87.80000000000005,3,0.03,65,0.65,100,0.007000581389293075,4237
hnp,sweeping,9,43,0.18867924528301888,89.80000000000007,2,0.02,64,0.64,100,0.008780689612030983,4337
hnp,sweeping,9,44,0.18518518518518517,87.70000000000006,3,0.03,64,0.64,100,0.007566250644158572,4437
hnp,sweeping,9,45,0.18181818181818182,87.50000000000004,3,0.03,67,0.67,100,0.008793164638336747,4537
hnp,sweeping,9,46,0.17857142857142858,85.30000000000003,4,0.04,71,0.71,100,0.007727393999230117,4637
hnp,sweeping,9,47,0.17543859649122806,92.40000000000006,1,0.01,57,0.57,100,0.00754217358538881,4737
hnp,sweeping,9,48,0.1724137931034483,88.00000000000004,3,0.03,62,0.62,100,0.009913401803933084,4837
hnp,sweeping,9,49,0.1694915254237288,89.20000000000006,2,0.02,70,0.7,100,0.00752081893151626,4937
hnp,sweeping,9,50,0.16666666666666666,91.80000000000008,1,0.01,62,0.62,100,0.008508232403546572,5037
hnp,sweeping,9,51,0.1639344262295082,90.20000000000006,2,0.02,60,0.6,100,0.008695888295769692,5137
hnp,sweeping,9,52,0.16129032258064516,89.90000000000005,2,0.02,62,0.62,100,0.008319387573283165,5237
hnp,sweeping,9,53,0.15873015873015872,88.70000000000005,3,0.03,56,0.56,100,0.008462095521390439,5337
hnp,sweeping,9,54,0.15625,90.20000000000006,2,0.02,60,0.6,100,0.008199015946593136,5437
hnp,sweeping,9,55,0.15384615384615385,92.80000000000005,1,0.01,52,0.52,100,0.008279801413882524,5537
hnp,sweeping,9,56,0.15151515151515152,87.20000000000007,3,0.03,70,0.7,100,0.008203019574284553,5637
hnp,sweeping,9,57,0.14925373134328357,90.10000000000005,2,0.02,61,0.61,100,0.0075378121039830145,5737
hnp,sweeping,9,58,0.14705882352941177,93.90000000000009,0,0.0,61,0.61,100,0.009379013180732728,5837
hnp,sweeping,9,59,0.14492753623188406,88.50000000000007,3,0.03,58,0.58,100,0.008031683645676822,5937
hnp,sweeping,9,60,0.14285714285714285,87.30000000000007,3,0.03,69,0.69,100,0.011224455498158932,6037
hnp,sweeping,9,61,0.14084507042253522,91.90000000000008,1,0.01,62,0.62,100,0.009160064277239144,6137
hnp,sweeping,9,62,0.1388888888888889,89.90000000000006,2,0.02,63,0.63,100,0.009070708381477744,6237
hnp,sweeping,9,63,0.136986301369863,94.80000000000007,0,0.0,52,0.52,100,0.005949772442691028,6337
hnp,sweeping,9,64,0.13513513513513511,88.30000000000007,3,0.03,60,0.6,100,0.00800320599693805,6437
hnp,sweeping,9,65,0.13333333333333333,85.70000000000006,4,0.04,66,0.66,100,0.007883166051469744,6537
hnp,sweeping,9,66,0.13157894736842105,91.70000000000007,1,0.01,64,0.64,100,0.008991756183095277,6637
hnp,sweeping,9,67,0.12987012987012986,90.10000000000004,2,0.02,61,0.61,100,0.008729612994939089,6737
hnp,sweeping,9,68,0.12820512820512822,92.30000000000004,1,0.01,58,0.58,100,0.007893937907647341,6837
hnp,sweeping,9,69,0.12658227848101264,87.40000000000006,3,0.03,69,0.69,100,0.01085250792093575,6937
hnp,sweeping,9,70,0.125,92.30000000000008,1,0.01,58,0.58,100,0.007799945764709264,7037
hnp,sweeping,9,71,0.1234567901234568,92.90000000000005,1,0.01,52,0.52,100,0.008488235266413539,7137
hnp,sweeping,9,72,0.12195121951219513,92.50000000000003,1,0.01,55,0.55,100,0.008634755280800164,7237
hnp,sweeping,9,73,0.12048192771084336,92.30000000000001,1,0.01,58,0.58,100,0.011553122440818697,7337
hnp,sweeping,9,74,0.11904761904761904,86.40000000000003,4,0.04,59,0.59,100,0.009914259479846805,7437
hnp,sweeping,9,75,0.11764705882352941,92.40000000000003,1,0.01,57,0.57,100,0.009783852291293442,7537
hnp,sweeping,9,76,0.11627906976744186,94.10000000000005,0,0.0,59,0.59,100,0.008262912046629935,7637
hnp,sweeping,9,77,0.1149425287356322,92.40000000000009,1,0.01,56,0.56,100,0.010064883653540165,7737
hnp,sweeping,9,78,0.11363636363636363,92.60000000000007,1,0.01,55,0.55,100,0.01031515007140115,7837
hnp,sweeping,9,79,0.11235955056179775,94.20000000000009,0,0.0,58,0.58,100,0.008413425693288446,7937
hnp,sweeping,9,80,0.1111111111111111,85.90000000000005,4,0.04,65,0.65,100,0.00978010568069294,8037
hnp,sweeping,9,81,0.10989010989010989,90.00000000000009,2,0.02,62,0.62,100,0.012692944502923638,8137
hnp,sweeping,9,82,0.10869565217391305,92.90000000000006,1,0.01,52,0.52,100,0.010587675052229316,8237
hnp,sweeping,9,83,0.1075268817204301,95.30000000000004,0,0.0,47,0.47,100,0.011810451648198068,8337
hnp,sweeping,9,84,0.10638297872340426,92.80000000000007,1,0.01,53,0.53,100,0.010708297961391508,8437
hnp,sweeping,9,85,0.10526315789473684,95.90000000000003,0,0.0,41,0.41,100,0.009905069835949689,8537
hnp,sweeping,9,86,0.10416666666666667,94.90000000000006,0,0.0,51,0.51,100,0.008834194731898606,8637
hnp,sweeping,9,87,0.10309278350515465,92.50000000000007,1,0.01,56,0.56,100,0.009973422335460782,8737
hnp,sweeping,9,88,0.1020408163265306,92.70000000000006,1,0.01,54,0.54,100,0.00926930563757196,8837
hnp,sweeping,9,89,0.10101010101010101,92.50000000000006,1,0.01,56,0.56,100,0.009282790529541672,8937
hnp,sweeping,9,90,0.1,93.30000000000004,1,0.01,48,0.48,100,0.00928294071694836,9037
hnp,sweeping,9,91,0.09900990099009901,86.90000000000003,4,0.04,55,0.55,100,0.009068633504211903,9137
hnp,sweeping,9,92,0.09803921568627452,90.60000000000005,2,0.02,56,0.56,100,0.008513954901136458,9237
hnp,sweeping,9,93,0.0970873786407767,90.70000000000005,2,0.02,55,0.55,100,0.006820509911049158,9337
hnp,sweeping,9,94,0.09615384615384615,93.40000000000003,1,0.01,47,0.47,100,0.008356386611703783,9437
hnp,sweeping,9,95,0.09523809523809523,90.80000000000007,2,0.02,54,0.54,100,0.008466773773543537,9537
hnp,sweeping,9,96,0.09433962264150944,94.40000000000003,0,0.0,56,0.56,100,0.008160275870468468,9637
hnp,sweeping,9,97,0.09345794392523366,89.20000000000002,3,0.03,51,0.51,100,0.009824078863020986,9737
hnp,sweeping,9,98,0.09259259259259259,90.80000000000005,2,0.02,54,0.54,100,0.010532725157681853,9837
hnp,sweeping,9,99,0.09174311926605504,95.50000000000006,0,0.0,45,0.45,100,0.008233278070110827,9937
hnp,sweeping,9,100,0.09090909090909091,95.60000000000008,0,0.0,44,0.44,100,0.009360532576683908,10037
hnp,sweeping,9,101,0.0900900900900901,92.90000000000006,1,0.01,52,0.52,100,0.00933635476976633,10137
hnp,sweeping,9,102,0.08928571428571429,93.50000000000006,1,0.01,46,0.46,100,0.008353989261668176,10237
hnp,sweeping,9,103,0.08849557522123894,94.30000000000007,0,0.0,57,0.57,100,0.007755582942627371,10337
hnp,sweeping,9,104,0.08771929824561403,91.30000000000004,2,0.02,49,0.49,100,0.009363398931454867,10437
hnp,sweeping,9,105,0.08695652173913043,93.20000000000005,1,0.01,49,0.49,100,0.009308966735843568,10537
hnp,sweeping,9,106,0.08620689655172414,91.90000000000005,2,0.02,43,0.43,100,0.008343427716754377,10637
hnp,sweeping,9,107,0.08547008547008547,94.70000000000005,0,0.0,53,0.53,100,0.007878269539214671,10737
hnp,sweeping,9,108,0.0847457627118644,93.40000000000005,1,0.01,47,0.47,100,0.009202625257894398,10837
hnp,sweeping,9,109,0.08403361344537814,92.40000000000005,1,0.01,57,0.57,100,0.00884717790875584,10937
hnp,sweeping,9,110,0.08333333333333333,95.20000000000006,0,0.0,48,0.48,100,0.013701317466329783,11037
hnp,sweeping,9,111,0.08264462809917356,91.20000000000007,2,0.02,50,0.5,100,0.009902958499733359,11137
hnp,sweeping,9,112,0.0819672131147541,93.10000000000005,1,0.01,50,0.5,100,0.009195876526646315,11237
hnp,sweeping,9,113,0.08130081300813008,93.30000000000003,1,0.01,48,0.48,100,0.009839022890664637,11337
hnp,sweeping,9,114,0.08064516129032258,90.20000000000005,3,0.03,40,0.4,100,0.006987738907337188,11437
hnp,sweeping,9,115,0.08,91.60000000000004,1,0.01,65,0.65,100,0.01060902007855475,11537
hnp,sweeping,9,116,0.07936507936507936,93.40000000000005,1,0.01,47,0.47,100,0.008823095629923046,11637
hnp,sweeping,9,117,0.07874015748031496,95.00000000000007,0,0.0,50,0.5,100,0.00815868701087311,11737
hnp,sweeping,9,118,0.078125,95.60000000000008,0,0.0,44,0.44,100,0.007202763645909727,11837
hnp,sweeping,9,119,0.07751937984496124,93.10000000000001,1,0.01,50,0.5,100,0.008786089222412556,11937
hnp,sweeping,9,120,0.07692307692307693,96.00000000000003,0,0.0,40,0.4,100,0.008596525934990495,12037
hnp,sweeping,9,121,0.07633587786259542,95.10000000000005,0,0.0,49,0.49,100,0.008308705796953291,12137
hnp,sweeping,9,122,0.07575757575757576,95.50000000000007,0,0.0,45,0.45,100,0.008749298481270672,12237
hnp,sweeping,9,123,0.07518796992481203,90.50000000000004,2,0.02,57,0.57,100,0.009687047619372606,12337
hnp,sweeping,9,124,0.07462686567164178,96.10000000000002,0,0.0,39,0.39,100,0.010278580384328962,12437
hnp,sweeping,9,125,0.07407407407407407,95.80000000000004,0,0.0,42,0.42,100,0.009251816740725189,12537
hnp,sweeping,9,126,0.07352941176470588,95.60000000000007,0,0.0,44,0.44,100,0.007819417847786099,12637
hnp,sweeping,9,127,0.07299270072992702,93.60000000000004,1,0.01,45,0.45,100,0.007430109546985478,12737
hnp,sweeping,9,128,0.07246376811594203,95.90000000000006,0,0.0,41,0.41,100,0.007948630237951875,12837
hnp,sweeping,9,129,0.07194244604316546,93.70000000000007,1,0.01,44,0.44,100,0.00868994674878195,12937
hnp,sweeping,9,130,0.07142857142857142,92.70000000000009,1,0.01,54,0.54,100,0.007571738422848284,13037
hnp,sweeping,9,131,0.07092198581560284,94.60000000000008,0,0.0,54,0.54,100,0.009893976068124175,13137
hnp,sweeping,9,132,0.07042253521126761,92.60000000000007,1,0.01,55,0.55,100,0.009013831133488566,13237
hnp,sweeping,9,133,0.06993006993006992,95.10000000000007,0,0.0,49,0.49,100,0.009319303059019148,13337
hnp,sweeping,9,134,0.06944444444444445,95.80000000000007,0,0.0,42,0.42,100,0.008720796355046332,13437
hnp,sweeping,9,135,0.06896551724137931,95.10000000000005,0,0.0,49,0.49,100,0.009242858889047056,13537
hnp,sweeping,9,136,0.0684931506849315,95.30000000000007,0,0.0,47,0.47,100,0.006802313209045678,13637
hnp,sweeping,9,137,0.06802721088435375,95.60000000000005,0,0.0,44,0.44,100,0.008543888065032661,13737
hnp,sweeping,9,138,0.06756756756756756,94.40000000000006,1,0.01,37,0.37,100,0.0072026634006761014,13837
hnp,sweeping,9,139,0.06711409395973154,91.70000000000003,2,0.02,45,0.45,100,0.007461585910059512,13937
hnp,sweeping,9,140,0.06666666666666667,93.10000000000007,1,0.01,50,0.5,100,0.007120701584499329,14037
hnp,sweeping,9,141,0.06622516556291391,94.90000000000006,0,0.0,51,0.51,100,0.008830496172886343,14137
hnp,sweeping,9,142,0.06578947368421052,94.00000000000006,1,0.01,40,0.4,100,0.008323679745662957,14237
hnp,sweeping,9,143,0.06535947712418301,95.60000000000002,0,0.0,44,0.44,100,0.006853640949120745,14337
hnp,sweeping,9,144,0.06493506493506493,95.60000000000007,0,0.0,44,0.44,100,0.0074857872631400825,14437
hnp,sweeping,9,145,0.06451612903225806,90.20000000000005,3,0.03,41,0.41,100,0.007140192306833342,14537
hnp,sweeping,9,146,0.06410256410256411,96.00000000000007,0,0.0,40,0.4,100,0.006655341386795044,14637
hnp,sweeping,9,147,0.06369426751592357,93.10000000000007,1,0.01,50,0.5,100,0.0077755151968449355,14737
hnp,sweeping,9,148,0.06329113924050632,93.90000000000003,1,0.01,42,0.42,100,0.008287970672827214,14837
hnp,sweeping,9,149,0.06289308176100629,94.10000000000005,1,0.01,40,0.4,100,0.0065295732580125335,14937
hnp,sweeping,9,150,0.0625,95.00000000000007,0,0.0,50,0.5,100,0.009532267795875668,15037
hnp,sweeping,9,151,0.06211180124223602,93.80000000000007,1,0.01,43,0.43,100,0.008457682991866023,15137
hnp,sweeping,9,152,0.0617283950617284,91.60000000000004,2,0.02,46,0.46,100,0.0074102618428878485,15237
hnp,sweeping,9,153,0.06134969325153374,95.00000000000009,0,0.0,50,0.5,100,0.008130046776495875,15337
hnp,sweeping,9,154,0.06097560975609757,96.20000000000005,0,0.0,38,0.38,100,0.008280521144624799,15437
hnp,sweeping,9,155,0.06060606060606061,95.90000000000003,0,0.0,41,0.41,100,0.007340129790827632,15537
hnp,sweeping,9,156,0.06024096385542168,92.70000000000006,1,0.01,54,0.54,100,0.009715794245712459,15637
hnp,sweeping,9,157,0.059880239520958084,96.50000000000004,0,0.0,35,0.35,100,0.005924761544447392,15737
hnp,sweeping,9,158,0.05952380952380952,93.70000000000005,1,0.01,44,0.44,100,0.00905364220496267,15837
hnp,sweeping,9,159,0.0591715976331361,89.60000000000005,3,0.03,47,0.47,100,0.007107224120991304,15937
hnp,sweeping,9,160,0.058823529411764705,94.00000000000004,1,0.01,41,0.41,100,0.007074543870985508,16037
hnp,sweeping,9,161,0.05847953216374269,94.70000000000007,0,0.0,53,0.53,100,0.008802937746513634,16137
hnp,sweeping,9,162,0.05813953488372093,92.10000000000004,2,0.02,41,0.41,100,0.006327846333151683,16237
hnp,sweeping,9,163,0.057803468208092484,96.00000000000007,0,0.0,40,0.4,100,0.006005041922908277,16337
hnp,sweeping,9,164,0.0574712643678161,95.80000000000005,0,0.0,42,0.42,100,0.008354798567015678,16437
hnp,sweeping,9,165,0.05714285714285714,96.20000000000006,0,0.0,38,0.38,100,0.00816905138315633,16537
hnp,sweeping,9,166,0.056818181818181816,94.10000000000007,1,0.01,39,0.39,100,0.006874348982237279,16637
hnp,sweeping,9,167,0.05649717514124294,95.70000000000005,0,0.0,43,0.43,100,0.008648860404500738,16737
hnp,sweeping,9,168,0.056179775280898875,96.70000000000003,0,0.0,33,0.33,100,0.005591863908339292,16837
hnp,sweeping,9,169,0.0558659217877095,91.80000000000004,2,0.02,44,0.44,100,0.007131128548644483,16937
hnp,sweeping,9,170,0.05555555555555555,94.30000000000004,1,0.01,38,0.38,100,0.007136566685512662,17037
hnp,sweeping,9,171,0.055248618784530384,94.20000000000005,1,0.01,38,0.38,100,0.006815153480274603,17137
hnp,sweeping,9,172,0.054945054945054944,96.00000000000007,0,0.0,40,0.4,100,0.010433476830367,17237
hnp,sweeping,9,173,0.0546448087431694,93.90000000000006,1,0.01,42,0.42,100,0.009193168692290784,17337
hnp,sweeping,9,174,0.05434782608695653,94.30000000000003,1,0.01,38,0.38,100,0.009887741943821311,17437
hnp,sweeping,9,175,0.05405405405405406,96.00000000000004,0,0.0,40,0.4,100,0.009342270439956337,17537
hnp,sweeping,9,176,0.05376344086021505,90.70000000000002,3,0.03,35,0.35,100,0.004351201439276337,17637
hnp,sweeping,9,177,0.053475935828877004,92.80000000000007,1,0.01,53,0.53,100,0.007974949383642524,17737
hnp,sweeping,9,178,0.05319148936170213,96.00000000000009,0,0.0,40,0.4,100,0.007683931414503604,17837
hnp,sweeping,9,179,0.052910052910052914,94.50000000000006,1,0.01,36,0.36,100,0.007318564447341486,17937
hnp,sweeping,9,180,0.05263157894736842,95.30000000000004,0,0.0,47,0.47,100,0.006371175416279584,18037
hnp,sweeping,9,181,0.05235602094240837,96.50000000000003,0,0.0,35,0.35,100,0.005667723627993837,18137
hnp,sweeping,9,182,0.052083333333333336,95.90000000000003,0,0.0,41,0.41,100,0.0068707970820833,18237
hnp,sweeping,9,183,0.05181347150259067,95.90000000000006,0,0.0,41,0.41,100,0.005979526583105326,18337
hnp,sweeping,9,184,0.051546391752577324,92.20000000000006,2,0.02,40,0.4,100,0.006624455961864442,18437
hnp,sweeping,9,185,0.05128205128205128,95.60000000000007,0,0.0,44,0.44,100,0.005406031876336783,18537
hnp,sweeping,9,186,0.0510204081632653,95.70000000000006,0,0.0,43,0.43,100,0.006429116406943649,18637
hnp,sweeping,9,187,0.050761421319796954,96.70000000000005,0,0.0,33,0.33,100,0.007540020972955972,18737
hnp,sweeping,9,188,0.050505050505050504,96.10000000000005,0,0.0,39,0.39,100,0.00840410786913708,18837
hnp,sweeping,9,189,0.05025125628140704,96.00000000000006,0,0.0,40,0.4,100,0.006268576802685857,18937
hnp,sweeping,9,190,0.05,94.20000000000006,1,0.01,39,0.39,100,0.00819422758417204,19037
hnp,sweeping,9,191,0.04975124378109452,95.6000000000001,0,0.0,44,0.44,100,0.006288055020850152,19137
hnp,sweeping,9,192,0.04950495049504951,96.50000000000004,0,0.0,35,0.35,100,0.00664036899805069,19237
hnp,sweeping,9,193,0.04926108374384236,96.30000000000005,0,0.0,37,0.37,100,0.006338475006632507,19337
hnp,sweeping,9,194,0.04901960784313726,96.80000000000005,0,0.0,32,0.32,100,0.005509096723981202,19437
hnp,sweeping,9,195,0.04878048780487805,91.80000000000004,2,0.02,44,0.44,100,0.0068193846987560395,19537
hnp,sweeping,9,196,0.04854368932038835,95.50000000000006,0,0.0,45,0.45,100,0.00744320479920134,19637
hnp,sweeping,9,197,0.04830917874396135,92.40000000000003,2,0.02,37,0.37,100,0.005753399252425879,19737
hnp,sweeping,9,198,0.04807692307692307,94.20000000000005,1,0.01,39,0.39,100,0.006557537431363016,19837
hnp,sweeping,9,199,0.04784688995215311,96.80000000000004,0,0.0,32,0.32,100,0.00578047298360616,19937
hnp,sweeping,10,0,1.0,75.8,8,0.08,90,0.9,100,0.14543628214380225,37
hnp,sweeping,10,1,0.9090909090909091,80.60000000000005,6,0.06,79,0.79,100,0.04036803169175982,137
hnp,sweeping,10,2,0.8333333333333334,59.19999999999993,17,0.17,83,0.83,100,0.023280984591692686,237
hnp,sweeping,10,3,0.7692307692307692,72.59999999999998,10,0.1,84,0.84,100,0.013761717327870428,337
hnp,sweeping,10,4,0.7142857142857143,72.09999999999997,10,0.1,87,0.87,100,0.011790954368188977,437
hnp,sweeping,10,5,0.6666666666666666,74.00000000000001,9,0.09,88,0.88,100,0.0077030583354644475,537
hnp,sweeping,10,6,0.625,82.60000000000004,5,0.05,77,0.77,100,0.006074129359330982,637
hnp,sweeping,10,7,0.5882352941176471,80.80000000000001,6,0.06,77,0.77,100,0.0038138565234839914,737
hnp,sweeping,10,8,0.5555555555555556,68.59999999999997,12,0.12,86,0.86,100,0.004533595468383282,837
hnp,sweeping,10,9,0.5263157894736842,80.50000000000001,6,0.06,80,0.8,100,0.005337412802036852,937
hnp,sweeping,10,10,0.5,75.2,9,0.09,76,0.76,100,0.004587168802972883,1037
hnp,sweeping,10,11,0.47619047619047616,84.60000000000007,4,0.04,78,0.78,100,0.0041968546039424836,1137
hnp,sweeping,10,12,0.45454545454545453,78.10000000000001,7,0.07,85,0.85,100,0.008531709092203528,1237
hnp,sweeping,10,13,0.4347826086956522,78.39999999999999,7,0.07,83,0.83,100,0.005552588540595025,1337
hnp,sweeping,10,14,0.4166666666666667,82.80000000000004,5,0.05,75,0.75,100,0.005178544459631666,1437
hnp,sweeping,10,15,0.4,87.20000000000005,3,0.03,71,0.71,100,0.005733090997673571,1537
hnp,sweeping,10,16,0.3846153846153846,83.10000000000004,5,0.05,74,0.74,100,0.005823986976174637,1637
hnp,sweeping,10,17,0.37037037037037035,79.70000000000005,7,0.07,69,0.69,100,0.005484764496795833,1737
hnp,sweeping,10,18,0.35714285714285715,89.00000000000006,2,0.02,71,0.71,100,0.006115294140763581,1837
hnp,sweeping,10,19,0.3448275862068966,89.60000000000004,2,0.02,66,0.66,100,0.006390479332767427,1937
hnp,sweeping,10,20,0.3333333333333333,89.40000000000006,2,0.02,67,0.67,100,0.005271218838170171,2037
hnp,sweeping,10,21,0.3225806451612903,88.40000000000005,3,0.03,59,0.59,100,0.006566570131108165,2137
hnp,sweeping,10,22,0.3125,86.60000000000007,3,0.03,77,0.77,100,0.008257316530216486,2237
hnp,sweeping,10,23,0.30303030303030304,81.40000000000003,6,0.06,72,0.72,100,0.005913201989606023,2337
hnp,sweeping,10,24,0.29411764705882354,80.90000000000003,6,0.06,77,0.77,100,0.007881893950980157,2437
hnp,sweeping,10,25,0.2857142857142857,88.10000000000005,3,0.03,61,0.61,100,0.007916962667368353,2537
hnp,sweeping,10,26,0.2777777777777778,79.60000000000001,7,0.07,68,0.68,100,0.007418400372844189,2637
hnp,sweeping,10,27,0.27027027027027023,91.00000000000006,1,0.01,71,0.71,100,0.010021692272275687,2737
hnp,sweeping,10,28,0.2631578947368421,80.40000000000002,7,0.07,62,0.62,100,0.006844992185942828,2837
hnp,sweeping,10,29,0.25641025641025644,87.10000000000007,3,0.03,72,0.72,100,0.009666806580498814,2937
hnp,sweeping,10,30,0.25,89.50000000000007,2,0.02,66,0.66,100,0.010301526114344596,3037
hnp,sweeping,10,31,0.24390243902439027,90.10000000000005,2,0.02,60,0.6,100,0.007373425259720534,3137
hnp,sweeping,10,32,0.23809523809523808,88.20000000000005,3,0.03,61,0.61,100,0.006719752959907055,3237
hnp,sweeping,10,33,0.23255813953488372,87.30000000000003,4,0.04,49,0.49,100,0.007402681752573699,3337
hnp,sweeping,10,34,0.22727272727272727,87.80000000000007,3,0.03,65,0.65,100,0.00968506968813017,3437
hnp,sweeping,10,35,0.2222222222222222,90.20000000000007,2,0.02,60,0.6,100,0.00806937577901408,3537
hnp,sweeping,10,36,0.2173913043478261,88.00000000000003,3,0.03,61,0.61,100,0.010708496808074414,3637
hnp,sweeping,10,37,0.2127659574468085,90.70000000000005,2,0.02,55,0.55,100,0.008688884889706969,3737
hnp,sweeping,10,38,0.20833333333333334,89.90000000000006,2,0.02,62,0.62,100,0.008742024425882846,3837
hnp,sweeping,10,39,0.2040816326530612,82.10000000000002,6,0.06,64,0.64,100,0.00905963517492637,3937
hnp,sweeping,10,40,0.2,82.00000000000003,6,0.06,66,0.66,100,0.009085228606127203,4037
hnp,sweeping,10,41,0.19607843137254904,88.10000000000008,3,0.03,62,0.62,100,0.008130168404895811,4137
hnp,sweeping,10,42,0.1923076923076923,86.40000000000003,4,0.04,59,0.59,100,0.00946348458295688,4237
hnp,sweeping,10,43,0.18867924528301888,88.40000000000003,3,0.03,59,0.59,100,0.009578058088663965,4337
hnp,sweeping,10,44,0.18518518518518517,89.50000000000006,2,0.02,67,0.67,100,0.009874272281304003,4437
hnp,sweeping,10,45,0.18181818181818182,84.50000000000003,5,0.05,60,0.6,100,0.012312822479289024,4537
hnp,sweeping,10,46,0.17857142857142858,88.20000000000005,3,0.03,61,0.61,100,0.010437747589312494,4637
hnp,sweeping,10,47,0.17543859649122806,90.40000000000006,2,0.02,58,0.58,100,0.008359977995278314,4737
hnp,sweeping,10,48,0.1724137931034483,84.40000000000002,5,0.05,61,0.61,100,0.007830441964324563,4837
hnp,sweeping,10,49,0.1694915254237288,90.70000000000009,2,0.02,55,0.55,100,0.008523220007773488,4937
hnp,sweeping,10,50,0.16666666666666666,92.40000000000006,1,0.01,57,0.57,100,0.009676900831982494,5037
hnp,sweeping,10,51,0.1639344262295082,94.60000000000005,0,0.0,54,0.54,100,0.011844034823589027,5137
hnp,sweeping,10,52,0.16129032258064516,90.80000000000005,2,0.02,53,0.53,100,0.008977324918378144,5237
hnp,sweeping,10,53,0.15873015873015872,88.90000000000006,3,0.03,53,0.53,100,0.007957453839480877,5337
hnp,sweeping,10,54,0.15625,92.00000000000007,1,0.01,61,0.61,100,0.008119295670185237,5437
hnp,sweeping,10,55,0.15384615384615385,92.80000000000007,1,0.01,53,0.53,100,0.008757028051186354,5537
hnp,sweeping,10,56,0.15151515151515152,93.00000000000006,1,0.01,51,0.51,100,0.007766338489018381,5637
hnp,sweeping,10,57,0.14925373134328357,90.70000000000005,2,0.02,55,0.55,100,0.009654904336202889,5737
hnp,sweeping,10,58,0.14705882352941177,90.80000000000004,2,0.02,54,0.54,100,0.00848420535447076,5837
hnp,sweeping,10,59,0.14492753623188406,91.20000000000006,2,0.02,50,0.5,100,0.007957041908521206,5937
hnp,sweeping,10,60,0.14285714285714285,92.40000000000006,1,0.01,57,0.57,100,0.00849974837852642,6037
hnp,sweeping,10,61,0.14084507042253522,90.50000000000007,2,0.02,57,0.57,100,0.008450783358421176,6137
hnp,sweeping,10,62,0.1388888888888889,95.00000000000006,0,0.0,50,0.5,100,0.0073991668410599235,6237
hnp,sweeping,10,63,0.136986301369863,91.70000000000007,1,0.01,64,0.64,100,0.00790152810048312,6337
hnp,sweeping,10,64,0.13513513513513511,93.30000000000004,1,0.01,48,0.48,100,0.010863585870247335,6437
hnp,sweeping,10,65,0.13333333333333333,93.30000000000005,1,0.01,48,0.48,100,0.00936373463831842,6537
hnp,sweeping,10,66,0.13157894736842105,88.30000000000005,3,0.03,59,0.59,100,0.00826590823708102,6637
hnp,sweeping,10,67,0.12987012987012986,88.00000000000003,4,0.04,44,0.44,100,0.00810683520976454,6737
hnp,sweeping,10,68,0.12820512820512822,95.40000000000006,0,0.0,46,0.46,100,0.007258525856304914,6837
hnp,sweeping,10,69,0.12658227848101264,94.50000000000009,0,0.0,55,0.55,100,0.010315312631428241,6937
hnp,sweeping,10,70,0.125,93.20000000000007,1,0.01,49,0.49,100,0.008432955332100391,7037
hnp,sweeping,10,71,0.1234567901234568,88.80000000000005,3,0.03,54,0.54,100,0.009143470677081496,7137
hnp,sweeping,10,72,0.12195121951219513,87.50000000000006,4,0.04,49,0.49,100,0.007680917030666023,7237
hnp,sweeping,10,73,0.12048192771084336,91.50000000000003,2,0.02,46,0.46,100,0.008651200206950307,7337
hnp,sweeping,10,74,0.11904761904761904,90.90000000000006,2,0.02,53,0.53,100,0.009860531284939498,7437
hnp,sweeping,10,75,0.11764705882352941,95.30000000000007,0,0.0,47,0.47,100,0.008663495965301991,7537
hnp,sweeping,10,76,0.11627906976744186,93.20000000000007,1,0.01,49,0.49,100,0.008476422403473407,7637
hnp,sweeping,10,77,0.1149425287356322,93.20000000000005,1,0.01,49,0.49,100,0.008422311178874224,7737
hnp,sweeping,10,78,0.11363636363636363,94.50000000000007,0,0.0,55,0.55,100,0.008648025272414088,7837
hnp,sweeping,10,79,0.11235955056179775,89.40000000000003,3,0.03,49,0.49,100,0.007616014215163887,7937
hnp,sweeping,10,80,0.1111111111111111,94.90000000000009,0,0.0,51,0.51,100,0.007933204360306263,8037
hnp,sweeping,10,81,0.10989010989010989,89.20000000000002,3,0.03,51,0.51,100,0.00920853975461796,8137
hnp,sweeping,10,82,0.10869565217391305,92.40000000000009,1,0.01,57,0.57,100,0.010335312435636297,8237
hnp,sweeping,10,83,0.1075268817204301,92.90000000000008,1,0.01,52,0.52,100,0.009754293735604734,8337
hnp,sweeping,10,84,0.10638297872340426,91.60000000000002,2,0.02,46,0.46,100,0.007853830349631608,8437
hnp,sweeping,10,85,0.10526315789473684,89.00000000000003,3,0.03,53,0.53,100,0.008129679439589381,8537
hnp,sweeping,10,86,0.10416666666666667,92.10000000000002,2,0.02,41,0.41,100,0.008183814699295909,8637
hnp,sweeping,10,87,0.10309278350515465,90.60000000000005,2,0.02,56,0.56,100,0.009388152402825653,8737
hnp,sweeping,10,88,0.1020408163265306,91.00000000000003,2,0.02,52,0.52,100,0.007123658678028733,8837
hnp,sweeping,10,89,0.10101010101010101,87.00000000000003,4,0.04,54,0.54,100,0.00740365848178044,8937
hnp,sweeping,10,90,0.1,95.90000000000003,0,0.0,41,0.41,100,0.005851424275897443,9037
hnp,sweeping,10,91,0.09900990099009901,96.20000000000002,0,0.0,38,0.38,100,0.009002881655469537,9137
hnp,sweeping,10,92,0.09803921568627452,93.70000000000003,1,0.01,44,0.44,100,0.007438388294540346,9237
hnp,sweeping,10,93,0.0970873786407767,95.70000000000006,0,0.0,43,0.43,100,0.007184267586562782,9337
hnp,sweeping,10,94,0.09615384615384615,94.10000000000002,1,0.01,39,0.39,100,0.007524057673290372,9437
hnp,sweeping,10,95,0.09523809523809523,95.30000000000007,0,0.0,47,0.47,100,0.007840209875721484,9537
hnp,sweeping,10,96,0.09433962264150944,94.20000000000003,1,0.01,39,0.39,100,0.0063915777718648314,9637
hnp,sweeping,10,97,0.09345794392523366,93.70000000000002,1,0.01,43,0.43,100,0.007908437927253544,9737
hnp,sweeping,10,98,0.09259259259259259,94.20000000000005,1,0.01,39,0.39,100,0.010973328934051096,9837
hnp,sweeping,10,99,0.09174311926605504,91.50000000000006,2,0.02,47,0.47,100,0.01170169038232416,9937
hnp,sweeping,10,100,0.09090909090909091,93.70000000000005,1,0.01,43,0.43,100,0.009947072705253959,10037
hnp,sweeping,10,101,0.0900900900900901,93.50000000000003,1,0.01,46,0.46,100,0.007600669062230736,10137
hnp,sweeping,10,102,0.08928571428571429,93.80000000000005,1,0.01,42,0.42,100,0.008633011928759515,10237
hnp,sweeping,10,103,0.08849557522123894,93.00000000000003,1,0.01,51,0.51,100,0.006916259308345616,10337
hnp,sweeping,10,104,0.08771929824561403,93.80000000000007,1,0.01,43,0.43,100,0.007095713408198208,10437
hnp,sweeping,10,105,0.08695652173913043,95.70000000000007,0,0.0,43,0.43,100,0.007045025029219687,10537
hnp,sweeping,10,106,0.08620689655172414,93.40000000000006,1,0.01,47,0.47,100,0.00751735815545544,10637
hnp,sweeping,10,107,0.08547008547008547,95.00000000000007,0,0.0,50,0.5,100,0.007266323387157172,10737
hnp,sweeping,10,108,0.0847457627118644,95.00000000000006,0,0.0,50,0.5,100,0.008678574294317514,10837
hnp,sweeping,10,109,0.08403361344537814,95.30000000000004,0,0.0,47,0.47,100,0.00880727990763262,10937
hnp,sweeping,10,110,0.08333333333333333,89.40000000000002,3,0.03,49,0.49,100,0.0092620655358769,11037
hnp,sweeping,10,111,0.08264462809917356,93.10000000000004,1,0.01,50,0.5,100,0.00874830266693607,11137
hnp,sweeping,10,112,0.0819672131147541,95.20000000000005,0,0.0,48,0.48,100,0.009707770368549973,11237
hnp,sweeping,10,113,0.08130081300813008,92.70000000000005,1,0.01,54,0.54,100,0.006777574070729315,11337
hnp,sweeping,10,114,0.08064516129032258,94.10000000000005,1,0.01,40,0.4,100,0.006449182393262163,11437
hnp,sweeping,10,115,0.08,91.80000000000004,2,0.02,44,0.44,100,0.006831184437032789,11537
hnp,sweeping,10,116,0.07936507936507936,95.70000000000005,0,0.0,43,0.43,100,0.00883335375227034,11637
hnp,sweeping,10,117,0.07874015748031496,93.60000000000002,1,0.01,45,0.45,100,0.006900600823573768,11737
hnp,sweeping,10,118,0.078125,89.70000000000003,3,0.03,44,0.44,100,0.009327351367101073,11837
hnp,sweeping,10,119,0.07751937984496124,96.60000000000004,0,0.0,34,0.34,100,0.009517456430476159,11937
hnp,sweeping,10,120,0.07692307692307693,86.50000000000003,4,0.04,59,0.59,100,0.008923792570130899,12037
hnp,sweeping,10,121,0.07633587786259542,94.50000000000003,1,0.01,35,0.35,100,0.007452018498443067,12137
hnp,sweeping,10,122,0.07575757575757576,93.20000000000005,1,0.01,49,0.49,100,0.007257086165482179,12237
hnp,sweeping,10,123,0.07518796992481203,93.80000000000007,1,0.01,43,0.43,100,0.007434413135051728,12337
hnp,sweeping,10,124,0.07462686567164178,96.60000000000002,0,0.0,34,0.34,100,0.008798351504374295,12437
hnp,sweeping,10,125,0.07407407407407407,93.70000000000006,1,0.01,44,0.44,100,0.010178517499007285,12537
hnp,sweeping,10,126,0.07352941176470588,95.60000000000005,0,0.0,44,0.44,100,0.00830679025151767,12637
hnp,sweeping,10,127,0.07299270072992702,90.60000000000005,2,0.02,56,0.56,100,0.010039276550523937,12737
hnp,sweeping,10,128,0.07246376811594203,89.30000000000004,3,0.03,50,0.5,100,0.009379402580671013,12837
hnp,sweeping,10,129,0.07194244604316546,96.20000000000005,0,0.0,38,0.38,100,0.006696762449573726,12937
hnp,sweeping,10,130,0.07142857142857142,94.10000000000005,1,0.01,39,0.39,100,0.007660649353638292,13037
hnp,sweeping,10,131,0.07092198581560284,93.90000000000003,1,0.01,42,0.42,100,0.007623260874534026,13137
hnp,sweeping,10,132,0.07042253521126761,89.70000000000002,3,0.03,46,0.46,100,0.006850422315765172,13237
hnp,sweeping,10,133,0.06993006993006992,92.20000000000005,2,0.02,38,0.38,100,0.0060561457369476554,13337
hnp,sweeping,10,134,0.06944444444444445,91.00000000000006,2,0.02,52,0.52,100,0.009607076125685126,13437
hnp,sweeping,10,135,0.06896551724137931,88.60000000000004,3,0.03,57,0.57,100,0.008245662273839115,13537
hnp,sweeping,10,136,0.0684931506849315,92.40000000000006,2,0.02,38,0.38,100,0.006638711374253034,13637
hnp,sweeping,10,137,0.06802721088435375,96.10000000000005,0,0.0,39,0.39,100,0.007999511526431888,13737
hnp,sweeping,10,138,0.06756756756756756,95.70000000000006,0,0.0,43,0.43,100,0.012084649552125484,13837
hnp,sweeping,10,139,0.06711409395973154,95.50000000000007,0,0.0,45,0.45,100,0.011858869311399758,13937
hnp,sweeping,10,140,0.06666666666666667,95.50000000000004,0,0.0,45,0.45,100,0.007973276714328676,14037
hnp,sweeping,10,141,0.06622516556291391,91.90000000000006,2,0.02,43,0.43,100,0.007352888947352767,14137
hnp,sweeping,10,142,0.06578947368421052,89.80000000000004,3,0.03,44,0.44,100,0.012738143815658987,14237
hnp,sweeping,10,143,0.06535947712418301,95.40000000000005,0,0.0,46,0.46,100,0.010637011537328362,14337
hnp,sweeping,10,144,0.06493506493506493,93.50000000000006,1,0.01,46,0.46,100,0.009015758780296892,14437
hnp,sweeping,10,145,0.06451612903225806,96.00000000000004,0,0.0,40,0.4,100,0.007899599918164312,14537
hnp,sweeping,10,146,0.06410256410256411,93.50000000000004,1,0.01,46,0.46,100,0.008894666300620883,14637
hnp,sweeping,10,147,0.06369426751592357,96.00000000000004,0,0.0,40,0.4,100,0.009043252882547677,14737
hnp,sweeping,10,148,0.06329113924050632,93.80000000000005,1,0.01,43,0.43,100,0.0068616331089288,14837
hnp,sweeping,10,149,0.06289308176100629,92.10000000000004,2,0.02,41,0.41,100,0.00621368273277767,14937
hnp,sweeping,10,150,0.0625,94.10000000000007,1,0.01,40,0.4,100,0.010396534437313676,15037
hnp,sweeping,10,151,0.06211180124223602,95.60000000000007,0,0.0,44,0.44,100,0.00829320453805849,15137
hnp,sweeping,10,152,0.0617283950617284,95.70000000000012,0,0.0,43,0.43,100,0.007095099401194602,15237
hnp,sweeping,10,153,0.06134969325153374,93.70000000000007,1,0.01,44,0.44,100,0.00803716064663604,15337
hnp,sweeping,10,154,0.06097560975609757,94.10000000000005,1,0.01,40,0.4,100,0.008360834172926844,15437
hnp,sweeping,10,155,0.06060606060606061,92.40000000000003,2,0.02,38,0.38,100,0.007310829372145235,15537
hnp,sweeping,10,156,0.06024096385542168,95.60000000000007,0,0.0,44,0.44,100,0.00658360623754561,15637
hnp,sweeping,10,157,0.059880239520958084,94.10000000000005,1,0.01,40,0.4,100,0.01000749294878915,15737
hnp,sweeping,10,158,0.05952380952380952,95.90000000000003,0,0.0,41,0.41,100,0.00577021379256621,15837
hnp,sweeping,10,159,0.0591715976331361,96.40000000000002,0,0.0,36,0.36,100,0.007373239647131413,15937
hnp,sweeping,10,160,0.058823529411764705,94.80000000000003,1,0.01,33,0.33,100,0.006972306258976459,16037
hnp,sweeping,10,161,0.05847953216374269,96.20000000000003,0,0.0,38,0.38,100,0.007600489058531821,16137
hnp,sweeping,10,162,0.05813953488372093,93.50000000000003,1,0.01,45,0.45,100,0.007894513120409102,16237
hnp,sweeping,10,163,0.057803468208092484,94.40000000000003,1,0.01,37,0.37,100,0.007050513678696007,16337
hnp,sweeping,10,164,0.0574712643678161,93.40000000000005,1,0.01,47,0.47,100,0.007898872613441198,16437
hnp,sweeping,10,165,0.05714285714285714,96.40000000000002,0,0.0,36,0.36,100,0.006856830469332636,16537
hnp,sweeping,10,166,0.056818181818181816,95.70000000000005,0,0.0,43,0.43,100,0.007363071404397487,16637
hnp,sweeping,10,167,0.05649717514124294,94.20000000000002,1,0.01,39,0.39,100,0.006570760826580226,16737
hnp,sweeping,10,168,0.056179775280898875,96.40000000000005,0,0.0,36,0.36,100,0.0053084747830871495,16837
hnp,sweeping,10,169,0.0558659217877095,96.30000000000004,0,0.0,37,0.37,100,0.008256839946843684,16937
hnp,sweeping,10,170,0.05555555555555555,96.10000000000004,0,0.0,39,0.39,100,0.005003136105369776,17037
hnp,sweeping,10,171,0.055248618784530384,96.10000000000005,0,0.0,39,0.39,100,0.0064766017720103266,17137
hnp,sweeping,10,172,0.054945054945054944,94.10000000000001,1,0.01,40,0.4,100,0.00732619013870135,17237
hnp,sweeping,10,173,0.0546448087431694,94.20000000000003,1,0.01,39,0.39,100,0.006574888622853905,17337
hnp,sweeping,10,174,0.05434782608695653,91.80000000000007,2,0.02,44,0.44,100,0.008837225204333663,17437
hnp,sweeping,10,175,0.05405405405405406,96.80000000000004,0,0.0,32,0.32,100,0.007013437440618873,17537
hnp,sweeping,10,176,0.05376344086021505,95.70000000000005,0,0.0,43,0.43,100,0.01191020033787936,17637
hnp,sweeping,10,177,0.053475935828877004,94.10000000000005,1,0.01,40,0.4,100,0.007561077568680048,17737
hnp,sweeping,10,178,0.05319148936170213,94.10000000000007,1,0.01,40,0.4,100,0.006448707242961973,17837
hnp,sweeping,10,179,0.052910052910052914,96.00000000000006,0,0.0,40,0.4,100,0.0050244634924456475,17937
hnp,sweeping,10,180,0.05263157894736842,93.80000000000005,1,0.01,42,0.42,100,0.006437026241328568,18037
hnp,sweeping,10,181,0.05235602094240837,93.80000000000005,1,0.01,43,0.43,100,0.006317885096650571,18137
hnp,sweeping,10,182,0.052083333333333336,96.10000000000008,0,0.0,39,0.39,100,0.008626345105003565,18237
hnp,sweeping,10,183,0.05181347150259067,96.10000000000004,0,0.0,39,0.39,100,0.008226963866036385,18337
hnp,sweeping,10,184,0.051546391752577324,94.00000000000006,1,0.01,41,0.41,100,0.004237800322007388,18437
hnp,sweeping,10,185,0.05128205128205128,93.50000000000003,1,0.01,46,0.46,100,0.006063959393650294,18537
hnp,sweeping,10,186,0.0510204081632653,96.00000000000004,0,0.0,40,0.4,100,0.007872569302562624,18637
hnp,sweeping,10,187,0.050761421319796954,93.50000000000004,1,0.01,46,0.46,100,0.007781132478266954,18737
hnp,sweeping,10,188,0.050505050505050504,94.40000000000006,1,0.01,37,0.37,100,0.006028132914798335,18837
hnp,sweeping,10,189,0.05025125628140704,96.20000000000005,0,0.0,38,0.38,100,0.0099596581235528,18937
hnp,sweeping,10,190,0.05,95.80000000000007,0,0.0,42,0.42,100,0.007235156900715083,19037
hnp,sweeping,10,191,0.04975124378109452,93.80000000000007,1,0.01,43,0.43,100,0.005647543767699972,19137
hnp,sweeping,10,192,0.04950495049504951,94.00000000000004,1,0.01,41,0.41,100,0.005483643149491399,19237
hnp,sweeping,10,193,0.04926108374384236,96.30000000000004,0,0.0,37,0.37,100,0.004668922544224188,19337
hnp,sweeping,10,194,0.04901960784313726,96.50000000000004,0,0.0,35,0.35,100,0.004841846548952162,19437
hnp,sweeping,10,195,0.04878048780487805,96.70000000000005,0,0.0,33,0.33,100,0.0065385397663339975,19537
hnp,sweeping,10,196,0.04854368932038835,95.70000000000006,0,0.0,43,0.43,100,0.006374503595288843,19637
hnp,sweeping,10,197,0.04830917874396135,96.00000000000007,0,0.0,40,0.4,100,0.005749510910827666,19737
hnp,sweeping,10,198,0.04807692307692307,96.20000000000005,0,0.0,38,0.38,100,0.005681866483064369,19837
hnp,sweeping,10,199,0.04784688995215311,97.10000000000005,0,0.0,29,0.29,100,0.005764350104145706,19937
matched,sweeping,1,0,1.0,78.30000000000001,7,0.07,82,0.82,100,0.08588349829251701,37
matched,sweeping,1,1,0.9090909090909091,68.89999999999996,12,0.12,80,0.8,100,0.02109303413890302,137
matched,sweeping,1,2,0.8333333333333334,69.99999999999997,11,0.11,87,0.87,100,0.01974941499531269,237
matched,sweeping,1,3,0.7692307692307692,72.49999999999999,10,0.1,85,0.85,100,0.019845447223633527,337
matched,sweeping,1,4,0.7142857142857143,70.49999999999997,11,0.11,86,0.86,100,0.022884732512757182,437
matched,sweeping,1,5,0.6666666666666666,82.30000000000003,5,0.05,80,0.8,100,0.019047106243669988,537
matched,sweeping,1,6,0.625,76.20000000000002,8,0.08,85,0.85,100,0.015860738470219075,637
matched,sweeping,1,7,0.5882352941176471,74.89999999999999,9,0.09,78,0.78,100,0.016023693354800344,737
matched,sweeping,1,8,0.5555555555555556,75.20000000000002,9,0.09,76,0.76,100,0.018984913588501514,837
matched,sweeping,1,9,0.5263157894736842,80.80000000000004,6,0.06,77,0.77,100,0.015506968405097722,937
matched,sweeping,1,10,0.5,77.80000000000003,8,0.08,69,0.69,100,0.014825586718507111,1037
matched,sweeping,1,11,0.47619047619047616,69.99999999999997,12,0.12,70,0.7,100,0.01446552469395101,1137
matched,sweeping,1,12,0.45454545454545453,81.00000000000004,6,0.06,75,0.75,100,0.015333424066193401,1237
matched,sweeping,1,13,0.4347826086956522,74.30000000000001,10,0.1,65,0.65,100,0.01297492573503405,1337
matched,sweeping,1,14,0.4166666666666667,88.60000000000008,2,0.02,76,0.76,100,0.015120237339287997,1437
matched,sweeping,1,15,0.4,84.30000000000003,5,0.05,62,0.62,100,0.015415018443018198,1537
matched,sweeping,1,16,0.3846153846153846,88.20000000000005,3,0.03,61,0.61,100,0.014603688628412784,1637
matched,sweeping,1,17,0.37037037037037035,84.70000000000003,5,0.05,58,0.58,100,0.023394591193646192,1737
matched,sweeping,1,18,0.35714285714285715,87.80000000000004,3,0.03,64,0.64,100,0.01825194831006229,1837
matched,sweeping,1,19,0.3448275862068966,91.60000000000005,1,0.01,65,0.65,100,0.016592349335551263,1937
matched,sweeping,1,20,0.3333333333333333,94.80000000000005,0,0.0,52,0.52,100,0.02657924490980804,2037
matched,sweeping,1,21,0.3225806451612903,80.40000000000002,7,0.07,61,0.61,100,0.030004688687622547,2137
matched,sweeping,1,22,0.3125,84.50000000000003,5,0.05,60,0.6,100,0.016892793145962058,2237
matched,sweeping,1,23,0.30303030303030304,74.29999999999998,10,0.1,66,0.66,100,0.015094170793890953,2337
matched,sweeping,1,24,0.29411764705882354,88.40000000000003,3,0.03,58,0.58,100,0.017432025824673472,2437
matched,sweeping,1,25,0.2857142857142857,90.8000000000001,2,0.02,54,0.54,100,0.020468789637088775,2537
matched,sweeping,1,26,0.2777777777777778,81.80000000000004,7,0.07,48,0.48,100,0.01796819442883134,2637
matched,sweeping,1,27,0.27027027027027023,86.70000000000005,4,0.04,57,0.57,100,0.019956577084958554,2737
matched,sweeping,1,28,0.2631578947368421,90.80000000000004,2,0.02,54,0.54,100,0.02706079004332423,2837
matched,sweeping,1,29,0.25641025641025644,93.60000000000008,0,0.0,64,0.64,100,0.021406240058131517,2937
matched,sweeping,1,30,0.25,79.70000000000002,8,0.08,51,0.51,100,0.020259648244827986,3037
matched,sweeping,1,31,0.24390243902439027,93.30000000000005,1,0.01,48,0.48,100,0.016136392010375856,3137
matched,sweeping,1,32,0.23809523809523808,89.00000000000004,3,0.03,53,0.53,100,0.022155262595042587,3237
matched,sweeping,1,33,0.23255813953488372,84.50000000000006,5,0.05,60,0.6,100,0.021105626560747624,3337
matched,sweeping,1,34,0.22727272727272727,92.50000000000006,1,0.01,56,0.56,100,0.02394635700620711,3437
matched,sweeping,1,35,0.2222222222222222,85.50000000000001,5,0.05,50,0.5,100,0.017873160117305817,3537
matched,sweeping,1,36,0.2173913043478261,85.80000000000003,5,0.05,45,0.45,100,0.017022173148579896,3637
matched,sweeping,1,37,0.2127659574468085,87.40000000000003,4,0.04,49,0.49,100,0.01934504953213036,3737
matched,sweeping,1,38,0.20833333333333334,88.80000000000005,3,0.03,55,0.55,100,0.015859215571545064,3837
matched,sweeping,1,39,0.2040816326530612,88.90000000000003,3,0.03,53,0.53,100,0.01635927028954029,3937
matched,sweeping,1,40,0.2,91.00000000000006,2,0.02,52,0.52,100,0.017841913946904243,4037
matched,sweeping,1,41,0.19607843137254904,91.30000000000008,2,0.02,49,0.49,100,0.02109074853360653,4137
matched,sweeping,1,42,0.1923076923076923,91.10000000000005,2,0.02,51,0.51,100,0.02443679022602737,4237
matched,sweeping,1,43,0.18867924528301888,91.20000000000002,2,0.02,50,0.5,100,0.022894689971581103,4337
matched,sweeping,1,44,0.18518518518518517,93.70000000000007,1,0.01,44,0.44,100,0.01954985074698925,4437
matched,sweeping,1,45,0.18181818181818182,92.60000000000007,1,0.01,55,0.55,100,0.01951535795349628,4537
matched,sweeping,1,46,0.17857142857142858,87.30000000000004,4,0.04,50,0.5,100,0.01765177194029093,4637
matched,sweeping,1,47,0.17543859649122806,86.60000000000001,4,0.04,58,0.58,100,0.022348058498464524,4737
matched,sweeping,1,48,0.1724137931034483,92.70000000000005,1,0.01,54,0.54,100,0.018498681485652924,4837
matched,sweeping,1,49,0.1694915254237288,86.30000000000003,5,0.05,42,0.42,100,0.018653355254791677,4937
matched,sweeping,1,50,0.16666666666666666,93.00000000000006,1,0.01,51,0.51,100,0.01813868193421513,5037
matched,sweeping,1,51,0.1639344262295082,86.50000000000004,4,0.04,58,0.58,100,0.019679120774380863,5137
matched,sweeping,1,52,0.16129032258064516,82.30000000000004,6,0.06,63,0.63,100,0.01711951144039631,5237
matched,sweeping,1,53,0.15873015873015872,91.10000000000005,2,0.02,51,0.51,100,0.01790397217962891,5337
matched,sweeping,1,54,0.15625,88.30000000000004,4,0.04,40,0.4,100,0.015449185920879245,5437
matched,sweeping,1,55,0.15384615384615385,94.30000000000004,1,0.01,38,0.38,100,0.01580946444068104,5537
matched,sweeping,1,56,0.15151515151515152,85.40000000000002,5,0.05,49,0.49,100,0.017255345210433006,5637
matched,sweeping,1,57,0.14925373134328357,92.10000000000004,2,0.02,41,0.41,100,0.018495338819921017,5737
matched,sweeping,1,58,0.14705882352941177,93.50000000000007,1,0.01,46,0.46,100,0.01658662611618638,5837
matched,sweeping,1,59,0.14492753623188406,95.20000000000006,0,0.0,48,0.48,100,0.015462388140149415,5937
matched,sweeping,1,60,0.14285714285714285,85.80000000000005,5,0.05,47,0.47,100,0.01590530887246132,6037
matched,sweeping,1,61,0.14084507042253522,91.10000000000004,2,0.02,50,0.5,100,0.018901233254000546,6137
matched,sweeping,1,62,0.1388888888888889,93.40000000000006,1,0.01,47,0.47,100,0.01714610744267702,6237
matched,sweeping,1,63,0.136986301369863,83.6,6,0.06,49,0.49,100,0.01816746458876878,6337
matched,sweeping,1,64,0.13513513513513511,95.40000000000006,0,0.0,46,0.46,100,0.01625567759387195,6437
matched,sweeping,1,65,0.13333333333333333,94.00000000000004,1,0.01,41,0.41,100,0.022145844302140175,6537
matched,sweeping,1,66,0.13157894736842105,95.80000000000005,0,0.0,42,0.42,100,0.015253967496100813,6637
matched,sweeping,1,67,0.12987012987012986,87.80000000000004,4,0.04,46,0.46,100,0.017651690770871937,6737
matched,sweeping,1,68,0.12820512820512822,87.80000000000004,4,0.04,46,0.46,100,0.019691181532107294,6837
matched,sweeping,1,69,0.12658227848101264,93.90000000000003,1,0.01,42,0.42,100,0.017760512777604164,6937
matched,sweeping,1,70,0.125,88.50000000000004,4,0.04,38,0.38,100,0.017363122859969736,7037
matched,sweeping,1,71,0.1234567901234568,90.10000000000005,3,0.03,42,0.42,100,0.015616833977401257,7137
matched,sweeping,1,72,0.12195121951219513,93.00000000000007,1,0.01,51,0.51,100,0.015461022960953414,7237
matched,sweeping,1,73,0.12048192771084336,93.50000000000004,1,0.01,46,0.46,100,0.01729832378681749,7337
matched,sweeping,1,74,0.11904761904761904,90.10000000000004,3,0.03,42,0.42,100,0.01890255547594279,7437
matched,sweeping,1,75,0.11764705882352941,95.80000000000003,0,0.0,42,0.42,100,0.015415701819583773,7537
matched,sweeping,1,76,0.11627906976744186,93.90000000000002,1,0.01,42,0.42,100,0.016557361735031008,7637
matched,sweeping,1,77,0.1149425287356322,90.70000000000002,3,0.03,35,0.35,100,0.016518030604347585,7737
matched,sweeping,1,78,0.11363636363636363,95.80000000000003,0,0.0,42,0.42,100,0.015637853108346464,7837
matched,sweeping,1,79,0.11235955056179775,91.50000000000004,2,0.02,47,0.47,100,0.013509174180217087,7937
matched,sweeping,1,80,0.1111111111111111,90.00000000000006,3,0.03,43,0.43,100,0.017620331472717226,8037
matched,sweeping,1,81,0.10989010989010989,91.50000000000004,2,0.02,46,0.46,100,0.017649929448962213,8137
matched,sweeping,1,82,0.10869565217391305,95.90000000000005,0,0.0,41,0.41,100,0.016596128055825828,8237
matched,sweeping,1,83,0.1075268817204301,94.60000000000005,1,0.01,35,0.35,100,0.01750109744258225,8337
matched,sweeping,1,84,0.10638297872340426,96.20000000000007,0,0.0,38,0.38,100,0.014366216603666543,8437
matched,sweeping,1,85,0.10526315789473684,95.80000000000005,0,0.0,42,0.42,100,0.014419348943047226,8537
matched,sweeping,1,86,0.10416666666666667,93.50000000000004,1,0.01,46,0.46,100,0.01426952947396785,8637
matched,sweeping,1,87,0.10309278350515465,92.50000000000004,2,0.02,37,0.37,100,0.013145582182332874,8737
matched,sweeping,1,88,0.1020408163265306,94.20000000000005,1,0.01,39,0.39,100,0.014136688760481774,8837
matched,sweeping,1,89,0.10101010101010101,88.00000000000001,4,0.04,43,0.43,100,0.016648918236605824,8937
matched,sweeping,1,90,0.1,92.00000000000003,2,0.02,42,0.42,100,0.0177260058792308,9037
matched,sweeping,1,91,0.09900990099009901,96.40000000000005,0,0.0,36,0.36,100,0.016349537367932498,9137
matched,sweeping,1,92,0.09803921568627452,95.80000000000005,0,0.0,42,0.42,100,0.016691243508830667,9237
matched,sweeping,1,93,0.0970873786407767,90.20000000000003,3,0.03,40,0.4,100,0.013717648414894939,9337
matched,sweeping,1,94,0.09615384615384615,93.30000000000007,1,0.01,48,0.48,100,0.01563123557716608,9437
matched,sweeping,1,95,0.09523809523809523,92.30000000000004,2,0.02,38,0.38,100,0.015911626722663642,9537
matched,sweeping,1,96,0.09433962264150944,95.50000000000007,0,0.0,45,0.45,100,0.016072346987202765,9637
matched,sweeping,1,97,0.09345794392523366,96.00000000000006,0,0.0,40,0.4,100,0.014436243283562362,9737
matched,sweeping,1,98,0.09259259259259259,96.20000000000007,0,0.0,38,0.38,100,0.016307351705618204,9837
matched,sweeping,1,99,0.09174311926605504,94.70000000000003,1,0.01,34,0.34,100,0.014169351877644659,9937
matched,sweeping,1,100,0.09090909090909091,92.20000000000005,2,0.02,40,0.4,100,0.014479216840118169,10037
matched,sweeping,1,101,0.0900900900900901,93.90000000000005,1,0.01,42,0.42,100,0.014157004351727665,10137
matched,sweeping,1,102,0.08928571428571429,93.30000000000004,1,0.01,48,0.48,100,0.013959008203819394,10237
matched,sweeping,1,103,0.08849557522123894,94.20000000000005,1,0.01,38,0.38,100,0.015860301437787713,10337
matched,sweeping,1,104,0.08771929824561403,94.50000000000003,1,0.01,36,0.36,100,0.012984718391671778,10437
matched,sweeping,1,105,0.08695652173913043,94.60000000000005,1,0.01,35,0.35,100,0.017305570603348315,10537
matched,sweeping,1,106,0.08620689655172414,94.90000000000008,0,0.0,51,0.51,100,0.015858542085625232,10637
matched,sweeping,1,107,0.08547008547008547,95.20000000000007,0,0.0,48,0.48,100,0.0139875748148188,10737
matched,sweeping,1,108,0.0847457627118644,96.90000000000003,0,0.0,31,0.31,100,0.014626968684606254,10837
matched,sweeping,1,109,0.08403361344537814,95.00000000000003,1,0.01,31,0.31,100,0.013045312277972699,10937
matched,sweeping,1,110,0.08333333333333333,92.10000000000005,2,0.02,41,0.41,100,0.017019202248193324,11037
matched,sweeping,1,111,0.08264462809917356,91.80000000000001,2,0.02,44,0.44,100,0.016935955430381,11137
matched,sweeping,1,112,0.0819672131147541,96.00000000000006,0,0.0,40,0.4,100,0.0122910664556548,11237
matched,sweeping,1,113,0.08130081300813008,96.10000000000002,0,0.0,39,0.39,100,0.013989664996042848,11337
matched,sweeping,1,114,0.08064516129032258,90.50000000000004,3,0.03,38,0.38,100,0.014017728534527122,11437
matched,sweeping,1,115,0.08,94.40000000000003,1,0.01,37,0.37,100,0.012695582523010672,11537
matched,sweeping,1,116,0.07936507936507936,93.80000000000005,1,0.01,43,0.43,100,0.014495799439027906,11637
matched,sweeping,1,117,0.07874015748031496,97.10000000000005,0,0.0,29,0.29,100,0.014823415027931332,11737
matched,sweeping,1,118,0.078125,94.30000000000004,1,0.01,38,0.38,100,0.013764674039557577,11837
matched,sweeping,1,119,0.07751937984496124,92.40000000000003,2,0.02,38,0.38,100,0.011224464173428714,11937
matched,sweeping,1,120,0.07692307692307693,96.40000000000006,0,0.0,36,0.36,100,0.011560304905287921,12037
matched,sweeping,1,121,0.07633587786259542,94.50000000000006,1,0.01,36,0.36,100,0.016588077186606823,12137
matched,sweeping,1,122,0.07575757575757576,94.10000000000005,1,0.01,40,0.4,100,0.012069826750084757,12237
matched,sweeping,1,123,0.07518796992481203,94.60000000000005,1,0.01,35,0.35,100,0.010095784650184214,12337
matched,sweeping,1,124,0.07462686567164178,94.30000000000004,1,0.01,38,0.38,100,0.012249237177893519,12437
matched,sweeping,1,125,0.07407407407407407,95.90000000000006,0,0.0,41,0.41,100,0.014885267820209264,12537
matched,sweeping,1,126,0.07352941176470588,94.50000000000006,1,0.01,36,0.36,100,0.01447736461646855,12637
matched,sweeping,1,127,0.07299270072992702,96.00000000000006,0,0.0,40,0.4,100,0.016505266013555227,12737
matched,sweeping,1,128,0.07246376811594203,96.20000000000006,0,0.0,38,0.38,100,0.012254355601035058,12837
matched,sweeping,1,129,0.07194244604316546,96.30000000000005,0,0.0,37,0.37,100,0.016339653278701006,12937
matched,sweeping,1,130,0.07142857142857142,94.20000000000005,1,0.01,39,0.39,100,0.010807438604533672,13037
matched,sweeping,1,131,0.07092198581560284,90.50000000000004,3,0.03,38,0.38,100,0.009896053364500404,13137
matched,sweeping,1,132,0.07042253521126761,96.10000000000005,0,0.0,39,0.39,100,0.011709530868101866,13237
matched,sweeping,1,133,0.06993006993006992,93.80000000000005,1,0.01,43,0.43,100,0.011304014571942389,13337
matched,sweeping,1,134,0.06944444444444445,95.00000000000003,1,0.01,31,0.31,100,0.011295570740476251,13437
matched,sweeping,1,135,0.06896551724137931,94.80000000000005,1,0.01,33,0.33,100,0.010545879709534347,13537
matched,sweeping,1,136,0.0684931506849315,96.00000000000007,0,0.0,40,0.4,100,0.011377630098722875,13637
matched,sweeping,1,137,0.06802721088435375,94.80000000000005,1,0.01,32,0.32,100,0.01165954536292702,13737
matched,sweeping,1,138,0.06756756756756756,96.60000000000005,0,0.0,34,0.34,100,0.012558994994033129,13837
matched,sweeping,1,139,0.06711409395973154,94.40000000000003,1,0.01,37,0.37,100,0.013274844423867761,13937
matched,sweeping,1,140,0.06666666666666667,96.20000000000005,0,0.0,38,0.38,100,0.012657828216906636,14037
matched,sweeping,1,141,0.06622516556291391,96.10000000000005,0,0.0,39,0.39,100,0.009435062985867262,14137
matched,sweeping,1,142,0.06578947368421052,94.50000000000006,1,0.01,36,0.36,100,0.0149250005511567,14237
matched,sweeping,1,143,0.06535947712418301,92.20000000000002,2,0.02,40,0.4,100,0.012939884434454143,14337
matched,sweeping,1,144,0.06493506493506493,94.20000000000005,1,0.01,39,0.39,100,0.012525961420033127,14437
matched,sweeping,1,145,0.06451612903225806,94.60000000000004,1,0.01,35,0.35,100,0.014271633438766003,14537
matched,sweeping,1,146,0.06410256410256411,94.30000000000007,1,0.01,37,0.37,100,0.012870349078439177,14637
matched,sweeping,1,147,0.06369426751592357,97.00000000000003,0,0.0,30,0.3,100,0.011643798442091792,14737
matched,sweeping,1,148,0.06329113924050632,92.40000000000003,2,0.02,38,0.38,100,0.012416062229312956,14837
matched,sweeping,1,149,0.06289308176100629,94.20000000000006,1,0.01,39,0.39,100,0.011479750294238329,14937
matched,sweeping,1,150,0.0625,96.30000000000004,0,0.0,37,0.37,100,0.012266721604391932,15037
matched,sweeping,1,151,0.06211180124223602,93.80000000000007,1,0.01,43,0.43,100,0.012426505438052118,15137
matched,sweeping,1,152,0.0617283950617284,93.80000000000004,1,0.01,43,0.43,100,0.009890363300219179,15237
matched,sweeping,1,153,0.06134969325153374,94.40000000000005,1,0.01,37,0.37,100,0.013690952069591731,15337
matched,sweeping,1,154,0.06097560975609757,93.40000000000006,1,0.01,47,0.47,100,0.013409386118873955,15437
matched,sweeping,1,155,0.06060606060606061,96.60000000000005,0,0.0,34,0.34,100,0.010121674691326916,15537
matched,sweeping,1,156,0.06024096385542168,96.40000000000005,0,0.0,36,0.36,100,0.010330469275359064,15637
matched,sweeping,1,157,0.059880239520958084,90.60000000000002,3,0.03,37,0.37,100,0.013058253056369722,15737
matched,sweeping,1,158,0.05952380952380952,94.60000000000007,1,0.01,35,0.35,100,0.011238333615474404,15837
matched,sweeping,1,159,0.0591715976331361,95.90000000000003,0,0.0,41,0.41,100,0.015770268589258195,15937
matched,sweeping,1,160,0.058823529411764705,92.80000000000003,2,0.02,34,0.34,100,0.011253097101580352,16037
matched,sweeping,1,161,0.05847953216374269,92.80000000000001,2,0.02,34,0.34,100,0.011840898348018526,16137
matched,sweeping,1,162,0.05813953488372093,90.90000000000002,3,0.03,34,0.34,100,0.012431862764060497,16237
matched,sweeping,1,163,0.057803468208092484,96.80000000000004,0,0.0,32,0.32,100,0.011310437163338065,16337
matched,sweeping,1,164,0.0574712643678161,94.90000000000005,1,0.01,32,0.32,100,0.012085217316634953,16437
matched,sweeping,1,165,0.05714285714285714,94.30000000000004,1,0.01,38,0.38,100,0.010567440388258546,16537
matched,sweeping,1,166,0.056818181818181816,96.50000000000003,0,0.0,35,0.35,100,0.011720432804431767,16637
matched,sweeping,1,167,0.05649717514124294,95.80000000000004,0,0.0,42,0.42,100,0.012078344048932195,16737
matched,sweeping,1,168,0.056179775280898875,94.90000000000003,1,0.01,32,0.32,100,0.012352783894166351,16837
matched,sweeping,1,169,0.0558659217877095,94.20000000000005,1,0.01,38,0.38,100,0.009641302304808051,16937
matched,sweeping,1,170,0.05555555555555555,95.00000000000003,1,0.01,31,0.31,100,0.01106756404740736,17037
matched,sweeping,1,171,0.055248618784530384,95.90000000000006,0,0.0,41,0.41,100,0.012525261351838709,17137
matched,sweeping,1,172,0.054945054945054944,96.90000000000003,0,0.0,31,0.31,100,0.01352235788013786,17237
matched,sweeping,1,173,0.0546448087431694,94.80000000000004,1,0.01,33,0.33,100,0.011090317084454,17337
matched,sweeping,1,174,0.05434782608695653,94.10000000000004,1,0.01,40,0.4,100,0.01479662231169641,17437
matched,sweeping,1,175,0.05405405405405406,94.00000000000006,1,0.01,41,0.41,100,0.011706090134102851,17537
matched,sweeping,1,176,0.05376344086021505,94.70000000000003,1,0.01,34,0.34,100,0.01141950520221144,17637
matched,sweeping,1,177,0.053475935828877004,92.50000000000003,2,0.02,36,0.36,100,0.009507668872829526,17737
matched,sweeping,1,178,0.05319148936170213,94.40000000000005,1,0.01,37,0.37,100,0.01180004283087328,17837
matched,sweeping,1,179,0.052910052910052914,95.10000000000002,1,0.01,30,0.3,100,0.010577305362094194,17937
matched,sweeping,1,180,0.05263157894736842,94.50000000000003,1,0.01,36,0.36,100,0.01014393029268831,18037
matched,sweeping,1,181,0.05235602094240837,96.60000000000005,0,0.0,34,0.34,100,0.011006207473110407,18137
matched,sweeping,1,182,0.052083333333333336,95.20000000000005,1,0.01,29,0.29,100,0.009514813490677626,18237
matched,sweeping,1,183,0.05181347150259067,96.60000000000005,0,0.0,34,0.34,100,0.00827140744542703,18337
matched,sweeping,1,184,0.051546391752577324,96.50000000000003,0,0.0,35,0.35,100,0.011258893425110727,18437
matched,sweeping,1,185,0.05128205128205128,96.50000000000006,0,0.0,35,0.35,100,0.010816187346354127,18537
matched,sweeping,1,186,0.0510204081632653,96.60000000000002,0,0.0,34,0.34,100,0.014236627859063447,18637
matched,sweeping,1,187,0.050761421319796954,96.40000000000003,0,0.0,36,0.36,100,0.013352495133876801,18737
matched,sweeping,1,188,0.050505050505050504,96.00000000000006,0,0.0,40,0.4,100,0.010117140226066112,18837
matched,sweeping,1,189,0.05025125628140704,95.10000000000005,1,0.01,30,0.3,100,0.009224429016467185,18937
matched,sweeping,1,190,0.05,96.40000000000009,0,0.0,36,0.36,100,0.010533046757336706,19037
matched,sweeping,1,191,0.04975124378109452,96.20000000000005,0,0.0,38,0.38,100,0.009341419793199747,19137
matched,sweeping,1,192,0.04950495049504951,96.80000000000004,0,0.0,32,0.32,100,0.011451688278466463,19237
matched,sweeping,1,193,0.04926108374384236,92.40000000000005,2,0.02,38,0.38,100,0.009865657947957516,19337
matched,sweeping,1,194,0.04901960784313726,96.30000000000005,0,0.0,37,0.37,100,0.00947285050759092,19437
matched,sweeping,1,195,0.04878048780487805,96.40000000000003,0,0.0,36,0.36,100,0.010647121155634522,19537
matched,sweeping,1,196,0.04854368932038835,96.40000000000006,0,0.0,36,0.36,100,0.011617570247035474,19637
matched,sweeping,1,197,0.04830917874396135,95.70000000000005,1,0.01,24,0.24,100,0.007944605129305274,19737
matched,sweeping,1,198,0.04807692307692307,95.00000000000003,1,0.01,30,0.3,100,0.008719285912811757,19837
matched,sweeping,1,199,0.04784688995215311,96.30000000000005,0,0.0,37,0.37,100,0.013764527263119816,19937
matched,sweeping,2,0,1.0,75.60000000000002,8,0.08,92,0.92,100,0.11534877931950865,37
matched,sweeping,2,1,0.9090909090909091,72.29999999999998,10,0.1,85,0.85,100,0.025748339192941786,137
matched,sweeping,2,2,0.8333333333333334,66.59999999999994,13,0.13,85,0.85,100,0.022789926426485183,237
matched,sweeping,2,3,0.7692307692307692,75.70000000000003,8,0.08,89,0.89,100,0.01941832246258855,337
matched,sweeping,2,4,0.7142857142857143,77.50000000000003,7,0.07,92,0.92,100,0.02612582706846297,437
matched,sweeping,2,5,0.6666666666666666,76.7,8,0.08,81,0.81,100,0.017960136742331087,537
matched,sweeping,2,6,0.625,76.7,8,0.08,81,0.81,100,0.014386277911253274,637
matched,sweeping,2,7,0.5882352941176471,72.69999999999997,10,0.1,82,0.82,100,0.015594161991029977,737
matched,sweeping,2,8,0.5555555555555556,75.2,9,0.09,76,0.76,100,0.012792664768639952,837
matched,sweeping,2,9,0.5263157894736842,87.10000000000005,3,0.03,72,0.72,100,0.022323939045891167,937
matched,sweeping,2,10,0.5,80.80000000000003,6,0.06,78,0.78,100,0.016625647279433907,1037
matched,sweeping,2,11,0.47619047619047616,77.5,8,0.08,73,0.73,100,0.019410447045229377,1137
matched,sweeping,2,12,0.45454545454545453,82.80000000000003,5,0.05,76,0.76,100,0.019583663400262595,1237
matched,sweeping,2,13,0.4347826086956522,85.70000000000003,4,0.04,65,0.65,100,0.02363417477812618,1337
matched,sweeping,2,14,0.4166666666666667,84.10000000000007,5,0.05,64,0.64,100,0.017727088150568306,1437
matched,sweeping,2,15,0.4,87.10000000000005,3,0.03,72,0.72,100,0.017301123845390974,1537
matched,sweeping,2,16,0.3846153846153846,80.19999999999999,7,0.07,63,0.63,100,0.0140072439936921,1637
matched,sweeping,2,17,0.37037037037037035,89.70000000000006,2,0.02,65,0.65,100,0.018052649917081,1737
matched,sweeping,2,18,0.35714285714285715,81.10000000000002,6,0.06,73,0.73,100,0.026813824251294135,1837
matched,sweeping,2,19,0.3448275862068966,78.39999999999998,8,0.08,63,0.63,100,0.023538015917874872,1937
matched,sweeping,2,20,0.3333333333333333,85.90000000000005,4,0.04,65,0.65,100,0.01932059520855546,2037
matched,sweeping,2,21,0.3225806451612903,87.60000000000005,3,0.03,67,0.67,100,0.018369208606891334,2137
matched,sweeping,2,22,0.3125,87.00000000000003,4,0.04,54,0.54,100,0.019151295432820917,2237
matched,sweeping,2,23,0.30303030303030304,87.70000000000007,3,0.03,66,0.66,100,0.017362378383986653,2337
matched,sweeping,2,24,0.29411764705882354,92.40000000000003,1,0.01,57,0.57,100,0.022273455634713172,2437
matched,sweeping,2,25,0.2857142857142857,89.10000000000004,3,0.03,52,0.52,100,0.02484857209958136,2537
matched,sweeping,2,26,0.2777777777777778,89.70000000000005,2,0.02,65,0.65,100,0.017515407791361213,2637
matched,sweeping,2,27,0.27027027027027023,78.50000000000003,8,0.08,63,0.63,100,0.018004987640306353,2737
matched,sweeping,2,28,0.2631578947368421,92.60000000000005,1,0.01,55,0.55,100,0.02045253843534738,2837
matched,sweeping,2,29,0.25641025641025644,88.40000000000003,3,0.03,59,0.59,100,0.016113259992562235,2937
matched,sweeping,2,30,0.25,86.50000000000003,4,0.04,58,0.58,100,0.018240788537077605,3037
matched,sweeping,2,31,0.24390243902439027,85.00000000000004,5,0.05,54,0.54,100,0.019585977010428905,3137
matched,sweeping,2,32,0.23809523809523808,87.40000000000002,4,0.04,50,0.5,100,0.016711925375275313,3237
matched,sweeping,2,33,0.23255813953488372,91.10000000000007,2,0.02,51,0.51,100,0.01599113720934838,3337
matched,sweeping,2,34,0.22727272727272727,89.20000000000005,3,0.03,51,0.51,100,0.016730233342386783,3437
matched,sweeping,2,35,0.2222222222222222,83.40000000000003,6,0.06,51,0.51,100,0.01818195188883692,3537
matched,sweeping,2,36,0.2173913043478261,88.10000000000004,3,0.03,62,0.62,100,0.01498213581275195,3637
matched,sweeping,2,37,0.2127659574468085,93.20000000000007,1,0.01,49,0.49,100,0.0198478202521801,3737
matched,sweeping,2,38,0.20833333333333334,86.40000000000003,5,0.05,41,0.41,100,0.014847779716365039,3837
matched,sweeping,2,39,0.2040816326530612,93.10000000000005,1,0.01,50,0.5,100,0.019889338710345327,3937
matched,sweeping,2,40,0.2,93.60000000000005,1,0.01,45,0.45,100,0.014305102992802859,4037
matched,sweeping,2,41,0.19607843137254904,91.80000000000007,2,0.02,44,0.44,100,0.016925260946154593,4137
matched,sweeping,2,42,0.1923076923076923,89.10000000000004,3,0.03,51,0.51,100,0.014983584871515632,4237
matched,sweeping,2,43,0.18867924528301888,89.40000000000003,3,0.03,48,0.48,100,0.019367445576936006,4337
matched,sweeping,2,44,0.18518518518518517,93.20000000000006,1,0.01,48,0.48,100,0.0158614200912416,4437
matched,sweeping,2,45,0.18181818181818182,91.30000000000004,2,0.02,49,0.49,100,0.017041501766070725,4537
matched,sweeping,2,46,0.17857142857142858,87.10000000000002,4,0.04,53,0.53,100,0.017266635359264912,4637
matched,sweeping,2,47,0.17543859649122806,93.40000000000005,1,0.01,47,0.47,100,0.0170846384158358,4737
matched,sweeping,2,48,0.1724137931034483,89.50000000000003,3,0.03,48,0.48,100,0.016803308203816415,4837
matched,sweeping,2,49,0.1694915254237288,91.00000000000006,2,0.02,52,0.52,100,0.015231379084289074,4937
matched,sweeping,2,50,0.16666666666666666,91.80000000000004,2,0.02,44,0.44,100,0.019817953864112496,5037
matched,sweeping,2,51,0.1639344262295082,96.00000000000006,0,0.0,40,0.4,100,0.0181031830701977,5137
matched,sweeping,2,52,0.16129032258064516,89.50000000000004,3,0.03,48,0.48,100,0.016209151423536242,5237
matched,sweeping,2,53,0.15873015873015872,94.30000000000007,1,0.01,38,0.38,100,0.0176509818341583,5337
matched,sweeping,2,54,0.15625,92.20000000000007,2,0.02,40,0.4,100,0.017446494475007058,5437
matched,sweeping,2,55,0.15384615384615385,91.80000000000003,2,0.02,44,0.44,100,0.01573148712515831,5537
matched,sweeping,2,56,0.15151515151515152,94.00000000000004,1,0.01,41,0.41,100,0.01415308856870979,5637
matched,sweeping,2,57,0.14925373134328357,93.10000000000004,1,0.01,49,0.49,100,0.014873196980915963,5737
matched,sweeping,2,58,0.14705882352941177,95.50000000000004,0,0.0,45,0.45,100,0.017611070927232506,5837
matched,sweeping,2,59,0.14492753623188406,88.00000000000001,4,0.04,42,0.42,100,0.017864058278501033,5937
matched,sweeping,2,60,0.14285714285714285,91.50000000000004,2,0.02,47,0.47,100,0.013791913129389287,6037
matched,sweeping,2,61,0.14084507042253522,93.80000000000005,1,0.01,43,0.43,100,0.014621567716822027,6137
matched,sweeping,2,62,0.1388888888888889,96.00000000000006,0,0.0,40,0.4,100,0.016739807086996735,6237
matched,sweeping,2,63,0.136986301369863,89.80000000000003,3,0.03,45,0.45,100,0.01945112379267812,6337
matched,sweeping,2,64,0.13513513513513511,93.70000000000006,1,0.01,44,0.44,100,0.017619457989931107,6437
matched,sweeping,2,65,0.13333333333333333,94.30000000000004,1,0.01,38,0.38,100,0.014235258353874087,6537
matched,sweeping,2,66,0.13157894736842105,90.50000000000003,3,0.03,37,0.37,100,0.01604868417605758,6637
matched,sweeping,2,67,0.12987012987012986,92.30000000000003,2,0.02,39,0.39,100,0.014904845999553799,6737
matched,sweeping,2,68,0.12820512820512822,94.20000000000005,1,0.01,39,0.39,100,0.01616333124693483,6837
matched,sweeping,2,69,0.12658227848101264,93.90000000000008,1,0.01,42,0.42,100,0.018140735314227642,6937
matched,sweeping,2,70,0.125,95.50000000000006,0,0.0,45,0.45,100,0.015584697327576578,7037
matched,sweeping,2,71,0.1234567901234568,92.20000000000005,2,0.02,40,0.4,100,0.01689411250408739,7137
matched,sweeping,2,72,0.12195121951219513,96.00000000000003,0,0.0,40,0.4,100,0.01668782685417682,7237
matched,sweeping,2,73,0.12048192771084336,85.90000000000003,5,0.05,45,0.45,100,0.01325041183270514,7337
matched,sweeping,2,74,0.11904761904761904,93.70000000000005,1,0.01,44,0.44,100,0.018733246992342176,7437
matched,sweeping,2,75,0.11764705882352941,94.00000000000003,1,0.01,41,0.41,100,0.02289636109955609,7537
matched,sweeping,2,76,0.11627906976744186,91.70000000000005,2,0.02,45,0.45,100,0.014366063850466161,7637
matched,sweeping,2,77,0.1149425287356322,96.20000000000006,0,0.0,38,0.38,100,0.01702167556155473,7737
matched,sweeping,2,78,0.11363636363636363,90.40000000000003,3,0.03,38,0.38,100,0.016546045769937335,7837
matched,sweeping,2,79,0.11235955056179775,94.30000000000005,1,0.01,38,0.38,100,0.016263548848219216,7937
matched,sweeping,2,80,0.1111111111111111,92.00000000000004,2,0.02,42,0.42,100,0.017483200738206507,8037
matched,sweeping,2,81,0.10989010989010989,89.90000000000002,3,0.03,44,0.44,100,0.013645838908851148,8137
matched,sweeping,2,82,0.10869565217391305,92.20000000000002,2,0.02,40,0.4,100,0.015579541195183993,8237
matched,sweeping,2,83,0.1075268817204301,92.70000000000005,2,0.02,35,0.35,100,0.010832265131175517,8337
matched,sweeping,2,84,0.10638297872340426,90.4,3,0.03,39,0.39,100,0.017925537484698,8437
matched,sweeping,2,85,0.10526315789473684,91.00000000000003,2,0.02,52,0.52,100,0.017735718982294202,8537
matched,sweeping,2,86,0.10416666666666667,90.50000000000003,3,0.03,36,0.36,100,0.016300302515737712,8637
matched,sweeping,2,87,0.10309278350515465,95.60000000000004,0,0.0,44,0.44,100,0.019901003879494963,8737
matched,sweeping,2,88,0.1020408163265306,88.00000000000003,4,0.04,44,0.44,100,0.01924955353140831,8837
matched,sweeping,2,89,0.10101010101010101,93.80000000000004,1,0.01,43,0.43,100,0.019104475481435658,8937
matched,sweeping,2,90,0.1,92.10000000000002,2,0.02,40,0.4,100,0.017611990114673973,9037
matched,sweeping,2,91,0.09900990099009901,96.50000000000004,0,0.0,35,0.35,100,0.01385104572866112,9137
matched,sweeping,2,92,0.09803921568627452,94.10000000000002,1,0.01,39,0.39,100,0.015274131952319294,9237
matched,sweeping,2,93,0.0970873786407767,96.30000000000004,0,0.0,37,0.37,100,0.01374359845649451,9337
matched,sweeping,2,94,0.09615384615384615,94.60000000000005,1,0.01,35,0.35,100,0.014736377988010646,9437
matched,sweeping,2,95,0.09523809523809523,95.90000000000005,0,0.0,41,0.41,100,0.01254413210786879,9537
matched,sweeping,2,96,0.09433962264150944,93.50000000000007,1,0.01,46,0.46,100,0.013875242588110268,9637
matched,sweeping,2,97,0.09345794392523366,95.80000000000005,0,0.0,42,0.42,100,0.014685838627628981,9737
matched,sweeping,2,98,0.09259259259259259,87.90000000000002,4,0.04,45,0.45,100,0.018136548027396202,9837
matched,sweeping,2,99,0.09174311926605504,90.70000000000002,3,0.03,35,0.35,100,0.01439321715850383,9937
matched,sweeping,2,100,0.09090909090909091,93.10000000000007,1,0.01,50,0.5,100,0.014742641085758805,10037
matched,sweeping,2,101,0.0900900900900901,95.60000000000008,0,0.0,44,0.44,100,0.015638151778839527,10137
matched,sweeping,2,102,0.08928571428571429,92.20000000000005,2,0.02,40,0.4,100,0.014135467479936778,10237
matched,sweeping,2,103,0.08849557522123894,93.40000000000005,1,0.01,47,0.47,100,0.014016646943055093,10337
matched,sweeping,2,104,0.08771929824561403,96.00000000000004,0,0.0,40,0.4,100,0.014239734872244298,10437
matched,sweeping,2,105,0.08695652173913043,96.40000000000006,0,0.0,36,0.36,100,0.01314170362893492,10537
matched,sweeping,2,106,0.08620689655172414,92.10000000000005,2,0.02,41,0.41,100,0.015318758566863835,10637
matched,sweeping,2,107,0.08547008547008547,94.50000000000006,1,0.01,36,0.36,100,0.014079151791520417,10737
matched,sweeping,2,108,0.0847457627118644,96.40000000000005,0,0.0,36,0.36,100,0.013774156956933438,10837
matched,sweeping,2,109,0.08403361344537814,96.50000000000006,0,0.0,35,0.35,100,0.013216366455890239,10937
matched,sweeping,2,110,0.08333333333333333,96.40000000000005,0,0.0,36,0.36,100,0.011119171944446862,11037
matched,sweeping,2,111,0.08264462809917356,96.10000000000007,0,0.0,39,0.39,100,0.015612996658310294,11137
matched,sweeping,2,112,0.0819672131147541,94.10000000000005,1,0.01,40,0.4,100,0.01662061131093651,11237
matched,sweeping,2,113,0.08130081300813008,96.40000000000005,0,0.0,36,0.36,100,0.012366891759447753,11337
matched,sweeping,2,114,0.08064516129032258,96.30000000000007,0,0.0,37,0.37,100,0.014599173064343631,11437
matched,sweeping,2,115,0.08,94.20000000000005,1,0.01,39,0.39,100,0.015888555631972848,11537
matched,sweeping,2,116,0.07936507936507936,94.30000000000004,1,0.01,38,0.38,100,0.01380826557520777,11637
matched,sweeping,2,117,0.07874015748031496,94.90000000000003,1,0.01,32,0.32,100,0.012616511688102038,11737
matched,sweeping,2,118,0.078125,96.40000000000005,0,0.0,36,0.36,100,0.013087448966689407,11837
matched,sweeping,2,119,0.07751937984496124,94.40000000000003,1,0.01,37,0.37,100,0.015145685714669526,11937
matched,sweeping,2,120,0.07692307692307693,94.20000000000005,1,0.01,39,0.39,100,0.010098339880350977,12037
matched,sweeping,2,121,0.07633587786259542,94.70000000000002,1,0.01,33,0.33,100,0.01520182088483125,12137
matched,sweeping,2,122,0.07575757575757576,90.00000000000006,3,0.03,43,0.43,100,0.014310439168475568,12237
matched,sweeping,2,123,0.07518796992481203,94.20000000000005,1,0.01,39,0.39,100,0.014972252990119159,12337
matched,sweeping,2,124,0.07462686567164178,95.60000000000007,0,0.0,44,0.44,100,0.013911517686210573,12437
matched,sweeping,2,125,0.07407407407407407,94.40000000000003,1,0.01,37,0.37,100,0.013354290572460742,12537
matched,sweeping,2,126,0.07352941176470588,92.50000000000003,2,0.02,37,0.37,100,0.013187566627748311,12637
matched,sweeping,2,127,0.07299270072992702,95.80000000000004,0,0.0,42,0.42,100,0.014643698805011809,12737
matched,sweeping,2,128,0.07246376811594203,94.70000000000005,1,0.01,34,0.34,100,0.014878146895207466,12837
matched,sweeping,2,129,0.07194244604316546,94.00000000000007,1,0.01,41,0.41,100,0.01143089402001351,12937
matched,sweeping,2,130,0.07142857142857142,94.20000000000002,1,0.01,39,0.39,100,0.011743142576888204,13037
matched,sweeping,2,131,0.07092198581560284,92.40000000000003,2,0.02,38,0.38,100,0.012084863209165632,13137
matched,sweeping,2,132,0.07042253521126761,90.20000000000005,3,0.03,41,0.41,100,0.014308026600629091,13237
matched,sweeping,2,133,0.06993006993006992,92.00000000000006,2,0.02,42,0.42,100,0.012193373441696166,13337
matched,sweeping,2,134,0.06944444444444445,96.10000000000004,0,0.0,39,0.39,100,0.010940344138070941,13437
matched,sweeping,2,135,0.06896551724137931,96.80000000000005,0,0.0,32,0.32,100,0.010625805624295026,13537
matched,sweeping,2,136,0.0684931506849315,94.50000000000003,1,0.01,36,0.36,100,0.017633577168453485,13637
matched,sweeping,2,137,0.06802721088435375,96.80000000000003,0,0.0,32,0.32,100,0.011741406093351543,13737
matched,sweeping,2,138,0.06756756756756756,96.50000000000004,0,0.0,35,0.35,100,0.01556602492928505,13837
matched,sweeping,2,139,0.06711409395973154,94.20000000000002,1,0.01,39,0.39,100,0.011127122370526195,13937
matched,sweeping,2,140,0.06666666666666667,95.00000000000004,1,0.01,30,0.3,100,0.012006556505803019,14037
matched,sweeping,2,141,0.06622516556291391,96.40000000000005,0,0.0,36,0.36,100,0.01408948183991015,14137
matched,sweeping,2,142,0.06578947368421052,95.90000000000006,0,0.0,41,0.41,100,0.013726342583540828,14237
matched,sweeping,2,143,0.06535947712418301,92.20000000000005,2,0.02,40,0.4,100,0.013086289772763849,14337
matched,sweeping,2,144,0.06493506493506493,92.90000000000002,2,0.02,33,0.33,100,0.012634389819577336,14437
matched,sweeping,2,145,0.06451612903225806,96.70000000000005,0,0.0,33,0.33,100,0.009018030385486781,14537
matched,sweeping,2,146,0.06410256410256411,93.00000000000006,2,0.02,32,0.32,100,0.009752529915422201,14637
matched,sweeping,2,147,0.06369426751592357,94.20000000000005,1,0.01,39,0.39,100,0.011265776993241161,14737
matched,sweeping,2,148,0.06329113924050632,94.00000000000006,1,0.01,41,0.41,100,0.011187704065814614,14837
matched,sweeping,2,149,0.06289308176100629,94.20000000000003,1,0.01,39,0.39,100,0.010284491472411901,14937
matched,sweeping,2,150,0.0625,94.70000000000005,1,0.01,34,0.34,100,0.011687025893479586,15037
matched,sweeping,2,151,0.06211180124223602,94.70000000000007,1,0.01,34,0.34,100,0.011073369823861867,15137
matched,sweeping,2,152,0.0617283950617284,96.70000000000005,0,0.0,33,0.33,100,0.010723180007189512,15237
matched,sweeping,2,153,0.06134969325153374,92.90000000000005,2,0.02,33,0.33,100,0.00943304311018437,15337
matched,sweeping,2,154,0.06097560975609757,96.70000000000003,0,0.0,33,0.33,100,0.013163092478644103,15437
matched,sweeping,2,155,0.06060606060606061,97.70000000000003,0,0.0,23,0.23,100,0.012036472195759415,15537
matched,sweeping,2,156,0.06024096385542168,92.20000000000003,2,0.02,40,0.4,100,0.011877836063504219,15637
matched,sweeping,2,157,0.059880239520958084,96.90000000000003,0,0.0,31,0.31,100,0.011318673640489578,15737
matched,sweeping,2,158,0.05952380952380952,97.20000000000005,0,0.0,28,0.28,100,0.012278895187191665,15837
matched,sweeping,2,159,0.0591715976331361,97.20000000000005,0,0.0,28,0.28,100,0.012302702425513417,15937
matched,sweeping,2,160,0.058823529411764705,92.50000000000006,2,0.02,36,0.36,100,0.008809770939406008,16037
matched,sweeping,2,161,0.05847953216374269,96.20000000000005,0,0.0,38,0.38,100,0.009948703756090254,16137
matched,sweeping,2,162,0.05813953488372093,94.70000000000003,1,0.01,34,0.34,100,0.013221440115012228,16237
matched,sweeping,2,163,0.057803468208092484,94.50000000000004,1,0.01,36,0.36,100,0.013884859224781394,16337
matched,sweeping,2,164,0.0574712643678161,94.60000000000004,1,0.01,35,0.35,100,0.012079396464396269,16437
matched,sweeping,2,165,0.05714285714285714,94.40000000000003,1,0.01,37,0.37,100,0.010856539150699973,16537
matched,sweeping,2,166,0.056818181818181816,96.20000000000006,0,0.0,38,0.38,100,0.011268167227972298,16637
matched,sweeping,2,167,0.05649717514124294,94.40000000000006,1,0.01,37,0.37,100,0.012159136673435569,16737
matched,sweeping,2,168,0.056179775280898875,92.40000000000003,2,0.02,38,0.38,100,0.01269017982762307,16837
matched,sweeping,2,169,0.0558659217877095,94.80000000000001,1,0.01,33,0.33,100,0.010484364449512213,16937
matched,sweeping,2,170,0.05555555555555555,94.50000000000006,1,0.01,36,0.36,100,0.012645460194908082,17037
matched,sweeping,2,171,0.055248618784530384,97.20000000000002,0,0.0,28,0.28,100,0.010287874529603868,17137
matched,sweeping,2,172,0.054945054945054944,96.40000000000003,0,0.0,36,0.36,100,0.012988581964746117,17237
matched,sweeping,2,173,0.0546448087431694,96.60000000000002,0,0.0,34,0.34,100,0.013362280307337642,17337
matched,sweeping,2,174,0.05434782608695653,96.80000000000004,0,0.0,32,0.32,100,0.007914783833548426,17437
matched,sweeping,2,175,0.05405405405405406,96.40000000000003,0,0.0,36,0.36,100,0.010904320804402233,17537
matched,sweeping,2,176,0.05376344086021505,97.10000000000002,0,0.0,29,0.29,100,0.011012188636232167,17637
matched,sweeping,2,177,0.053475935828877004,96.90000000000005,0,0.0,31,0.31,100,0.014038799991831184,17737
matched,sweeping,2,178,0.05319148936170213,96.40000000000005,0,0.0,36,0.36,100,0.010512330802157521,17837
matched,sweeping,2,179,0.052910052910052914,96.70000000000005,0,0.0,33,0.33,100,0.012910475796088576,17937
matched,sweeping,2,180,0.05263157894736842,94.40000000000003,1,0.01,37,0.37,100,0.01332975622266531,18037
matched,sweeping,2,181,0.05235602094240837,96.90000000000002,0,0.0,31,0.31,100,0.00955477490555495,18137
matched,sweeping,2,182,0.052083333333333336,96.50000000000006,0,0.0,35,0.35,100,0.012839219709858298,18237
matched,sweeping,2,183,0.05181347150259067,92.80000000000004,2,0.02,34,0.34,100,0.010466536642052233,18337
matched,sweeping,2,184,0.051546391752577324,95.40000000000009,0,0.0,46,0.46,100,0.011510898061096668,18437
matched,sweeping,2,185,0.05128205128205128,96.30000000000004,0,0.0,37,0.37,100,0.009826553377788514,18537
matched,sweeping,2,186,0.0510204081632653,92.80000000000004,2,0.02,34,0.34,100,0.011705107195302844,18637
matched,sweeping,2,187,0.050761421319796954,96.70000000000003,0,0.0,33,0.33,100,0.009448944823816419,18737
matched,sweeping,2,188,0.050505050505050504,95.00000000000003,1,0.01,31,0.31,100,0.010108882568310947,18837
matched,sweeping,2,189,0.05025125628140704,94.60000000000004,1,0.01,35,0.35,100,0.010724097709171473,18937
matched,sweeping,2,190,0.05,92.60000000000004,2,0.02,36,0.36,100,0.010209773143287748,19037
matched,sweeping,2,191,0.04975124378109452,96.90000000000003,0,0.0,31,0.31,100,0.010384287969209254,19137
matched,sweeping,2,192,0.04950495049504951,94.40000000000003,1,0.01,37,0.37,100,0.012300852457992733,19237
matched,sweeping,2,193,0.04926108374384236,96.80000000000003,0,0.0,32,0.32,100,0.009875411780085415,19337
matched,sweeping,2,194,0.04901960784313726,92.80000000000004,2,0.02,34,0.34,100,0.01035219371318817,19437
matched,sweeping,2,195,0.04878048780487805,96.20000000000005,0,0.0,38,0.38,100,0.009429625016637147,19537
matched,sweeping,2,196,0.04854368932038835,93.10000000000002,2,0.02,31,0.31,100,0.01082821101648733,19637
matched,sweeping,2,197,0.04830917874396135,94.90000000000003,1,0.01,32,0.32,100,0.011711400505155324,19737
matched,sweeping,2,198,0.04807692307692307,96.00000000000006,0,0.0,40,0.4,100,0.009175422377884388,19837
matched,sweeping,2,199,0.04784688995215311,94.50000000000004,1,0.01,36,0.36,100,0.010309552608523518,19937
matched,sweeping,3,0,1.0,63.99999999999993,14,0.14,92,0.92,100,0.13621570114549753,37
matched,sweeping,3,1,0.9090909090909091,72.29999999999998,10,0.1,84,0.84,100,0.0231593796890229,137
matched,sweeping,3,2,0.8333333333333334,68.19999999999996,12,0.12,88,0.88,100,0.01642780490219593,237
matched,sweeping,3,3,0.7692307692307692,62.699999999999925,15,0.15,85,0.85,100,0.018735380340367556,337
matched,sweeping,3,4,0.7142857142857143,76.4,8,0.08,83,0.83,100,0.01388937511947006,437
matched,sweeping,3,5,0.6666666666666666,85.50000000000006,3,0.03,87,0.87,100,0.015389268146827817,537
matched,sweeping,3,6,0.625,70.69999999999997,11,0.11,82,0.82,100,0.01594122000504285,637
matched,sweeping,3,7,0.5882352941176471,82.80000000000005,5,0.05,77,0.77,100,0.014905514479614794,737
matched,sweeping,3,8,0.5555555555555556,82.20000000000002,5,0.05,81,0.81,100,0.016396356914192438,837
matched,sweeping,3,9,0.5263157894736842,77.8,8,0.08,69,0.69,100,0.01361409347038716,937
matched,sweeping,3,10,0.5,85.50000000000003,4,0.04,69,0.69,100,0.015121941422112286,1037
matched,sweeping,3,11,0.47619047619047616,79.70000000000002,7,0.07,70,0.7,100,0.016001415131613614,1137
matched,sweeping,3,12,0.45454545454545453,83.30000000000001,5,0.05,70,0.7,100,0.030719314492307602,1237
matched,sweeping,3,13,0.4347826086956522,77.10000000000001,8,0.08,76,0.76,100,0.019431352922692893,1337
matched,sweeping,3,14,0.4166666666666667,86.70000000000005,3,0.03,76,0.76,100,0.01690587020944804,1437
matched,sweeping,3,15,0.4,83.10000000000002,5,0.05,73,0.73,100,0.03243193253409118,1537
matched,sweeping,3,16,0.3846153846153846,80.90000000000003,7,0.07,58,0.58,100,0.021353368954733012,1637
matched,sweeping,3,17,0.37037037037037035,91.8000000000001,1,0.01,63,0.63,100,0.019645462203770878,1737
matched,sweeping,3,18,0.35714285714285715,85.20000000000006,4,0.04,72,0.72,100,0.02997131889220327,1837
matched,sweeping,3,19,0.3448275862068966,84.50000000000006,5,0.05,59,0.59,100,0.022012624172493816,1937
matched,sweeping,3,20,0.3333333333333333,84.30000000000004,5,0.05,62,0.62,100,0.0190751959849149,2037
matched,sweeping,3,21,0.3225806451612903,82.50000000000003,6,0.06,60,0.6,100,0.019754885234870016,2137
matched,sweeping,3,22,0.3125,84.40000000000003,5,0.05,60,0.6,100,0.021508291750214993,2237
matched,sweeping,3,23,0.30303030303030304,82.80000000000004,6,0.06,58,0.58,100,0.021600052369758486,2337
matched,sweeping,3,24,0.29411764705882354,90.60000000000007,2,0.02,56,0.56,100,0.020989795974455775,2437
matched,sweeping,3,25,0.2857142857142857,90.10000000000007,2,0.02,60,0.6,100,0.01699911662377417,2537
matched,sweeping,3,26,0.2777777777777778,88.30000000000005,3,0.03,59,0.59,100,0.017886421298608183,2637
matched,sweeping,3,27,0.27027027027027023,84.10000000000005,5,0.05,63,0.63,100,0.01654964263550937,2737
matched,sweeping,3,28,0.2631578947368421,80.50000000000003,7,0.07,62,0.62,100,0.01822041767183691,2837
matched,sweeping,3,29,0.25641025641025644,92.10000000000005,1,0.01,60,0.6,100,0.018163760607130826,2937
matched,sweeping,3,30,0.25,92.10000000000005,1,0.01,60,0.6,100,0.01723999796435237,3037
matched,sweeping,3,31,0.24390243902439027,86.90000000000003,4,0.04,55,0.55,100,0.014500126913189889,3137
matched,sweeping,3,32,0.23809523809523808,84.20000000000002,5,0.05,63,0.63,100,0.015979190687648952,3237
matched,sweeping,3,33,0.23255813953488372,89.80000000000003,3,0.03,45,0.45,100,0.0186078493995592,3337
matched,sweeping,3,34,0.22727272727272727,94.40000000000006,0,0.0,56,0.56,100,0.01858399377670139,3437
matched,sweeping,3,35,0.2222222222222222,92.50000000000006,1,0.01,56,0.56,100,0.01609234290663153,3537
matched,sweeping,3,36,0.2173913043478261,92.90000000000006,1,0.01,52,0.52,100,0.015159053332172334,3637
matched,sweeping,3,37,0.2127659574468085,91.40000000000002,2,0.02,48,0.48,100,0.016964223384857178,3737
matched,sweeping,3,38,0.20833333333333334,90.60000000000005,2,0.02,56,0.56,100,0.018744867546483874,3837
matched,sweeping,3,39,0.2040816326530612,89.30000000000004,3,0.03,49,0.49,100,0.017921784440986813,3937
matched,sweeping,3,40,0.2,93.60000000000005,1,0.01,45,0.45,100,0.01441733774729073,4037
matched,sweeping,3,41,0.19607843137254904,92.60000000000007,1,0.01,55,0.55,100,0.01702424615621567,4137
matched,sweeping,3,42,0.1923076923076923,89.00000000000006,3,0.03,53,0.53,100,0.020019862395711244,4237
matched,sweeping,3,43,0.18867924528301888,93.00000000000004,1,0.01,51,0.51,100,0.01881729047279805,4337
matched,sweeping,3,44,0.18518518518518517,90.50000000000004,3,0.03,38,0.38,100,0.01655040870886296,4437
matched,sweeping,3,45,0.18181818181818182,84.80000000000001,5,0.05,57,0.57,100,0.01705711476970464,4537
matched,sweeping,3,46,0.17857142857142858,86.00000000000001,5,0.05,44,0.44,100,0.01883610104676336,4637
matched,sweeping,3,47,0.17543859649122806,90.80000000000004,2,0.02,54,0.54,100,0.01962464168202132,4737
matched,sweeping,3,48,0.1724137931034483,83.20000000000005,6,0.06,54,0.54,100,0.019687049705535174,4837
matched,sweeping,3,49,0.1694915254237288,93.60000000000007,1,0.01,45,0.45,100,0.018654751782305537,4937
matched,sweeping,3,50,0.16666666666666666,93.30000000000005,1,0.01,48,0.48,100,0.018364589628763497,5037
matched,sweeping,3,51,0.1639344262295082,89.10000000000002,3,0.03,52,0.52,100,0.014171785777434706,5137
matched,sweeping,3,52,0.16129032258064516,93.80000000000005,1,0.01,43,0.43,100,0.015094311339780689,5237
matched,sweeping,3,53,0.15873015873015872,96.30000000000005,0,0.0,37,0.37,100,0.01785687797702849,5337
matched,sweeping,3,54,0.15625,95.40000000000006,0,0.0,46,0.46,100,0.015464947624132037,5437
matched,sweeping,3,55,0.15384615384615385,91.10000000000005,2,0.02,51,0.51,100,0.017317441455088557,5537
matched,sweeping,3,56,0.15151515151515152,81.30000000000001,7,0.07,54,0.54,100,0.01700243361759931,5637
matched,sweeping,3,57,0.14925373134328357,94.30000000000004,1,0.01,38,0.38,100,0.015569538339041173,5737
matched,sweeping,3,58,0.14705882352941177,95.80000000000007,0,0.0,42,0.42,100,0.020131697366014122,5837
matched,sweeping,3,59,0.14492753623188406,91.90000000000006,2,0.02,43,0.43,100,0.018113739471882582,5937
matched,sweeping,3,60,0.14285714285714285,96.20000000000006,0,0.0,38,0.38,100,0.018104424574412404,6037
matched,sweeping,3,61,0.14084507042253522,93.20000000000007,1,0.01,48,0.48,100,0.01852711819577962,6137
matched,sweeping,3,62,0.1388888888888889,89.90000000000003,3,0.03,44,0.44,100,0.016770076458342373,6237
matched,sweeping,3,63,0.136986301369863,92.10000000000005,2,0.02,41,0.41,100,0.018169658361002802,6337
matched,sweeping,3,64,0.13513513513513511,90.70000000000003,3,0.03,33,0.33,100,0.017321739834733306,6437
matched,sweeping,3,65,0.13333333333333333,89.70000000000002,3,0.03,46,0.46,100,0.016091787172481418,6537
matched,sweeping,3,66,0.13157894736842105,89.30000000000005,3,0.03,50,0.5,100,0.016539971488527955,6637
matched,sweeping,3,67,0.12987012987012986,89.90000000000003,3,0.03,43,0.43,100,0.014255401422269642,6737
matched,sweeping,3,68,0.12820512820512822,91.90000000000005,2,0.02,42,0.42,100,0.018644559402018784,6837
matched,sweeping,3,69,0.12658227848101264,94.10000000000002,1,0.01,39,0.39,100,0.016358931674622,6937
matched,sweeping,3,70,0.125,94.00000000000004,1,0.01,41,0.41,100,0.01787473801057786,7037
matched,sweeping,3,71,0.1234567901234568,96.30000000000003,0,0.0,37,0.37,100,0.015838121166452765,7137
matched,sweeping,3,72,0.12195121951219513,96.00000000000004,0,0.0,40,0.4,100,0.013687428855337202,7237
matched,sweeping,3,73,0.12048192771084336,92.90000000000003,1,0.01,52,0.52,100,0.01722026445902884,7337
matched,sweeping,3,74,0.11904761904761904,96.00000000000006,0,0.0,40,0.4,100,0.013730909074656666,7437
matched,sweeping,3,75,0.11764705882352941,96.00000000000006,0,0.0,40,0.4,100,0.014032239322550594,7537
matched,sweeping,3,76,0.11627906976744186,96.20000000000006,0,0.0,38,0.38,100,0.013952618017792701,7637
matched,sweeping,3,77,0.1149425287356322,88.30000000000004,4,0.04,40,0.4,100,0.015066798571497201,7737
matched,sweeping,3,78,0.11363636363636363,92.00000000000003,2,0.02,41,0.41,100,0.015633560623973607,7837
matched,sweeping,3,79,0.11235955056179775,96.70000000000003,0,0.0,33,0.33,100,0.016467523402534424,7937
matched,sweeping,3,80,0.1111111111111111,94.50000000000007,1,0.01,36,0.36,100,0.016009904481470584,8037
matched,sweeping,3,81,0.10989010989010989,92.10000000000002,2,0.02,41,0.41,100,0.015357985687442123,8137
matched,sweeping,3,82,0.10869565217391305,89.80000000000004,3,0.03,44,0.44,100,0.018468575752340257,8237
matched,sweeping,3,83,0.1075268817204301,91.90000000000006,2,0.02,43,0.43,100,0.01732884648721665,8337
matched,sweeping,3,84,0.10638297872340426,92.60000000000002,2,0.02,36,0.36,100,0.016243415749631823,8437
matched,sweeping,3,85,0.10526315789473684,90.00000000000003,3,0.03,43,0.43,100,0.016726494459435345,8537
matched,sweeping,3,86,0.10416666666666667,95.70000000000007,0,0.0,43,0.43,100,0.017418784340843558,8637
matched,sweeping,3,87,0.10309278350515465,96.00000000000003,0,0.0,40,0.4,100,0.015565144633874296,8737
matched,sweeping,3,88,0.1020408163265306,96.30000000000007,0,0.0,37,0.37,100,0.015639603403396905,8837
matched,sweeping,3,89,0.10101010101010101,90.60000000000004,3,0.03,37,0.37,100,0.01647111102938652,8937
matched,sweeping,3,90,0.1,94.80000000000004,1,0.01,33,0.33,100,0.015402249186299741,9037
matched,sweeping,3,91,0.09900990099009901,90.50000000000003,3,0.03,38,0.38,100,0.018273745868355035,9137
matched,sweeping,3,92,0.09803921568627452,91.80000000000004,2,0.02,43,0.43,100,0.016001044642180204,9237
matched,sweeping,3,93,0.0970873786407767,94.00000000000004,1,0.01,40,0.4,100,0.01548284902703017,9337
matched,sweeping,3,94,0.09615384615384615,92.10000000000004,2,0.02,39,0.39,100,0.014810869093053044,9437
matched,sweeping,3,95,0.09523809523809523,92.10000000000005,2,0.02,41,0.41,100,0.014069960392080248,9537
matched,sweeping,3,96,0.09433962264150944,94.30000000000007,1,0.01,38,0.38,100,0.014485918199643493,9637
matched,sweeping,3,97,0.09345794392523366,93.50000000000007,1,0.01,46,0.46,100,0.015423450064845383,9737
matched,sweeping,3,98,0.09259259259259259,96.10000000000005,0,0.0,39,0.39,100,0.01406923171132803,9837
matched,sweeping,3,99,0.09174311926605504,93.60000000000005,1,0.01,45,0.45,100,0.017381444671191276,9937
matched,sweeping,3,100,0.09090909090909091,93.70000000000007,1,0.01,44,0.44,100,0.011879042661748827,10037
matched,sweeping,3,101,0.0900900900900901,88.70000000000002,4,0.04,37,0.37,100,0.013696403205394746,10137
matched,sweeping,3,102,0.08928571428571429,92.50000000000006,2,0.02,37,0.37,100,0.01537433355115354,10237
matched,sweeping,3,103,0.08849557522123894,94.20000000000003,1,0.01,39,0.39,100,0.01775282562710345,10337
matched,sweeping,3,104,0.08771929824561403,92.50000000000004,2,0.02,37,0.37,100,0.01254550730343908,10437
matched,sweeping,3,105,0.08695652173913043,95.80000000000005,0,0.0,42,0.42,100,0.014357367209158837,10537
matched,sweeping,3,106,0.08620689655172414,94.50000000000003,1,0.01,36,0.36,100,0.014318015389144421,10637
matched,sweeping,3,107,0.08547008547008547,89.90000000000003,3,0.03,43,0.43,100,0.013681114374194295,10737
matched,sweeping,3,108,0.0847457627118644,91.70000000000003,2,0.02,45,0.45,100,0.014110921653918923,10837
matched,sweeping,3,109,0.08403361344537814,95.80000000000005,0,0.0,42,0.42,100,0.017708554342389108,10937
matched,sweeping,3,110,0.08333333333333333,94.20000000000007,1,0.01,39,0.39,100,0.018320616506971418,11037
matched,sweeping,3,111,0.08264462809917356,96.10000000000005,0,0.0,39,0.39,100,0.015628542476333676,11137
matched,sweeping,3,112,0.0819672131147541,90.80000000000001,3,0.03,34,0.34,100,0.010898692077025771,11237
matched,sweeping,3,113,0.08130081300813008,94.40000000000005,1,0.01,37,0.37,100,0.012891399231739343,11337
matched,sweeping,3,114,0.08064516129032258,93.70000000000006,1,0.01,43,0.43,100,0.013211709894239903,11437
matched,sweeping,3,115,0.08,96.20000000000006,0,0.0,38,0.38,100,0.012585707094985991,11537
matched,sweeping,3,116,0.07936507936507936,93.70000000000005,1,0.01,44,0.44,100,0.015089802076108754,11637
matched,sweeping,3,117,0.07874015748031496,94.10000000000002,1,0.01,40,0.4,100,0.014277681312523782,11737
matched,sweeping,3,118,0.078125,96.00000000000004,0,0.0,40,0.4,100,0.012627574992366134,11837
matched,sweeping,3,119,0.07751937984496124,96.20000000000007,0,0.0,38,0.38,100,0.015297789326868951,11937
matched,sweeping,3,120,0.07692307692307693,93.50000000000004,1,0.01,46,0.46,100,0.01449200566392392,12037
matched,sweeping,3,121,0.07633587786259542,94.90000000000003,1,0.01,32,0.32,100,0.014753620552364738,12137
matched,sweeping,3,122,0.07575757575757576,94.40000000000003,1,0.01,37,0.37,100,0.01130720344837755,12237
matched,sweeping,3,123,0.07518796992481203,91.80000000000007,2,0.02,44,0.44,100,0.01648883989546448,12337
matched,sweeping,3,124,0.07462686567164178,94.40000000000006,1,0.01,37,0.37,100,0.016978186541236936,12437
matched,sweeping,3,125,0.07407407407407407,94.80000000000007,0,0.0,52,0.52,100,0.012328993543051184,12537
matched,sweeping,3,126,0.07352941176470588,96.60000000000004,0,0.0,34,0.34,100,0.012685655001550913,12637
matched,sweeping,3,127,0.07299270072992702,96.10000000000005,0,0.0,39,0.39,100,0.01065636235754937,12737
matched,sweeping,3,128,0.07246376811594203,90.40000000000003,3,0.03,39,0.39,100,0.013572145234793425,12837
matched,sweeping,3,129,0.07194244604316546,95.80000000000005,0,0.0,42,0.42,100,0.012945884843356908,12937
matched,sweeping,3,130,0.07142857142857142,94.60000000000005,1,0.01,35,0.35,100,0.013440314447507262,13037
matched,sweeping,3,131,0.07092198581560284,90.60000000000005,3,0.03,36,0.36,100,0.01253083293326199,13137
matched,sweeping,3,132,0.07042253521126761,90.40000000000006,3,0.03,39,0.39,100,0.01432535819709301,13237
matched,sweeping,3,133,0.06993006993006992,96.60000000000002,0,0.0,34,0.34,100,0.012532361815683544,13337
matched,sweeping,3,134,0.06944444444444445,94.20000000000005,1,0.01,39,0.39,100,0.011513852067291736,13437
matched,sweeping,3,135,0.06896551724137931,96.20000000000005,0,0.0,38,0.38,100,0.013330369745381177,13537
matched,sweeping,3,136,0.0684931506849315,96.00000000000003,0,0.0,40,0.4,100,0.013526237686164677,13637
matched,sweeping,3,137,0.06802721088435375,94.20000000000005,1,0.01,39,0.39,100,0.011009882828220725,13737
matched,sweeping,3,138,0.06756756756756756,96.50000000000003,0,0.0,35,0.35,100,0.011634562695398927,13837
matched,sweeping,3,139,0.06711409395973154,96.50000000000003,0,0.0,35,0.35,100,0.010576129651162773,13937
matched,sweeping,3,140,0.06666666666666667,93.20000000000003,2,0.02,29,0.29,100,0.016594514641910793,14037
matched,sweeping,3,141,0.06622516556291391,94.10000000000005,1,0.01,40,0.4,100,0.011185361810494215,14137
matched,sweeping,3,142,0.06578947368421052,94.80000000000003,1,0.01,32,0.32,100,0.010803996799513698,14237
matched,sweeping,3,143,0.06535947712418301,95.10000000000005,1,0.01,30,0.3,100,0.010811415212228894,14337
matched,sweeping,3,144,0.06493506493506493,94.30000000000004,1,0.01,38,0.38,100,0.01056364038027823,14437
matched,sweeping,3,145,0.06451612903225806,92.50000000000004,2,0.02,37,0.37,100,0.011029104320332408,14537
matched,sweeping,3,146,0.06410256410256411,94.60000000000005,1,0.01,35,0.35,100,0.012974098324775696,14637
matched,sweeping,3,147,0.06369426751592357,94.40000000000003,1,0.01,37,0.37,100,0.011806579777039588,14737
matched,sweeping,3,148,0.06329113924050632,97.00000000000006,0,0.0,30,0.3,100,0.01165169255109504,14837
matched,sweeping,3,149,0.06289308176100629,96.20000000000005,0,0.0,38,0.38,100,0.011149193202145398,14937
matched,sweeping,3,150,0.0625,92.40000000000003,2,0.02,37,0.37,100,0.013086128337308765,15037
matched,sweeping,3,151,0.06211180124223602,94.00000000000003,1,0.01,41,0.41,100,0.0141660510096699,15137
matched,sweeping,3,152,0.0617283950617284,94.60000000000004,1,0.01,35,0.35,100,0.012164008859544993,15237
matched,sweeping,3,153,0.06134969325153374,90.9,3,0.03,34,0.34,100,0.00977020849706605,15337
matched,sweeping,3,154,0.06097560975609757,96.20000000000007,0,0.0,38,0.38,100,0.013728425614535808,15437
matched,sweeping,3,155,0.06060606060606061,94.90000000000003,1,0.01,32,0.32,100,0.011360772936604917,15537
matched,sweeping,3,156,0.06024096385542168,96.50000000000004,0,0.0,35,0.35,100,0.012187098772265016,15637
matched,sweeping,3,157,0.059880239520958084,96.50000000000006,0,0.0,35,0.35,100,0.012270293231122196,15737
matched,sweeping,3,158,0.05952380952380952,91.30000000000007,2,0.02,49,0.49,100,0.012338852207176388,15837
matched,sweeping,3,159,0.0591715976331361,96.20000000000005,0,0.0,38,0.38,100,0.010019804993644356,15937
matched,sweeping,3,160,0.058823529411764705,95.00000000000003,1,0.01,31,0.31,100,0.012116045563016088,16037
matched,sweeping,3,161,0.05847953216374269,94.90000000000002,1,0.01,32,0.32,100,0.011972395698539912,16137
matched,sweeping,3,162,0.05813953488372093,96.60000000000005,0,0.0,34,0.34,100,0.012068751119077206,16237
matched,sweeping,3,163,0.057803468208092484,96.30000000000005,0,0.0,37,0.37,100,0.011217060252092778,16337
matched,sweeping,3,164,0.0574712643678161,94.20000000000006,1,0.01,39,0.39,100,0.010593673819676042,16437
matched,sweeping,3,165,0.05714285714285714,96.90000000000005,0,0.0,31,0.31,100,0.010423551248386502,16537
matched,sweeping,3,166,0.056818181818181816,96.70000000000003,0,0.0,33,0.33,100,0.009622834289912134,16637
matched,sweeping,3,167,0.05649717514124294,94.80000000000004,1,0.01,33,0.33,100,0.013078242745250464,16737
matched,sweeping,3,168,0.056179775280898875,94.20000000000006,1,0.01,39,0.39,100,0.012315646554343402,16837
matched,sweeping,3,169,0.0558659217877095,94.20000000000005,1,0.01,39,0.39,100,0.013251735409721733,16937
matched,sweeping,3,170,0.05555555555555555,96.70000000000005,0,0.0,33,0.33,100,0.010041600645054131,17037
matched,sweeping,3,171,0.055248618784530384,94.90000000000003,1,0.01,31,0.31,100,0.009154867096804083,17137
matched,sweeping,3,172,0.054945054945054944,96.50000000000003,0,0.0,35,0.35,100,0.011068504124414175,17237
matched,sweeping,3,173,0.0546448087431694,94.80000000000004,1,0.01,33,0.33,100,0.009615414815489203,17337
matched,sweeping,3,174,0.05434782608695653,96.60000000000002,0,0.0,34,0.34,100,0.014954731636680662,17437
matched,sweeping,3,175,0.05405405405405406,92.70000000000005,2,0.02,35,0.35,100,0.012398246908560395,17537
matched,sweeping,3,176,0.05376344086021505,96.90000000000006,0,0.0,31,0.31,100,0.007069417922757566,17637
matched,sweeping,3,177,0.053475935828877004,94.30000000000004,1,0.01,38,0.38,100,0.008778618501964956,17737
matched,sweeping,3,178,0.05319148936170213,97.00000000000006,0,0.0,30,0.3,100,0.010432424875907599,17837
matched,sweeping,3,179,0.052910052910052914,97.00000000000003,0,0.0,30,0.3,100,0.011748982332646847,17937
matched,sweeping,3,180,0.05263157894736842,92.70000000000002,2,0.02,35,0.35,100,0.012405398860573768,18037
matched,sweeping,3,181,0.05235602094240837,92.50000000000006,2,0.02,36,0.36,100,0.009149227698799223,18137
matched,sweeping,3,182,0.052083333333333336,96.80000000000007,0,0.0,32,0.32,100,0.013592165349982678,18237
matched,sweeping,3,183,0.05181347150259067,93.80000000000004,1,0.01,43,0.43,100,0.010828316388651728,18337
matched,sweeping,3,184,0.051546391752577324,95.00000000000003,1,0.01,31,0.31,100,0.011750681139528752,18437
matched,sweeping,3,185,0.05128205128205128,96.00000000000006,0,0.0,40,0.4,100,0.011956649143248796,18537
matched,sweeping,3,186,0.0510204081632653,96.30000000000007,0,0.0,37,0.37,100,0.009275634116493165,18637
matched,sweeping,3,187,0.050761421319796954,94.70000000000005,1,0.01,34,0.34,100,0.009986667665652931,18737
matched,sweeping,3,188,0.050505050505050504,97.00000000000003,0,0.0,30,0.3,100,0.010446906925644726,18837
matched,sweeping,3,189,0.05025125628140704,95.00000000000003,1,0.01,31,0.31,100,0.011403875211253762,18937
matched,sweeping,3,190,0.05,94.20000000000005,1,0.01,39,0.39,100,0.010313939047046005,19037
matched,sweeping,3,191,0.04975124378109452,90.80000000000001,3,0.03,35,0.35,100,0.010061395615339279,19137
matched,sweeping,3,192,0.04950495049504951,96.50000000000006,0,0.0,35,0.35,100,0.013224750531371683,19237
matched,sweeping,3,193,0.04926108374384236,96.70000000000003,0,0.0,33,0.33,100,0.010362690375186502,19337
matched,sweeping,3,194,0.04901960784313726,96.20000000000005,0,0.0,38,0.38,100,0.00903991379076615,19437
matched,sweeping,3,195,0.04878048780487805,94.1,1,0.01,40,0.4,100,0.009948597466573119,19537
matched,sweeping,3,196,0.04854368932038835,94.70000000000003,1,0.01,33,0.33,100,0.010456340685486794,19637
matched,sweeping,3,197,0.04830917874396135,97.40000000000003,0,0.0,26,0.26,100,0.008796961442567409,19737
matched,sweeping,3,198,0.04807692307692307,94.90000000000003,1,0.01,32,0.32,100,0.01065185571089387,19837
matched,sweeping,3,199,0.04784688995215311,96.70000000000002,0,0.0,33,0.33,100,0.010877541459631174,19937
matched,sweeping,4,0,1.0,71.79999999999997,10,0.1,91,0.91,100,0.11403520521078561,37
matched,sweeping,4,1,0.9090909090909091,85.30000000000008,3,0.03,87,0.87,100,0.025349343214184045,137
matched,sweeping,4,2,0.8333333333333334,74.1,9,0.09,88,0.88,100,0.021579498322680593,237
matched,sweeping,4,3,0.7692307692307692,77.0,8,0.08,77,0.77,100,0.018422787766903637,337
matched,sweeping,4,4,0.7142857142857143,69.89999999999998,11,0.11,92,0.92,100,0.018434853982180355,437
matched,sweeping,4,5,0.6666666666666666,77.70000000000003,7,0.07,88,0.88,100,0.019211067664436997,537
matched,sweeping,4,6,0.625,74.39999999999998,9,0.09,82,0.82,100,0.023920984249562027,637
matched,sweeping,4,7,0.5882352941176471,79.00000000000004,7,0.07,74,0.74,100,0.02465852340683341,737
matched,sweeping,4,8,0.5555555555555556,77.10000000000001,8,0.08,76,0.76,100,0.028059951700270175,837
matched,sweeping,4,9,0.5263157894736842,83.30000000000003,5,0.05,71,0.71,100,0.017696009734645485,937
matched,sweeping,4,10,0.5,80.60000000000001,6,0.06,79,0.79,100,0.01595235471613705,1037
matched,sweeping,4,11,0.47619047619047616,83.40000000000005,5,0.05,70,0.7,100,0.015857902807183563,1137
matched,sweeping,4,12,0.45454545454545453,85.80000000000005,4,0.04,65,0.65,100,0.019370248722843826,1237
matched,sweeping,4,13,0.4347826086956522,81.50000000000003,6,0.06,71,0.71,100,0.023478026641532777,1337
matched,sweeping,4,14,0.4166666666666667,87.50000000000006,3,0.03,68,0.68,100,0.020240033334121107,1437
matched,sweeping,4,15,0.4,83.60000000000007,5,0.05,69,0.69,100,0.020001813964918257,1537
matched,sweeping,4,16,0.3846153846153846,81.20000000000002,6,0.06,74,0.74,100,0.019677127478644252,1637
matched,sweeping,4,17,0.37037037037037035,87.10000000000005,3,0.03,72,0.72,100,0.019477718388661743,1737
matched,sweeping,4,18,0.35714285714285715,84.20000000000003,5,0.05,62,0.62,100,0.018295796657912432,1837
matched,sweeping,4,19,0.3448275862068966,84.00000000000007,5,0.05,65,0.65,100,0.02052374492865056,1937
matched,sweeping,4,20,0.3333333333333333,85.00000000000003,5,0.05,55,0.55,100,0.019146484876982867,2037
matched,sweeping,4,21,0.3225806451612903,76.49999999999999,9,0.09,62,0.62,100,0.02106581227853894,2137
matched,sweeping,4,22,0.3125,89.90000000000005,2,0.02,62,0.62,100,0.022052552006207406,2237
matched,sweeping,4,23,0.30303030303030304,86.60000000000005,4,0.04,57,0.57,100,0.020926424991339444,2337
matched,sweeping,4,24,0.29411764705882354,87.80000000000008,3,0.03,63,0.63,100,0.021127162114717067,2437
matched,sweeping,4,25,0.2857142857142857,88.50000000000006,3,0.03,58,0.58,100,0.020443646959029137,2537
matched,sweeping,4,26,0.2777777777777778,89.60000000000005,2,0.02,66,0.66,100,0.01972078130580485,2637
matched,sweeping,4,27,0.27027027027027023,84.70000000000005,5,0.05,58,0.58,100,0.018173403344117104,2737
matched,sweeping,4,28,0.2631578947368421,84.2,5,0.05,63,0.63,100,0.018064145604148506,2837
matched,sweeping,4,29,0.25641025641025644,92.10000000000008,1,0.01,60,0.6,100,0.017545194467529654,2937
matched,sweeping,4,30,0.25,87.00000000000003,4,0.04,54,0.54,100,0.01779434981290251,3037
matched,sweeping,4,31,0.24390243902439027,90.40000000000008,2,0.02,58,0.58,100,0.01671977139543742,3137
matched,sweeping,4,32,0.23809523809523808,84.30000000000004,5,0.05,62,0.62,100,0.017553613199852408,3237
matched,sweeping,4,33,0.23255813953488372,92.90000000000006,1,0.01,52,0.52,100,0.017349213222041728,3337
matched,sweeping,4,34,0.22727272727272727,87.10000000000007,4,0.04,53,0.53,100,0.0177554642688483,3437
matched,sweeping,4,35,0.2222222222222222,94.80000000000003,1,0.01,33,0.33,100,0.01835706251207739,3537
matched,sweeping,4,36,0.2173913043478261,88.40000000000005,3,0.03,59,0.59,100,0.03168067512102425,3637
matched,sweeping,4,37,0.2127659574468085,89.20000000000007,3,0.03,51,0.51,100,0.021254782262258232,3737
matched,sweeping,4,38,0.20833333333333334,83.9,6,0.06,46,0.46,100,0.038124845661222935,3837
matched,sweeping,4,39,0.2040816326530612,93.50000000000006,1,0.01,45,0.45,100,0.02970601097214967,3937
matched,sweeping,4,40,0.2,90.00000000000006,2,0.02,61,0.61,100,0.028070939891040324,4037
matched,sweeping,4,41,0.19607843137254904,92.30000000000004,1,0.01,58,0.58,100,0.026682960372418164,4137
matched,sweeping,4,42,0.1923076923076923,95.20000000000006,0,0.0,48,0.48,100,0.020303879668936133,4237
matched,sweeping,4,43,0.18867924528301888,89.00000000000006,3,0.03,53,0.53,100,0.018772466322407127,4337
matched,sweeping,4,44,0.18518518518518517,89.60000000000005,3,0.03,47,0.47,100,0.016004720381461085,4437
matched,sweeping,4,45,0.18181818181818182,89.40000000000003,3,0.03,49,0.49,100,0.021735486863180994,4537
matched,sweeping,4,46,0.17857142857142858,93.80000000000005,1,0.01,43,0.43,100,0.016391195869073272,4637
matched,sweeping,4,47,0.17543859649122806,88.30000000000003,4,0.04,41,0.41,100,0.014516385905444622,4737
matched,sweeping,4,48,0.1724137931034483,91.20000000000005,2,0.02,50,0.5,100,0.017665197718888522,4837
matched,sweeping,4,49,0.1694915254237288,89.90000000000003,3,0.03,42,0.42,100,0.02284704870544374,4937
matched,sweeping,4,50,0.16666666666666666,89.40000000000002,3,0.03,49,0.49,100,0.020695181004703044,5037
matched,sweeping,4,51,0.1639344262295082,87.50000000000001,4,0.04,49,0.49,100,0.018148433808237316,5137
matched,sweeping,4,52,0.16129032258064516,93.50000000000009,1,0.01,46,0.46,100,0.017841024189256132,5237
matched,sweeping,4,53,0.15873015873015872,91.70000000000005,2,0.02,44,0.44,100,0.02040613146033138,5337
matched,sweeping,4,54,0.15625,95.50000000000007,0,0.0,45,0.45,100,0.01614257666282356,5437
matched,sweeping,4,55,0.15384615384615385,93.40000000000005,1,0.01,47,0.47,100,0.018236576728522778,5537
matched,sweeping,4,56,0.15151515151515152,92.30000000000003,2,0.02,39,0.39,100,0.016700614262372255,5637
matched,sweeping,4,57,0.14925373134328357,87.50000000000001,4,0.04,49,0.49,100,0.015456032636575402,5737
matched,sweeping,4,58,0.14705882352941177,94.60000000000004,1,0.01,35,0.35,100,0.016115744051057847,5837
matched,sweeping,4,59,0.14492753623188406,96.10000000000007,0,0.0,39,0.39,100,0.01918138321256265,5937
matched,sweeping,4,60,0.14285714285714285,93.30000000000005,1,0.01,47,0.47,100,0.019678613948635758,6037
matched,sweeping,4,61,0.14084507042253522,96.10000000000004,0,0.0,39,0.39,100,0.015401193713769317,6137
matched,sweeping,4,62,0.1388888888888889,89.50000000000004,3,0.03,46,0.46,100,0.01706210774369538,6237
matched,sweeping,4,63,0.136986301369863,92.00000000000004,2,0.02,41,0.41,100,0.015461636027321219,6337
matched,sweeping,4,64,0.13513513513513511,85.40000000000003,5,0.05,51,0.51,100,0.01740216607693583,6437
matched,sweeping,4,65,0.13333333333333333,93.60000000000005,1,0.01,45,0.45,100,0.01699447541497648,6537
matched,sweeping,4,66,0.13157894736842105,93.90000000000003,1,0.01,42,0.42,100,0.01721866595093161,6637
matched,sweeping,4,67,0.12987012987012986,91.90000000000003,2,0.02,43,0.43,100,0.016851402008906006,6737
matched,sweeping,4,68,0.12820512820512822,92.10000000000004,2,0.02,41,0.41,100,0.01824168496299535,6837
matched,sweeping,4,69,0.12658227848101264,83.70000000000002,6,0.06,49,0.49,100,0.019458348881453275,6937
matched,sweeping,4,70,0.125,89.70000000000003,3,0.03,45,0.45,100,0.022819912638515235,7037
matched,sweeping,4,71,0.1234567901234568,95.90000000000006,0,0.0,41,0.41,100,0.01543753017205745,7137
matched,sweeping,4,72,0.12195121951219513,94.20000000000005,1,0.01,39,0.39,100,0.01639695398043841,7237
matched,sweeping,4,73,0.12048192771084336,91.40000000000005,2,0.02,48,0.48,100,0.018491212814114987,7337
matched,sweeping,4,74,0.11904761904761904,93.50000000000004,1,0.01,46,0.46,100,0.0232460344908759,7437
matched,sweeping,4,75,0.11764705882352941,85.80000000000004,5,0.05,47,0.47,100,0.019012567047029735,7537
matched,sweeping,4,76,0.11627906976744186,93.90000000000006,1,0.01,42,0.42,100,0.015356150893494487,7637
matched,sweeping,4,77,0.1149425287356322,92.50000000000003,2,0.02,36,0.36,100,0.01663406987208873,7737
matched,sweeping,4,78,0.11363636363636363,92.50000000000006,2,0.02,37,0.37,100,0.015497658825479448,7837
matched,sweeping,4,79,0.11235955056179775,94.50000000000004,1,0.01,36,0.36,100,0.015489629283547402,7937
matched,sweeping,4,80,0.1111111111111111,96.50000000000003,0,0.0,35,0.35,100,0.01526118105975911,8037
matched,sweeping,4,81,0.10989010989010989,96.40000000000003,0,0.0,36,0.36,100,0.019535873108543454,8137
matched,sweeping,4,82,0.10869565217391305,92.10000000000005,2,0.02,40,0.4,100,0.020350683648139238,8237
matched,sweeping,4,83,0.1075268817204301,90.30000000000003,3,0.03,40,0.4,100,0.01715373057872057,8337
matched,sweeping,4,84,0.10638297872340426,95.90000000000003,0,0.0,41,0.41,100,0.019648018274456263,8437
matched,sweeping,4,85,0.10526315789473684,95.50000000000003,0,0.0,45,0.45,100,0.017464816365391017,8537
matched,sweeping,4,86,0.10416666666666667,94.00000000000004,1,0.01,41,0.41,100,0.014107858249917626,8637
matched,sweeping,4,87,0.10309278350515465,95.90000000000006,0,0.0,41,0.41,100,0.017197169992141426,8737
matched,sweeping,4,88,0.1020408163265306,88.30000000000004,4,0.04,41,0.41,100,0.016606465289369224,8837
matched,sweeping,4,89,0.10101010101010101,96.00000000000006,0,0.0,40,0.4,100,0.014935351018793881,8937
matched,sweeping,4,90,0.1,93.30000000000007,1,0.01,48,0.48,100,0.018366464632563292,9037
matched,sweeping,4,91,0.09900990099009901,89.60000000000002,3,0.03,47,0.47,100,0.016502460339106618,9137
matched,sweeping,4,92,0.09803921568627452,92.60000000000002,2,0.02,36,0.36,100,0.0178262756485492,9237
matched,sweeping,4,93,0.0970873786407767,92.10000000000004,2,0.02,41,0.41,100,0.01698655271437019,9337
matched,sweeping,4,94,0.09615384615384615,93.90000000000006,1,0.01,42,0.42,100,0.015616499613970517,9437
matched,sweeping,4,95,0.09523809523809523,96.70000000000005,0,0.0,33,0.33,100,0.015195409101434052,9537
matched,sweeping,4,96,0.09433962264150944,93.40000000000005,1,0.01,47,0.47,100,0.013958710026927293,9637
matched,sweeping,4,97,0.09345794392523366,96.30000000000005,0,0.0,37,0.37,100,0.012534505384974182,9737
matched,sweeping,4,98,0.09259259259259259,92.60000000000005,2,0.02,35,0.35,100,0.014709783988073467,9837
matched,sweeping,4,99,0.09174311926605504,96.20000000000005,0,0.0,38,0.38,100,0.015780063881538808,9937
matched,sweeping,4,100,0.09090909090909091,94.30000000000004,1,0.01,38,0.38,100,0.015240672514773906,10037
matched,sweeping,4,101,0.0900900900900901,92.80000000000001,2,0.02,33,0.33,100,0.01462393200956285,10137
matched,sweeping,4,102,0.08928571428571429,88.30000000000004,4,0.04,40,0.4,100,0.015115353665314614,10237
matched,sweeping,4,103,0.08849557522123894,92.70000000000006,2,0.02,35,0.35,100,0.016031008823774756,10337
matched,sweeping,4,104,0.08771929824561403,90.80000000000004,3,0.03,35,0.35,100,0.016235687392763792,10437
matched,sweeping,4,105,0.08695652173913043,92.90000000000002,2,0.02,33,0.33,100,0.015352791482582688,10537
matched,sweeping,4,106,0.08620689655172414,94.60000000000005,1,0.01,35,0.35,100,0.014731863802298904,10637
matched,sweeping,4,107,0.08547008547008547,90.80000000000003,3,0.03,34,0.34,100,0.012208354426547885,10737
matched,sweeping,4,108,0.0847457627118644,94.60000000000007,1,0.01,35,0.35,100,0.0130483993049711,10837
matched,sweeping,4,109,0.08403361344537814,92.00000000000006,2,0.02,42,0.42,100,0.01579015076160431,10937
matched,sweeping,4,110,0.08333333333333333,95.70000000000006,0,0.0,43,0.43,100,0.014696375215426088,11037
matched,sweeping,4,111,0.08264462809917356,96.40000000000003,0,0.0,36,0.36,100,0.017455565268173812,11137
matched,sweeping,4,112,0.0819672131147541,91.80000000000003,2,0.02,44,0.44,100,0.012760275909677148,11237
matched,sweeping,4,113,0.08130081300813008,94.40000000000002,1,0.01,37,0.37,100,0.010851034524384885,11337
matched,sweeping,4,114,0.08064516129032258,94.30000000000005,1,0.01,38,0.38,100,0.014442319301888346,11437
matched,sweeping,4,115,0.08,96.10000000000004,0,0.0,39,0.39,100,0.017043761140666903,11537
matched,sweeping,4,116,0.07936507936507936,96.80000000000004,0,0.0,32,0.32,100,0.015349504821933806,11637
matched,sweeping,4,117,0.07874015748031496,94.40000000000002,1,0.01,36,0.36,100,0.016782863209955395,11737
matched,sweeping,4,118,0.078125,96.60000000000002,0,0.0,34,0.34,100,0.01554849844891578,11837
matched,sweeping,4,119,0.07751937984496124,92.50000000000006,2,0.02,37,0.37,100,0.0145745341014117,11937
matched,sweeping,4,120,0.07692307692307693,94.10000000000002,1,0.01,40,0.4,100,0.012789987768046558,12037
matched,sweeping,4,121,0.07633587786259542,92.20000000000005,2,0.02,40,0.4,100,0.012061982890591025,12137
matched,sweeping,4,122,0.07575757575757576,96.60000000000004,0,0.0,34,0.34,100,0.01274449773132801,12237
matched,sweeping,4,123,0.07518796992481203,96.30000000000004,0,0.0,37,0.37,100,0.014565719538368285,12337
matched,sweeping,4,124,0.07462686567164178,95.10000000000002,1,0.01,30,0.3,100,0.015300749028101563,12437
matched,sweeping,4,125,0.07407407407407407,93.90000000000003,1,0.01,41,0.41,100,0.01311363050714135,12537
matched,sweeping,4,126,0.07352941176470588,91.90000000000003,2,0.02,43,0.43,100,0.014083246057853103,12637
matched,sweeping,4,127,0.07299270072992702,92.90000000000003,2,0.02,33,0.33,100,0.014589784005656838,12737
matched,sweeping,4,128,0.07246376811594203,93.80000000000005,1,0.01,42,0.42,100,0.015668321889825164,12837
matched,sweeping,4,129,0.07194244604316546,96.90000000000003,0,0.0,31,0.31,100,0.01127572839614004,12937
matched,sweeping,4,130,0.07142857142857142,95.90000000000005,0,0.0,41,0.41,100,0.01477329276036471,13037
matched,sweeping,4,131,0.07092198581560284,93.90000000000006,1,0.01,42,0.42,100,0.013650834385771304,13137
matched,sweeping,4,132,0.07042253521126761,92.90000000000005,2,0.02,33,0.33,100,0.015303247827105224,13237
matched,sweeping,4,133,0.06993006993006992,92.80000000000004,2,0.02,34,0.34,100,0.012172735244967044,13337
matched,sweeping,4,134,0.06944444444444445,94.60000000000005,1,0.01,35,0.35,100,0.010521791535429656,13437
matched,sweeping,4,135,0.06896551724137931,95.10000000000002,1,0.01,30,0.3,100,0.013223627312108875,13537
matched,sweeping,4,136,0.0684931506849315,92.40000000000003,2,0.02,38,0.38,100,0.012638554710429161,13637
matched,sweeping,4,137,0.06802721088435375,93.50000000000007,1,0.01,46,0.46,100,0.010668497800361365,13737
matched,sweeping,4,138,0.06756756756756756,96.20000000000003,0,0.0,38,0.38,100,0.01096543544670567,13837
matched,sweeping,4,139,0.06711409395973154,94.10000000000005,1,0.01,40,0.4,100,0.01508587105665356,13937
matched,sweeping,4,140,0.06666666666666667,96.70000000000002,0,0.0,33,0.33,100,0.013353473108727485,14037
matched,sweeping,4,141,0.06622516556291391,95.90000000000006,0,0.0,41,0.41,100,0.014213589592836797,14137
matched,sweeping,4,142,0.06578947368421052,96.60000000000004,0,0.0,34,0.34,100,0.013469439558684826,14237
matched,sweeping,4,143,0.06535947712418301,90.70000000000005,3,0.03,36,0.36,100,0.012501598550006748,14337
matched,sweeping,4,144,0.06493506493506493,94.50000000000006,1,0.01,36,0.36,100,0.012142905872315169,14437
matched,sweeping,4,145,0.06451612903225806,96.40000000000005,0,0.0,36,0.36,100,0.011308597652241587,14537
matched,sweeping,4,146,0.06410256410256411,94.20000000000002,1,0.01,39,0.39,100,0.011941757034510374,14637
matched,sweeping,4,147,0.06369426751592357,96.70000000000005,0,0.0,33,0.33,100,0.01086346107069403,14737
matched,sweeping,4,148,0.06329113924050632,94.50000000000004,1,0.01,36,0.36,100,0.009534078037831932,14837
matched,sweeping,4,149,0.06289308176100629,93.10000000000005,2,0.02,30,0.3,100,0.008812994200270622,14937
matched,sweeping,4,150,0.0625,94.80000000000004,1,0.01,33,0.33,100,0.01081715211039409,15037
matched,sweeping,4,151,0.06211180124223602,89.90000000000006,3,0.03,44,0.44,100,0.012511286824010313,15137
matched,sweeping,4,152,0.0617283950617284,90.60000000000002,3,0.03,37,0.37,100,0.012837414196692407,15237
matched,sweeping,4,153,0.06134969325153374,91.90000000000002,2,0.02,43,0.43,100,0.014517005174420774,15337
matched,sweeping,4,154,0.06097560975609757,96.80000000000004,0,0.0,32,0.32,100,0.00921572740189731,15437
matched,sweeping,4,155,0.06060606060606061,92.20000000000003,2,0.02,40,0.4,100,0.014330542669631541,15537
matched,sweeping,4,156,0.06024096385542168,94.10000000000008,1,0.01,40,0.4,100,0.011577664334326982,15637
matched,sweeping,4,157,0.059880239520958084,96.70000000000002,0,0.0,33,0.33,100,0.011818556278012694,15737
matched,sweeping,4,158,0.05952380952380952,92.50000000000003,2,0.02,37,0.37,100,0.012906682537868619,15837
matched,sweeping,4,159,0.0591715976331361,94.20000000000003,1,0.01,39,0.39,100,0.012851442852988839,15937
matched,sweeping,4,160,0.058823529411764705,94.40000000000005,1,0.01,37,0.37,100,0.012627307574730367,16037
matched,sweeping,4,161,0.05847953216374269,95.90000000000005,0,0.0,41,0.41,100,0.01343497061636299,16137
matched,sweeping,4,162,0.05813953488372093,94.40000000000006,1,0.01,37,0.37,100,0.014225969342514872,16237
matched,sweeping,4,163,0.057803468208092484,95.80000000000007,0,0.0,42,0.42,100,0.011489300690591335,16337
matched,sweeping,4,164,0.0574712643678161,96.80000000000004,0,0.0,32,0.32,100,0.0119118724623695,16437
matched,sweeping,4,165,0.05714285714285714,92.60000000000004,2,0.02,36,0.36,100,0.012557553397491573,16537
matched,sweeping,4,166,0.056818181818181816,97.10000000000005,0,0.0,29,0.29,100,0.010166906223166733,16637
matched,sweeping,4,167,0.05649717514124294,94.20000000000006,1,0.01,39,0.39,100,0.013236707947216928,16737
matched,sweeping,4,168,0.056179775280898875,94.40000000000003,1,0.01,37,0.37,100,0.011676657847128808,16837
matched,sweeping,4,169,0.0558659217877095,96.50000000000006,0,0.0,35,0.35,100,0.010389704934787004,16937
matched,sweeping,4,170,0.05555555555555555,96.70000000000006,0,0.0,33,0.33,100,0.010674803801812231,17037
matched,sweeping,4,171,0.055248618784530384,97.0,0,0.0,30,0.3,100,0.01066774443956092,17137
matched,sweeping,4,172,0.054945054945054944,94.50000000000006,1,0.01,36,0.36,100,0.009855519763659686,17237
matched,sweeping,4,173,0.0546448087431694,96.70000000000005,0,0.0,33,0.33,100,0.009934683630708605,17337
matched,sweeping,4,174,0.05434782608695653,96.60000000000004,0,0.0,34,0.34,100,0.01139628240838647,17437
matched,sweeping,4,175,0.05405405405405406,94.70000000000005,1,0.01,34,0.34,100,0.011265951732639223,17537
matched,sweeping,4,176,0.05376344086021505,96.80000000000003,0,0.0,32,0.32,100,0.010386345675215125,17637
matched,sweeping,4,177,0.053475935828877004,92.30000000000005,2,0.02,39,0.39,100,0.011748542874120176,17737
matched,sweeping,4,178,0.05319148936170213,92.70000000000003,2,0.02,35,0.35,100,0.010037618866190314,17837
matched,sweeping,4,179,0.052910052910052914,92.80000000000005,2,0.02,32,0.32,100,0.00909392005763948,17937
matched,sweeping,4,180,0.05263157894736842,96.80000000000004,0,0.0,32,0.32,100,0.009698534267954528,18037
matched,sweeping,4,181,0.05235602094240837,97.10000000000005,0,0.0,29,0.29,100,0.010963316352572292,18137
matched,sweeping,4,182,0.052083333333333336,97.00000000000003,0,0.0,30,0.3,100,0.00929091383004561,18237
matched,sweeping,4,183,0.05181347150259067,96.70000000000003,0,0.0,33,0.33,100,0.010136630269698799,18337
matched,sweeping,4,184,0.051546391752577324,96.50000000000006,0,0.0,35,0.35,100,0.014127006414346397,18437
matched,sweeping,4,185,0.05128205128205128,96.80000000000004,0,0.0,32,0.32,100,0.008860676647163928,18537
matched,sweeping,4,186,0.0510204081632653,94.40000000000008,1,0.01,37,0.37,100,0.008898448385298251,18637
matched,sweeping,4,187,0.050761421319796954,95.20000000000003,1,0.01,29,0.29,100,0.013705211328342556,18737
matched,sweeping,4,188,0.050505050505050504,94.80000000000003,1,0.01,33,0.33,100,0.013330601914785802,18837
matched,sweeping,4,189,0.05025125628140704,97.00000000000004,0,0.0,30,0.3,100,0.012642295944970102,18937
matched,sweeping,4,190,0.05,96.40000000000003,0,0.0,36,0.36,100,0.00973732052370906,19037
matched,sweeping,4,191,0.04975124378109452,96.90000000000006,0,0.0,31,0.31,100,0.008536300908308475,19137
matched,sweeping,4,192,0.04950495049504951,97.40000000000003,0,0.0,26,0.26,100,0.011838311445899308,19237
matched,sweeping,4,193,0.04926108374384236,95.00000000000006,1,0.01,31,0.31,100,0.012144957599230111,19337
matched,sweeping,4,194,0.04901960784313726,95.50000000000003,1,0.01,26,0.26,100,0.013204051908105611,19437
matched,sweeping,4,195,0.04878048780487805,96.50000000000006,0,0.0,35,0.35,100,0.010033194089774043,19537
matched,sweeping,4,196,0.04854368932038835,95.90000000000005,0,0.0,41,0.41,100,0.011248730653896928,19637
matched,sweeping,4,197,0.04830917874396135,92.50000000000004,2,0.02,37,0.37,100,0.012220276985317469,19737
matched,sweeping,4,198,0.04807692307692307,97.00000000000003,0,0.0,30,0.3,100,0.011123888939619065,19837
matched,sweeping,4,199,0.04784688995215311,95.00000000000003,1,0.01,31,0.31,100,0.011471872553229331,19937
matched,sweeping,5,0,1.0,68.09999999999994,12,0.12,91,0.91,100,0.1427841757399005,37
matched,sweeping,5,1,0.9090909090909091,60.69999999999993,16,0.16,86,0.86,100,0.0280386545881629,137
matched,sweeping,5,2,0.8333333333333334,74.6,9,0.09,81,0.81,100,0.020400178581476212,237
matched,sweeping,5,3,0.7692307692307692,83.10000000000002,4,0.04,93,0.93,100,0.025612092236988248,337
matched,sweeping,5,4,0.7142857142857143,66.39999999999995,13,0.13,84,0.84,100,0.02349640297703445,437
matched,sweeping,5,5,0.6666666666666666,77.00000000000003,8,0.08,75,0.75,100,0.018367453599348663,537
matched,sweeping,5,6,0.625,78.0,7,0.07,87,0.87,100,0.016122616231441497,637
matched,sweeping,5,7,0.5882352941176471,82.20000000000002,5,0.05,82,0.82,100,0.013628079486079515,737
matched,sweeping,5,8,0.5555555555555556,84.30000000000007,4,0.04,81,0.81,100,0.017615152513608335,837
matched,sweeping,5,9,0.5263157894736842,84.50000000000004,4,0.04,78,0.78,100,0.015424416246823967,937
matched,sweeping,5,10,0.5,80.50000000000003,6,0.06,81,0.81,100,0.01532513324636966,1037
matched,sweeping,5,11,0.47619047619047616,85.30000000000005,4,0.04,70,0.7,100,0.012662205682136118,1137
matched,sweeping,5,12,0.45454545454545453,85.20000000000005,4,0.04,71,0.71,100,0.014216330698691309,1237
matched,sweeping,5,13,0.4347826086956522,90.10000000000005,2,0.02,61,0.61,100,0.014220443414524197,1337
matched,sweeping,5,14,0.4166666666666667,88.70000000000005,2,0.02,74,0.74,100,0.015265640546567738,1437
matched,sweeping,5,15,0.4,84.30000000000004,5,0.05,62,0.62,100,0.01581752873957157,1537
matched,sweeping,5,16,0.3846153846153846,86.30000000000004,4,0.04,61,0.61,100,0.0159194303676486,1637
matched,sweeping,5,17,0.37037037037037035,86.00000000000006,4,0.04,62,0.62,100,0.015584761565551162,1737
matched,sweeping,5,18,0.35714285714285715,84.5,5,0.05,60,0.6,100,0.013704618150368332,1837
matched,sweeping,5,19,0.3448275862068966,86.50000000000006,4,0.04,59,0.59,100,0.014850640294607729,1937
matched,sweeping,5,20,0.3333333333333333,91.50000000000009,1,0.01,66,0.66,100,0.029703279212117194,2037
matched,sweeping,5,21,0.3225806451612903,84.20000000000003,5,0.05,63,0.63,100,0.0182543973531574,2137
matched,sweeping,5,22,0.3125,81.80000000000004,6,0.06,68,0.68,100,0.03501833848655224,2237
matched,sweeping,5,23,0.30303030303030304,90.10000000000007,2,0.02,60,0.6,100,0.0231295097572729,2337
matched,sweeping,5,24,0.29411764705882354,90.60000000000002,2,0.02,56,0.56,100,0.017691248627379537,2437
matched,sweeping,5,25,0.2857142857142857,91.40000000000003,1,0.01,67,0.67,100,0.01896767848171294,2537
matched,sweeping,5,26,0.2777777777777778,92.30000000000005,1,0.01,58,0.58,100,0.01578972055576742,2637
matched,sweeping,5,27,0.27027027027027023,87.10000000000005,4,0.04,53,0.53,100,0.033400136400014165,2737
matched,sweeping,5,28,0.2631578947368421,89.00000000000003,3,0.03,53,0.53,100,0.024173095771111548,2837
matched,sweeping,5,29,0.25641025641025644,84.70000000000005,5,0.05,57,0.57,100,0.02012331398203969,2937
matched,sweeping,5,30,0.25,90.60000000000005,2,0.02,55,0.55,100,0.019068169379606842,3037
matched,sweeping,5,31,0.24390243902439027,90.80000000000007,2,0.02,54,0.54,100,0.018711327160708606,3137
matched,sweeping,5,32,0.23809523809523808,95.90000000000005,0,0.0,41,0.41,100,0.015330894319340586,3237
matched,sweeping,5,33,0.23255813953488372,83.60000000000002,6,0.06,49,0.49,100,0.01799490915611386,3337
matched,sweeping,5,34,0.22727272727272727,89.00000000000006,3,0.03,53,0.53,100,0.016878339173272253,3437
matched,sweeping,5,35,0.2222222222222222,90.00000000000004,3,0.03,43,0.43,100,0.014837723481468857,3537
matched,sweeping,5,36,0.2173913043478261,90.50000000000004,2,0.02,57,0.57,100,0.014155894331634045,3637
matched,sweeping,5,37,0.2127659574468085,92.10000000000002,2,0.02,40,0.4,100,0.01529493003617972,3737
matched,sweeping,5,38,0.20833333333333334,93.20000000000005,1,0.01,49,0.49,100,0.01549157596193254,3837
matched,sweeping,5,39,0.2040816326530612,86.20000000000005,4,0.04,60,0.6,100,0.02796379300300032,3937
matched,sweeping,5,40,0.2,92.10000000000008,1,0.01,60,0.6,100,0.01707430785521865,4037
matched,sweeping,5,41,0.19607843137254904,90.90000000000003,2,0.02,52,0.52,100,0.017371795722283423,4137
matched,sweeping,5,42,0.1923076923076923,93.10000000000005,1,0.01,49,0.49,100,0.017363080428913234,4237
matched,sweeping,5,43,0.18867924528301888,85.30000000000004,5,0.05,52,0.52,100,0.017352983914315702,4337
matched,sweeping,5,44,0.18518518518518517,95.60000000000005,0,0.0,44,0.44,100,0.016038952148519456,4437
matched,sweeping,5,45,0.18181818181818182,89.70000000000003,3,0.03,46,0.46,100,0.015819655442610384,4537
matched,sweeping,5,46,0.17857142857142858,92.00000000000004,2,0.02,42,0.42,100,0.01402420382015407,4637
matched,sweeping,5,47,0.17543859649122806,91.40000000000005,2,0.02,47,0.47,100,0.017840550155378877,4737
matched,sweeping,5,48,0.1724137931034483,92.40000000000002,2,0.02,37,0.37,100,0.018655859022401272,4837
matched,sweeping,5,49,0.1694915254237288,96.40000000000006,0,0.0,36,0.36,100,0.01658499042969197,4937
matched,sweeping,5,50,0.16666666666666666,85.70000000000005,5,0.05,48,0.48,100,0.016845631310716272,5037
matched,sweeping,5,51,0.1639344262295082,91.50000000000006,2,0.02,47,0.47,100,0.018075884473510086,5137
matched,sweeping,5,52,0.16129032258064516,95.20000000000007,0,0.0,48,0.48,100,0.019008786287158727,5237
matched,sweeping,5,53,0.15873015873015872,93.90000000000005,1,0.01,42,0.42,100,0.018320558378472924,5337
matched,sweeping,5,54,0.15625,93.60000000000005,1,0.01,45,0.45,100,0.017677103360183535,5437
matched,sweeping,5,55,0.15384615384615385,90.10000000000005,3,0.03,42,0.42,100,0.01581148068420589,5537
matched,sweeping,5,56,0.15151515151515152,96.00000000000006,0,0.0,40,0.4,100,0.016525547350756824,5637
matched,sweeping,5,57,0.14925373134328357,92.00000000000003,2,0.02,42,0.42,100,0.01848954363260418,5737
matched,sweeping,5,58,0.14705882352941177,89.90000000000006,3,0.03,42,0.42,100,0.01764588515739888,5837
matched,sweeping,5,59,0.14492753623188406,92.60000000000004,2,0.02,36,0.36,100,0.015589823620393873,5937
matched,sweeping,5,60,0.14285714285714285,96.30000000000004,0,0.0,37,0.37,100,0.013809656247030944,6037
matched,sweeping,5,61,0.14084507042253522,90.00000000000003,3,0.03,43,0.43,100,0.01718401276972145,6137
matched,sweeping,5,62,0.1388888888888889,87.80000000000001,4,0.04,46,0.46,100,0.016810873886570335,6237
matched,sweeping,5,63,0.136986301369863,93.80000000000007,1,0.01,43,0.43,100,0.01677336393389851,6337
matched,sweeping,5,64,0.13513513513513511,94.00000000000009,1,0.01,41,0.41,100,0.01613703097682446,6437
matched,sweeping,5,65,0.13333333333333333,90.60000000000007,2,0.02,55,0.55,100,0.015514221279881895,6537
matched,sweeping,5,66,0.13157894736842105,93.80000000000007,1,0.01,42,0.42,100,0.017383672408759595,6637
matched,sweeping,5,67,0.12987012987012986,92.60000000000001,1,0.01,55,0.55,100,0.016597538460046052,6737
matched,sweeping,5,68,0.12820512820512822,91.70000000000003,2,0.02,45,0.45,100,0.014962817411869764,6837
matched,sweeping,5,69,0.12658227848101264,95.80000000000003,0,0.0,42,0.42,100,0.016165790646336973,6937
matched,sweeping,5,70,0.125,92.20000000000005,2,0.02,40,0.4,100,0.016963370298035442,7037
matched,sweeping,5,71,0.1234567901234568,91.40000000000003,2,0.02,48,0.48,100,0.016227623731829226,7137
matched,sweeping,5,72,0.12195121951219513,87.90000000000003,4,0.04,44,0.44,100,0.013682003859430551,7237
matched,sweeping,5,73,0.12048192771084336,87.80000000000004,4,0.04,46,0.46,100,0.01881800194270909,7337
matched,sweeping,5,74,0.11904761904761904,95.90000000000006,0,0.0,41,0.41,100,0.01721848509274423,7437
matched,sweeping,5,75,0.11764705882352941,93.20000000000007,1,0.01,49,0.49,100,0.016774153877049683,7537
matched,sweeping,5,76,0.11627906976744186,94.30000000000004,1,0.01,38,0.38,100,0.015835773600265383,7637
matched,sweeping,5,77,0.1149425287356322,93.90000000000006,1,0.01,42,0.42,100,0.013976511633954943,7737
matched,sweeping,5,78,0.11363636363636363,92.40000000000006,2,0.02,37,0.37,100,0.015213513476774097,7837
matched,sweeping,5,79,0.11235955056179775,94.40000000000003,1,0.01,37,0.37,100,0.013897058742586524,7937
matched,sweeping,5,80,0.1111111111111111,93.80000000000001,1,0.01,43,0.43,100,0.013871089140884578,8037
matched,sweeping,5,81,0.10989010989010989,87.50000000000003,4,0.04,49,0.49,100,0.014968356098979712,8137
matched,sweeping,5,82,0.10869565217391305,95.60000000000005,0,0.0,44,0.44,100,0.014806618434377014,8237
matched,sweeping,5,83,0.1075268817204301,94.50000000000004,1,0.01,36,0.36,100,0.014546180875040591,8337
matched,sweeping,5,84,0.10638297872340426,94.30000000000003,1,0.01,38,0.38,100,0.015848909392952918,8437
matched,sweeping,5,85,0.10526315789473684,91.70000000000006,2,0.02,45,0.45,100,0.013512854916043579,8537
matched,sweeping,5,86,0.10416666666666667,92.40000000000003,2,0.02,38,0.38,100,0.013552116062492132,8637
matched,sweeping,5,87,0.10309278350515465,96.20000000000005,0,0.0,38,0.38,100,0.016251097302883863,8737
matched,sweeping,5,88,0.1020408163265306,94.40000000000005,1,0.01,37,0.37,100,0.015961037413217128,8837
matched,sweeping,5,89,0.10101010101010101,92.30000000000004,2,0.02,39,0.39,100,0.015065391783136874,8937
matched,sweeping,5,90,0.1,96.00000000000006,0,0.0,40,0.4,100,0.01925836771260947,9037
matched,sweeping,5,91,0.09900990099009901,93.40000000000003,1,0.01,47,0.47,100,0.015653922823257744,9137
matched,sweeping,5,92,0.09803921568627452,92.40000000000005,2,0.02,36,0.36,100,0.014088200710248203,9237
matched,sweeping,5,93,0.0970873786407767,94.30000000000004,1,0.01,38,0.38,100,0.014298058920539916,9337
matched,sweeping,5,94,0.09615384615384615,94.20000000000007,1,0.01,38,0.38,100,0.011878222497180103,9437
matched,sweeping,5,95,0.09523809523809523,95.80000000000007,0,0.0,42,0.42,100,0.01369501531124115,9537
matched,sweeping,5,96,0.09433962264150944,91.80000000000004,2,0.02,44,0.44,100,0.015535379508510232,9637
matched,sweeping,5,97,0.09345794392523366,90.00000000000004,3,0.03,42,0.42,100,0.014185070544481277,9737
matched,sweeping,5,98,0.09259259259259259,94.20000000000003,1,0.01,39,0.39,100,0.01093939619138837,9837
matched,sweeping,5,99,0.09174311926605504,92.50000000000004,2,0.02,37,0.37,100,0.014526165295392275,9937
matched,sweeping,5,100,0.09090909090909091,96.00000000000006,0,0.0,40,0.4,100,0.015893043437972664,10037
matched,sweeping,5,101,0.0900900900900901,95.60000000000004,0,0.0,44,0.44,100,0.011875218076165766,10137
matched,sweeping,5,102,0.08928571428571429,91.60000000000002,2,0.02,46,0.46,100,0.014814769909717142,10237
matched,sweeping,5,103,0.08849557522123894,94.00000000000004,1,0.01,41,0.41,100,0.015091693648137151,10337
matched,sweeping,5,104,0.08771929824561403,93.60000000000007,1,0.01,45,0.45,100,0.010734207907225936,10437
matched,sweeping,5,105,0.08695652173913043,96.20000000000003,0,0.0,38,0.38,100,0.013146310858428479,10537
matched,sweeping,5,106,0.08620689655172414,96.30000000000004,0,0.0,37,0.37,100,0.017176192556507885,10637
matched,sweeping,5,107,0.08547008547008547,95.00000000000003,1,0.01,31,0.31,100,0.01250344316707924,10737
matched,sweeping,5,108,0.0847457627118644,94.20000000000002,1,0.01,39,0.39,100,0.013511541681364179,10837
matched,sweeping,5,109,0.08403361344537814,90.40000000000002,3,0.03,39,0.39,100,0.012951246763113886,10937
matched,sweeping,5,110,0.08333333333333333,93.20000000000007,1,0.01,49,0.49,100,0.016305025536566972,11037
matched,sweeping,5,111,0.08264462809917356,87.80000000000001,4,0.04,46,0.46,100,0.01211916542146355,11137
matched,sweeping,5,112,0.0819672131147541,93.80000000000007,1,0.01,43,0.43,100,0.01307676368393004,11237
matched,sweeping,5,113,0.08130081300813008,95.90000000000005,0,0.0,41,0.41,100,0.013178910601418466,11337
matched,sweeping,5,114,0.08064516129032258,96.20000000000003,0,0.0,38,0.38,100,0.015217669191770256,11437
matched,sweeping,5,115,0.08,92.40000000000003,2,0.02,38,0.38,100,0.015345235806889831,11537
matched,sweeping,5,116,0.07936507936507936,96.80000000000004,0,0.0,32,0.32,100,0.012083037295378745,11637
matched,sweeping,5,117,0.07874015748031496,94.60000000000005,1,0.01,35,0.35,100,0.013656362090259791,11737
matched,sweeping,5,118,0.078125,92.40000000000003,2,0.02,38,0.38,100,0.014846750462893396,11837
matched,sweeping,5,119,0.07751937984496124,96.80000000000004,0,0.0,32,0.32,100,0.014180496691260487,11937
matched,sweeping,5,120,0.07692307692307693,90.20000000000003,3,0.03,41,0.41,100,0.012658407336566598,12037
matched,sweeping,5,121,0.07633587786259542,96.40000000000003,0,0.0,36,0.36,100,0.01479409795254469,12137
matched,sweeping,5,122,0.07575757575757576,94.10000000000004,1,0.01,40,0.4,100,0.011532345567829907,12237
matched,sweeping,5,123,0.07518796992481203,96.40000000000003,0,0.0,36,0.36,100,0.013836677535437047,12337
matched,sweeping,5,124,0.07462686567164178,94.50000000000006,1,0.01,36,0.36,100,0.01100516575621441,12437
matched,sweeping,5,125,0.07407407407407407,93.80000000000007,1,0.01,43,0.43,100,0.014977304488420487,12537
matched,sweeping,5,126,0.07352941176470588,94.70000000000002,1,0.01,34,0.34,100,0.011883164879400283,12637
matched,sweeping,5,127,0.07299270072992702,92.60000000000005,2,0.02,36,0.36,100,0.013700888021849095,12737
matched,sweeping,5,128,0.07246376811594203,96.20000000000005,0,0.0,38,0.38,100,0.010573236357886344,12837
matched,sweeping,5,129,0.07194244604316546,94.70000000000005,1,0.01,34,0.34,100,0.010174552081152796,12937
matched,sweeping,5,130,0.07142857142857142,94.80000000000004,1,0.01,32,0.32,100,0.012517733462154866,13037
matched,sweeping,5,131,0.07092198581560284,92.40000000000003,2,0.02,37,0.37,100,0.011082139869686217,13137
matched,sweeping,5,132,0.07042253521126761,96.50000000000004,0,0.0,35,0.35,100,0.011633986413944513,13237
matched,sweeping,5,133,0.06993006993006992,88.60000000000002,4,0.04,38,0.38,100,0.01408119251485914,13337
matched,sweeping,5,134,0.06944444444444445,96.30000000000004,0,0.0,37,0.37,100,0.014002417931333184,13437
matched,sweeping,5,135,0.06896551724137931,96.40000000000005,0,0.0,36,0.36,100,0.010575876659713686,13537
matched,sweeping,5,136,0.0684931506849315,96.80000000000004,0,0.0,32,0.32,100,0.012793344496749341,13637
matched,sweeping,5,137,0.06802721088435375,94.60000000000004,1,0.01,35,0.35,100,0.014120562532916665,13737
matched,sweeping,5,138,0.06756756756756756,93.00000000000003,2,0.02,31,0.31,100,0.010181794986128806,13837
matched,sweeping,5,139,0.06711409395973154,92.30000000000004,2,0.02,39,0.39,100,0.012163595636375249,13937
matched,sweeping,5,140,0.06666666666666667,94.50000000000003,1,0.01,36,0.36,100,0.01872975564096123,14037
matched,sweeping,5,141,0.06622516556291391,92.80000000000003,2,0.02,33,0.33,100,0.012792026726529002,14137
matched,sweeping,5,142,0.06578947368421052,96.90000000000005,0,0.0,31,0.31,100,0.01084535873727873,14237
matched,sweeping,5,143,0.06535947712418301,94.00000000000006,1,0.01,41,0.41,100,0.011471143977250903,14337
matched,sweeping,5,144,0.06493506493506493,96.60000000000005,0,0.0,34,0.34,100,0.010771369659341872,14437
matched,sweeping,5,145,0.06451612903225806,97.00000000000003,0,0.0,30,0.3,100,0.009699047734029591,14537
matched,sweeping,5,146,0.06410256410256411,96.60000000000004,0,0.0,34,0.34,100,0.010271445494145154,14637
matched,sweeping,5,147,0.06369426751592357,95.70000000000005,0,0.0,43,0.43,100,0.012341390703804791,14737
matched,sweeping,5,148,0.06329113924050632,96.30000000000007,0,0.0,37,0.37,100,0.00992198586696759,14837
matched,sweeping,5,149,0.06289308176100629,94.20000000000005,1,0.01,39,0.39,100,0.010617386247031391,14937
matched,sweeping,5,150,0.0625,94.60000000000002,1,0.01,35,0.35,100,0.012990816230885684,15037
matched,sweeping,5,151,0.06211180124223602,95.00000000000003,1,0.01,31,0.31,100,0.01211086225695908,15137
matched,sweeping,5,152,0.0617283950617284,96.30000000000004,0,0.0,37,0.37,100,0.016054549594409762,15237
matched,sweeping,5,153,0.06134969325153374,94.00000000000006,1,0.01,41,0.41,100,0.011372228222899138,15337
matched,sweeping,5,154,0.06097560975609757,94.50000000000003,1,0.01,36,0.36,100,0.013806874617002904,15437
matched,sweeping,5,155,0.06060606060606061,96.60000000000004,0,0.0,34,0.34,100,0.012102427175268531,15537
matched,sweeping,5,156,0.06024096385542168,96.40000000000006,0,0.0,36,0.36,100,0.010777277734596281,15637
matched,sweeping,5,157,0.059880239520958084,96.70000000000003,0,0.0,33,0.33,100,0.012297438811510802,15737
matched,sweeping,5,158,0.05952380952380952,96.70000000000005,0,0.0,33,0.33,100,0.013688604519702495,15837
matched,sweeping,5,159,0.0591715976331361,96.70000000000005,0,0.0,33,0.33,100,0.010919393498916179,15937
matched,sweeping,5,160,0.058823529411764705,96.70000000000005,0,0.0,33,0.33,100,0.01072116914903745,16037
matched,sweeping,5,161,0.05847953216374269,96.30000000000005,0,0.0,37,0.37,100,0.011721787450369447,16137
matched,sweeping,5,162,0.05813953488372093,91.90000000000003,2,0.02,43,0.43,100,0.012233853465877473,16237
matched,sweeping,5,163,0.057803468208092484,95.90000000000005,0,0.0,41,0.41,100,0.014278481896035373,16337
matched,sweeping,5,164,0.0574712643678161,94.30000000000004,1,0.01,38,0.38,100,0.01130405391100794,16437
matched,sweeping,5,165,0.05714285714285714,92.40000000000003,2,0.02,38,0.38,100,0.011694411216303706,16537
matched,sweeping,5,166,0.056818181818181816,93.10000000000004,2,0.02,30,0.3,100,0.010756603572517634,16637
matched,sweeping,5,167,0.05649717514124294,92.80000000000003,2,0.02,34,0.34,100,0.009861662569455802,16737
matched,sweeping,5,168,0.056179775280898875,96.20000000000005,0,0.0,38,0.38,100,0.010126559967175127,16837
matched,sweeping,5,169,0.0558659217877095,96.10000000000005,0,0.0,39,0.39,100,0.011331519219093025,16937
matched,sweeping,5,170,0.05555555555555555,94.70000000000005,1,0.01,34,0.34,100,0.009757576945703476,17037
matched,sweeping,5,171,0.055248618784530384,94.60000000000005,1,0.01,35,0.35,100,0.013243653220124543,17137
matched,sweeping,5,172,0.054945054945054944,94.70000000000005,1,0.01,34,0.34,100,0.012329930139239878,17237
matched,sweeping,5,173,0.0546448087431694,97.00000000000006,0,0.0,30,0.3,100,0.0130715666199103,17337
matched,sweeping,5,174,0.05434782608695653,94.80000000000004,1,0.01,33,0.33,100,0.01015962813515216,17437
matched,sweeping,5,175,0.05405405405405406,92.90000000000002,2,0.02,33,0.33,100,0.010198127026669682,17537
matched,sweeping,5,176,0.05376344086021505,95.00000000000003,1,0.01,31,0.31,100,0.013708037766627967,17637
matched,sweeping,5,177,0.053475935828877004,92.80000000000004,2,0.02,34,0.34,100,0.00980771130649373,17737
matched,sweeping,5,178,0.05319148936170213,96.60000000000005,0,0.0,34,0.34,100,0.012354977056384086,17837
matched,sweeping,5,179,0.052910052910052914,94.60000000000005,1,0.01,35,0.35,100,0.009036428458057345,17937
matched,sweeping,5,180,0.05263157894736842,94.70000000000005,1,0.01,34,0.34,100,0.010969807163346558,18037
matched,sweeping,5,181,0.05235602094240837,95.10000000000001,1,0.01,30,0.3,100,0.009587104779202492,18137
matched,sweeping,5,182,0.052083333333333336,97.00000000000006,0,0.0,30,0.3,100,0.008000243548303842,18237
matched,sweeping,5,183,0.05181347150259067,96.60000000000005,0,0.0,34,0.34,100,0.010207498546224087,18337
matched,sweeping,5,184,0.051546391752577324,96.50000000000003,0,0.0,35,0.35,100,0.01037454640492797,18437
matched,sweeping,5,185,0.05128205128205128,96.80000000000004,0,0.0,32,0.32,100,0.008662049840204418,18537
matched,sweeping,5,186,0.0510204081632653,97.20000000000006,0,0.0,28,0.28,100,0.008509314176626504,18637
matched,sweeping,5,187,0.050761421319796954,94.30000000000001,1,0.01,38,0.38,100,0.011454676557332278,18737
matched,sweeping,5,188,0.050505050505050504,96.60000000000004,0,0.0,34,0.34,100,0.010545639689080417,18837
matched,sweeping,5,189,0.05025125628140704,96.40000000000005,0,0.0,36,0.36,100,0.009599536166060716,18937
matched,sweeping,5,190,0.05,96.50000000000003,0,0.0,35,0.35,100,0.011867876444011927,19037
matched,sweeping,5,191,0.04975124378109452,95.00000000000004,1,0.01,31,0.31,100,0.01365465515293181,19137
matched,sweeping,5,192,0.04950495049504951,97.20000000000005,0,0.0,28,0.28,100,0.009177043151576072,19237
matched,sweeping,5,193,0.04926108374384236,96.40000000000006,0,0.0,36,0.36,100,0.011051898018922656,19337
matched,sweeping,5,194,0.04901960784313726,96.20000000000005,0,0.0,38,0.38,100,0.009461510565597565,19437
matched,sweeping,5,195,0.04878048780487805,92.50000000000004,2,0.02,37,0.37,100,0.009173426823690534,19537
matched,sweeping,5,196,0.04854368932038835,96.20000000000007,0,0.0,38,0.38,100,0.012472177781164646,19637
matched,sweeping,5,197,0.04830917874396135,96.80000000000004,0,0.0,32,0.32,100,0.010130802514031529,19737
matched,sweeping,5,198,0.04807692307692307,95.70000000000006,0,0.0,43,0.43,100,0.01125871597789228,19837
matched,sweeping,5,199,0.04784688995215311,96.10000000000004,0,0.0,39,0.39,100,0.011249691434204578,19937
matched,sweeping,6,0,1.0,68.69999999999997,12,0.12,83,0.83,100,0.13736946246511228,37
matched,sweeping,6,1,0.9090909090909091,63.29999999999994,15,0.15,80,0.8,100,0.030289852395653724,137
matched,sweeping,6,2,0.8333333333333334,72.09999999999997,10,0.1,89,0.89,100,0.020473901107907297,237
matched,sweeping,6,3,0.7692307692307692,74.8,9,0.09,81,0.81,100,0.01775041257031262,337
matched,sweeping,6,4,0.7142857142857143,78.60000000000002,7,0.07,80,0.8,100,0.016771912518888713,437
matched,sweeping,6,5,0.6666666666666666,75.80000000000001,9,0.09,71,0.71,100,0.0214022421464324,537
matched,sweeping,6,6,0.625,72.69999999999999,10,0.1,81,0.81,100,0.015937801357358693,637
matched,sweeping,6,7,0.5882352941176471,86.70000000000005,3,0.03,76,0.76,100,0.024148231474682688,737
matched,sweeping,6,8,0.5555555555555556,88.70000000000005,2,0.02,75,0.75,100,0.01989746520295739,837
matched,sweeping,6,9,0.5263157894736842,81.20000000000003,6,0.06,74,0.74,100,0.017746512545272708,937
matched,sweeping,6,10,0.5,88.90000000000006,2,0.02,72,0.72,100,0.01617777324281633,1037
matched,sweeping,6,11,0.47619047619047616,79.80000000000001,7,0.07,69,0.69,100,0.016460415748879312,1137
matched,sweeping,6,12,0.45454545454545453,79.4,7,0.07,72,0.72,100,0.019782782765105367,1237
matched,sweeping,6,13,0.4347826086956522,78.80000000000003,7,0.07,79,0.79,100,0.021428893320262432,1337
matched,sweeping,6,14,0.4166666666666667,89.80000000000007,2,0.02,64,0.64,100,0.01693618394434452,1437
matched,sweeping,6,15,0.4,89.90000000000005,2,0.02,63,0.63,100,0.017715785801410675,1537
matched,sweeping,6,16,0.3846153846153846,77.90000000000002,8,0.08,68,0.68,100,0.02204304522369057,1637
matched,sweeping,6,17,0.37037037037037035,88.60000000000002,3,0.03,57,0.57,100,0.025811298619955778,1737
matched,sweeping,6,18,0.35714285714285715,81.80000000000004,6,0.06,67,0.67,100,0.01746974365785718,1837
matched,sweeping,6,19,0.3448275862068966,90.60000000000004,2,0.02,56,0.56,100,0.01936311573255807,1937
matched,sweeping,6,20,0.3333333333333333,86.10000000000005,4,0.04,61,0.61,100,0.02687880755402148,2037
matched,sweeping,6,21,0.3225806451612903,86.60000000000007,4,0.04,58,0.58,100,0.024778091325424613,2137
matched,sweeping,6,22,0.3125,82.60000000000001,6,0.06,60,0.6,100,0.02332177136093378,2237
matched,sweeping,6,23,0.30303030303030304,90.50000000000004,2,0.02,56,0.56,100,0.021936051701195537,2337
matched,sweeping,6,24,0.29411764705882354,88.40000000000005,3,0.03,59,0.59,100,0.020406796908937395,2437
matched,sweeping,6,25,0.2857142857142857,78.60000000000001,8,0.08,61,0.61,100,0.02039953435305506,2537
matched,sweeping,6,26,0.2777777777777778,92.40000000000005,1,0.01,57,0.57,100,0.020609711399301886,2637
matched,sweeping,6,27,0.27027027027027023,95.50000000000003,0,0.0,45,0.45,100,0.017720602271147072,2737
matched,sweeping,6,28,0.2631578947368421,88.60000000000005,3,0.03,57,0.57,100,0.020934353885240852,2837
matched,sweeping,6,29,0.25641025641025644,88.60000000000004,3,0.03,57,0.57,100,0.02023404398933053,2937
matched,sweeping,6,30,0.25,89.40000000000003,3,0.03,49,0.49,100,0.01880063948687166,3037
matched,sweeping,6,31,0.24390243902439027,88.70000000000007,3,0.03,56,0.56,100,0.017423388808965684,3137
matched,sweeping,6,32,0.23809523809523808,88.00000000000006,3,0.03,63,0.63,100,0.018869457747787238,3237
matched,sweeping,6,33,0.23255813953488372,83.70000000000002,6,0.06,48,0.48,100,0.018273014444857835,3337
matched,sweeping,6,34,0.22727272727272727,91.00000000000004,2,0.02,52,0.52,100,0.020736541021615266,3437
matched,sweeping,6,35,0.2222222222222222,93.50000000000003,1,0.01,46,0.46,100,0.017892522951588035,3537
matched,sweeping,6,36,0.2173913043478261,89.30000000000007,3,0.03,49,0.49,100,0.01887523630168289,3637
matched,sweeping,6,37,0.2127659574468085,94.20000000000005,1,0.01,39,0.39,100,0.02011591502930969,3737
matched,sweeping,6,38,0.20833333333333334,92.00000000000003,2,0.02,41,0.41,100,0.019586660461500288,3837
matched,sweeping,6,39,0.2040816326530612,87.80000000000003,4,0.04,46,0.46,100,0.019227039404213428,3937
matched,sweeping,6,40,0.2,94.10000000000004,1,0.01,40,0.4,100,0.017028530454263092,4037
matched,sweeping,6,41,0.19607843137254904,91.40000000000005,2,0.02,48,0.48,100,0.017283189506269992,4137
matched,sweeping,6,42,0.1923076923076923,81.6,7,0.07,51,0.51,100,0.019323413926176727,4237
matched,sweeping,6,43,0.18867924528301888,93.80000000000004,1,0.01,43,0.43,100,0.016683854130096733,4337
matched,sweeping,6,44,0.18518518518518517,91.70000000000005,2,0.02,44,0.44,100,0.018020647787489,4437
matched,sweeping,6,45,0.18181818181818182,91.30000000000004,2,0.02,48,0.48,100,0.017076137154363097,4537
matched,sweeping,6,46,0.17857142857142858,95.30000000000007,0,0.0,47,0.47,100,0.029191638478077948,4637
matched,sweeping,6,47,0.17543859649122806,91.40000000000003,2,0.02,48,0.48,100,0.02183278162498027,4737
matched,sweeping,6,48,0.1724137931034483,91.30000000000003,2,0.02,49,0.49,100,0.02091296799480915,4837
matched,sweeping,6,49,0.1694915254237288,95.30000000000007,0,0.0,47,0.47,100,0.020172482216730715,4937
matched,sweeping,6,50,0.16666666666666666,90.60000000000005,2,0.02,55,0.55,100,0.017405011132359503,5037
matched,sweeping,6,51,0.1639344262295082,87.50000000000003,4,0.04,49,0.49,100,0.018131292937323452,5137
matched,sweeping,6,52,0.16129032258064516,90.20000000000003,3,0.03,41,0.41,100,0.015710705830715595,5237
matched,sweeping,6,53,0.15873015873015872,95.30000000000004,0,0.0,47,0.47,100,0.01771266831085086,5337
matched,sweeping,6,54,0.15625,87.90000000000003,4,0.04,44,0.44,100,0.018634418174624443,5437
matched,sweeping,6,55,0.15384615384615385,94.00000000000003,1,0.01,41,0.41,100,0.02006468517705798,5537
matched,sweeping,6,56,0.15151515151515152,94.30000000000004,1,0.01,38,0.38,100,0.015624860073439778,5637
matched,sweeping,6,57,0.14925373134328357,94.10000000000005,1,0.01,40,0.4,100,0.02086080173496157,5737
matched,sweeping,6,58,0.14705882352941177,89.30000000000001,3,0.03,48,0.48,100,0.019645004216581583,5837
matched,sweeping,6,59,0.14492753623188406,91.60000000000007,2,0.02,46,0.46,100,0.019168498893268406,5937
matched,sweeping,6,60,0.14285714285714285,94.40000000000006,1,0.01,36,0.36,100,0.019299125582911074,6037
matched,sweeping,6,61,0.14084507042253522,86.20000000000005,5,0.05,43,0.43,100,0.017960062087513506,6137
matched,sweeping,6,62,0.1388888888888889,92.40000000000003,2,0.02,38,0.38,100,0.014765390516258777,6237
matched,sweeping,6,63,0.136986301369863,95.70000000000002,0,0.0,43,0.43,100,0.016918793162330983,6337
matched,sweeping,6,64,0.13513513513513511,92.10000000000005,1,0.01,60,0.6,100,0.017727904841303824,6437
matched,sweeping,6,65,0.13333333333333333,95.60000000000005,0,0.0,44,0.44,100,0.018759201685898005,6537
matched,sweeping,6,66,0.13157894736842105,92.70000000000005,2,0.02,35,0.35,100,0.016243901401758194,6637
matched,sweeping,6,67,0.12987012987012986,93.20000000000006,1,0.01,48,0.48,100,0.017101523326709868,6737
matched,sweeping,6,68,0.12820512820512822,93.90000000000006,1,0.01,42,0.42,100,0.016693680062890053,6837
matched,sweeping,6,69,0.12658227848101264,95.70000000000005,0,0.0,43,0.43,100,0.016781197437085213,6937
matched,sweeping,6,70,0.125,96.30000000000005,0,0.0,37,0.37,100,0.01669385702814907,7037
matched,sweeping,6,71,0.1234567901234568,93.80000000000007,1,0.01,43,0.43,100,0.02061738266609609,7137
matched,sweeping,6,72,0.12195121951219513,91.80000000000005,2,0.02,44,0.44,100,0.02005683524068445,7237
matched,sweeping,6,73,0.12048192771084336,95.70000000000005,0,0.0,43,0.43,100,0.016607400923967362,7337
matched,sweeping,6,74,0.11904761904761904,92.10000000000005,2,0.02,41,0.41,100,0.016333943861536682,7437
matched,sweeping,6,75,0.11764705882352941,94.30000000000004,1,0.01,38,0.38,100,0.014721512328833342,7537
matched,sweeping,6,76,0.11627906976744186,93.50000000000003,1,0.01,46,0.46,100,0.018349818270653486,7637
matched,sweeping,6,77,0.1149425287356322,95.60000000000008,0,0.0,44,0.44,100,0.012771924945991487,7737
matched,sweeping,6,78,0.11363636363636363,95.70000000000006,0,0.0,43,0.43,100,0.013648039093241096,7837
matched,sweeping,6,79,0.11235955056179775,91.90000000000003,2,0.02,43,0.43,100,0.020476898034103214,7937
matched,sweeping,6,80,0.1111111111111111,93.80000000000005,1,0.01,43,0.43,100,0.017656682054512204,8037
matched,sweeping,6,81,0.10989010989010989,92.00000000000006,2,0.02,42,0.42,100,0.015610139891505241,8137
matched,sweeping,6,82,0.10869565217391305,94.40000000000003,1,0.01,37,0.37,100,0.014063698942773045,8237
matched,sweeping,6,83,0.1075268817204301,92.10000000000004,2,0.02,41,0.41,100,0.016909330147318543,8337
matched,sweeping,6,84,0.10638297872340426,88.00000000000001,4,0.04,43,0.43,100,0.013493644692935049,8437
matched,sweeping,6,85,0.10526315789473684,91.50000000000003,2,0.02,46,0.46,100,0.01272338661365211,8537
matched,sweeping,6,86,0.10416666666666667,94.80000000000004,1,0.01,32,0.32,100,0.012557659116573631,8637
matched,sweeping,6,87,0.10309278350515465,93.40000000000003,1,0.01,47,0.47,100,0.014765500668436288,8737
matched,sweeping,6,88,0.1020408163265306,96.20000000000005,0,0.0,38,0.38,100,0.012363229393959046,8837
matched,sweeping,6,89,0.10101010101010101,96.50000000000007,0,0.0,35,0.35,100,0.013137036166153849,8937
matched,sweeping,6,90,0.1,94.00000000000006,1,0.01,40,0.4,100,0.016333950362168254,9037
matched,sweeping,6,91,0.09900990099009901,94.10000000000005,1,0.01,40,0.4,100,0.014031121130101383,9137
matched,sweeping,6,92,0.09803921568627452,94.50000000000003,1,0.01,36,0.36,100,0.017770583140663803,9237
matched,sweeping,6,93,0.0970873786407767,94.70000000000005,1,0.01,34,0.34,100,0.01173803738784045,9337
matched,sweeping,6,94,0.09615384615384615,92.60000000000004,2,0.02,35,0.35,100,0.012228465974330902,9437
matched,sweeping,6,95,0.09523809523809523,96.50000000000004,0,0.0,35,0.35,100,0.015443724209908395,9537
matched,sweeping,6,96,0.09433962264150944,95.70000000000003,0,0.0,43,0.43,100,0.013465904681943357,9637
matched,sweeping,6,97,0.09345794392523366,94.50000000000004,1,0.01,35,0.35,100,0.01580501727759838,9737
matched,sweeping,6,98,0.09259259259259259,86.5,5,0.05,40,0.4,100,0.016104107797145842,9837
matched,sweeping,6,99,0.09174311926605504,94.40000000000003,1,0.01,37,0.37,100,0.01426439746748656,9937
matched,sweeping,6,100,0.09090909090909091,96.50000000000004,0,0.0,35,0.35,100,0.013926577079109848,10037
matched,sweeping,6,101,0.0900900900900901,93.90000000000005,1,0.01,41,0.41,100,0.015333861811086535,10137
matched,sweeping,6,102,0.08928571428571429,94.40000000000003,1,0.01,37,0.37,100,0.013556988972704858,10237
matched,sweeping,6,103,0.08849557522123894,96.30000000000005,0,0.0,37,0.37,100,0.014057383136823774,10337
matched,sweeping,6,104,0.08771929824561403,90.70000000000005,3,0.03,36,0.36,100,0.01354907851666212,10437
matched,sweeping,6,105,0.08695652173913043,89.60000000000004,3,0.03,47,0.47,100,0.01658464844338596,10537
matched,sweeping,6,106,0.08620689655172414,96.10000000000004,0,0.0,39,0.39,100,0.015040586064569652,10637
matched,sweeping,6,107,0.08547008547008547,96.10000000000005,0,0.0,39,0.39,100,0.017419394282624127,10737
matched,sweeping,6,108,0.0847457627118644,96.30000000000005,0,0.0,37,0.37,100,0.013326442036777734,10837
matched,sweeping,6,109,0.08403361344537814,94.40000000000005,1,0.01,37,0.37,100,0.012770151761360466,10937
matched,sweeping,6,110,0.08333333333333333,96.40000000000003,0,0.0,36,0.36,100,0.011511541581712663,11037
matched,sweeping,6,111,0.08264462809917356,96.40000000000006,0,0.0,36,0.36,100,0.012578493156470359,11137
matched,sweeping,6,112,0.0819672131147541,95.50000000000003,0,0.0,45,0.45,100,0.011963028945028781,11237
matched,sweeping,6,113,0.08130081300813008,94.60000000000002,1,0.01,35,0.35,100,0.014866323126479983,11337
matched,sweeping,6,114,0.08064516129032258,96.70000000000005,0,0.0,33,0.33,100,0.012555062163155526,11437
matched,sweeping,6,115,0.08,96.60000000000002,0,0.0,34,0.34,100,0.013578953221440315,11537
matched,sweeping,6,116,0.07936507936507936,96.50000000000006,0,0.0,35,0.35,100,0.017268006657250225,11637
matched,sweeping,6,117,0.07874015748031496,95.80000000000005,0,0.0,42,0.42,100,0.012650636094622313,11737
matched,sweeping,6,118,0.078125,95.70000000000005,0,0.0,43,0.43,100,0.014558246615342796,11837
matched,sweeping,6,119,0.07751937984496124,96.50000000000006,0,0.0,35,0.35,100,0.014367168934550137,11937
matched,sweeping,6,120,0.07692307692307693,94.00000000000003,1,0.01,41,0.41,100,0.0151609282521531,12037
matched,sweeping,6,121,0.07633587786259542,91.90000000000006,2,0.02,42,0.42,100,0.011193752195686102,12137
matched,sweeping,6,122,0.07575757575757576,94.30000000000001,1,0.01,38,0.38,100,0.010538630317896605,12237
matched,sweeping,6,123,0.07518796992481203,92.20000000000007,2,0.02,40,0.4,100,0.01339001915883273,12337
matched,sweeping,6,124,0.07462686567164178,96.40000000000003,0,0.0,36,0.36,100,0.013551445587072521,12437
matched,sweeping,6,125,0.07407407407407407,97.20000000000005,0,0.0,28,0.28,100,0.01216836660169065,12537
matched,sweeping,6,126,0.07352941176470588,94.60000000000007,1,0.01,35,0.35,100,0.014276363374665379,12637
matched,sweeping,6,127,0.07299270072992702,96.20000000000003,0,0.0,38,0.38,100,0.014119977192021906,12737
matched,sweeping,6,128,0.07246376811594203,96.30000000000004,0,0.0,37,0.37,100,0.012949782784562557,12837
matched,sweeping,6,129,0.07194244604316546,94.50000000000003,1,0.01,36,0.36,100,0.01148071478586644,12937
matched,sweeping,6,130,0.07142857142857142,94.20000000000003,1,0.01,39,0.39,100,0.013149283488746732,13037
matched,sweeping,6,131,0.07092198581560284,96.40000000000002,0,0.0,36,0.36,100,0.013534578448161482,13137
matched,sweeping,6,132,0.07042253521126761,94.50000000000006,1,0.01,36,0.36,100,0.013595296007115393,13237
matched,sweeping,6,133,0.06993006993006992,90.10000000000005,3,0.03,41,0.41,100,0.01192580156493932,13337
matched,sweeping,6,134,0.06944444444444445,96.30000000000007,0,0.0,37,0.37,100,0.013446465348824859,13437
matched,sweeping,6,135,0.06896551724137931,94.50000000000003,1,0.01,36,0.36,100,0.013791066640987993,13537
matched,sweeping,6,136,0.0684931506849315,95.00000000000003,1,0.01,30,0.3,100,0.012254803632386029,13637
matched,sweeping,6,137,0.06802721088435375,97.00000000000003,0,0.0,30,0.3,100,0.012719432297162712,13737
matched,sweeping,6,138,0.06756756756756756,96.60000000000002,0,0.0,34,0.34,100,0.012744225345086306,13837
matched,sweeping,6,139,0.06711409395973154,96.10000000000005,0,0.0,39,0.39,100,0.009345666125882416,13937
matched,sweeping,6,140,0.06666666666666667,96.60000000000002,0,0.0,34,0.34,100,0.011634325387421995,14037
matched,sweeping,6,141,0.06622516556291391,96.50000000000006,0,0.0,35,0.35,100,0.012161321192979812,14137
matched,sweeping,6,142,0.06578947368421052,96.30000000000004,0,0.0,37,0.37,100,0.011398055879399181,14237
matched,sweeping,6,143,0.06535947712418301,96.80000000000005,0,0.0,32,0.32,100,0.00983195955865085,14337
matched,sweeping,6,144,0.06493506493506493,92.70000000000003,2,0.02,35,0.35,100,0.011925921679940076,14437
matched,sweeping,6,145,0.06451612903225806,96.70000000000002,0,0.0,33,0.33,100,0.010813917256891728,14537
matched,sweeping,6,146,0.06410256410256411,92.90000000000003,2,0.02,32,0.32,100,0.011409001997672022,14637
matched,sweeping,6,147,0.06369426751592357,97.00000000000003,0,0.0,30,0.3,100,0.014830970051698388,14737
matched,sweeping,6,148,0.06329113924050632,92.70000000000005,2,0.02,35,0.35,100,0.010647259396500885,14837
matched,sweeping,6,149,0.06289308176100629,96.00000000000004,0,0.0,40,0.4,100,0.011168602569960058,14937
matched,sweeping,6,150,0.0625,94.10000000000004,1,0.01,40,0.4,100,0.0133815921517089,15037
matched,sweeping,6,151,0.06211180124223602,94.70000000000005,1,0.01,34,0.34,100,0.01066772369435057,15137
matched,sweeping,6,152,0.0617283950617284,96.50000000000004,0,0.0,35,0.35,100,0.011335325757972897,15237
matched,sweeping,6,153,0.06134969325153374,96.20000000000002,0,0.0,38,0.38,100,0.01068230635020882,15337
matched,sweeping,6,154,0.06097560975609757,91.00000000000001,3,0.03,32,0.32,100,0.013429229152388871,15437
matched,sweeping,6,155,0.06060606060606061,96.50000000000006,0,0.0,35,0.35,100,0.013112056753598153,15537
matched,sweeping,6,156,0.06024096385542168,94.10000000000005,1,0.01,40,0.4,100,0.011670251581817866,15637
matched,sweeping,6,157,0.059880239520958084,94.20000000000005,1,0.01,38,0.38,100,0.011877575106918812,15737
matched,sweeping,6,158,0.05952380952380952,92.80000000000004,2,0.02,34,0.34,100,0.011370620601810514,15837
matched,sweeping,6,159,0.0591715976331361,94.20000000000002,1,0.01,39,0.39,100,0.009571583301294595,15937
matched,sweeping,6,160,0.058823529411764705,94.60000000000004,1,0.01,35,0.35,100,0.01206850354326889,16037
matched,sweeping,6,161,0.05847953216374269,96.10000000000007,0,0.0,39,0.39,100,0.009619794022291898,16137
matched,sweeping,6,162,0.05813953488372093,96.40000000000006,0,0.0,36,0.36,100,0.015029715388081968,16237
matched,sweeping,6,163,0.057803468208092484,90.90000000000005,3,0.03,34,0.34,100,0.010722261045593769,16337
matched,sweeping,6,164,0.0574712643678161,96.70000000000006,0,0.0,33,0.33,100,0.008211026918143034,16437
matched,sweeping,6,165,0.05714285714285714,97.00000000000003,0,0.0,30,0.3,100,0.011164549081586301,16537
matched,sweeping,6,166,0.056818181818181816,96.30000000000004,0,0.0,37,0.37,100,0.013601433457806707,16637
matched,sweeping,6,167,0.05649717514124294,94.30000000000004,1,0.01,38,0.38,100,0.01014905726769939,16737
matched,sweeping,6,168,0.056179775280898875,94.50000000000004,1,0.01,36,0.36,100,0.008956131059676409,16837
matched,sweeping,6,169,0.0558659217877095,91.30000000000001,3,0.03,30,0.3,100,0.012275412902235985,16937
matched,sweeping,6,170,0.05555555555555555,92.30000000000004,2,0.02,39,0.39,100,0.008893486834131182,17037
matched,sweeping,6,171,0.055248618784530384,97.40000000000003,0,0.0,26,0.26,100,0.008669530097395182,17137
matched,sweeping,6,172,0.054945054945054944,96.70000000000005,0,0.0,33,0.33,100,0.010571301050949842,17237
matched,sweeping,6,173,0.0546448087431694,94.20000000000005,1,0.01,39,0.39,100,0.011560760068241506,17337
matched,sweeping,6,174,0.05434782608695653,94.60000000000005,1,0.01,35,0.35,100,0.012790267136879266,17437
matched,sweeping,6,175,0.05405405405405406,96.20000000000006,0,0.0,38,0.38,100,0.011923808394931257,17537
matched,sweeping,6,176,0.05376344086021505,96.90000000000005,0,0.0,31,0.31,100,0.008775377161800862,17637
matched,sweeping,6,177,0.053475935828877004,94.80000000000004,1,0.01,33,0.33,100,0.012936983299441636,17737
matched,sweeping,6,178,0.05319148936170213,94.80000000000003,1,0.01,33,0.33,100,0.013229395942762495,17837
matched,sweeping,6,179,0.052910052910052914,92.40000000000003,2,0.02,38,0.38,100,0.011676376918330789,17937
matched,sweeping,6,180,0.05263157894736842,96.40000000000006,0,0.0,36,0.36,100,0.011331047336570919,18037
matched,sweeping,6,181,0.05235602094240837,94.70000000000005,1,0.01,34,0.34,100,0.009602610054425895,18137
matched,sweeping,6,182,0.052083333333333336,96.90000000000003,0,0.0,31,0.31,100,0.008995032976381481,18237
matched,sweeping,6,183,0.05181347150259067,96.50000000000006,0,0.0,35,0.35,100,0.012674139994196594,18337
matched,sweeping,6,184,0.051546391752577324,94.40000000000003,1,0.01,37,0.37,100,0.011019623985048384,18437
matched,sweeping,6,185,0.05128205128205128,95.40000000000003,1,0.01,27,0.27,100,0.010448832579422742,18537
matched,sweeping,6,186,0.0510204081632653,92.60000000000002,2,0.02,35,0.35,100,0.008912771914619953,18637
matched,sweeping,6,187,0.050761421319796954,96.00000000000007,0,0.0,40,0.4,100,0.01173060497501865,18737
matched,sweeping,6,188,0.050505050505050504,96.70000000000007,0,0.0,33,0.33,100,0.011597151583991945,18837
matched,sweeping,6,189,0.05025125628140704,96.80000000000004,0,0.0,32,0.32,100,0.010422438073437661,18937
matched,sweeping,6,190,0.05,94.70000000000005,1,0.01,34,0.34,100,0.009945274658966809,19037
matched,sweeping,6,191,0.04975124378109452,96.00000000000006,0,0.0,40,0.4,100,0.009952821081969886,19137
matched,sweeping,6,192,0.04950495049504951,96.70000000000005,0,0.0,33,0.33,100,0.0084909175359644,19237
matched,sweeping,6,193,0.04926108374384236,96.60000000000005,0,0.0,34,0.34,100,0.010334703149273991,19337
matched,sweeping,6,194,0.04901960784313726,96.70000000000005,0,0.0,33,0.33,100,0.010599278062582016,19437
matched,sweeping,6,195,0.04878048780487805,96.30000000000004,0,0.0,37,0.37,100,0.008981602170970292,19537
matched,sweeping,6,196,0.04854368932038835,96.90000000000006,0,0.0,31,0.31,100,0.006946610998129472,19637
matched,sweeping,6,197,0.04830917874396135,97.00000000000006,0,0.0,30,0.3,100,0.009527032326441259,19737
matched,sweeping,6,198,0.04807692307692307,94.90000000000003,1,0.01,32,0.32,100,0.009716496542096139,19837
matched,sweeping,6,199,0.04784688995215311,95.00000000000003,1,0.01,31,0.31,100,0.010563412574119866,19937
matched,sweeping,7,0,1.0,64.39999999999993,14,0.14,88,0.88,100,0.11526682182542376,37
matched,sweeping,7,1,0.9090909090909091,81.80000000000004,5,0.05,87,0.87,100,0.03685521548148245,137
matched,sweeping,7,2,0.8333333333333334,74.3,9,0.09,86,0.86,100,0.02087610716931522,237
matched,sweeping,7,3,0.7692307692307692,70.19999999999996,11,0.11,85,0.85,100,0.017052958384156228,337
matched,sweeping,7,4,0.7142857142857143,80.10000000000002,6,0.06,84,0.84,100,0.01693756484426558,437
matched,sweeping,7,5,0.6666666666666666,74.29999999999998,9,0.09,86,0.86,100,0.020630542235448957,537
matched,sweeping,7,6,0.625,84.10000000000004,4,0.04,82,0.82,100,0.014868195727467537,637
matched,sweeping,7,7,0.5882352941176471,82.70000000000005,5,0.05,78,0.78,100,0.015050115096382797,737
matched,sweeping,7,8,0.5555555555555556,67.39999999999995,13,0.13,78,0.78,100,0.017013343595899642,837
matched,sweeping,7,9,0.5263157894736842,79.20000000000002,7,0.07,74,0.74,100,0.01931393555365503,937
matched,sweeping,7,10,0.5,80.20000000000003,7,0.07,61,0.61,100,0.015515381493605674,1037
matched,sweeping,7,11,0.47619047619047616,81.50000000000004,6,0.06,71,0.71,100,0.014146596658974886,1137
matched,sweeping,7,12,0.45454545454545453,83.50000000000006,5,0.05,69,0.69,100,0.018984422874636947,1237
matched,sweeping,7,13,0.4347826086956522,84.10000000000002,5,0.05,63,0.63,100,0.015122833619825542,1337
matched,sweeping,7,14,0.4166666666666667,84.20000000000005,5,0.05,62,0.62,100,0.01728355610743165,1437
matched,sweeping,7,15,0.4,82.80000000000005,5,0.05,77,0.77,100,0.0181780924461782,1537
matched,sweeping,7,16,0.3846153846153846,80.30000000000001,7,0.07,64,0.64,100,0.01887745315209031,1637
matched,sweeping,7,17,0.37037037037037035,82.30000000000003,6,0.06,62,0.62,100,0.017362305726855994,1737
matched,sweeping,7,18,0.35714285714285715,88.60000000000004,3,0.03,57,0.57,100,0.018038945822045207,1837
matched,sweeping,7,19,0.3448275862068966,92.20000000000007,1,0.01,59,0.59,100,0.016230925591662525,1937
matched,sweeping,7,20,0.3333333333333333,88.20000000000005,3,0.03,61,0.61,100,0.020736217661760748,2037
matched,sweeping,7,21,0.3225806451612903,87.10000000000005,4,0.04,52,0.52,100,0.015740630254149436,2137
matched,sweeping,7,22,0.3125,87.30000000000001,3,0.03,69,0.69,100,0.025555149130523206,2237
matched,sweeping,7,23,0.30303030303030304,85.30000000000005,4,0.04,70,0.7,100,0.025786370374262332,2337
matched,sweeping,7,24,0.29411764705882354,82.40000000000002,6,0.06,62,0.62,100,0.021274521402083336,2437
matched,sweeping,7,25,0.2857142857142857,88.60000000000007,3,0.03,56,0.56,100,0.01897173250094056,2537
matched,sweeping,7,26,0.2777777777777778,82.80000000000001,6,0.06,58,0.58,100,0.03583852134179324,2637
matched,sweeping,7,27,0.27027027027027023,83.70000000000002,6,0.06,49,0.49,100,0.02602525122463703,2737
matched,sweeping,7,28,0.2631578947368421,83.00000000000006,6,0.06,55,0.55,100,0.02392266856972128,2837
matched,sweeping,7,29,0.25641025641025644,86.50000000000006,4,0.04,59,0.59,100,0.018485564179718493,2937
matched,sweeping,7,30,0.25,85.00000000000006,5,0.05,54,0.54,100,0.015336337382905185,3037
matched,sweeping,7,31,0.24390243902439027,90.90000000000005,2,0.02,52,0.52,100,0.020894837714731693,3137
matched,sweeping,7,32,0.23809523809523808,87.70000000000003,4,0.04,46,0.46,100,0.017732932227663697,3237
matched,sweeping,7,33,0.23255813953488372,89.50000000000003,3,0.03,48,0.48,100,0.017023949068970978,3337
matched,sweeping,7,34,0.22727272727272727,85.30000000000003,5,0.05,51,0.51,100,0.017236634884029628,3437
matched,sweeping,7,35,0.2222222222222222,93.10000000000005,1,0.01,50,0.5,100,0.015391417327336968,3537
matched,sweeping,7,36,0.2173913043478261,90.20000000000005,3,0.03,40,0.4,100,0.018643872793763876,3637
matched,sweeping,7,37,0.2127659574468085,91.20000000000005,2,0.02,50,0.5,100,0.01994200495071709,3737
matched,sweeping,7,38,0.20833333333333334,95.40000000000006,0,0.0,46,0.46,100,0.01976725101005286,3837
matched,sweeping,7,39,0.2040816326530612,88.60000000000004,3,0.03,56,0.56,100,0.019222308797761798,3937
matched,sweeping,7,40,0.2,91.30000000000005,2,0.02,48,0.48,100,0.02269297218415886,4037
matched,sweeping,7,41,0.19607843137254904,89.80000000000004,3,0.03,45,0.45,100,0.01713427604176104,4137
matched,sweeping,7,42,0.1923076923076923,91.40000000000006,2,0.02,48,0.48,100,0.02004171023145318,4237
matched,sweeping,7,43,0.18867924528301888,93.70000000000006,1,0.01,44,0.44,100,0.016401087013073266,4337
matched,sweeping,7,44,0.18518518518518517,92.90000000000006,1,0.01,52,0.52,100,0.019240979757159948,4437
matched,sweeping,7,45,0.18181818181818182,89.30000000000007,3,0.03,50,0.5,100,0.018782878918573262,4537
matched,sweeping,7,46,0.17857142857142858,90.10000000000005,3,0.03,41,0.41,100,0.015148130226880312,4637
matched,sweeping,7,47,0.17543859649122806,89.10000000000002,3,0.03,52,0.52,100,0.015620309645310044,4737
matched,sweeping,7,48,0.1724137931034483,95.90000000000008,0,0.0,41,0.41,100,0.018767303582280875,4837
matched,sweeping,7,49,0.1694915254237288,95.40000000000005,0,0.0,46,0.46,100,0.01770231103990227,4937
matched,sweeping,7,50,0.16666666666666666,88.10000000000005,4,0.04,43,0.43,100,0.015365382214076817,5037
matched,sweeping,7,51,0.1639344262295082,90.20000000000005,3,0.03,41,0.41,100,0.017818421376869082,5137
matched,sweeping,7,52,0.16129032258064516,89.60000000000005,3,0.03,47,0.47,100,0.019153612200170755,5237
matched,sweeping,7,53,0.15873015873015872,91.00000000000003,2,0.02,52,0.52,100,0.021524532791227104,5337
matched,sweeping,7,54,0.15625,87.40000000000003,4,0.04,50,0.5,100,0.01984530155546963,5437
matched,sweeping,7,55,0.15384615384615385,89.90000000000005,3,0.03,44,0.44,100,0.01987411634530872,5537
matched,sweeping,7,56,0.15151515151515152,91.60000000000002,2,0.02,46,0.46,100,0.016526125785894692,5637
matched,sweeping,7,57,0.14925373134328357,91.40000000000006,2,0.02,48,0.48,100,0.019411977920681237,5737
matched,sweeping,7,58,0.14705882352941177,96.30000000000004,0,0.0,37,0.37,100,0.017408480518497527,5837
matched,sweeping,7,59,0.14492753623188406,93.50000000000007,1,0.01,46,0.46,100,0.01702189229428768,5937
matched,sweeping,7,60,0.14285714285714285,92.10000000000005,2,0.02,41,0.41,100,0.013943817666731775,6037
matched,sweeping,7,61,0.14084507042253522,89.90000000000002,3,0.03,43,0.43,100,0.01750728809274733,6137
matched,sweeping,7,62,0.1388888888888889,95.50000000000007,0,0.0,45,0.45,100,0.017204572972841562,6237
matched,sweeping,7,63,0.136986301369863,92.30000000000004,2,0.02,39,0.39,100,0.01470266820397228,6337
matched,sweeping,7,64,0.13513513513513511,92.20000000000005,2,0.02,40,0.4,100,0.014009976955130697,6437
matched,sweeping,7,65,0.13333333333333333,91.80000000000004,2,0.02,44,0.44,100,0.01678329721558839,6537
matched,sweeping,7,66,0.13157894736842105,92.20000000000005,2,0.02,40,0.4,100,0.016320476941764354,6637
matched,sweeping,7,67,0.12987012987012986,93.70000000000006,1,0.01,44,0.44,100,0.018010372868739067,6737
matched,sweeping,7,68,0.12820512820512822,95.00000000000004,0,0.0,50,0.5,100,0.01896678161341697,6837
matched,sweeping,7,69,0.12658227848101264,93.40000000000006,1,0.01,47,0.47,100,0.016400674562901257,6937
matched,sweeping,7,70,0.125,92.30000000000004,2,0.02,39,0.39,100,0.018519422905519604,7037
matched,sweeping,7,71,0.1234567901234568,91.60000000000004,2,0.02,45,0.45,100,0.017627299088053404,7137
matched,sweeping,7,72,0.12195121951219513,93.70000000000006,1,0.01,43,0.43,100,0.013850303119979798,7237
matched,sweeping,7,73,0.12048192771084336,95.90000000000005,0,0.0,41,0.41,100,0.014355266797356308,7337
matched,sweeping,7,74,0.11904761904761904,91.60000000000005,2,0.02,46,0.46,100,0.015711655309423804,7437
matched,sweeping,7,75,0.11764705882352941,94.10000000000004,1,0.01,40,0.4,100,0.016181379538029433,7537
matched,sweeping,7,76,0.11627906976744186,89.60000000000004,3,0.03,47,0.47,100,0.015714843329042195,7637
matched,sweeping,7,77,0.1149425287356322,86.30000000000004,5,0.05,42,0.42,100,0.018469390724785626,7737
matched,sweeping,7,78,0.11363636363636363,93.40000000000008,1,0.01,46,0.46,100,0.015587729511316865,7837
matched,sweeping,7,79,0.11235955056179775,96.20000000000005,0,0.0,38,0.38,100,0.017371913189999758,7937
matched,sweeping,7,80,0.1111111111111111,94.10000000000005,1,0.01,40,0.4,100,0.013647438697516919,8037
matched,sweeping,7,81,0.10989010989010989,94.10000000000002,1,0.01,40,0.4,100,0.014595236396417022,8137
matched,sweeping,7,82,0.10869565217391305,92.20000000000005,2,0.02,39,0.39,100,0.016920650843530893,8237
matched,sweeping,7,83,0.1075268817204301,92.00000000000003,2,0.02,42,0.42,100,0.015577153242193163,8337
matched,sweeping,7,84,0.10638297872340426,93.20000000000007,1,0.01,49,0.49,100,0.01674210585653782,8437
matched,sweeping,7,85,0.10526315789473684,92.20000000000003,2,0.02,40,0.4,100,0.01616242918651551,8537
matched,sweeping,7,86,0.10416666666666667,94.50000000000003,1,0.01,36,0.36,100,0.012883230256848037,8637
matched,sweeping,7,87,0.10309278350515465,93.80000000000007,1,0.01,43,0.43,100,0.016666503991000354,8737
matched,sweeping,7,88,0.1020408163265306,94.30000000000007,1,0.01,38,0.38,100,0.025186578277498484,8837
matched,sweeping,7,89,0.10101010101010101,91.80000000000007,2,0.02,44,0.44,100,0.016848972090519963,8937
matched,sweeping,7,90,0.1,95.50000000000006,0,0.0,45,0.45,100,0.011316280737519264,9037
matched,sweeping,7,91,0.09900990099009901,96.10000000000005,0,0.0,39,0.39,100,0.015342076909728348,9137
matched,sweeping,7,92,0.09803921568627452,90.4,3,0.03,39,0.39,100,0.011938415439799429,9237
matched,sweeping,7,93,0.0970873786407767,88.40000000000005,4,0.04,40,0.4,100,0.014086918905377388,9337
matched,sweeping,7,94,0.09615384615384615,94.70000000000005,1,0.01,34,0.34,100,0.014735438171774149,9437
matched,sweeping,7,95,0.09523809523809523,96.80000000000007,0,0.0,32,0.32,100,0.014388250093907118,9537
matched,sweeping,7,96,0.09433962264150944,93.70000000000007,1,0.01,44,0.44,100,0.012881768327206373,9637
matched,sweeping,7,97,0.09345794392523366,95.60000000000005,0,0.0,44,0.44,100,0.014613351202569902,9737
matched,sweeping,7,98,0.09259259259259259,93.70000000000005,1,0.01,44,0.44,100,0.01118858627974987,9837
matched,sweeping,7,99,0.09174311926605504,93.60000000000004,1,0.01,45,0.45,100,0.01512028647121042,9937
matched,sweeping,7,100,0.09090909090909091,92.30000000000005,2,0.02,39,0.39,100,0.016528939744457603,10037
matched,sweeping,7,101,0.0900900900900901,90.30000000000003,3,0.03,40,0.4,100,0.015886343237943946,10137
matched,sweeping,7,102,0.08928571428571429,94.30000000000005,1,0.01,38,0.38,100,0.011577283241786062,10237
matched,sweeping,7,103,0.08849557522123894,96.60000000000004,0,0.0,34,0.34,100,0.012566995397210122,10337
matched,sweeping,7,104,0.08771929824561403,96.50000000000006,0,0.0,35,0.35,100,0.013145639016292988,10437
matched,sweeping,7,105,0.08695652173913043,92.40000000000006,2,0.02,38,0.38,100,0.014438238176517189,10537
matched,sweeping,7,106,0.08620689655172414,96.30000000000005,0,0.0,37,0.37,100,0.014651301349513233,10637
matched,sweeping,7,107,0.08547008547008547,94.80000000000001,1,0.01,33,0.33,100,0.015885597488377243,10737
matched,sweeping,7,108,0.0847457627118644,94.20000000000005,1,0.01,39,0.39,100,0.015546128253918141,10837
matched,sweeping,7,109,0.08403361344537814,96.50000000000007,0,0.0,35,0.35,100,0.015613365760073066,10937
matched,sweeping,7,110,0.08333333333333333,95.70000000000005,0,0.0,43,0.43,100,0.01374807370826602,11037
matched,sweeping,7,111,0.08264462809917356,94.20000000000005,1,0.01,38,0.38,100,0.013860774063505232,11137
matched,sweeping,7,112,0.0819672131147541,94.10000000000005,1,0.01,39,0.39,100,0.013863886706531048,11237
matched,sweeping,7,113,0.08130081300813008,92.40000000000002,2,0.02,37,0.37,100,0.013655504388734698,11337
matched,sweeping,7,114,0.08064516129032258,97.00000000000003,0,0.0,30,0.3,100,0.012656517890281976,11437
matched,sweeping,7,115,0.08,90.60000000000005,3,0.03,37,0.37,100,0.01190713029820472,11537
matched,sweeping,7,116,0.07936507936507936,94.50000000000004,1,0.01,36,0.36,100,0.011452893591485918,11637
matched,sweeping,7,117,0.07874015748031496,92.90000000000005,2,0.02,33,0.33,100,0.009713174279313534,11737
matched,sweeping,7,118,0.078125,96.30000000000005,0,0.0,37,0.37,100,0.011407465282827616,11837
matched,sweeping,7,119,0.07751937984496124,94.60000000000005,1,0.01,35,0.35,100,0.010765945031307638,11937
matched,sweeping,7,120,0.07692307692307693,95.00000000000003,1,0.01,30,0.3,100,0.012729656207375229,12037
matched,sweeping,7,121,0.07633587786259542,94.00000000000004,1,0.01,41,0.41,100,0.012974476080853493,12137
matched,sweeping,7,122,0.07575757575757576,93.70000000000007,1,0.01,44,0.44,100,0.014922626912593842,12237
matched,sweeping,7,123,0.07518796992481203,94.20000000000005,1,0.01,39,0.39,100,0.014827989814803004,12337
matched,sweeping,7,124,0.07462686567164178,96.00000000000006,0,0.0,40,0.4,100,0.01855559435673058,12437
matched,sweeping,7,125,0.07407407407407407,92.70000000000005,2,0.02,35,0.35,100,0.010751559915952384,12537
matched,sweeping,7,126,0.07352941176470588,94.00000000000004,1,0.01,41,0.41,100,0.012783527644351124,12637
matched,sweeping,7,127,0.07299270072992702,94.20000000000005,1,0.01,39,0.39,100,0.013372518459800632,12737
matched,sweeping,7,128,0.07246376811594203,96.00000000000003,0,0.0,40,0.4,100,0.014558246363885701,12837
matched,sweeping,7,129,0.07194244604316546,96.00000000000006,0,0.0,40,0.4,100,0.014874656368046999,12937
matched,sweeping,7,130,0.07142857142857142,92.60000000000005,2,0.02,35,0.35,100,0.01315982170868665,13037
matched,sweeping,7,131,0.07092198581560284,88.70000000000003,4,0.04,36,0.36,100,0.013859221772290766,13137
matched,sweeping,7,132,0.07042253521126761,94.80000000000004,1,0.01,33,0.33,100,0.010780746478121727,13237
matched,sweeping,7,133,0.06993006993006992,94.70000000000005,1,0.01,34,0.34,100,0.012450678902678192,13337
matched,sweeping,7,134,0.06944444444444445,96.20000000000003,0,0.0,38,0.38,100,0.013726417166180909,13437
matched,sweeping,7,135,0.06896551724137931,96.30000000000001,0,0.0,37,0.37,100,0.012477944009006023,13537
matched,sweeping,7,136,0.0684931506849315,94.60000000000004,1,0.01,35,0.35,100,0.011549635140690953,13637
matched,sweeping,7,137,0.06802721088435375,96.10000000000004,0,0.0,39,0.39,100,0.012603258416056633,13737
matched,sweeping,7,138,0.06756756756756756,96.30000000000005,0,0.0,37,0.37,100,0.012253844938240945,13837
matched,sweeping,7,139,0.06711409395973154,96.90000000000003,0,0.0,31,0.31,100,0.011471538792829961,13937
matched,sweeping,7,140,0.06666666666666667,96.70000000000005,0,0.0,33,0.33,100,0.014577015214599668,14037
matched,sweeping,7,141,0.06622516556291391,94.90000000000003,1,0.01,32,0.32,100,0.012510338737629354,14137
matched,sweeping,7,142,0.06578947368421052,96.00000000000006,0,0.0,40,0.4,100,0.013421841273084283,14237
matched,sweeping,7,143,0.06535947712418301,94.20000000000005,1,0.01,39,0.39,100,0.011111902121920139,14337
matched,sweeping,7,144,0.06493506493506493,96.50000000000003,0,0.0,35,0.35,100,0.010468549253419042,14437
matched,sweeping,7,145,0.06451612903225806,92.70000000000002,2,0.02,35,0.35,100,0.013836552225984632,14537
matched,sweeping,7,146,0.06410256410256411,97.20000000000002,0,0.0,28,0.28,100,0.010738285733386874,14637
matched,sweeping,7,147,0.06369426751592357,96.70000000000007,0,0.0,33,0.33,100,0.010617401776835322,14737
matched,sweeping,7,148,0.06329113924050632,94.90000000000005,1,0.01,32,0.32,100,0.009551489807199687,14837
matched,sweeping,7,149,0.06289308176100629,96.80000000000001,0,0.0,32,0.32,100,0.012778643218334764,14937
matched,sweeping,7,150,0.0625,93.90000000000003,1,0.01,41,0.41,100,0.012422143928706646,15037
matched,sweeping,7,151,0.06211180124223602,96.60000000000007,0,0.0,34,0.34,100,0.011721145082265138,15137
matched,sweeping,7,152,0.0617283950617284,92.60000000000005,2,0.02,36,0.36,100,0.010869209207594394,15237
matched,sweeping,7,153,0.06134969325153374,93.50000000000004,1,0.01,46,0.46,100,0.010431215367279947,15337
matched,sweeping,7,154,0.06097560975609757,96.90000000000003,0,0.0,31,0.31,100,0.013644749610684813,15437
matched,sweeping,7,155,0.06060606060606061,94.80000000000001,1,0.01,33,0.33,100,0.010499484823085367,15537
matched,sweeping,7,156,0.06024096385542168,94.70000000000005,1,0.01,34,0.34,100,0.011096995295956731,15637
matched,sweeping,7,157,0.059880239520958084,96.40000000000003,0,0.0,36,0.36,100,0.012042464099358767,15737
matched,sweeping,7,158,0.05952380952380952,95.70000000000005,0,0.0,43,0.43,100,0.010321549158543348,15837
matched,sweeping,7,159,0.0591715976331361,94.30000000000004,1,0.01,38,0.38,100,0.011860434033442288,15937
matched,sweeping,7,160,0.058823529411764705,97.30000000000003,0,0.0,27,0.27,100,0.013617735498119145,16037
matched,sweeping,7,161,0.05847953216374269,96.60000000000004,0,0.0,34,0.34,100,0.009688454288989306,16137
matched,sweeping,7,162,0.05813953488372093,94.40000000000005,1,0.01,36,0.36,100,0.010450292103923857,16237
matched,sweeping,7,163,0.057803468208092484,96.80000000000004,0,0.0,32,0.32,100,0.01201025755610317,16337
matched,sweeping,7,164,0.0574712643678161,92.80000000000004,2,0.02,33,0.33,100,0.01207077231258154,16437
matched,sweeping,7,165,0.05714285714285714,94.20000000000005,1,0.01,39,0.39,100,0.010701626632362604,16537
matched,sweeping,7,166,0.056818181818181816,96.60000000000005,0,0.0,34,0.34,100,0.010026328538078815,16637
matched,sweeping,7,167,0.05649717514124294,95.30000000000004,1,0.01,28,0.28,100,0.010297913134563715,16737
matched,sweeping,7,168,0.056179775280898875,96.20000000000005,0,0.0,38,0.38,100,0.00958049152046442,16837
matched,sweeping,7,169,0.0558659217877095,94.20000000000005,1,0.01,39,0.39,100,0.01171443129889667,16937
matched,sweeping,7,170,0.05555555555555555,94.20000000000002,1,0.01,39,0.39,100,0.008933481907006354,17037
matched,sweeping,7,171,0.055248618784530384,95.10000000000002,1,0.01,30,0.3,100,0.012721224189735949,17137
matched,sweeping,7,172,0.054945054945054944,91.30000000000004,3,0.03,30,0.3,100,0.0103063925052993,17237
matched,sweeping,7,173,0.0546448087431694,96.70000000000005,0,0.0,33,0.33,100,0.010885809303727002,17337
matched,sweeping,7,174,0.05434782608695653,96.30000000000003,0,0.0,37,0.37,100,0.010778441312722861,17437
matched,sweeping,7,175,0.05405405405405406,96.90000000000003,0,0.0,31,0.31,100,0.008707328757736832,17537
matched,sweeping,7,176,0.05376344086021505,94.60000000000005,1,0.01,35,0.35,100,0.010415146239101886,17637
matched,sweeping,7,177,0.053475935828877004,96.60000000000005,0,0.0,34,0.34,100,0.012892791647464036,17737
matched,sweeping,7,178,0.05319148936170213,96.30000000000005,0,0.0,37,0.37,100,0.009531020128633827,17837
matched,sweeping,7,179,0.052910052910052914,94.50000000000003,1,0.01,36,0.36,100,0.011735747191123665,17937
matched,sweeping,7,180,0.05263157894736842,94.80000000000001,1,0.01,33,0.33,100,0.009389810056891292,18037
matched,sweeping,7,181,0.05235602094240837,94.70000000000005,1,0.01,34,0.34,100,0.00914637292502448,18137
matched,sweeping,7,182,0.052083333333333336,94.30000000000007,1,0.01,38,0.38,100,0.01113528473302722,18237
matched,sweeping,7,183,0.05181347150259067,95.10000000000004,1,0.01,30,0.3,100,0.010659650666639209,18337
matched,sweeping,7,184,0.051546391752577324,94.30000000000005,1,0.01,38,0.38,100,0.010983995371498167,18437
matched,sweeping,7,185,0.05128205128205128,96.40000000000003,0,0.0,36,0.36,100,0.009700237172655762,18537
matched,sweeping,7,186,0.0510204081632653,96.90000000000003,0,0.0,31,0.31,100,0.008538035107776523,18637
matched,sweeping,7,187,0.050761421319796954,97.60000000000002,0,0.0,24,0.24,100,0.009498244884889573,18737
matched,sweeping,7,188,0.050505050505050504,96.80000000000004,0,0.0,32,0.32,100,0.008667655880562961,18837
matched,sweeping,7,189,0.05025125628140704,93.60000000000004,1,0.01,45,0.45,100,0.01083065602229908,18937
matched,sweeping,7,190,0.05,94.10000000000002,1,0.01,40,0.4,100,0.011570649822242558,19037
matched,sweeping,7,191,0.04975124378109452,94.40000000000003,1,0.01,37,0.37,100,0.009372328130993993,19137
matched,sweeping,7,192,0.04950495049504951,94.40000000000003,1,0.01,36,0.36,100,0.00859028220642358,19237
matched,sweeping,7,193,0.04926108374384236,91.00000000000003,3,0.03,33,0.33,100,0.009966031694784761,19337
matched,sweeping,7,194,0.04901960784313726,94.40000000000005,1,0.01,37,0.37,100,0.0117298595700413,19437
matched,sweeping,7,195,0.04878048780487805,92.30000000000004,2,0.02,39,0.39,100,0.012564299050718547,19537
matched,sweeping,7,196,0.04854368932038835,96.20000000000005,0,0.0,38,0.38,100,0.012044223237317055,19637
matched,sweeping,7,197,0.04830917874396135,96.40000000000003,0,0.0,36,0.36,100,0.009336060157511383,19737
matched,sweeping,7,198,0.04807692307692307,94.90000000000003,1,0.01,32,0.32,100,0.007993926357012243,19837
matched,sweeping,7,199,0.04784688995215311,93.00000000000003,2,0.02,32,0.32,100,0.010274261981248856,19937
matched,sweeping,8,0,1.0,78.10000000000001,7,0.07,84,0.84,100,0.11627174954156617,37
matched,sweeping,8,1,0.9090909090909091,76.7,8,0.08,80,0.8,100,0.028632205883041023,137
matched,sweeping,8,2,0.8333333333333334,73.79999999999998,9,0.09,90,0.9,100,0.025194241581484676,237
matched,sweeping,8,3,0.7692307692307692,71.89999999999999,10,0.1,91,0.91,100,0.019030813397839665,337
matched,sweeping,8,4,0.7142857142857143,76.20000000000002,8,0.08,84,0.84,100,0.01718284082133323,437
matched,sweeping,8,5,0.6666666666666666,82.10000000000005,5,0.05,84,0.84,100,0.017508276831358673,537
matched,sweeping,8,6,0.625,74.5,9,0.09,82,0.82,100,0.014333141911774873,637
matched,sweeping,8,7,0.5882352941176471,89.70000000000007,1,0.01,84,0.84,100,0.013698274781927467,737
matched,sweeping,8,8,0.5555555555555556,84.20000000000003,4,0.04,80,0.8,100,0.016605816786177455,837
matched,sweeping,8,9,0.5263157894736842,82.80000000000003,5,0.05,74,0.74,100,0.016238012686371803,937
matched,sweeping,8,10,0.5,79.50000000000001,7,0.07,72,0.72,100,0.014406814849935471,1037
matched,sweeping,8,11,0.47619047619047616,82.90000000000005,5,0.05,74,0.74,100,0.013555181762203574,1137
matched,sweeping,8,12,0.45454545454545453,77.80000000000001,8,0.08,69,0.69,100,0.01597968684975058,1237
matched,sweeping,8,13,0.4347826086956522,76.9,8,0.08,79,0.79,100,0.017276208326220514,1337
matched,sweeping,8,14,0.4166666666666667,83.10000000000005,5,0.05,74,0.74,100,0.017139941854402423,1437
matched,sweeping,8,15,0.4,87.70000000000005,3,0.03,66,0.66,100,0.015474376040510834,1537
matched,sweeping,8,16,0.3846153846153846,76.6,9,0.09,61,0.61,100,0.017109959847293795,1637
matched,sweeping,8,17,0.37037037037037035,75.9,9,0.09,70,0.7,100,0.016275359322316944,1737
matched,sweeping,8,18,0.35714285714285715,83.90000000000003,5,0.05,66,0.66,100,0.01642093658912927,1837
matched,sweeping,8,19,0.3448275862068966,77.69999999999999,8,0.08,70,0.7,100,0.017367082294076682,1937
matched,sweeping,8,20,0.3333333333333333,84.30000000000007,5,0.05,62,0.62,100,0.016986343511380255,2037
matched,sweeping,8,21,0.3225806451612903,90.40000000000008,2,0.02,57,0.57,100,0.014450176442041994,2137
matched,sweeping,8,22,0.3125,83.10000000000002,6,0.06,55,0.55,100,0.014883227222599089,2237
matched,sweeping,8,23,0.30303030303030304,86.00000000000006,4,0.04,64,0.64,100,0.015727545777335764,2337
matched,sweeping,8,24,0.29411764705882354,87.00000000000003,4,0.04,54,0.54,100,0.014471389367245138,2437
matched,sweeping,8,25,0.2857142857142857,90.10000000000008,2,0.02,61,0.61,100,0.017936851452104746,2537
matched,sweeping,8,26,0.2777777777777778,88.50000000000006,3,0.03,58,0.58,100,0.01943648224696517,2637
matched,sweeping,8,27,0.27027027027027023,88.90000000000003,3,0.03,53,0.53,100,0.017663971716538072,2737
matched,sweeping,8,28,0.2631578947368421,90.90000000000009,2,0.02,53,0.53,100,0.021401671525090933,2837
matched,sweeping,8,29,0.25641025641025644,90.20000000000005,2,0.02,60,0.6,100,0.018319275565445423,2937
matched,sweeping,8,30,0.25,91.30000000000003,2,0.02,49,0.49,100,0.019214905947446823,3037
matched,sweeping,8,31,0.24390243902439027,92.40000000000003,1,0.01,57,0.57,100,0.020736620761454105,3137
matched,sweeping,8,32,0.23809523809523808,85.30000000000003,5,0.05,52,0.52,100,0.01644965700339526,3237
matched,sweeping,8,33,0.23255813953488372,84.90000000000005,5,0.05,55,0.55,100,0.017546359547413886,3337
matched,sweeping,8,34,0.22727272727272727,90.50000000000003,2,0.02,56,0.56,100,0.01846083934418857,3437
matched,sweeping,8,35,0.2222222222222222,95.40000000000008,0,0.0,46,0.46,100,0.0161220291396603,3537
matched,sweeping,8,36,0.2173913043478261,92.90000000000008,1,0.01,52,0.52,100,0.017891953652724623,3637
matched,sweeping,8,37,0.2127659574468085,88.70000000000007,3,0.03,55,0.55,100,0.017756289364770056,3737
matched,sweeping,8,38,0.20833333333333334,90.10000000000007,2,0.02,61,0.61,100,0.022728189290501178,3837
matched,sweeping,8,39,0.2040816326530612,89.60000000000004,3,0.03,47,0.47,100,0.025013040280900897,3937
matched,sweeping,8,40,0.2,89.70000000000002,3,0.03,45,0.45,100,0.01789926331024617,4037
matched,sweeping,8,41,0.19607843137254904,87.60000000000004,4,0.04,48,0.48,100,0.013652951712720096,4137
matched,sweeping,8,42,0.1923076923076923,88.80000000000004,3,0.03,55,0.55,100,0.01599518318194896,4237
matched,sweeping,8,43,0.18867924528301888,89.40000000000006,3,0.03,49,0.49,100,0.017765653575770556,4337
matched,sweeping,8,44,0.18518518518518517,90.40000000000006,2,0.02,58,0.58,100,0.015419320045039058,4437
matched,sweeping,8,45,0.18181818181818182,95.00000000000007,0,0.0,50,0.5,100,0.0188931757863611,4537
matched,sweeping,8,46,0.17857142857142858,89.80000000000004,3,0.03,45,0.45,100,0.01764548132196069,4637
matched,sweeping,8,47,0.17543859649122806,90.00000000000004,3,0.03,42,0.42,100,0.015934277777560055,4737
matched,sweeping,8,48,0.1724137931034483,89.50000000000004,3,0.03,48,0.48,100,0.016235686289146543,4837
matched,sweeping,8,49,0.1694915254237288,91.4,2,0.02,48,0.48,100,0.01938783542253077,4937
matched,sweeping,8,50,0.16666666666666666,91.50000000000007,2,0.02,47,0.47,100,0.017835636963136493,5037
matched,sweeping,8,51,0.1639344262295082,91.90000000000005,2,0.02,43,0.43,100,0.017917065122164785,5137
matched,sweeping,8,52,0.16129032258064516,94.20000000000005,1,0.01,39,0.39,100,0.017736498527228833,5237
matched,sweeping,8,53,0.15873015873015872,93.50000000000004,1,0.01,46,0.46,100,0.018878161879256367,5337
matched,sweeping,8,54,0.15625,95.80000000000004,0,0.0,42,0.42,100,0.018141649863682687,5437
matched,sweeping,8,55,0.15384615384615385,93.90000000000006,1,0.01,42,0.42,100,0.01559919598279521,5537
matched,sweeping,8,56,0.15151515151515152,91.60000000000005,2,0.02,46,0.46,100,0.014892377150245011,5637
matched,sweeping,8,57,0.14925373134328357,92.10000000000004,2,0.02,41,0.41,100,0.013939929492771626,5737
matched,sweeping,8,58,0.14705882352941177,92.40000000000005,1,0.01,56,0.56,100,0.01691286390181631,5837
matched,sweeping,8,59,0.14492753623188406,89.30000000000008,3,0.03,50,0.5,100,0.01789349988102913,5937
matched,sweeping,8,60,0.14285714285714285,93.60000000000005,1,0.01,45,0.45,100,0.01749633975327015,6037
matched,sweeping,8,61,0.14084507042253522,92.70000000000002,1,0.01,54,0.54,100,0.01735913266427815,6137
matched,sweeping,8,62,0.1388888888888889,95.70000000000006,0,0.0,43,0.43,100,0.014348872704431415,6237
matched,sweeping,8,63,0.136986301369863,84.00000000000003,6,0.06,46,0.46,100,0.01761381920892745,6337
matched,sweeping,8,64,0.13513513513513511,93.40000000000006,1,0.01,47,0.47,100,0.01566304319538176,6437
matched,sweeping,8,65,0.13333333333333333,85.90000000000003,5,0.05,45,0.45,100,0.01544965873938054,6537
matched,sweeping,8,66,0.13157894736842105,91.40000000000009,2,0.02,48,0.48,100,0.014992439369671047,6637
matched,sweeping,8,67,0.12987012987012986,93.60000000000008,1,0.01,45,0.45,100,0.013518431363627315,6737
matched,sweeping,8,68,0.12820512820512822,93.40000000000003,1,0.01,47,0.47,100,0.01709496578667313,6837
matched,sweeping,8,69,0.12658227848101264,92.30000000000004,2,0.02,39,0.39,100,0.014795448360964657,6937
matched,sweeping,8,70,0.125,92.10000000000002,2,0.02,40,0.4,100,0.017345271040685475,7037
matched,sweeping,8,71,0.1234567901234568,91.70000000000006,2,0.02,45,0.45,100,0.01645672019571066,7137
matched,sweeping,8,72,0.12195121951219513,92.40000000000002,2,0.02,38,0.38,100,0.014505426038522274,7237
matched,sweeping,8,73,0.12048192771084336,88.70000000000005,3,0.03,56,0.56,100,0.015546731306239963,7337
matched,sweeping,8,74,0.11904761904761904,92.10000000000005,2,0.02,41,0.41,100,0.013599590053781868,7437
matched,sweeping,8,75,0.11764705882352941,89.50000000000003,3,0.03,48,0.48,100,0.015521804848685861,7537
matched,sweeping,8,76,0.11627906976744186,91.50000000000007,2,0.02,47,0.47,100,0.017269572196528315,7637
matched,sweeping,8,77,0.1149425287356322,93.70000000000003,1,0.01,44,0.44,100,0.01581641745287925,7737
matched,sweeping,8,78,0.11363636363636363,91.9,2,0.02,43,0.43,100,0.013274889863096178,7837
matched,sweeping,8,79,0.11235955056179775,96.00000000000004,0,0.0,40,0.4,100,0.0165408089524135,7937
matched,sweeping,8,80,0.1111111111111111,92.30000000000003,2,0.02,39,0.39,100,0.014297656579874456,8037
matched,sweeping,8,81,0.10989010989010989,92.70000000000005,2,0.02,35,0.35,100,0.014221756202168763,8137
matched,sweeping,8,82,0.10869565217391305,91.80000000000007,2,0.02,44,0.44,100,0.015477877110242844,8237
matched,sweeping,8,83,0.1075268817204301,94.60000000000005,1,0.01,35,0.35,100,0.014826439549215137,8337
matched,sweeping,8,84,0.10638297872340426,91.70000000000006,2,0.02,45,0.45,100,0.013572452138178051,8437
matched,sweeping,8,85,0.10526315789473684,93.60000000000002,1,0.01,45,0.45,100,0.016538735260255635,8537
matched,sweeping,8,86,0.10416666666666667,92.2,2,0.02,39,0.39,100,0.017752518048509955,8637
matched,sweeping,8,87,0.10309278350515465,91.80000000000004,2,0.02,44,0.44,100,0.013792396537028254,8737
matched,sweeping,8,88,0.1020408163265306,95.40000000000006,0,0.0,46,0.46,100,0.013822045889683068,8837
matched,sweeping,8,89,0.10101010101010101,90.10000000000002,3,0.03,41,0.41,100,0.01314187842886895,8937
matched,sweeping,8,90,0.1,90.10000000000002,3,0.03,41,0.41,100,0.01379815986379981,9037
matched,sweeping,8,91,0.09900990099009901,94.20000000000003,1,0.01,38,0.38,100,0.015070777861401439,9137
matched,sweeping,8,92,0.09803921568627452,96.00000000000006,0,0.0,40,0.4,100,0.01694454834330827,9237
matched,sweeping,8,93,0.0970873786407767,94.50000000000003,1,0.01,36,0.36,100,0.014216849943622947,9337
matched,sweeping,8,94,0.09615384615384615,96.80000000000004,0,0.0,32,0.32,100,0.015533679951913655,9437
matched,sweeping,8,95,0.09523809523809523,91.90000000000005,2,0.02,43,0.43,100,0.015695532038807868,9537
matched,sweeping,8,96,0.09433962264150944,95.00000000000006,0,0.0,50,0.5,100,0.018400079063139854,9637
matched,sweeping,8,97,0.09345794392523366,96.10000000000005,0,0.0,39,0.39,100,0.019149775337427854,9737
matched,sweeping,8,98,0.09259259259259259,94.10000000000004,1,0.01,40,0.4,100,0.01680797063279897,9837
matched,sweeping,8,99,0.09174311926605504,93.90000000000003,1,0.01,42,0.42,100,0.014571338067762554,9937
matched,sweeping,8,100,0.09090909090909091,95.90000000000006,0,0.0,41,0.41,100,0.016022632219828664,10037
matched,sweeping,8,101,0.0900900900900901,96.10000000000005,0,0.0,39,0.39,100,0.013040107036940753,10137
matched,sweeping,8,102,0.08928571428571429,95.70000000000005,0,0.0,43,0.43,100,0.013431101720780134,10237
matched,sweeping,8,103,0.08849557522123894,88.10000000000004,4,0.04,43,0.43,100,0.01557421761099249,10337
matched,sweeping,8,104,0.08771929824561403,94.70000000000005,1,0.01,34,0.34,100,0.01318577268626541,10437
matched,sweeping,8,105,0.08695652173913043,96.40000000000003,0,0.0,36,0.36,100,0.014253466250374913,10537
matched,sweeping,8,106,0.08620689655172414,93.60000000000002,1,0.01,45,0.45,100,0.013738340213894844,10637
matched,sweeping,8,107,0.08547008547008547,90.60000000000002,3,0.03,37,0.37,100,0.01436692672315985,10737
matched,sweeping,8,108,0.0847457627118644,93.60000000000007,1,0.01,45,0.45,100,0.01251551556866616,10837
matched,sweeping,8,109,0.08403361344537814,96.30000000000003,0,0.0,37,0.37,100,0.011914158852305264,10937
matched,sweeping,8,110,0.08333333333333333,94.70000000000005,1,0.01,34,0.34,100,0.014537889719940722,11037
matched,sweeping,8,111,0.08264462809917356,94.30000000000004,1,0.01,38,0.38,100,0.015295798778533936,11137
matched,sweeping,8,112,0.0819672131147541,94.80000000000004,1,0.01,33,0.33,100,0.011253950921818613,11237
matched,sweeping,8,113,0.08130081300813008,93.90000000000005,1,0.01,42,0.42,100,0.013158867447637022,11337
matched,sweeping,8,114,0.08064516129032258,94.20000000000006,1,0.01,39,0.39,100,0.014842552202753722,11437
matched,sweeping,8,115,0.08,92.80000000000003,2,0.02,34,0.34,100,0.013276758324354886,11537
matched,sweeping,8,116,0.07936507936507936,94.40000000000002,1,0.01,37,0.37,100,0.012902378072030842,11637
matched,sweeping,8,117,0.07874015748031496,96.90000000000006,0,0.0,31,0.31,100,0.012682234905660152,11737
matched,sweeping,8,118,0.078125,96.30000000000004,0,0.0,37,0.37,100,0.012138805873692036,11837
matched,sweeping,8,119,0.07751937984496124,96.10000000000005,0,0.0,39,0.39,100,0.010731032094918191,11937
matched,sweeping,8,120,0.07692307692307693,96.00000000000003,0,0.0,40,0.4,100,0.01250400282908231,12037
matched,sweeping,8,121,0.07633587786259542,96.60000000000002,0,0.0,34,0.34,100,0.010807556505315006,12137
matched,sweeping,8,122,0.07575757575757576,90.30000000000003,3,0.03,40,0.4,100,0.013755567357875406,12237
matched,sweeping,8,123,0.07518796992481203,94.50000000000006,1,0.01,35,0.35,100,0.01789866485632956,12337
matched,sweeping,8,124,0.07462686567164178,95.50000000000006,0,0.0,45,0.45,100,0.014479304812848568,12437
matched,sweeping,8,125,0.07407407407407407,92.00000000000006,2,0.02,42,0.42,100,0.014218999375589191,12537
matched,sweeping,8,126,0.07352941176470588,96.40000000000003,0,0.0,36,0.36,100,0.013162208865396678,12637
matched,sweeping,8,127,0.07299270072992702,94.40000000000002,1,0.01,37,0.37,100,0.013925335993990302,12737
matched,sweeping,8,128,0.07246376811594203,93.80000000000004,1,0.01,43,0.43,100,0.011958670234307647,12837
matched,sweeping,8,129,0.07194244604316546,94.40000000000003,1,0.01,37,0.37,100,0.010391565691679715,12937
matched,sweeping,8,130,0.07142857142857142,94.20000000000003,1,0.01,39,0.39,100,0.015310175034683198,13037
matched,sweeping,8,131,0.07092198581560284,96.10000000000007,0,0.0,39,0.39,100,0.01681709224358201,13137
matched,sweeping,8,132,0.07042253521126761,92.80000000000004,2,0.02,34,0.34,100,0.01288612067233771,13237
matched,sweeping,8,133,0.06993006993006992,92.70000000000002,2,0.02,35,0.35,100,0.011131268637254834,13337
matched,sweeping,8,134,0.06944444444444445,96.40000000000003,0,0.0,36,0.36,100,0.012420568887609989,13437
matched,sweeping,8,135,0.06896551724137931,96.70000000000003,0,0.0,33,0.33,100,0.01325458156876266,13537
matched,sweeping,8,136,0.0684931506849315,94.10000000000005,1,0.01,40,0.4,100,0.012665624571964145,13637
matched,sweeping,8,137,0.06802721088435375,96.60000000000004,0,0.0,34,0.34,100,0.013358991607092321,13737
matched,sweeping,8,138,0.06756756756756756,94.80000000000004,1,0.01,33,0.33,100,0.01356116603128612,13837
matched,sweeping,8,139,0.06711409395973154,96.30000000000004,0,0.0,37,0.37,100,0.012723110204096883,13937
matched,sweeping,8,140,0.06666666666666667,90.90000000000003,3,0.03,34,0.34,100,0.011840805052779615,14037
matched,sweeping,8,141,0.06622516556291391,94.10000000000004,1,0.01,40,0.4,100,0.015890095359645785,14137
matched,sweeping,8,142,0.06578947368421052,94.70000000000003,1,0.01,34,0.34,100,0.012080559507012367,14237
matched,sweeping,8,143,0.06535947712418301,95.90000000000008,0,0.0,41,0.41,100,0.013760336935520171,14337
matched,sweeping,8,144,0.06493506493506493,94.20000000000005,1,0.01,39,0.39,100,0.010634626820683479,14437
matched,sweeping,8,145,0.06451612903225806,94.20000000000003,1,0.01,39,0.39,100,0.01186346115078777,14537
matched,sweeping,8,146,0.06410256410256411,94.80000000000004,1,0.01,33,0.33,100,0.009381364691071212,14637
matched,sweeping,8,147,0.06369426751592357,96.70000000000005,0,0.0,33,0.33,100,0.012637482741847634,14737
matched,sweeping,8,148,0.06329113924050632,94.40000000000005,1,0.01,37,0.37,100,0.010699878456071019,14837
matched,sweeping,8,149,0.06289308176100629,96.10000000000005,0,0.0,39,0.39,100,0.00994765188312158,14937
matched,sweeping,8,150,0.0625,94.20000000000003,1,0.01,39,0.39,100,0.010609063834417612,15037
matched,sweeping,8,151,0.06211180124223602,94.70000000000005,1,0.01,34,0.34,100,0.011737537188455462,15137
matched,sweeping,8,152,0.0617283950617284,96.40000000000006,0,0.0,36,0.36,100,0.014429980344139039,15237
matched,sweeping,8,153,0.06134969325153374,96.80000000000003,0,0.0,32,0.32,100,0.012407338852062822,15337
matched,sweeping,8,154,0.06097560975609757,94.50000000000003,1,0.01,36,0.36,100,0.014349187568295747,15437
matched,sweeping,8,155,0.06060606060606061,96.60000000000002,0,0.0,34,0.34,100,0.011149519123136997,15537
matched,sweeping,8,156,0.06024096385542168,94.00000000000003,1,0.01,41,0.41,100,0.0096163220400922,15637
matched,sweeping,8,157,0.059880239520958084,97.00000000000003,0,0.0,30,0.3,100,0.009383951209019869,15737
matched,sweeping,8,158,0.05952380952380952,97.00000000000004,0,0.0,30,0.3,100,0.011421673763543368,15837
matched,sweeping,8,159,0.0591715976331361,96.30000000000008,0,0.0,37,0.37,100,0.01074500652262941,15937
matched,sweeping,8,160,0.058823529411764705,94.50000000000003,1,0.01,36,0.36,100,0.012785428762435913,16037
matched,sweeping,8,161,0.05847953216374269,96.20000000000006,0,0.0,38,0.38,100,0.01244317427976057,16137
matched,sweeping,8,162,0.05813953488372093,92.60000000000002,2,0.02,36,0.36,100,0.015853967019356787,16237
matched,sweeping,8,163,0.057803468208092484,96.40000000000006,0,0.0,36,0.36,100,0.008922892939299345,16337
matched,sweeping,8,164,0.0574712643678161,96.70000000000005,0,0.0,33,0.33,100,0.010577047818806022,16437
matched,sweeping,8,165,0.05714285714285714,94.60000000000002,1,0.01,35,0.35,100,0.010488011571578682,16537
matched,sweeping,8,166,0.056818181818181816,96.50000000000004,0,0.0,35,0.35,100,0.011220085266977549,16637
matched,sweeping,8,167,0.05649717514124294,94.90000000000003,1,0.01,32,0.32,100,0.010075982087291777,16737
matched,sweeping,8,168,0.056179775280898875,94.10000000000002,1,0.01,40,0.4,100,0.010936853429302573,16837
matched,sweeping,8,169,0.0558659217877095,93.90000000000006,1,0.01,41,0.41,100,0.011374034234322608,16937
matched,sweeping,8,170,0.05555555555555555,95.00000000000003,1,0.01,31,0.31,100,0.011864803647622466,17037
matched,sweeping,8,171,0.055248618784530384,93.40000000000003,2,0.02,28,0.28,100,0.009941022312268614,17137
matched,sweeping,8,172,0.054945054945054944,96.50000000000003,0,0.0,35,0.35,100,0.012132154307328164,17237
matched,sweeping,8,173,0.0546448087431694,90.30000000000004,3,0.03,40,0.4,100,0.011500471252948046,17337
matched,sweeping,8,174,0.05434782608695653,96.40000000000005,0,0.0,36,0.36,100,0.011094273417256773,17437
matched,sweeping,8,175,0.05405405405405406,94.50000000000006,1,0.01,36,0.36,100,0.012273976185824723,17537
matched,sweeping,8,176,0.05376344086021505,96.80000000000004,0,0.0,32,0.32,100,0.009694313609506934,17637
matched,sweeping,8,177,0.053475935828877004,92.90000000000003,2,0.02,33,0.33,100,0.013183828978799283,17737
matched,sweeping,8,178,0.05319148936170213,92.50000000000006,2,0.02,37,0.37,100,0.010168881327845157,17837
matched,sweeping,8,179,0.052910052910052914,96.80000000000004,0,0.0,32,0.32,100,0.011086147082969545,17937
matched,sweeping,8,180,0.05263157894736842,94.70000000000003,1,0.01,34,0.34,100,0.009887579097412526,18037
matched,sweeping,8,181,0.05235602094240837,94.80000000000004,1,0.01,33,0.33,100,0.010704669477418065,18137
matched,sweeping,8,182,0.052083333333333336,96.90000000000003,0,0.0,31,0.31,100,0.009620033600367606,18237
matched,sweeping,8,183,0.05181347150259067,94.60000000000002,1,0.01,35,0.35,100,0.009812969849444925,18337
matched,sweeping,8,184,0.051546391752577324,96.80000000000004,0,0.0,32,0.32,100,0.011751753757707775,18437
matched,sweeping,8,185,0.05128205128205128,92.20000000000005,2,0.02,40,0.4,100,0.011999046439304948,18537
matched,sweeping,8,186,0.0510204081632653,91.10000000000005,3,0.03,32,0.32,100,0.011337837344035507,18637
matched,sweeping,8,187,0.050761421319796954,97.10000000000002,0,0.0,29,0.29,100,0.009128558811498806,18737
matched,sweeping,8,188,0.050505050505050504,97.00000000000004,0,0.0,30,0.3,100,0.010566782869864256,18837
matched,sweeping,8,189,0.05025125628140704,96.80000000000004,0,0.0,32,0.32,100,0.013126388636883347,18937
matched,sweeping,8,190,0.05,96.30000000000004,0,0.0,37,0.37,100,0.014922571121715009,19037
matched,sweeping,8,191,0.04975124378109452,96.60000000000005,0,0.0,34,0.34,100,0.010727704958990216,19137
matched,sweeping,8,192,0.04950495049504951,92.70000000000002,2,0.02,35,0.35,100,0.01169071203796193,19237
matched,sweeping,8,193,0.04926108374384236,96.40000000000003,0,0.0,36,0.36,100,0.011000222219154239,19337
matched,sweeping,8,194,0.04901960784313726,94.50000000000006,1,0.01,36,0.36,100,0.011311126435175537,19437
matched,sweeping,8,195,0.04878048780487805,96.90000000000003,0,0.0,31,0.31,100,0.010424420416820795,19537
matched,sweeping,8,196,0.04854368932038835,97.00000000000003,0,0.0,30,0.3,100,0.009231994759757072,19637
matched,sweeping,8,197,0.04830917874396135,96.40000000000003,0,0.0,36,0.36,100,0.009434361977037042,19737
matched,sweeping,8,198,0.04807692307692307,94.70000000000007,1,0.01,34,0.34,100,0.0116357891401276,19837
matched,sweeping,8,199,0.04784688995215311,96.30000000000005,0,0.0,37,0.37,100,0.014693094741087407,19937
matched,sweeping,9,0,1.0,64.19999999999992,14,0.14,91,0.91,100,0.194415707342528,37
matched,sweeping,9,1,0.9090909090909091,80.4,6,0.06,82,0.82,100,0.043178652711212635,137
matched,sweeping,9,2,0.8333333333333334,70.19999999999996,11,0.11,87,0.87,100,0.023139010332524777,237
matched,sweeping,9,3,0.7692307692307692,70.09999999999997,11,0.11,88,0.88,100,0.020093341767787935,337
matched,sweeping,9,4,0.7142857142857143,74.5,9,0.09,80,0.8,100,0.020529484897851943,437
matched,sweeping,9,5,0.6666666666666666,76.0,8,0.08,88,0.88,100,0.017242775140330194,537
matched,sweeping,9,6,0.625,86.40000000000005,3,0.03,79,0.79,100,0.018883033306337893,637
matched,sweeping,9,7,0.5882352941176471,78.60000000000002,7,0.07,80,0.8,100,0.01724651127588004,737
matched,sweeping,9,8,0.5555555555555556,70.79999999999995,11,0.11,83,0.83,100,0.01511900921817869,837
matched,sweeping,9,9,0.5263157894736842,73.09999999999998,10,0.1,76,0.76,100,0.014120809808373451,937
matched,sweeping,9,10,0.5,84.20000000000006,4,0.04,82,0.82,100,0.016535135861486198,1037
matched,sweeping,9,11,0.47619047619047616,87.40000000000006,3,0.03,69,0.69,100,0.0206532668042928,1137
matched,sweeping,9,12,0.45454545454545453,84.40000000000003,5,0.05,61,0.61,100,0.01511481888126582,1237
matched,sweeping,9,13,0.4347826086956522,78.30000000000001,8,0.08,65,0.65,100,0.014927283879369497,1337
matched,sweeping,9,14,0.4166666666666667,83.60000000000005,5,0.05,68,0.68,100,0.016827956917695702,1437
matched,sweeping,9,15,0.4,79.50000000000003,7,0.07,72,0.72,100,0.01759799847844988,1537
matched,sweeping,9,16,0.3846153846153846,85.90000000000009,4,0.04,65,0.65,100,0.018448003227822484,1637
matched,sweeping,9,17,0.37037037037037035,86.20000000000002,4,0.04,62,0.62,100,0.019316772874444724,1737
matched,sweeping,9,18,0.35714285714285715,85.50000000000006,4,0.04,69,0.69,100,0.015907721086405216,1837
matched,sweeping,9,19,0.3448275862068966,84.20000000000005,5,0.05,63,0.63,100,0.018970067808404566,1937
matched,sweeping,9,20,0.3333333333333333,81.2,7,0.07,54,0.54,100,0.01595225208904594,2037
matched,sweeping,9,21,0.3225806451612903,88.80000000000004,3,0.03,54,0.54,100,0.021978986295871437,2137
matched,sweeping,9,22,0.3125,86.40000000000002,4,0.04,60,0.6,100,0.024053507177159192,2237
matched,sweeping,9,23,0.30303030303030304,84.60000000000001,5,0.05,58,0.58,100,0.02093014809768647,2337
matched,sweeping,9,24,0.29411764705882354,91.90000000000008,1,0.01,62,0.62,100,0.024160675201565028,2437
matched,sweeping,9,25,0.2857142857142857,92.40000000000005,1,0.01,57,0.57,100,0.021196008557453752,2537
matched,sweeping,9,26,0.2777777777777778,86.70000000000003,4,0.04,57,0.57,100,0.017302683293819426,2637
matched,sweeping,9,27,0.27027027027027023,92.40000000000006,1,0.01,57,0.57,100,0.025609936714172363,2737
matched,sweeping,9,28,0.2631578947368421,85.4,5,0.05,49,0.49,100,0.017681345688179136,2837
matched,sweeping,9,29,0.25641025641025644,88.50000000000003,3,0.03,58,0.58,100,0.017996371891349554,2937
matched,sweeping,9,30,0.25,88.60000000000005,3,0.03,56,0.56,100,0.015555967194959521,3037
matched,sweeping,9,31,0.24390243902439027,93.30000000000005,1,0.01,48,0.48,100,0.01810649883467704,3137
matched,sweeping,9,32,0.23809523809523808,85.20000000000002,5,0.05,51,0.51,100,0.016682012458331882,3237
matched,sweeping,9,33,0.23255813953488372,87.30000000000004,4,0.04,51,0.51,100,0.019742967765778302,3337
matched,sweeping,9,34,0.22727272727272727,92.90000000000006,1,0.01,52,0.52,100,0.021142878299579025,3437
matched,sweeping,9,35,0.2222222222222222,82.60000000000002,6,0.06,58,0.58,100,0.013374058729968965,3537
matched,sweeping,9,36,0.2173913043478261,91.00000000000004,2,0.02,51,0.51,100,0.01890555432997644,3637
matched,sweeping,9,37,0.2127659574468085,91.10000000000007,2,0.02,51,0.51,100,0.023931023054756223,3737
matched,sweeping,9,38,0.20833333333333334,84.70000000000005,5,0.05,58,0.58,100,0.021588413622230292,3837
matched,sweeping,9,39,0.2040816326530612,90.00000000000003,3,0.03,43,0.43,100,0.014604655280709266,3937
matched,sweeping,9,40,0.2,91.30000000000004,2,0.02,49,0.49,100,0.017070144759491087,4037
matched,sweeping,9,41,0.19607843137254904,95.40000000000005,0,0.0,46,0.46,100,0.018263198845088483,4137
matched,sweeping,9,42,0.1923076923076923,89.70000000000007,3,0.03,45,0.45,100,0.015626090480946004,4237
matched,sweeping,9,43,0.18867924528301888,91.30000000000005,2,0.02,49,0.49,100,0.01640640106983483,4337
matched,sweeping,9,44,0.18518518518518517,89.30000000000005,3,0.03,50,0.5,100,0.017566331108100713,4437
matched,sweeping,9,45,0.18181818181818182,88.50000000000003,3,0.03,57,0.57,100,0.0176267002010718,4537
matched,sweeping,9,46,0.17857142857142858,87.40000000000008,4,0.04,50,0.5,100,0.018593978621065616,4637
matched,sweeping,9,47,0.17543859649122806,93.20000000000006,1,0.01,49,0.49,100,0.021199350645765662,4737
matched,sweeping,9,48,0.1724137931034483,90.00000000000006,3,0.03,43,0.43,100,0.01839817997533828,4837
matched,sweeping,9,49,0.1694915254237288,91.50000000000006,2,0.02,47,0.47,100,0.01684314841404557,4937
matched,sweeping,9,50,0.16666666666666666,94.60000000000008,1,0.01,35,0.35,100,0.01883694238960743,5037
matched,sweeping,9,51,0.1639344262295082,91.50000000000006,2,0.02,46,0.46,100,0.01801876244135201,5137
matched,sweeping,9,52,0.16129032258064516,91.80000000000007,2,0.02,44,0.44,100,0.017052261042408645,5237
matched,sweeping,9,53,0.15873015873015872,90.40000000000002,3,0.03,39,0.39,100,0.018305631657131016,5337
matched,sweeping,9,54,0.15625,92.40000000000003,2,0.02,38,0.38,100,0.017772047515027225,5437
matched,sweeping,9,55,0.15384615384615385,93.60000000000005,1,0.01,45,0.45,100,0.015614616605453192,5537
matched,sweeping,9,56,0.15151515151515152,89.10000000000004,3,0.03,51,0.51,100,0.01736182164400816,5637
matched,sweeping,9,57,0.14925373134328357,91.00000000000006,2,0.02,51,0.51,100,0.016041013882495462,5737
matched,sweeping,9,58,0.14705882352941177,95.10000000000005,0,0.0,49,0.49,100,0.016747515010647477,5837
matched,sweeping,9,59,0.14492753623188406,89.70000000000005,3,0.03,46,0.46,100,0.01760259496048093,5937
matched,sweeping,9,60,0.14285714285714285,90.50000000000003,3,0.03,37,0.37,100,0.01799321610480547,6037
matched,sweeping,9,61,0.14084507042253522,93.30000000000007,1,0.01,48,0.48,100,0.021020866497419775,6137
matched,sweeping,9,62,0.1388888888888889,91.20000000000005,2,0.02,50,0.5,100,0.01967012058477849,6237
matched,sweeping,9,63,0.136986301369863,95.70000000000003,0,0.0,43,0.43,100,0.016278828303329648,6337
matched,sweeping,9,64,0.13513513513513511,90.90000000000005,3,0.03,33,0.33,100,0.016397620583884418,6437
matched,sweeping,9,65,0.13333333333333333,87.20000000000006,4,0.04,52,0.52,100,0.01559176264796406,6537
matched,sweeping,9,66,0.13157894736842105,93.90000000000005,1,0.01,42,0.42,100,0.021919068042188884,6637
matched,sweeping,9,67,0.12987012987012986,92.10000000000004,2,0.02,41,0.41,100,0.022058292217552664,6737
matched,sweeping,9,68,0.12820512820512822,94.00000000000001,1,0.01,41,0.41,100,0.01733304814901203,6837
matched,sweeping,9,69,0.12658227848101264,89.90000000000002,3,0.03,44,0.44,100,0.016501029040664434,6937
matched,sweeping,9,70,0.125,94.80000000000004,1,0.01,33,0.33,100,0.016377759682945907,7037
matched,sweeping,9,71,0.1234567901234568,93.20000000000007,1,0.01,49,0.49,100,0.015292158885858952,7137
matched,sweeping,9,72,0.12195121951219513,93.60000000000005,1,0.01,45,0.45,100,0.012875791429542005,7237
matched,sweeping,9,73,0.12048192771084336,94.70000000000005,0,0.0,53,0.53,100,0.015379016464576125,7337
matched,sweeping,9,74,0.11904761904761904,88.10000000000002,4,0.04,43,0.43,100,0.015867034676484763,7437
matched,sweeping,9,75,0.11764705882352941,94.50000000000004,1,0.01,36,0.36,100,0.01146783286705613,7537
matched,sweeping,9,76,0.11627906976744186,95.10000000000008,0,0.0,49,0.49,100,0.016892050821334124,7637
matched,sweeping,9,77,0.1149425287356322,94.00000000000006,1,0.01,41,0.41,100,0.014830399011261762,7737
matched,sweeping,9,78,0.11363636363636363,94.30000000000004,1,0.01,38,0.38,100,0.01331364584621042,7837
matched,sweeping,9,79,0.11235955056179775,96.70000000000005,0,0.0,33,0.33,100,0.012148216145578771,7937
matched,sweeping,9,80,0.1111111111111111,87.20000000000006,4,0.04,50,0.5,100,0.017467537876218558,8037
matched,sweeping,9,81,0.10989010989010989,92.30000000000005,2,0.02,39,0.39,100,0.014880678816698491,8137
matched,sweeping,9,82,0.10869565217391305,93.50000000000007,1,0.01,46,0.46,100,0.014319017212837935,8237
matched,sweeping,9,83,0.1075268817204301,95.30000000000004,0,0.0,47,0.47,100,0.016410402217879892,8337
matched,sweeping,9,84,0.10638297872340426,93.90000000000003,1,0.01,42,0.42,100,0.015455704149790108,8437
matched,sweeping,9,85,0.10526315789473684,97.00000000000004,0,0.0,30,0.3,100,0.012232004539109767,8537
matched,sweeping,9,86,0.10416666666666667,95.60000000000005,0,0.0,44,0.44,100,0.014777082772925497,8637
matched,sweeping,9,87,0.10309278350515465,94.40000000000003,1,0.01,37,0.37,100,0.013218993921764195,8737
matched,sweeping,9,88,0.1020408163265306,93.50000000000006,1,0.01,46,0.46,100,0.01704253516625613,8837
matched,sweeping,9,89,0.10101010101010101,93.20000000000007,1,0.01,49,0.49,100,0.016033778034616263,8937
matched,sweeping,9,90,0.1,93.90000000000006,1,0.01,41,0.41,100,0.01823097687214613,9037
matched,sweeping,9,91,0.09900990099009901,88.30000000000003,4,0.04,41,0.41,100,0.015237727528437972,9137
matched,sweeping,9,92,0.09803921568627452,92.60000000000005,2,0.02,36,0.36,100,0.013311294219456614,9237
matched,sweeping,9,93,0.0970873786407767,91.50000000000003,2,0.02,46,0.46,100,0.013686203197576106,9337
matched,sweeping,9,94,0.09615384615384615,94.00000000000004,1,0.01,41,0.41,100,0.012711864025332033,9437
matched,sweeping,9,95,0.09523809523809523,92.60000000000005,2,0.02,36,0.36,100,0.013043845281936228,9537
matched,sweeping,9,96,0.09433962264150944,96.10000000000002,0,0.0,39,0.39,100,0.018419773722998797,9637
matched,sweeping,9,97,0.09345794392523366,90.50000000000001,3,0.03,38,0.38,100,0.01395241554826498,9737
matched,sweeping,9,98,0.09259259259259259,92.10000000000005,2,0.02,41,0.41,100,0.012348166210576892,9837
matched,sweeping,9,99,0.09174311926605504,96.20000000000005,0,0.0,38,0.38,100,0.017092777607031165,9937
matched,sweeping,9,100,0.09090909090909091,96.30000000000007,0,0.0,37,0.37,100,0.016846063025295736,10037
matched,sweeping,9,101,0.0900900900900901,94.50000000000006,1,0.01,36,0.36,100,0.01394364237319678,10137
matched,sweeping,9,102,0.08928571428571429,94.40000000000005,1,0.01,37,0.37,100,0.014789218632504344,10237
matched,sweeping,9,103,0.08849557522123894,96.20000000000006,0,0.0,38,0.38,100,0.015184659804217517,10337
matched,sweeping,9,104,0.08771929824561403,91.90000000000002,2,0.02,43,0.43,100,0.013203309532254934,10437
matched,sweeping,9,105,0.08695652173913043,94.10000000000005,1,0.01,40,0.4,100,0.01434576562140137,10537
matched,sweeping,9,106,0.08620689655172414,92.20000000000005,2,0.02,39,0.39,100,0.014467058992013336,10637
matched,sweeping,9,107,0.08547008547008547,96.30000000000004,0,0.0,37,0.37,100,0.01169669549446553,10737
matched,sweeping,9,108,0.0847457627118644,94.30000000000003,1,0.01,38,0.38,100,0.013821586156263948,10837
matched,sweeping,9,109,0.08403361344537814,94.80000000000004,1,0.01,33,0.33,100,0.013459110935218632,10937
matched,sweeping,9,110,0.08333333333333333,96.00000000000006,0,0.0,40,0.4,100,0.011240624552592636,11037
matched,sweeping,9,111,0.08264462809917356,91.60000000000007,2,0.02,46,0.46,100,0.014878406566567718,11137
matched,sweeping,9,112,0.0819672131147541,94.30000000000004,1,0.01,38,0.38,100,0.01778418340254575,11237
matched,sweeping,9,113,0.08130081300813008,94.20000000000005,1,0.01,39,0.39,100,0.015753256133757533,11337
matched,sweeping,9,114,0.08064516129032258,92.50000000000003,2,0.02,36,0.36,100,0.013699590554460883,11437
matched,sweeping,9,115,0.08,95.00000000000003,1,0.01,31,0.31,100,0.01422168037854135,11537
matched,sweeping,9,116,0.07936507936507936,94.20000000000005,1,0.01,39,0.39,100,0.013560698707588017,11637
matched,sweeping,9,117,0.07874015748031496,97.10000000000002,0,0.0,29,0.29,100,0.011702454825863242,11737
matched,sweeping,9,118,0.078125,95.60000000000007,0,0.0,44,0.44,100,0.01150856920517981,11837
matched,sweeping,9,119,0.07751937984496124,94.30000000000003,1,0.01,38,0.38,100,0.014538112776353956,11937
matched,sweeping,9,120,0.07692307692307693,96.50000000000003,0,0.0,35,0.35,100,0.017021643295884133,12037
matched,sweeping,9,121,0.07633587786259542,96.30000000000004,0,0.0,37,0.37,100,0.01286812248174101,12137
matched,sweeping,9,122,0.07575757575757576,96.30000000000004,0,0.0,37,0.37,100,0.011907115443609655,12237
matched,sweeping,9,123,0.07518796992481203,92.50000000000004,2,0.02,37,0.37,100,0.011981411050073802,12337
matched,sweeping,9,124,0.07462686567164178,97.00000000000006,0,0.0,30,0.3,100,0.014459341359324753,12437
matched,sweeping,9,125,0.07407407407407407,96.10000000000005,0,0.0,39,0.39,100,0.011583135896362364,12537
matched,sweeping,9,126,0.07352941176470588,96.60000000000002,0,0.0,34,0.34,100,0.01042149610351771,12637
matched,sweeping,9,127,0.07299270072992702,94.90000000000003,1,0.01,32,0.32,100,0.011325252843089401,12737
matched,sweeping,9,128,0.07246376811594203,97.50000000000003,0,0.0,25,0.25,100,0.011730232127010822,12837
matched,sweeping,9,129,0.07194244604316546,94.60000000000004,1,0.01,35,0.35,100,0.010740931571926921,12937
matched,sweeping,9,130,0.07142857142857142,94.70000000000005,1,0.01,34,0.34,100,0.01968305549118668,13037
matched,sweeping,9,131,0.07092198581560284,96.70000000000005,0,0.0,33,0.33,100,0.014723606389015913,13137
matched,sweeping,9,132,0.07042253521126761,94.60000000000002,1,0.01,35,0.35,100,0.010908706970512867,13237
matched,sweeping,9,133,0.06993006993006992,96.60000000000002,0,0.0,34,0.34,100,0.010638097184710205,13337
matched,sweeping,9,134,0.06944444444444445,95.80000000000007,0,0.0,42,0.42,100,0.011609776341356338,13437
matched,sweeping,9,135,0.06896551724137931,96.50000000000004,0,0.0,35,0.35,100,0.013701976179145276,13537
matched,sweeping,9,136,0.0684931506849315,96.80000000000004,0,0.0,32,0.32,100,0.01064196864143014,13637
matched,sweeping,9,137,0.06802721088435375,96.80000000000004,0,0.0,32,0.32,100,0.012498545097187161,13737
matched,sweeping,9,138,0.06756756756756756,94.10000000000004,1,0.01,40,0.4,100,0.011089827190153301,13837
matched,sweeping,9,139,0.06711409395973154,92.70000000000003,2,0.02,35,0.35,100,0.010755418292246759,13937
matched,sweeping,9,140,0.06666666666666667,94.50000000000003,1,0.01,36,0.36,100,0.01113035950344056,14037
matched,sweeping,9,141,0.06622516556291391,96.50000000000003,0,0.0,35,0.35,100,0.010004662196151912,14137
matched,sweeping,9,142,0.06578947368421052,94.60000000000002,1,0.01,35,0.35,100,0.014909382322803139,14237
matched,sweeping,9,143,0.06535947712418301,96.90000000000005,0,0.0,31,0.31,100,0.009279683826025575,14337
matched,sweeping,9,144,0.06493506493506493,96.50000000000004,0,0.0,35,0.35,100,0.009649156334344298,14437
matched,sweeping,9,145,0.06451612903225806,90.50000000000003,3,0.03,38,0.38,100,0.01226987548172474,14537
matched,sweeping,9,146,0.06410256410256411,95.80000000000007,0,0.0,42,0.42,100,0.01231023802421987,14637
matched,sweeping,9,147,0.06369426751592357,94.70000000000005,1,0.01,34,0.34,100,0.01303521942347288,14737
matched,sweeping,9,148,0.06329113924050632,95.00000000000003,1,0.01,31,0.31,100,0.012455877589527518,14837
matched,sweeping,9,149,0.06289308176100629,93.90000000000005,1,0.01,42,0.42,100,0.01311581488698721,14937
matched,sweeping,9,150,0.0625,96.40000000000006,0,0.0,36,0.36,100,0.012975995452143252,15037
matched,sweeping,9,151,0.06211180124223602,94.00000000000003,1,0.01,41,0.41,100,0.012983815425541253,15137
matched,sweeping,9,152,0.0617283950617284,92.5,2,0.02,37,0.37,100,0.01276902035344392,15237
matched,sweeping,9,153,0.06134969325153374,96.40000000000006,0,0.0,36,0.36,100,0.009942664059344679,15337
matched,sweeping,9,154,0.06097560975609757,96.90000000000006,0,0.0,31,0.31,100,0.013669672200921922,15437
matched,sweeping,9,155,0.06060606060606061,96.40000000000003,0,0.0,36,0.36,100,0.010746195535175503,15537
matched,sweeping,9,156,0.06024096385542168,94.20000000000005,1,0.01,39,0.39,100,0.011682528413366526,15637
matched,sweeping,9,157,0.059880239520958084,96.40000000000005,0,0.0,36,0.36,100,0.013152270924765617,15737
matched,sweeping,9,158,0.05952380952380952,94.20000000000006,1,0.01,38,0.38,100,0.012382032298482955,15837
matched,sweeping,9,159,0.0591715976331361,90.90000000000005,3,0.03,34,0.34,100,0.010634278911165893,15937
matched,sweeping,9,160,0.058823529411764705,95.20000000000005,1,0.01,29,0.29,100,0.010730184689164162,16037
matched,sweeping,9,161,0.05847953216374269,96.20000000000005,0,0.0,38,0.38,100,0.011535037432331592,16137
matched,sweeping,9,162,0.05813953488372093,92.10000000000005,2,0.02,39,0.39,100,0.012949473983608186,16237
matched,sweeping,9,163,0.057803468208092484,96.30000000000005,0,0.0,37,0.37,100,0.01254794058157131,16337
matched,sweeping,9,164,0.0574712643678161,96.10000000000005,0,0.0,39,0.39,100,0.012684570322744549,16437
matched,sweeping,9,165,0.05714285714285714,96.30000000000005,0,0.0,37,0.37,100,0.011610296866856516,16537
matched,sweeping,9,166,0.056818181818181816,95.10000000000005,1,0.01,30,0.3,100,0.012112573506310582,16637
matched,sweeping,9,167,0.05649717514124294,96.90000000000003,0,0.0,31,0.31,100,0.009888532187324018,16737
matched,sweeping,9,168,0.056179775280898875,96.30000000000005,0,0.0,37,0.37,100,0.01059699952835217,16837
matched,sweeping,9,169,0.0558659217877095,92.40000000000003,2,0.02,38,0.38,100,0.010778335663489997,16937
matched,sweeping,9,170,0.05555555555555555,95.00000000000006,1,0.01,31,0.31,100,0.010593514339998365,17037
matched,sweeping,9,171,0.055248618784530384,94.40000000000003,1,0.01,37,0.37,100,0.010758503642864525,17137
matched,sweeping,9,172,0.054945054945054944,96.60000000000005,0,0.0,34,0.34,100,0.012364089470356703,17237
matched,sweeping,9,173,0.0546448087431694,94.30000000000004,1,0.01,38,0.38,100,0.011116800564341247,17337
matched,sweeping,9,174,0.05434782608695653,94.50000000000004,1,0.01,36,0.36,100,0.00976852715248242,17437
matched,sweeping,9,175,0.05405405405405406,96.10000000000005,0,0.0,39,0.39,100,0.009488412460777909,17537
matched,sweeping,9,176,0.05376344086021505,91.20000000000003,3,0.03,31,0.31,100,0.010598640614189208,17637
matched,sweeping,9,177,0.053475935828877004,94.30000000000003,1,0.01,38,0.38,100,0.009482119970489294,17737
matched,sweeping,9,178,0.05319148936170213,96.70000000000005,0,0.0,33,0.33,100,0.010246685366146266,17837
matched,sweeping,9,179,0.052910052910052914,95.20000000000005,1,0.01,29,0.29,100,0.010009160416666418,17937
matched,sweeping,9,180,0.05263157894736842,96.10000000000004,0,0.0,39,0.39,100,0.009272415523882955,18037
matched,sweeping,9,181,0.05235602094240837,97.00000000000004,0,0.0,30,0.3,100,0.010836778194643557,18137
matched,sweeping,9,182,0.052083333333333336,96.90000000000005,0,0.0,31,0.31,100,0.010082529813516886,18237
matched,sweeping,9,183,0.05181347150259067,96.50000000000004,0,0.0,35,0.35,100,0.011933195115998387,18337
matched,sweeping,9,184,0.051546391752577324,92.30000000000007,2,0.02,39,0.39,100,0.010974184414371847,18437
matched,sweeping,9,185,0.05128205128205128,95.80000000000005,0,0.0,42,0.42,100,0.010587282534688712,18537
matched,sweeping,9,186,0.0510204081632653,96.80000000000004,0,0.0,32,0.32,100,0.0088396715617273,18637
matched,sweeping,9,187,0.050761421319796954,97.10000000000005,0,0.0,29,0.29,100,0.008546334062702953,18737
matched,sweeping,9,188,0.050505050505050504,97.10000000000005,0,0.0,29,0.29,100,0.008791688005439937,18837
matched,sweeping,9,189,0.05025125628140704,96.80000000000004,0,0.0,32,0.32,100,0.009869534042663872,18937
matched,sweeping,9,190,0.05,94.20000000000006,1,0.01,39,0.39,100,0.0090470664575696,19037
matched,sweeping,9,191,0.04975124378109452,96.30000000000004,0,0.0,37,0.37,100,0.011261193908285349,19137
matched,sweeping,9,192,0.04950495049504951,96.40000000000002,0,0.0,36,0.36,100,0.009345791849773378,19237
matched,sweeping,9,193,0.04926108374384236,96.60000000000005,0,0.0,34,0.34,100,0.01248472633305937,19337
matched,sweeping,9,194,0.04901960784313726,96.90000000000003,0,0.0,31,0.31,100,0.010602158051915467,19437
matched,sweeping,9,195,0.04878048780487805,92.50000000000003,2,0.02,37,0.37,100,0.011048268168233335,19537
matched,sweeping,9,196,0.04854368932038835,96.70000000000003,0,0.0,33,0.33,100,0.010283885223325342,19637
matched,sweeping,9,197,0.04830917874396135,93.40000000000003,2,0.02,28,0.28,100,0.010377583641093225,19737
matched,sweeping,9,198,0.04807692307692307,95.10000000000002,1,0.01,30,0.3,100,0.008662000519689173,19837
matched,sweeping,9,199,0.04784688995215311,96.90000000000003,0,0.0,31,0.31,100,0.008124011675827205,19937
matched,sweeping,10,0,1.0,75.8,8,0.08,90,0.9,100,0.07712472894707241,37
matched,sweeping,10,1,0.9090909090909091,80.50000000000006,6,0.06,80,0.8,100,0.02395059452392161,137
matched,sweeping,10,2,0.8333333333333334,59.09999999999994,17,0.17,84,0.84,100,0.016018684143200516,237
matched,sweeping,10,3,0.7692307692307692,72.89999999999999,10,0.1,80,0.8,100,0.01583117335103452,337
matched,sweeping,10,4,0.7142857142857143,72.39999999999998,10,0.1,85,0.85,100,0.016603143285028637,437
matched,sweeping,10,5,0.6666666666666666,75.2,9,0.09,75,0.75,100,0.017563070440664887,537
matched,sweeping,10,6,0.625,82.20000000000005,5,0.05,81,0.81,100,0.016629588175565004,637
matched,sweeping,10,7,0.5882352941176471,81.10000000000002,6,0.06,75,0.75,100,0.014997743004933,737
matched,sweeping,10,8,0.5555555555555556,68.89999999999996,12,0.12,83,0.83,100,0.01646271947771311,837
matched,sweeping,10,9,0.5263157894736842,81.40000000000006,6,0.06,72,0.72,100,0.014492547055706382,937
matched,sweeping,10,10,0.5,75.2,9,0.09,76,0.76,100,0.015759641090407967,1037
matched,sweeping,10,11,0.47619047619047616,85.80000000000005,4,0.04,66,0.66,100,0.016034635743126274,1137
matched,sweeping,10,12,0.45454545454545453,79.00000000000001,7,0.07,76,0.76,100,0.027560203289613127,1237
matched,sweeping,10,13,0.4347826086956522,79.60000000000002,7,0.07,71,0.71,100,0.01772001001983881,1337
matched,sweeping,10,14,0.4166666666666667,83.40000000000003,5,0.05,69,0.69,100,0.016825892394408584,1437
matched,sweeping,10,15,0.4,87.80000000000004,3,0.03,65,0.65,100,0.017131190272048114,1537
matched,sweeping,10,16,0.3846153846153846,83.80000000000004,5,0.05,67,0.67,100,0.020904038110747935,1637
matched,sweeping,10,17,0.37037037037037035,79.2,7,0.07,75,0.75,100,0.01799633024726063,1737
matched,sweeping,10,18,0.35714285714285715,89.70000000000005,2,0.02,65,0.65,100,0.017727216212078928,1837
matched,sweeping,10,19,0.3448275862068966,89.80000000000004,2,0.02,64,0.64,100,0.018097142814658584,1937
matched,sweeping,10,20,0.3333333333333333,90.70000000000003,2,0.02,55,0.55,100,0.01901325256563723,2037
matched,sweeping,10,21,0.3225806451612903,89.10000000000004,3,0.03,52,0.52,100,0.01662863056641072,2137
matched,sweeping,10,22,0.3125,88.40000000000003,3,0.03,58,0.58,100,0.01830771204084158,2237
matched,sweeping,10,23,0.30303030303030304,82.30000000000004,6,0.06,63,0.63,100,0.01655961387325078,2337
matched,sweeping,10,24,0.29411764705882354,82.30000000000005,6,0.06,63,0.63,100,0.021091019450686872,2437
matched,sweeping,10,25,0.2857142857142857,89.10000000000002,3,0.03,51,0.51,100,0.017790461904369295,2537
matched,sweeping,10,26,0.2777777777777778,80.80000000000001,7,0.07,58,0.58,100,0.027483001574873923,2637
matched,sweeping,10,27,0.27027027027027023,91.90000000000005,1,0.01,62,0.62,100,0.021983551545999944,2737
matched,sweeping,10,28,0.2631578947368421,81.10000000000001,7,0.07,55,0.55,100,0.015347493798471987,2837
matched,sweeping,10,29,0.25641025641025644,88.50000000000004,3,0.03,58,0.58,100,0.017130694426596163,2937
matched,sweeping,10,30,0.25,90.40000000000005,2,0.02,57,0.57,100,0.016184600153937936,3037
matched,sweeping,10,31,0.24390243902439027,91.00000000000003,2,0.02,52,0.52,100,0.01445844050962478,3137
matched,sweeping,10,32,0.23809523809523808,88.70000000000006,3,0.03,56,0.56,100,0.019288374804891647,3237
matched,sweeping,10,33,0.23255813953488372,87.50000000000004,4,0.04,48,0.48,100,0.017199511704966426,3337
matched,sweeping,10,34,0.22727272727272727,88.60000000000008,3,0.03,57,0.57,100,0.02632331185042858,3437
matched,sweeping,10,35,0.2222222222222222,90.70000000000006,2,0.02,55,0.55,100,0.020235223537310956,3537
matched,sweeping,10,36,0.2173913043478261,88.40000000000006,3,0.03,57,0.57,100,0.01971212583128363,3637
matched,sweeping,10,37,0.2127659574468085,90.80000000000007,2,0.02,54,0.54,100,0.018978284588083625,3737
matched,sweeping,10,38,0.20833333333333334,90.90000000000003,2,0.02,53,0.53,100,0.01901270437054336,3837
matched,sweeping,10,39,0.2040816326530612,83.50000000000003,6,0.06,50,0.5,100,0.022145105456002057,3937
matched,sweeping,10,40,0.2,83.40000000000003,6,0.06,52,0.52,100,0.018191040419042112,4037
matched,sweeping,10,41,0.19607843137254904,88.40000000000006,3,0.03,59,0.59,100,0.016815905552357437,4137
matched,sweeping,10,42,0.1923076923076923,87.4,4,0.04,49,0.49,100,0.01602574500720948,4237
matched,sweeping,10,43,0.18867924528301888,89.00000000000004,3,0.03,53,0.53,100,0.018547541168518363,4337
matched,sweeping,10,44,0.18518518518518517,90.70000000000005,2,0.02,54,0.54,100,0.02095003230497241,4437
matched,sweeping,10,45,0.18181818181818182,85.90000000000003,5,0.05,46,0.46,100,0.01921577757690102,4537
matched,sweeping,10,46,0.17857142857142858,89.30000000000004,3,0.03,49,0.49,100,0.020909978649578987,4637
matched,sweeping,10,47,0.17543859649122806,91.30000000000004,2,0.02,49,0.49,100,0.018421246958896517,4737
matched,sweeping,10,48,0.1724137931034483,85.70000000000002,5,0.05,48,0.48,100,0.01474756586831063,4837
matched,sweeping,10,49,0.1694915254237288,91.60000000000004,2,0.02,46,0.46,100,0.02093736745417118,4937
matched,sweeping,10,50,0.16666666666666666,93.60000000000004,1,0.01,45,0.45,100,0.02062567016109824,5037
matched,sweeping,10,51,0.1639344262295082,95.60000000000004,0,0.0,44,0.44,100,0.016900057303719223,5137
matched,sweeping,10,52,0.16129032258064516,92.20000000000003,2,0.02,40,0.4,100,0.017079087286256255,5237
matched,sweeping,10,53,0.15873015873015872,89.50000000000007,3,0.03,48,0.48,100,0.020941148423589767,5337
matched,sweeping,10,54,0.15625,93.20000000000006,1,0.01,49,0.49,100,0.0173319223173894,5437
matched,sweeping,10,55,0.15384615384615385,93.80000000000005,1,0.01,43,0.43,100,0.016055392338894307,5537
matched,sweeping,10,56,0.15151515151515152,94.00000000000006,1,0.01,41,0.41,100,0.019730419064871968,5637
matched,sweeping,10,57,0.14925373134328357,91.40000000000003,2,0.02,48,0.48,100,0.0184736832883209,5737
matched,sweeping,10,58,0.14705882352941177,91.30000000000003,2,0.02,49,0.49,100,0.01715015002526343,5837
matched,sweeping,10,59,0.14492753623188406,92.30000000000005,2,0.02,38,0.38,100,0.016803568992763758,5937
matched,sweeping,10,60,0.14285714285714285,93.30000000000007,1,0.01,48,0.48,100,0.015489805578254164,6037
matched,sweeping,10,61,0.14084507042253522,91.00000000000009,2,0.02,52,0.52,100,0.017634785110130904,6137
matched,sweeping,10,62,0.1388888888888889,96.00000000000006,0,0.0,40,0.4,100,0.02104824684560299,6237
matched,sweeping,10,63,0.136986301369863,93.70000000000005,1,0.01,44,0.44,100,0.01592550558038056,6337
matched,sweeping,10,64,0.13513513513513511,93.30000000000004,1,0.01,48,0.48,100,0.018016741294413805,6437
matched,sweeping,10,65,0.13333333333333333,94.60000000000005,1,0.01,34,0.34,100,0.01719969685189426,6537
matched,sweeping,10,66,0.13157894736842105,89.80000000000004,3,0.03,44,0.44,100,0.018793051433749496,6637
matched,sweeping,10,67,0.12987012987012986,88.00000000000001,4,0.04,44,0.44,100,0.015926059074699878,6737
matched,sweeping,10,68,0.12820512820512822,96.20000000000006,0,0.0,38,0.38,100,0.016615075203590096,6837
matched,sweeping,10,69,0.12658227848101264,95.50000000000006,0,0.0,45,0.45,100,0.01873546902090311,6937
matched,sweeping,10,70,0.125,94.30000000000003,1,0.01,38,0.38,100,0.014412448145449161,7037
matched,sweeping,10,71,0.1234567901234568,89.60000000000004,3,0.03,47,0.47,100,0.017233757814392448,7137
matched,sweeping,10,72,0.12195121951219513,88.20000000000002,4,0.04,42,0.42,100,0.018947647511959077,7237
matched,sweeping,10,73,0.12048192771084336,91.50000000000006,2,0.02,47,0.47,100,0.01557910627219826,7337
matched,sweeping,10,74,0.11904761904761904,92.60000000000005,2,0.02,36,0.36,100,0.01667121536564082,7437
matched,sweeping,10,75,0.11764705882352941,96.10000000000004,0,0.0,39,0.39,100,0.01842597627080977,7537
matched,sweeping,10,76,0.11627906976744186,93.40000000000005,1,0.01,47,0.47,100,0.015907562016509474,7637
matched,sweeping,10,77,0.1149425287356322,94.40000000000003,1,0.01,36,0.36,100,0.014268886046484113,7737
matched,sweeping,10,78,0.11363636363636363,96.40000000000005,0,0.0,36,0.36,100,0.014782415926456452,7837
matched,sweeping,10,79,0.11235955056179775,89.50000000000007,3,0.03,48,0.48,100,0.014027050468139351,7937
matched,sweeping,10,80,0.1111111111111111,95.70000000000006,0,0.0,43,0.43,100,0.021475596064701678,8037
matched,sweeping,10,81,0.10989010989010989,90.00000000000006,3,0.03,43,0.43,100,0.015144609920680523,8137
matched,sweeping,10,82,0.10869565217391305,93.70000000000005,1,0.01,44,0.44,100,0.015196959404274821,8237
matched,sweeping,10,83,0.1075268817204301,93.80000000000007,1,0.01,43,0.43,100,0.016356605878099797,8337
matched,sweeping,10,84,0.10638297872340426,92.10000000000005,2,0.02,41,0.41,100,0.014332689046859741,8437
matched,sweeping,10,85,0.10526315789473684,89.80000000000005,3,0.03,45,0.45,100,0.012629349501803517,8537
matched,sweeping,10,86,0.10416666666666667,92.20000000000002,2,0.02,40,0.4,100,0.014226855151355267,8637
matched,sweeping,10,87,0.10309278350515465,92.10000000000005,2,0.02,41,0.41,100,0.0128640205739066,8737
matched,sweeping,10,88,0.1020408163265306,91.80000000000004,2,0.02,44,0.44,100,0.015255835931748151,8837
matched,sweeping,10,89,0.10101010101010101,88.30000000000004,4,0.04,41,0.41,100,0.014318984295241534,8937
matched,sweeping,10,90,0.1,96.60000000000005,0,0.0,34,0.34,100,0.012588908360339702,9037
matched,sweeping,10,91,0.09900990099009901,96.50000000000004,0,0.0,35,0.35,100,0.016619101036339998,9137
matched,sweeping,10,92,0.09803921568627452,94.30000000000005,1,0.01,38,0.38,100,0.01459130397066474,9237
matched,sweeping,10,93,0.0970873786407767,96.40000000000005,0,0.0,36,0.36,100,0.013694997590500862,9337
matched,sweeping,10,94,0.09615384615384615,94.00000000000003,1,0.01,41,0.41,100,0.014961325051262974,9437
matched,sweeping,10,95,0.09523809523809523,96.10000000000005,0,0.0,39,0.39,100,0.01765432535670698,9537
matched,sweeping,10,96,0.09433962264150944,93.80000000000004,1,0.01,43,0.43,100,0.017617620690725744,9637
matched,sweeping,10,97,0.09345794392523366,93.70000000000003,1,0.01,43,0.43,100,0.012971615870483219,9737
matched,sweeping,10,98,0.09259259259259259,93.90000000000003,1,0.01,42,0.42,100,0.013708300213329494,9837
matched,sweeping,10,99,0.09174311926605504,91.40000000000005,2,0.02,48,0.48,100,0.019649260886944832,9937
matched,sweeping,10,100,0.09090909090909091,94.30000000000004,1,0.01,38,0.38,100,0.013947950983420014,10037
matched,sweeping,10,101,0.0900900900900901,94.00000000000004,1,0.01,41,0.41,100,0.014624909092672169,10137
matched,sweeping,10,102,0.08928571428571429,93.20000000000002,1,0.01,49,0.49,100,0.016297093597240745,10237
matched,sweeping,10,103,0.08849557522123894,94.30000000000005,1,0.01,38,0.38,100,0.015147863845340908,10337
matched,sweeping,10,104,0.08771929824561403,94.20000000000003,1,0.01,39,0.39,100,0.013093268270604313,10437
matched,sweeping,10,105,0.08695652173913043,96.70000000000006,0,0.0,33,0.33,100,0.013505811505019664,10537
matched,sweeping,10,106,0.08620689655172414,93.90000000000006,1,0.01,42,0.42,100,0.014289761672262102,10637
matched,sweeping,10,107,0.08547008547008547,96.20000000000003,0,0.0,38,0.38,100,0.014265158190391957,10737
matched,sweeping,10,108,0.0847457627118644,96.50000000000004,0,0.0,35,0.35,100,0.013586449273861944,10837
matched,sweeping,10,109,0.08403361344537814,96.40000000000003,0,0.0,36,0.36,100,0.011850858083926141,10937
matched,sweeping,10,110,0.08333333333333333,90.30000000000004,3,0.03,40,0.4,100,0.012867934959940612,11037
matched,sweeping,10,111,0.08264462809917356,94.40000000000006,1,0.01,37,0.37,100,0.012174115986563266,11137
matched,sweeping,10,112,0.0819672131147541,95.90000000000002,0,0.0,41,0.41,100,0.013843085221014916,11237
matched,sweeping,10,113,0.08130081300813008,94.10000000000004,1,0.01,40,0.4,100,0.0142928964830935,11337
matched,sweeping,10,114,0.08064516129032258,94.40000000000005,1,0.01,37,0.37,100,0.014807288171723484,11437
matched,sweeping,10,115,0.08,92.30000000000004,2,0.02,39,0.39,100,0.01657084884122014,11537
matched,sweeping,10,116,0.07936507936507936,96.60000000000005,0,0.0,34,0.34,100,0.012833193913102149,11637
matched,sweeping,10,117,0.07874015748031496,94.10000000000005,1,0.01,40,0.4,100,0.011088630764279515,11737
matched,sweeping,10,118,0.078125,94.40000000000003,1,0.01,37,0.37,100,0.01474485439248383,11837
matched,sweeping,10,119,0.07751937984496124,96.60000000000004,0,0.0,34,0.34,100,0.013331300960853696,11937
matched,sweeping,10,120,0.07692307692307693,88.70000000000005,4,0.04,36,0.36,100,0.014692536871880293,12037
matched,sweeping,10,121,0.07633587786259542,96.30000000000004,0,0.0,37,0.37,100,0.011052049337886274,12137
matched,sweeping,10,122,0.07575757575757576,94.50000000000003,1,0.01,36,0.36,100,0.011921495092101395,12237
matched,sweeping,10,123,0.07518796992481203,94.10000000000007,1,0.01,40,0.4,100,0.014255805741995572,12337
matched,sweeping,10,124,0.07462686567164178,97.10000000000002,0,0.0,29,0.29,100,0.01432094121351838,12437
matched,sweeping,10,125,0.07407407407407407,94.50000000000006,1,0.01,36,0.36,100,0.013173486455343664,12537
matched,sweeping,10,126,0.07352941176470588,95.90000000000006,0,0.0,41,0.41,100,0.011311676469631493,12637
matched,sweeping,10,127,0.07299270072992702,92.30000000000005,2,0.02,38,0.38,100,0.011196858510375022,12737
matched,sweeping,10,128,0.07246376811594203,90.60000000000004,3,0.03,37,0.37,100,0.013273575161583721,12837
matched,sweeping,10,129,0.07194244604316546,96.00000000000003,0,0.0,40,0.4,100,0.014552395096980036,12937
matched,sweeping,10,130,0.07142857142857142,94.60000000000002,1,0.01,35,0.35,100,0.013127050187904388,13037
matched,sweeping,10,131,0.07092198581560284,94.40000000000006,1,0.01,37,0.37,100,0.017535251872614024,13137
matched,sweeping,10,132,0.07042253521126761,90.40000000000002,3,0.03,39,0.39,100,0.013802897983696312,13237
matched,sweeping,10,133,0.06993006993006992,95.90000000000003,0,0.0,41,0.41,100,0.013043004488572478,13337
matched,sweeping,10,134,0.06944444444444445,92.50000000000003,2,0.02,37,0.37,100,0.014651077997405082,13437
matched,sweeping,10,135,0.06896551724137931,89.70000000000005,3,0.03,45,0.45,100,0.012484992602840066,13537
matched,sweeping,10,136,0.0684931506849315,92.10000000000004,2,0.02,40,0.4,100,0.011820573720615356,13637
matched,sweeping,10,137,0.06802721088435375,97.00000000000004,0,0.0,30,0.3,100,0.01086631758371368,13737
matched,sweeping,10,138,0.06756756756756756,96.40000000000005,0,0.0,36,0.36,100,0.012844296297989785,13837
matched,sweeping,10,139,0.06711409395973154,96.30000000000005,0,0.0,37,0.37,100,0.011849218527786434,13937
matched,sweeping,10,140,0.06666666666666667,96.40000000000003,0,0.0,36,0.36,100,0.013513783821836114,14037
matched,sweeping,10,141,0.06622516556291391,92.50000000000006,2,0.02,37,0.37,100,0.014339033260475843,14137
matched,sweeping,10,142,0.06578947368421052,90.40000000000002,3,0.03,38,0.38,100,0.013689167848788202,14237
matched,sweeping,10,143,0.06535947712418301,96.70000000000006,0,0.0,33,0.33,100,0.011454923916608096,14337
matched,sweeping,10,144,0.06493506493506493,94.20000000000005,1,0.01,39,0.39,100,0.009149287636391818,14437
matched,sweeping,10,145,0.06451612903225806,96.60000000000004,0,0.0,34,0.34,100,0.013624479100108146,14537
matched,sweeping,10,146,0.06410256410256411,94.9,1,0.01,32,0.32,100,0.012193094044923782,14637
matched,sweeping,10,147,0.06369426751592357,96.60000000000005,0,0.0,34,0.34,100,0.012377411355264484,14737
matched,sweeping,10,148,0.06329113924050632,94.30000000000007,1,0.01,37,0.37,100,0.01177147798705846,14837
matched,sweeping,10,149,0.06289308176100629,92.50000000000003,2,0.02,37,0.37,100,0.011230070702731609,14937
matched,sweeping,10,150,0.0625,93.70000000000005,1,0.01,44,0.44,100,0.01121722346637398,15037
matched,sweeping,10,151,0.06211180124223602,96.70000000000005,0,0.0,33,0.33,100,0.012135459098499269,15137
matched,sweeping,10,152,0.0617283950617284,95.90000000000003,0,0.0,41,0.41,100,0.014146704550366849,15237
matched,sweeping,10,153,0.06134969325153374,94.20000000000002,1,0.01,39,0.39,100,0.012292570029385387,15337
matched,sweeping,10,154,0.06097560975609757,94.20000000000003,1,0.01,39,0.39,100,0.01490423276554793,15437
matched,sweeping,10,155,0.06060606060606061,93.30000000000004,2,0.02,29,0.29,100,0.012690722448751331,15537
matched,sweeping,10,156,0.06024096385542168,96.20000000000005,0,0.0,38,0.38,100,0.014631288202945143,15637
matched,sweeping,10,157,0.059880239520958084,95.00000000000006,1,0.01,31,0.31,100,0.009559515295550228,15737
matched,sweeping,10,158,0.05952380952380952,96.80000000000004,0,0.0,32,0.32,100,0.011658241266850382,15837
matched,sweeping,10,159,0.0591715976331361,96.40000000000003,0,0.0,36,0.36,100,0.012716573397628963,15937
matched,sweeping,10,160,0.058823529411764705,94.10000000000005,1,0.01,40,0.4,100,0.01058785716071725,16037
matched,sweeping,10,161,0.05847953216374269,96.60000000000004,0,0.0,34,0.34,100,0.011231133374385536,16137
matched,sweeping,10,162,0.05813953488372093,94.90000000000003,1,0.01,32,0.32,100,0.012308502523228525,16237
matched,sweeping,10,163,0.057803468208092484,94.10000000000005,1,0.01,39,0.39,100,0.0110887617059052,16337
matched,sweeping,10,164,0.0574712643678161,94.10000000000005,1,0.01,40,0.4,100,0.013158594937995077,16437
matched,sweeping,10,165,0.05714285714285714,96.40000000000006,0,0.0,36,0.36,100,0.0093546082964167,16537
matched,sweeping,10,166,0.056818181818181816,96.10000000000004,0,0.0,39,0.39,100,0.013582237851805986,16637
matched,sweeping,10,167,0.05649717514124294,94.90000000000005,1,0.01,32,0.32,100,0.010063674200791866,16737
matched,sweeping,10,168,0.056179775280898875,97.20000000000005,0,0.0,28,0.28,100,0.008879522567149252,16837
matched,sweeping,10,169,0.0558659217877095,96.40000000000003,0,0.0,36,0.36,100,0.012192737192381174,16937
matched,sweeping,10,170,0.05555555555555555,96.60000000000005,0,0.0,34,0.34,100,0.011399622110184282,17037
matched,sweeping,10,171,0.055248618784530384,95.60000000000004,0,0.0,44,0.44,100,0.012459491826593876,17137
matched,sweeping,10,172,0.054945054945054944,94.30000000000004,1,0.01,38,0.38,100,0.010458280462771655,17237
matched,sweeping,10,173,0.0546448087431694,94.30000000000001,1,0.01,37,0.37,100,0.012082700817845762,17337
matched,sweeping,10,174,0.05434782608695653,92.60000000000004,2,0.02,36,0.36,100,0.010663985419087111,17437
matched,sweeping,10,175,0.05405405405405406,97.40000000000003,0,0.0,26,0.26,100,0.010203201714903116,17537
matched,sweeping,10,176,0.05376344086021505,96.90000000000003,0,0.0,31,0.31,100,0.012257690196856857,17637
matched,sweeping,10,177,0.053475935828877004,94.00000000000004,1,0.01,41,0.41,100,0.009958782214671374,17737
matched,sweeping,10,178,0.05319148936170213,94.80000000000003,1,0.01,33,0.33,100,0.01057101157028228,17837
matched,sweeping,10,179,0.052910052910052914,96.30000000000004,0,0.0,37,0.37,100,0.010532743979711085,17937
matched,sweeping,10,180,0.05263157894736842,94.50000000000004,1,0.01,36,0.36,100,0.010229192802216857,18037
matched,sweeping,10,181,0.05235602094240837,94.30000000000004,1,0.01,38,0.38,100,0.016766638471744956,18137
matched,sweeping,10,182,0.052083333333333336,97.10000000000004,0,0.0,29,0.29,100,0.010159054447431117,18237
matched,sweeping,10,183,0.05181347150259067,96.50000000000003,0,0.0,35,0.35,100,0.01178659658646211,18337
matched,sweeping,10,184,0.051546391752577324,95.20000000000005,1,0.01,29,0.29,100,0.010703357043676079,18437
matched,sweeping,10,185,0.05128205128205128,94.30000000000003,1,0.01,38,0.38,100,0.010042485515587032,18537
matched,sweeping,10,186,0.0510204081632653,96.60000000000004,0,0.0,34,0.34,100,0.011899763345718383,18637
matched,sweeping,10,187,0.050761421319796954,95.10000000000004,1,0.01,30,0.3,100,0.009713454947341233,18737
matched,sweeping,10,188,0.050505050505050504,94.70000000000005,1,0.01,34,0.34,100,0.010794086013920606,18837
matched,sweeping,10,189,0.05025125628140704,96.50000000000004,0,0.0,35,0.35,100,0.01086049096658826,18937
matched,sweeping,10,190,0.05,96.90000000000005,0,0.0,31,0.31,100,0.010964074800722302,19037
matched,sweeping,10,191,0.04975124378109452,94.80000000000004,1,0.01,33,0.33,100,0.010166232956107706,19137
matched,sweeping,10,192,0.04950495049504951,94.40000000000003,1,0.01,37,0.37,100,0.011005486226640642,19237
matched,sweeping,10,193,0.04926108374384236,96.00000000000006,0,0.0,40,0.4,100,0.011751571907661856,19337
matched,sweeping,10,194,0.04901960784313726,96.00000000000006,0,0.0,40,0.4,100,0.009438343739602714,19437
matched,sweeping,10,195,0.04878048780487805,97.00000000000003,0,0.0,30,0.3,100,0.01069493061862886,19537
matched,sweeping,10,196,0.04854368932038835,96.30000000000005,0,0.0,37,0.37,100,0.010451444806531072,19637
matched,sweeping,10,197,0.04830917874396135,97.20000000000006,0,0.0,28,0.28,100,0.008614597208797932,19737
matched,sweeping,10,198,0.04807692307692307,96.80000000000004,0,0.0,32,0.32,100,0.012233597058802843,19837
matched,sweeping,10,199,0.04784688995215311,96.60000000000005,0,0.0,34,0.34,100,0.010180327836424112,19937
hnp,random,1,0,1.0,66.89999999999995,13,0.13,82,0.82,100,0.12315411442840421,37
hnp,random,1,1,0.9090909090909091,67.39999999999996,13,0.13,79,0.79,100,0.050626216437667605,137
hnp,random,1,2,0.8333333333333334,72.3,10,0.1,85,0.85,100,0.03614962834864855,237
hnp,random,1,3,0.7692307692307692,73.89999999999999,9,0.09,89,0.89,100,0.020383701380342244,337
hnp,random,1,4,0.7142857142857143,62.399999999999935,15,0.15,89,0.89,100,0.013715237057767808,437
hnp,random,1,5,0.6666666666666666,79.20000000000003,7,0.07,73,0.73,100,0.007791082302574069,537
hnp,random,1,6,0.625,78.20000000000002,7,0.07,82,0.82,100,0.006404121818486601,637
hnp,random,1,7,0.5882352941176471,78.60000000000004,7,0.07,79,0.79,100,0.006661624400876463,737
hnp,random,1,8,0.5555555555555556,81.00000000000006,6,0.06,74,0.74,100,0.005726072078105062,837
hnp,random,1,9,0.5263157894736842,78.70000000000003,7,0.07,77,0.77,100,0.005500857746228576,937
hnp,random,1,10,0.5,82.80000000000003,5,0.05,75,0.75,100,0.005701678136829287,1037
hnp,random,1,11,0.47619047619047616,81.0,6,0.06,75,0.75,100,0.005347161525860429,1137
hnp,random,1,12,0.45454545454545453,85.90000000000009,3,0.03,84,0.84,100,0.007376137361861765,1237
hnp,random,1,13,0.4347826086956522,84.80000000000007,4,0.04,76,0.76,100,0.01125477860448882,1337
hnp,random,1,14,0.4166666666666667,89.60000000000008,2,0.02,65,0.65,100,0.007150588175281882,1437
hnp,random,1,15,0.4,85.50000000000006,4,0.04,69,0.69,100,0.0063748508389107885,1537
hnp,random,1,16,0.3846153846153846,83.50000000000004,5,0.05,70,0.7,100,0.00654790589818731,1637
hnp,random,1,17,0.37037037037037035,87.10000000000002,3,0.03,72,0.72,100,0.005239675797056407,1737
hnp,random,1,18,0.35714285714285715,79.3,7,0.07,73,0.73,100,0.005985492286272347,1837
hnp,random,1,19,0.3448275862068966,85.70000000000006,4,0.04,67,0.67,100,0.005282789303455502,1937
hnp,random,1,20,0.3333333333333333,86.20000000000003,4,0.04,61,0.61,100,0.005641555669717491,2037
hnp,random,1,21,0.3225806451612903,84.50000000000003,5,0.05,59,0.59,100,0.006088038256857544,2137
hnp,random,1,22,0.3125,83.60000000000007,5,0.05,69,0.69,100,0.008476569410413503,2237
hnp,random,1,23,0.30303030303030304,83.70000000000002,5,0.05,68,0.68,100,0.007336737816222012,2337
hnp,random,1,24,0.29411764705882354,87.30000000000007,3,0.03,69,0.69,100,0.008607790898531675,2437
hnp,random,1,25,0.2857142857142857,87.40000000000009,3,0.03,69,0.69,100,0.007625744345132262,2537
hnp,random,1,26,0.2777777777777778,89.90000000000005,2,0.02,63,0.63,100,0.009061367327813059,2637
hnp,random,1,27,0.27027027027027023,90.60000000000007,2,0.02,56,0.56,100,0.01200271346140653,2737
hnp,random,1,28,0.2631578947368421,81.50000000000003,6,0.06,68,0.68,100,0.008819624860771001,2837
hnp,random,1,29,0.25641025641025644,87.00000000000006,3,0.03,72,0.72,100,0.008591824790928513,2937
hnp,random,1,30,0.25,88.20000000000007,3,0.03,60,0.6,100,0.0078177576395683,3037
hnp,random,1,31,0.24390243902439027,88.60000000000007,3,0.03,57,0.57,100,0.008954383633099496,3137
hnp,random,1,32,0.23809523809523808,88.30000000000005,3,0.03,60,0.6,100,0.012911123135127127,3237
hnp,random,1,33,0.23255813953488372,91.10000000000007,1,0.01,69,0.69,100,0.012297533024102449,3337
hnp,random,1,34,0.22727272727272727,90.70000000000003,2,0.02,55,0.55,100,0.01228258787188679,3437
hnp,random,1,35,0.2222222222222222,89.30000000000007,2,0.02,69,0.69,100,0.007721043918281794,3537
hnp,random,1,36,0.2173913043478261,87.80000000000001,3,0.03,64,0.64,100,0.009330178275704384,3637
hnp,random,1,37,0.2127659574468085,85.30000000000004,4,0.04,70,0.7,100,0.010758032540325075,3737
hnp,random,1,38,0.20833333333333334,92.50000000000009,1,0.01,56,0.56,100,0.00895939655834809,3837
hnp,random,1,39,0.2040816326530612,87.10000000000005,4,0.04,51,0.51,100,0.008896863034460694,3937
hnp,random,1,40,0.2,91.90000000000003,2,0.02,43,0.43,100,0.008910078019835056,4037
hnp,random,1,41,0.19607843137254904,93.4000000000001,1,0.01,47,0.47,100,0.012135069062933325,4137
hnp,random,1,42,0.1923076923076923,92.50000000000009,1,0.01,55,0.55,100,0.01194384794216603,4237
hnp,random,1,43,0.18867924528301888,92.6,1,0.01,55,0.55,100,0.010380241344682873,4337
hnp,random,1,44,0.18518518518518517,93.30000000000005,1,0.01,47,0.47,100,0.008970624834764749,4437
hnp,random,1,45,0.18181818181818182,90.60000000000007,2,0.02,55,0.55,100,0.009702126928605139,4537
hnp,random,1,46,0.17857142857142858,93.8000000000001,0,0.0,62,0.62,100,0.009797887462191283,4637
hnp,random,1,47,0.17543859649122806,84.10000000000002,5,0.05,62,0.62,100,0.008853660128079355,4737
hnp,random,1,48,0.1724137931034483,90.70000000000005,2,0.02,55,0.55,100,0.010446348921395837,4837
hnp,random,1,49,0.1694915254237288,88.30000000000003,3,0.03,60,0.6,100,0.010798206459730864,4937
hnp,random,1,50,0.16666666666666666,91.30000000000007,2,0.02,48,0.48,100,0.010120231257751584,5037
hnp,random,1,51,0.1639344262295082,94.60000000000005,0,0.0,54,0.54,100,0.010594661561772228,5137
hnp,random,1,52,0.16129032258064516,85.60000000000005,4,0.04,67,0.67,100,0.010337073053233326,5237
hnp,random,1,53,0.15873015873015872,93.30000000000005,1,0.01,48,0.48,100,0.010920769381336869,5337
hnp,random,1,54,0.15625,91.30000000000004,2,0.02,49,0.49,100,0.01002291778102517,5437
hnp,random,1,55,0.15384615384615385,90.90000000000003,2,0.02,53,0.53,100,0.012049657450988889,5537
hnp,random,1,56,0.15151515151515152,91.10000000000002,2,0.02,49,0.49,100,0.011793914344161749,5637
hnp,random,1,57,0.14925373134328357,93.60000000000002,1,0.01,45,0.45,100,0.010452961530536414,5737
hnp,random,1,58,0.14705882352941177,90.80000000000007,2,0.02,54,0.54,100,0.01183570861350745,5837
hnp,random,1,59,0.14492753623188406,91.20000000000009,2,0.02,50,0.5,100,0.013139206967316568,5937
hnp,random,1,60,0.14285714285714285,91.50000000000003,2,0.02,47,0.47,100,0.012021406209096313,6037
hnp,random,1,61,0.14084507042253522,88.60000000000005,3,0.03,57,0.57,100,0.013755739987827838,6137
hnp,random,1,62,0.1388888888888889,88.00000000000006,3,0.03,63,0.63,100,0.011272178501822055,6237
hnp,random,1,63,0.136986301369863,88.50000000000006,3,0.03,58,0.58,100,0.009666051394306123,6337
hnp,random,1,64,0.13513513513513511,91.30000000000005,2,0.02,49,0.49,100,0.009077493441291154,6437
hnp,random,1,65,0.13333333333333333,92.00000000000004,2,0.02,42,0.42,100,0.015541752688586713,6537
hnp,random,1,66,0.13157894736842105,93.10000000000008,1,0.01,49,0.49,100,0.009461021621245892,6637
hnp,random,1,67,0.12987012987012986,92.40000000000006,1,0.01,57,0.57,100,0.012829288025386631,6737
hnp,random,1,68,0.12820512820512822,89.10000000000008,3,0.03,52,0.52,100,0.013568062209524214,6837
hnp,random,1,69,0.12658227848101264,94.70000000000007,0,0.0,53,0.53,100,0.010871268361806869,6937
hnp,random,1,70,0.125,91.30000000000008,2,0.02,48,0.48,100,0.012522807030472904,7037
hnp,random,1,71,0.1234567901234568,88.90000000000003,3,0.03,54,0.54,100,0.011198903145268559,7137
hnp,random,1,72,0.12195121951219513,85.7,5,0.05,47,0.47,100,0.011814002864994108,7237
hnp,random,1,73,0.12048192771084336,83.6,6,0.06,50,0.5,100,0.010938997231423855,7337
hnp,random,1,74,0.11904761904761904,92.70000000000009,1,0.01,54,0.54,100,0.011321474858559668,7437
hnp,random,1,75,0.11764705882352941,93.80000000000001,1,0.01,43,0.43,100,0.00929548969026655,7537
hnp,random,1,76,0.11627906976744186,93.70000000000007,1,0.01,44,0.44,100,0.010986422915011644,7637
hnp,random,1,77,0.1149425287356322,89.10000000000007,3,0.03,52,0.52,100,0.01374584196601063,7737
hnp,random,1,78,0.11363636363636363,92.30000000000004,1,0.01,58,0.58,100,0.013031996600329877,7837
hnp,random,1,79,0.11235955056179775,91.50000000000001,2,0.02,47,0.47,100,0.012454614755697549,7937
hnp,random,1,80,0.1111111111111111,94.30000000000007,1,0.01,38,0.38,100,0.013042017007246614,8037
hnp,random,1,81,0.10989010989010989,92.30000000000008,1,0.01,58,0.58,100,0.012340051038190723,8137
hnp,random,1,82,0.10869565217391305,90.80000000000007,2,0.02,54,0.54,100,0.011621877565048636,8237
hnp,random,1,83,0.1075268817204301,95.40000000000008,0,0.0,46,0.46,100,0.012124338392168284,8337
hnp,random,1,84,0.10638297872340426,93.60000000000004,1,0.01,45,0.45,100,0.011142994856927544,8437
hnp,random,1,85,0.10526315789473684,93.70000000000002,1,0.01,44,0.44,100,0.010842281095683574,8537
hnp,random,1,86,0.10416666666666667,95.20000000000005,0,0.0,48,0.48,100,0.011608813181519509,8637
hnp,random,1,87,0.10309278350515465,96.40000000000006,0,0.0,36,0.36,100,0.01170943927951157,8737
hnp,random,1,88,0.1020408163265306,92.90000000000006,1,0.01,52,0.52,100,0.01098981493152678,8837
hnp,random,1,89,0.10101010101010101,91.30000000000004,2,0.02,49,0.49,100,0.009666737816296518,8937
hnp,random,1,90,0.1,93.60000000000005,1,0.01,45,0.45,100,0.010161544510629028,9037
hnp,random,1,91,0.09900990099009901,93.90000000000008,1,0.01,42,0.42,100,0.009496683774050324,9137
hnp,random,1,92,0.09803921568627452,93.6,1,0.01,44,0.44,100,0.011703925686888397,9237
hnp,random,1,93,0.0970873786407767,95.90000000000002,0,0.0,41,0.41,100,0.010465333834290505,9337
hnp,random,1,94,0.09615384615384615,93.89999999999999,1,0.01,42,0.42,100,0.011718555595725775,9437
hnp,random,1,95,0.09523809523809523,90.80000000000005,2,0.02,54,0.54,100,0.011959968351293355,9537
hnp,random,1,96,0.09433962264150944,93.40000000000005,1,0.01,47,0.47,100,0.011313346135430037,9637
hnp,random,1,97,0.09345794392523366,95.70000000000005,0,0.0,43,0.43,100,0.012032610180322081,9737
hnp,random,1,98,0.09259259259259259,94.60000000000005,1,0.01,35,0.35,100,0.010991904898546637,9837
hnp,random,1,99,0.09174311926605504,96.50000000000004,0,0.0,35,0.35,100,0.009609363647177816,9937
hnp,random,1,100,0.09090909090909091,94.0,1,0.01,41,0.41,100,0.010524412775412202,10037
hnp,random,1,101,0.0900900900900901,96.19999999999999,0,0.0,38,0.38,100,0.013996927607804537,10137
hnp,random,1,102,0.08928571428571429,91.10000000000008,2,0.02,51,0.51,100,0.011922935419715942,10237
hnp,random,1,103,0.08849557522123894,96.90000000000006,0,0.0,31,0.31,100,0.010175767866894603,10337
hnp,random,1,104,0.08771929824561403,92.5,2,0.02,37,0.37,100,0.009879003232344984,10437
hnp,random,1,105,0.08695652173913043,96.00000000000009,0,0.0,40,0.4,100,0.010801703645847737,10537
hnp,random,1,106,0.08620689655172414,93.70000000000006,1,0.01,44,0.44,100,0.013884927364997565,10637
hnp,random,1,107,0.08547008547008547,96.30000000000004,0,0.0,37,0.37,100,0.011705064950510859,10737
hnp,random,1,108,0.0847457627118644,94.50000000000003,1,0.01,36,0.36,100,0.014308433500118553,10837
hnp,random,1,109,0.08403361344537814,94.70000000000007,1,0.01,34,0.34,100,0.012473164014518262,10937
hnp,random,1,110,0.08333333333333333,95.70000000000002,0,0.0,43,0.43,100,0.012858695117756724,11037
hnp,random,1,111,0.08264462809917356,91.70000000000003,2,0.02,45,0.45,100,0.011689452487044037,11137
hnp,random,1,112,0.0819672131147541,94.00000000000009,1,0.01,41,0.41,100,0.01152683456428349,11237
hnp,random,1,113,0.08130081300813008,92.10000000000002,2,0.02,40,0.4,100,0.01214112201705575,11337
hnp,random,1,114,0.08064516129032258,91.00000000000007,2,0.02,52,0.52,100,0.010182023891247808,11437
hnp,random,1,115,0.08,93.30000000000004,1,0.01,48,0.48,100,0.011851577726192773,11537
hnp,random,1,116,0.07936507936507936,91.30000000000004,2,0.02,49,0.49,100,0.01036623098421842,11637
hnp,random,1,117,0.07874015748031496,96.50000000000003,0,0.0,35,0.35,100,0.012095886571332813,11737
hnp,random,1,118,0.078125,93.7,1,0.01,44,0.44,100,0.010682327318936586,11837
hnp,random,1,119,0.07751937984496124,96.00000000000006,0,0.0,40,0.4,100,0.010599094685167074,11937
hnp,random,1,120,0.07692307692307693,96.60000000000008,0,0.0,34,0.34,100,0.011977193728089332,12037
hnp,random,1,121,0.07633587786259542,93.80000000000004,1,0.01,43,0.43,100,0.011289729974232615,12137
hnp,random,1,122,0.07575757575757576,95.50000000000006,0,0.0,45,0.45,100,0.009735319879837334,12237
hnp,random,1,123,0.07518796992481203,94.60000000000007,1,0.01,35,0.35,100,0.010572476601228118,12337
hnp,random,1,124,0.07462686567164178,90.30000000000001,3,0.03,40,0.4,100,0.011910558394156397,12437
hnp,random,1,125,0.07407407407407407,94.30000000000008,1,0.01,37,0.37,100,0.00915496738627553,12537
hnp,random,1,126,0.07352941176470588,94.60000000000007,1,0.01,35,0.35,100,0.010759958471171558,12637
hnp,random,1,127,0.07299270072992702,95.40000000000009,0,0.0,46,0.46,100,0.01081733213737607,12737
hnp,random,1,128,0.07246376811594203,95.90000000000009,0,0.0,41,0.41,100,0.010783349410630763,12837
hnp,random,1,129,0.07194244604316546,92.10000000000005,2,0.02,40,0.4,100,0.011633553705178202,12937
hnp,random,1,130,0.07142857142857142,94.50000000000006,1,0.01,36,0.36,100,0.009837518199346959,13037
hnp,random,1,131,0.07092198581560284,93.50000000000003,2,0.02,27,0.27,100,0.009328200123272836,13137
hnp,random,1,132,0.07042253521126761,95.60000000000005,0,0.0,44,0.44,100,0.011332103363238276,13237
hnp,random,1,133,0.06993006993006992,94.30000000000004,1,0.01,37,0.37,100,0.009084973470307886,13337
hnp,random,1,134,0.06944444444444445,93.90000000000003,1,0.01,41,0.41,100,0.011148476265370846,13437
hnp,random,1,135,0.06896551724137931,95.60000000000011,0,0.0,44,0.44,100,0.010742579533252866,13537
hnp,random,1,136,0.0684931506849315,96.50000000000009,0,0.0,35,0.35,100,0.01028928806539625,13637
hnp,random,1,137,0.06802721088435375,95.90000000000008,0,0.0,41,0.41,100,0.011240227613598108,13737
hnp,random,1,138,0.06756756756756756,96.50000000000003,0,0.0,35,0.35,100,0.011043855452444405,13837
hnp,random,1,139,0.06711409395973154,96.70000000000003,0,0.0,33,0.33,100,0.009797787051647902,13937
hnp,random,1,140,0.06666666666666667,96.20000000000007,0,0.0,38,0.38,100,0.010064336033537983,14037
hnp,random,1,141,0.06622516556291391,95.90000000000006,0,0.0,41,0.41,100,0.009489244287833572,14137
hnp,random,1,142,0.06578947368421052,92.40000000000005,2,0.02,38,0.38,100,0.011044706404209136,14237
hnp,random,1,143,0.06535947712418301,94.20000000000002,1,0.01,39,0.39,100,0.008970790321473032,14337
hnp,random,1,144,0.06493506493506493,91.20000000000007,2,0.02,50,0.5,100,0.010557506876066327,14437
hnp,random,1,145,0.06451612903225806,93.80000000000007,1,0.01,43,0.43,100,0.011326442994177342,14537
hnp,random,1,146,0.06410256410256411,94.00000000000006,1,0.01,41,0.41,100,0.011595476530492305,14637
hnp,random,1,147,0.06369426751592357,96.20000000000003,0,0.0,38,0.38,100,0.012107414361089468,14737
hnp,random,1,148,0.06329113924050632,91.10000000000002,3,0.03,32,0.32,100,0.011234628250822425,14837
hnp,random,1,149,0.06289308176100629,96.30000000000004,0,0.0,37,0.37,100,0.009811179148964583,14937
hnp,random,1,150,0.0625,94.10000000000002,1,0.01,40,0.4,100,0.009543240596540272,15037
hnp,random,1,151,0.06211180124223602,94.10000000000008,1,0.01,40,0.4,100,0.01083466929383576,15137
hnp,random,1,152,0.0617283950617284,93.10000000000005,1,0.01,50,0.5,100,0.010703840123023839,15237
hnp,random,1,153,0.06134969325153374,90.90000000000008,2,0.02,53,0.53,100,0.011848762412555516,15337
hnp,random,1,154,0.06097560975609757,96.7,0,0.0,33,0.33,100,0.011123490035533905,15437
hnp,random,1,155,0.06060606060606061,97.20000000000005,0,0.0,28,0.28,100,0.009483418953604996,15537
hnp,random,1,156,0.06024096385542168,97.20000000000002,0,0.0,28,0.28,100,0.00981708437204361,15637
hnp,random,1,157,0.059880239520958084,95.40000000000003,0,0.0,46,0.46,100,0.012776216408237815,15737
hnp,random,1,158,0.05952380952380952,96.00000000000009,0,0.0,40,0.4,100,0.011485754163004458,15837
hnp,random,1,159,0.0591715976331361,95.9,0,0.0,41,0.41,100,0.011878788038156927,15937
hnp,random,1,160,0.058823529411764705,95.50000000000007,0,0.0,45,0.45,100,0.009338555252179503,16037
hnp,random,1,161,0.05847953216374269,96.80000000000004,0,0.0,32,0.32,100,0.009947818755172193,16137
hnp,random,1,162,0.05813953488372093,94.80000000000007,1,0.01,32,0.32,100,0.013503838023170829,16237
hnp,random,1,163,0.057803468208092484,94.20000000000007,1,0.01,39,0.39,100,0.016117053925991057,16337
hnp,random,1,164,0.0574712643678161,97.00000000000003,0,0.0,30,0.3,100,0.011920854425989091,16437
hnp,random,1,165,0.05714285714285714,95.20000000000005,1,0.01,29,0.29,100,0.011072380826808512,16537
hnp,random,1,166,0.056818181818181816,95.80000000000004,0,0.0,42,0.42,100,0.01115826448891312,16637
hnp,random,1,167,0.05649717514124294,94.60000000000005,1,0.01,35,0.35,100,0.009626677776686847,16737
hnp,random,1,168,0.056179775280898875,90.80000000000001,3,0.03,35,0.35,100,0.011555188009515405,16837
hnp,random,1,169,0.0558659217877095,95.90000000000005,0,0.0,41,0.41,100,0.009719084110110998,16937
hnp,random,1,170,0.05555555555555555,95.30000000000004,0,0.0,47,0.47,100,0.008619367456994952,17037
hnp,random,1,171,0.055248618784530384,91.90000000000005,2,0.02,43,0.43,100,0.010088789244182408,17137
hnp,random,1,172,0.054945054945054944,96.90000000000003,0,0.0,31,0.31,100,0.010101273781619966,17237
hnp,random,1,173,0.0546448087431694,93.70000000000002,2,0.02,25,0.25,100,0.009771145125851035,17337
hnp,random,1,174,0.05434782608695653,95.60000000000002,1,0.01,25,0.25,100,0.008012353701051324,17437
hnp,random,1,175,0.05405405405405406,96.20000000000006,0,0.0,38,0.38,100,0.009294802234508097,17537
hnp,random,1,176,0.05376344086021505,95.1,1,0.01,30,0.3,100,0.011853171642869711,17637
hnp,random,1,177,0.053475935828877004,96.30000000000003,0,0.0,37,0.37,100,0.010114428158849477,17737
hnp,random,1,178,0.05319148936170213,96.10000000000002,1,0.01,19,0.19,100,0.00994711710140109,17837
hnp,random,1,179,0.052910052910052914,95.50000000000003,1,0.01,25,0.25,100,0.010172521504573524,17937
hnp,random,1,180,0.05263157894736842,94.30000000000004,1,0.01,38,0.38,100,0.009528615914750843,18037
hnp,random,1,181,0.05235602094240837,95.80000000000004,1,0.01,23,0.23,100,0.008946612363215535,18137
hnp,random,1,182,0.052083333333333336,95.80000000000004,0,0.0,42,0.42,100,0.010710168248042464,18237
hnp,random,1,183,0.05181347150259067,96.90000000000008,0,0.0,31,0.31,100,0.01138804349116981,18337
hnp,random,1,184,0.051546391752577324,96.30000000000004,0,0.0,37,0.37,100,0.01161055961623788,18437
hnp,random,1,185,0.05128205128205128,97.20000000000003,0,0.0,28,0.28,100,0.009219361846335232,18537
hnp,random,1,186,0.0510204081632653,97.20000000000006,0,0.0,28,0.28,100,0.009217877793125807,18637
hnp,random,1,187,0.050761421319796954,96.60000000000002,0,0.0,34,0.34,100,0.00958164814626798,18737
hnp,random,1,188,0.050505050505050504,94.50000000000004,1,0.01,36,0.36,100,0.011183067550882697,18837
hnp,random,1,189,0.05025125628140704,94.40000000000003,1,0.01,37,0.37,100,0.01018944276496768,18937
hnp,random,1,190,0.05,97.30000000000004,0,0.0,27,0.27,100,0.007893649355974048,19037
hnp,random,1,191,0.04975124378109452,96.20000000000002,0,0.0,38,0.38,100,0.008452064651064574,19137
hnp,random,1,192,0.04950495049504951,97.4,0,0.0,26,0.26,100,0.009824566571041941,19237
hnp,random,1,193,0.04926108374384236,95.40000000000003,1,0.01,27,0.27,100,0.008581916596740484,19337
hnp,random,1,194,0.04901960784313726,96.20000000000007,0,0.0,38,0.38,100,0.009228207804262638,19437
hnp,random,1,195,0.04878048780487805,94.60000000000004,1,0.01,34,0.34,100,0.008650541889946907,19537
hnp,random,1,196,0.04854368932038835,93.50000000000001,2,0.02,26,0.26,100,0.010482764379121363,19637
hnp,random,1,197,0.04830917874396135,96.40000000000005,0,0.0,36,0.36,100,0.00969396723434329,19737
hnp,random,1,198,0.04807692307692307,94.20000000000003,1,0.01,39,0.39,100,0.008672867654822766,19837
hnp,random,1,199,0.04784688995215311,96.20000000000003,0,0.0,38,0.38,100,0.011133902152068912,19937
hnp,random,2,0,1.0,62.099999999999916,15,0.15,92,0.92,100,0.1846592822993124,37
hnp,random,2,1,0.9090909090909091,75.89999999999999,8,0.08,87,0.87,100,0.06207422863692045,137
hnp,random,2,2,0.8333333333333334,76.1,8,0.08,86,0.86,100,0.0559717234224081,237
hnp,random,2,3,0.7692307692307692,64.69999999999993,14,0.14,87,0.87,100,0.03822748037055135,337
hnp,random,2,4,0.7142857142857143,76.00000000000001,8,0.08,88,0.88,100,0.017595516350120306,437
hnp,random,2,5,0.6666666666666666,68.5,12,0.12,84,0.84,100,0.011068013128824532,537
hnp,random,2,6,0.625,82.50000000000004,5,0.05,80,0.8,100,0.006639549999963492,637
hnp,random,2,7,0.5882352941176471,76.30000000000003,8,0.08,83,0.83,100,0.005087125534191728,737
hnp,random,2,8,0.5555555555555556,80.80000000000003,6,0.06,76,0.76,100,0.0062964942934922875,837
hnp,random,2,9,0.5263157894736842,80.90000000000002,6,0.06,77,0.77,100,0.005916498934384435,937
hnp,random,2,10,0.5,74.69999999999999,9,0.09,81,0.81,100,0.005830752628389746,1037
hnp,random,2,11,0.47619047619047616,81.10000000000002,6,0.06,74,0.74,100,0.006301626593340188,1137
hnp,random,2,12,0.45454545454545453,80.90000000000003,6,0.06,74,0.74,100,0.005633620445150882,1237
hnp,random,2,13,0.4347826086956522,83.20000000000003,5,0.05,71,0.71,100,0.005380544795189053,1337
hnp,random,2,14,0.4166666666666667,80.70000000000005,6,0.06,78,0.78,100,0.005560266964603215,1437
hnp,random,2,15,0.4,89.50000000000003,2,0.02,66,0.66,100,0.005608084562700242,1537
hnp,random,2,16,0.3846153846153846,87.20000000000006,3,0.03,70,0.7,100,0.007288844555150717,1637
hnp,random,2,17,0.37037037037037035,77.89999999999999,8,0.08,68,0.68,100,0.00740358775248751,1737
hnp,random,2,18,0.35714285714285715,82.70000000000006,5,0.05,78,0.78,100,0.006452554704155773,1837
hnp,random,2,19,0.3448275862068966,81.90000000000002,6,0.06,66,0.66,100,0.006999979775864631,1937
hnp,random,2,20,0.3333333333333333,79.50000000000003,7,0.07,72,0.72,100,0.01122623167000711,2037
hnp,random,2,21,0.3225806451612903,87.40000000000003,3,0.03,69,0.69,100,0.00650233457563445,2137
hnp,random,2,22,0.3125,84.5,5,0.05,58,0.58,100,0.006223717285320163,2237
hnp,random,2,23,0.30303030303030304,91.90000000000009,1,0.01,62,0.62,100,0.00930634185206145,2337
hnp,random,2,24,0.29411764705882354,91.10000000000005,2,0.02,51,0.51,100,0.00858973572961986,2437
hnp,random,2,25,0.2857142857142857,87.50000000000006,3,0.03,68,0.68,100,0.006612238602247089,2537
hnp,random,2,26,0.2777777777777778,94.50000000000011,0,0.0,55,0.55,100,0.007078086116816849,2637
hnp,random,2,27,0.27027027027027023,88.20000000000005,3,0.03,61,0.61,100,0.009003062767442315,2737
hnp,random,2,28,0.2631578947368421,85.4,5,0.05,50,0.5,100,0.006879858421161771,2837
hnp,random,2,29,0.25641025641025644,79.09999999999998,8,0.08,56,0.56,100,0.0068041387340053916,2937
hnp,random,2,30,0.25,89.5000000000001,2,0.02,66,0.66,100,0.008889515716582537,3037
hnp,random,2,31,0.24390243902439027,90.20000000000006,2,0.02,60,0.6,100,0.007669006169307977,3137
hnp,random,2,32,0.23809523809523808,84.70000000000006,5,0.05,57,0.57,100,0.00960284291766584,3237
hnp,random,2,33,0.23255813953488372,88.60000000000002,3,0.03,55,0.55,100,0.008659017831087112,3337
hnp,random,2,34,0.22727272727272727,87.20000000000005,4,0.04,52,0.52,100,0.008090955384541304,3437
hnp,random,2,35,0.2222222222222222,85.40000000000005,4,0.04,70,0.7,100,0.008625239240936935,3537
hnp,random,2,36,0.2173913043478261,92.00000000000007,1,0.01,60,0.6,100,0.010305332967545837,3637
hnp,random,2,37,0.2127659574468085,88.00000000000007,3,0.03,63,0.63,100,0.00900910637807101,3737
hnp,random,2,38,0.20833333333333334,88.20000000000005,3,0.03,61,0.61,100,0.009280627937987446,3837
hnp,random,2,39,0.2040816326530612,93.60000000000002,1,0.01,45,0.45,100,0.009391975849866866,3937
hnp,random,2,40,0.2,87.10000000000005,4,0.04,51,0.51,100,0.009078092358540743,4037
hnp,random,2,41,0.19607843137254904,92.40000000000003,1,0.01,57,0.57,100,0.010178160443902016,4137
hnp,random,2,42,0.1923076923076923,92.20000000000002,2,0.02,40,0.4,100,0.009330531759187579,4237
hnp,random,2,43,0.18867924528301888,81.4,7,0.07,50,0.5,100,0.009556821999140083,4337
hnp,random,2,44,0.18518518518518517,94.60000000000011,0,0.0,54,0.54,100,0.009239325099624694,4437
hnp,random,2,45,0.18181818181818182,88.00000000000004,3,0.03,63,0.63,100,0.00979191838297993,4537
hnp,random,2,46,0.17857142857142858,92.00000000000007,1,0.01,61,0.61,100,0.009201576407067478,4637
hnp,random,2,47,0.17543859649122806,88.90000000000005,3,0.03,54,0.54,100,0.00914635594934225,4737
hnp,random,2,48,0.1724137931034483,90.90000000000008,2,0.02,52,0.52,100,0.009446336426772178,4837
hnp,random,2,49,0.1694915254237288,82.10000000000002,6,0.06,65,0.65,100,0.011459483108483255,4937
hnp,random,2,50,0.16666666666666666,92.00000000000009,1,0.01,61,0.61,100,0.009826272344216704,5037
hnp,random,2,51,0.1639344262295082,92.2,2,0.02,40,0.4,100,0.008313336111605167,5137
hnp,random,2,52,0.16129032258064516,86.80000000000004,4,0.04,56,0.56,100,0.010353985752444714,5237
hnp,random,2,53,0.15873015873015872,88.70000000000007,3,0.03,56,0.56,100,0.009833435313776135,5337
hnp,random,2,54,0.15625,86.70000000000005,4,0.04,57,0.57,100,0.009446724709123373,5437
hnp,random,2,55,0.15384615384615385,91.10000000000002,2,0.02,50,0.5,100,0.008111758760642261,5537
hnp,random,2,56,0.15151515151515152,91.90000000000006,2,0.02,43,0.43,100,0.009636088293045759,5637
hnp,random,2,57,0.14925373134328357,93.40000000000009,1,0.01,47,0.47,100,0.007760509781073779,5737
hnp,random,2,58,0.14705882352941177,92.30000000000001,2,0.02,39,0.39,100,0.011409011231735348,5837
hnp,random,2,59,0.14492753623188406,87.10000000000004,4,0.04,52,0.52,100,0.011927758720703422,5937
hnp,random,2,60,0.14285714285714285,95.40000000000003,0,0.0,46,0.46,100,0.010071323332376779,6037
hnp,random,2,61,0.14084507042253522,94.30000000000005,1,0.01,38,0.38,100,0.010547525172587485,6137
hnp,random,2,62,0.1388888888888889,93.20000000000005,2,0.02,30,0.3,100,0.010849606948904694,6237
hnp,random,2,63,0.136986301369863,87.90000000000006,3,0.03,63,0.63,100,0.010367699614726007,6337
hnp,random,2,64,0.13513513513513511,91.10000000000005,2,0.02,51,0.51,100,0.008789061666466296,6437
hnp,random,2,65,0.13333333333333333,90.0,3,0.03,42,0.42,100,0.009352181353606284,6537
hnp,random,2,66,0.13157894736842105,92.40000000000005,2,0.02,37,0.37,100,0.00908313503023237,6637
hnp,random,2,67,0.12987012987012986,88.10000000000004,4,0.04,42,0.42,100,0.019724942361935973,6737
hnp,random,2,68,0.12820512820512822,94.80000000000004,0,0.0,52,0.52,100,0.009668227334041149,6837
hnp,random,2,69,0.12658227848101264,90.80000000000004,2,0.02,54,0.54,100,0.008878982425667346,6937
hnp,random,2,70,0.125,88.50000000000004,4,0.04,38,0.38,100,0.011145047964528204,7037
hnp,random,2,71,0.1234567901234568,95.30000000000007,1,0.01,28,0.28,100,0.009901171028614044,7137
hnp,random,2,72,0.12195121951219513,95.50000000000001,0,0.0,45,0.45,100,0.009577357308007777,7237
hnp,random,2,73,0.12048192771084336,94.10000000000004,1,0.01,40,0.4,100,0.010583905316889287,7337
hnp,random,2,74,0.11904761904761904,91.2000000000001,2,0.02,50,0.5,100,0.012618389197159558,7437
hnp,random,2,75,0.11764705882352941,93.40000000000003,1,0.01,47,0.47,100,0.011678029824979603,7537
hnp,random,2,76,0.11627906976744186,89.30000000000004,3,0.03,50,0.5,100,0.009548179344274104,7637
hnp,random,2,77,0.1149425287356322,94.70000000000005,1,0.01,34,0.34,100,0.011149723890703171,7737
hnp,random,2,78,0.11363636363636363,93.00000000000006,1,0.01,51,0.51,100,0.01069900288246572,7837
hnp,random,2,79,0.11235955056179775,93.70000000000005,1,0.01,44,0.44,100,0.009751833705231548,7937
hnp,random,2,80,0.1111111111111111,90.6000000000001,2,0.02,56,0.56,100,0.00990729087498039,8037
hnp,random,2,81,0.10989010989010989,95.50000000000006,0,0.0,45,0.45,100,0.00939657562179491,8137
hnp,random,2,82,0.10869565217391305,91.80000000000004,2,0.02,44,0.44,100,0.01021847850177437,8237
hnp,random,2,83,0.1075268817204301,93.00000000000007,1,0.01,51,0.51,100,0.009201579126529396,8337
hnp,random,2,84,0.10638297872340426,88.7,4,0.04,37,0.37,100,0.009436356080695986,8437
hnp,random,2,85,0.10526315789473684,89.30000000000004,3,0.03,50,0.5,100,0.008899232633411884,8537
hnp,random,2,86,0.10416666666666667,91.60000000000005,2,0.02,46,0.46,100,0.011824816199950874,8637
hnp,random,2,87,0.10309278350515465,93.60000000000005,1,0.01,45,0.45,100,0.009810010516084731,8737
hnp,random,2,88,0.1020408163265306,94.3000000000001,0,0.0,57,0.57,100,0.013096120250411332,8837
hnp,random,2,89,0.10101010101010101,93.20000000000003,1,0.01,49,0.49,100,0.008772894851863383,8937
hnp,random,2,90,0.1,94.30000000000004,1,0.01,38,0.38,100,0.010982151636853814,9037
hnp,random,2,91,0.09900990099009901,91.60000000000004,2,0.02,45,0.45,100,0.011475604977458715,9137
hnp,random,2,92,0.09803921568627452,95.80000000000005,0,0.0,42,0.42,100,0.00967034487053752,9237
hnp,random,2,93,0.0970873786407767,96.20000000000005,0,0.0,38,0.38,100,0.013217233661562204,9337
hnp,random,2,94,0.09615384615384615,95.70000000000002,0,0.0,43,0.43,100,0.013040812211111188,9437
hnp,random,2,95,0.09523809523809523,92.90000000000005,1,0.01,52,0.52,100,0.011155845986213535,9537
hnp,random,2,96,0.09433962264150944,94.60000000000008,0,0.0,54,0.54,100,0.010186590952798724,9637
hnp,random,2,97,0.09345794392523366,95.50000000000004,0,0.0,45,0.45,100,0.009607314416207373,9737
hnp,random,2,98,0.09259259259259259,93.50000000000003,1,0.01,46,0.46,100,0.010596516018267721,9837
hnp,random,2,99,0.09174311926605504,94.4,1,0.01,37,0.37,100,0.010881408662535251,9937
hnp,random,2,100,0.09090909090909091,91.70000000000007,2,0.02,45,0.45,100,0.012498830617405475,10037
hnp,random,2,101,0.0900900900900901,92.5,2,0.02,37,0.37,100,0.009311401816084981,10137
hnp,random,2,102,0.08928571428571429,95.30000000000004,0,0.0,47,0.47,100,0.010053809555247427,10237
hnp,random,2,103,0.08849557522123894,93.70000000000006,1,0.01,44,0.44,100,0.012242922452278435,10337
hnp,random,2,104,0.08771929824561403,91.90000000000003,2,0.02,42,0.42,100,0.012463574516586959,10437
hnp,random,2,105,0.08695652173913043,94.40000000000002,1,0.01,36,0.36,100,0.009743797827977687,10537
hnp,random,2,106,0.08620689655172414,96.80000000000007,0,0.0,32,0.32,100,0.011992316860705614,10637
hnp,random,2,107,0.08547008547008547,94.50000000000003,1,0.01,35,0.35,100,0.013734302064403892,10737
hnp,random,2,108,0.0847457627118644,96.10000000000005,0,0.0,39,0.39,100,0.010802772617898882,10837
hnp,random,2,109,0.08403361344537814,96.80000000000005,0,0.0,32,0.32,100,0.01322910727467388,10937
hnp,random,2,110,0.08333333333333333,95.1,1,0.01,30,0.3,100,0.01633323807734996,11037
hnp,random,2,111,0.08264462809917356,91.20000000000005,2,0.02,50,0.5,100,0.010752550447359682,11137
hnp,random,2,112,0.0819672131147541,94.9,1,0.01,32,0.32,100,0.010040259575471283,11237
hnp,random,2,113,0.08130081300813008,95.30000000000004,1,0.01,28,0.28,100,0.008950389255769551,11337
hnp,random,2,114,0.08064516129032258,94.40000000000006,1,0.01,37,0.37,100,0.009548720533493905,11437
hnp,random,2,115,0.08,97.20000000000005,0,0.0,28,0.28,100,0.011888536005280913,11537
hnp,random,2,116,0.07936507936507936,95.20000000000002,0,0.0,48,0.48,100,0.010191524256952108,11637
hnp,random,2,117,0.07874015748031496,95.19999999999999,1,0.01,29,0.29,100,0.009518612469546496,11737
hnp,random,2,118,0.078125,96.40000000000003,0,0.0,36,0.36,100,0.009852373911999166,11837
hnp,random,2,119,0.07751937984496124,94.60000000000002,1,0.01,35,0.35,100,0.010125108703505248,11937
hnp,random,2,120,0.07692307692307693,96.80000000000007,0,0.0,32,0.32,100,0.012644348801113665,12037
hnp,random,2,121,0.07633587786259542,94.60000000000002,0,0.0,54,0.54,100,0.009968196675181389,12137
hnp,random,2,122,0.07575757575757576,96.60000000000005,0,0.0,34,0.34,100,0.00994789926102385,12237
hnp,random,2,123,0.07518796992481203,92.30000000000005,2,0.02,39,0.39,100,0.009449779177084566,12337
hnp,random,2,124,0.07462686567164178,95.80000000000004,0,0.0,42,0.42,100,0.00813538586255163,12437
hnp,random,2,125,0.07407407407407407,95.40000000000006,0,0.0,46,0.46,100,0.009853934687562287,12537
hnp,random,2,126,0.07352941176470588,96.90000000000006,0,0.0,31,0.31,100,0.009622781903017312,12637
hnp,random,2,127,0.07299270072992702,92.60000000000005,2,0.02,36,0.36,100,0.0112949059298262,12737
hnp,random,2,128,0.07246376811594203,96.50000000000003,0,0.0,35,0.35,100,0.009740440146997572,12837
hnp,random,2,129,0.07194244604316546,96.10000000000008,0,0.0,39,0.39,100,0.010550801809877157,12937
hnp,random,2,130,0.07142857142857142,96.8000000000001,0,0.0,32,0.32,100,0.009834348985459656,13037
hnp,random,2,131,0.07092198581560284,97.60000000000002,0,0.0,24,0.24,100,0.01015228896168992,13137
hnp,random,2,132,0.07042253521126761,94.50000000000003,1,0.01,36,0.36,100,0.008920085965655744,13237
hnp,random,2,133,0.06993006993006992,96.90000000000005,0,0.0,31,0.31,100,0.00939394076820463,13337
hnp,random,2,134,0.06944444444444445,95.20000000000002,1,0.01,29,0.29,100,0.011027798843570054,13437
hnp,random,2,135,0.06896551724137931,96.60000000000005,0,0.0,34,0.34,100,0.010978673715144396,13537
hnp,random,2,136,0.0684931506849315,96.40000000000003,0,0.0,36,0.36,100,0.00836582646239549,13637
hnp,random,2,137,0.06802721088435375,96.10000000000002,0,0.0,39,0.39,100,0.013469097074121236,13737
hnp,random,2,138,0.06756756756756756,91.10000000000001,3,0.03,32,0.32,100,0.011726020767819137,13837
hnp,random,2,139,0.06711409395973154,89.40000000000002,4,0.04,30,0.3,100,0.01060364140663296,13937
hnp,random,2,140,0.06666666666666667,97.69999999999999,0,0.0,23,0.23,100,0.010521315978839993,14037
hnp,random,2,141,0.06622516556291391,96.80000000000004,0,0.0,32,0.32,100,0.01067716269288212,14137
hnp,random,2,142,0.06578947368421052,94.10000000000007,1,0.01,40,0.4,100,0.01096951323095709,14237
hnp,random,2,143,0.06535947712418301,96.30000000000004,0,0.0,37,0.37,100,0.009873902597464622,14337
hnp,random,2,144,0.06493506493506493,92.20000000000003,2,0.02,39,0.39,100,0.008620675466954709,14437
hnp,random,2,145,0.06451612903225806,97.00000000000007,0,0.0,30,0.3,100,0.010583743224851788,14537
hnp,random,2,146,0.06410256410256411,96.50000000000006,0,0.0,35,0.35,100,0.011753237824887037,14637
hnp,random,2,147,0.06369426751592357,96.60000000000005,0,0.0,34,0.34,100,0.010887734005227684,14737
hnp,random,2,148,0.06329113924050632,93.70000000000002,1,0.01,44,0.44,100,0.012435527597554029,14837
hnp,random,2,149,0.06289308176100629,96.60000000000002,0,0.0,34,0.34,100,0.012421999941579998,14937
hnp,random,2,150,0.0625,96.20000000000006,0,0.0,38,0.38,100,0.0088901203032583,15037
hnp,random,2,151,0.06211180124223602,94.60000000000002,1,0.01,34,0.34,100,0.009424049297813326,15137
hnp,random,2,152,0.0617283950617284,96.90000000000006,0,0.0,31,0.31,100,0.009972575430292636,15237
hnp,random,2,153,0.06134969325153374,94.40000000000003,1,0.01,37,0.37,100,0.009186916039325296,15337
hnp,random,2,154,0.06097560975609757,96.80000000000001,0,0.0,32,0.32,100,0.013001467627473175,15437
hnp,random,2,155,0.06060606060606061,94.30000000000004,1,0.01,38,0.38,100,0.009698894629254938,15537
hnp,random,2,156,0.06024096385542168,94.20000000000003,1,0.01,39,0.39,100,0.010610280788969249,15637
hnp,random,2,157,0.059880239520958084,94.70000000000002,1,0.01,34,0.34,100,0.009629939631558955,15737
hnp,random,2,158,0.05952380952380952,95.79999999999998,1,0.01,23,0.23,100,0.008451984352432192,15837
hnp,random,2,159,0.0591715976331361,96.2000000000001,0,0.0,38,0.38,100,0.010956240831874312,15937
hnp,random,2,160,0.058823529411764705,94.80000000000003,1,0.01,33,0.33,100,0.009206991055980324,16037
hnp,random,2,161,0.05847953216374269,97.00000000000001,0,0.0,30,0.3,100,0.009132377705536782,16137
hnp,random,2,162,0.05813953488372093,96.0,1,0.01,20,0.2,100,0.007102364122401923,16237
hnp,random,2,163,0.057803468208092484,96.30000000000004,0,0.0,37,0.37,100,0.011861565290018916,16337
hnp,random,2,164,0.0574712643678161,94.60000000000004,1,0.01,35,0.35,100,0.00982955432496965,16437
hnp,random,2,165,0.05714285714285714,96.70000000000003,0,0.0,33,0.33,100,0.00925909349694848,16537
hnp,random,2,166,0.056818181818181816,96.80000000000004,0,0.0,32,0.32,100,0.010072544175200164,16637
hnp,random,2,167,0.05649717514124294,94.40000000000006,1,0.01,36,0.36,100,0.009587044881191104,16737
hnp,random,2,168,0.056179775280898875,97.19999999999999,0,0.0,28,0.28,100,0.009991348693147302,16837
hnp,random,2,169,0.0558659217877095,97.50000000000004,0,0.0,25,0.25,100,0.00875243752496317,16937
hnp,random,2,170,0.05555555555555555,97.50000000000003,0,0.0,25,0.25,100,0.009489836301654578,17037
hnp,random,2,171,0.055248618784530384,96.90000000000006,0,0.0,31,0.31,100,0.009301563617773354,17137
hnp,random,2,172,0.054945054945054944,97.40000000000003,0,0.0,26,0.26,100,0.008200067195575684,17237
hnp,random,2,173,0.0546448087431694,97.00000000000004,0,0.0,30,0.3,100,0.009013016452081501,17337
hnp,random,2,174,0.05434782608695653,94.40000000000006,1,0.01,37,0.37,100,0.01007486336864531,17437
hnp,random,2,175,0.05405405405405406,95.00000000000003,1,0.01,31,0.31,100,0.008198076903354376,17537
hnp,random,2,176,0.05376344086021505,97.20000000000005,0,0.0,28,0.28,100,0.009619270754046737,17637
hnp,random,2,177,0.053475935828877004,96.50000000000007,0,0.0,35,0.35,100,0.009514680847059935,17737
hnp,random,2,178,0.05319148936170213,94.10000000000002,1,0.01,40,0.4,100,0.014086733313743025,17837
hnp,random,2,179,0.052910052910052914,95.00000000000003,1,0.01,31,0.31,100,0.013652747194282711,17937
hnp,random,2,180,0.05263157894736842,94.80000000000001,1,0.01,33,0.33,100,0.009470105394721031,18037
hnp,random,2,181,0.05235602094240837,96.60000000000004,0,0.0,34,0.34,100,0.008354837773367763,18137
hnp,random,2,182,0.052083333333333336,95.70000000000009,0,0.0,43,0.43,100,0.009371813531033694,18237
hnp,random,2,183,0.05181347150259067,96.50000000000003,0,0.0,35,0.35,100,0.00994372439570725,18337
hnp,random,2,184,0.051546391752577324,94.60000000000005,1,0.01,35,0.35,100,0.010585024221800268,18437
hnp,random,2,185,0.05128205128205128,96.70000000000005,0,0.0,33,0.33,100,0.00991976867429912,18537
hnp,random,2,186,0.0510204081632653,94.20000000000005,1,0.01,39,0.39,100,0.008443128503859042,18637
hnp,random,2,187,0.050761421319796954,97.20000000000003,0,0.0,28,0.28,100,0.00794390615541488,18737
hnp,random,2,188,0.050505050505050504,96.80000000000007,0,0.0,32,0.32,100,0.008884773883037269,18837
hnp,random,2,189,0.05025125628140704,96.70000000000003,0,0.0,33,0.33,100,0.008853823724202813,18937
hnp,random,2,190,0.05,94.50000000000004,1,0.01,36,0.36,100,0.009810126442462206,19037
hnp,random,2,191,0.04975124378109452,97.10000000000005,0,0.0,29,0.29,100,0.007666912982240319,19137
hnp,random,2,192,0.04950495049504951,93.6,1,0.01,44,0.44,100,0.009847033687401563,19237
hnp,random,2,193,0.04926108374384236,96.2,1,0.01,19,0.19,100,0.009277305388823152,19337
hnp,random,2,194,0.04901960784313726,93.20000000000005,2,0.02,30,0.3,100,0.009840975699480623,19437
hnp,random,2,195,0.04878048780487805,88.70000000000003,4,0.04,36,0.36,100,0.010480428826995195,19537
hnp,random,2,196,0.04854368932038835,92.20000000000005,2,0.02,39,0.39,100,0.008513707262463867,19637
hnp,random,2,197,0.04830917874396135,96.20000000000003,0,0.0,38,0.38,100,0.008362493130844086,19737
hnp,random,2,198,0.04807692307692307,96.80000000000004,0,0.0,32,0.32,100,0.008254491025581956,19837
hnp,random,2,199,0.04784688995215311,95.60000000000007,0,0.0,44,0.44,100,0.009837252893485129,19937
hnp,random,3,0,1.0,71.69999999999996,10,0.1,92,0.92,100,0.21281046883479968,37
hnp,random,3,1,0.9090909090909091,64.49999999999993,14,0.14,87,0.87,100,0.05073864178732038,137
hnp,random,3,2,0.8333333333333334,77.80000000000003,7,0.07,87,0.87,100,0.03053803473711014,237
hnp,random,3,3,0.7692307692307692,83.80000000000005,4,0.04,86,0.86,100,0.02253624379634857,337
hnp,random,3,4,0.7142857142857143,68.49999999999996,12,0.12,85,0.85,100,0.017069555176422,437
hnp,random,3,5,0.6666666666666666,67.59999999999997,13,0.13,76,0.76,100,0.014106213254854083,537
hnp,random,3,6,0.625,76.4,8,0.08,81,0.81,100,0.008527668784372508,637
hnp,random,3,7,0.5882352941176471,79.40000000000002,7,0.07,72,0.72,100,0.0071797559433616695,737
hnp,random,3,8,0.5555555555555556,70.49999999999999,11,0.11,85,0.85,100,0.00537920014699921,837
hnp,random,3,9,0.5263157894736842,79.0,7,0.07,76,0.76,100,0.005109489148017019,937
hnp,random,3,10,0.5,74.6,9,0.09,80,0.8,100,0.006114902021363377,1037
hnp,random,3,11,0.47619047619047616,81.20000000000003,6,0.06,74,0.74,100,0.005452363810036331,1137
hnp,random,3,12,0.45454545454545453,81.30000000000001,6,0.06,73,0.73,100,0.00548972339136526,1237
hnp,random,3,13,0.4347826086956522,85.30000000000003,4,0.04,71,0.71,100,0.0047536804643459616,1337
hnp,random,3,14,0.4166666666666667,83.50000000000004,5,0.05,69,0.69,100,0.005542939542792737,1437
hnp,random,3,15,0.4,80.80000000000003,6,0.06,77,0.77,100,0.006422063428908586,1537
hnp,random,3,16,0.3846153846153846,89.20000000000006,2,0.02,70,0.7,100,0.006351644934620708,1637
hnp,random,3,17,0.37037037037037035,88.10000000000005,3,0.03,62,0.62,100,0.00832223259843886,1737
hnp,random,3,18,0.35714285714285715,91.40000000000008,1,0.01,67,0.67,100,0.0067810876504518095,1837
hnp,random,3,19,0.3448275862068966,89.50000000000006,2,0.02,66,0.66,100,0.006580811669118702,1937
hnp,random,3,20,0.3333333333333333,91.60000000000007,1,0.01,65,0.65,100,0.006749485121108591,2037
hnp,random,3,21,0.3225806451612903,89.30000000000005,2,0.02,69,0.69,100,0.006228865368757397,2137
hnp,random,3,22,0.3125,88.60000000000007,2,0.02,76,0.76,100,0.005664052364882082,2237
hnp,random,3,23,0.30303030303030304,83.40000000000003,5,0.05,71,0.71,100,0.005957682265434414,2337
hnp,random,3,24,0.29411764705882354,90.30000000000007,2,0.02,59,0.59,100,0.008634523609653116,2437
hnp,random,3,25,0.2857142857142857,85.50000000000001,4,0.04,68,0.68,100,0.006592224698979407,2537
hnp,random,3,26,0.2777777777777778,83.30000000000005,5,0.05,72,0.72,100,0.007567108396906406,2637
hnp,random,3,27,0.27027027027027023,91.70000000000005,1,0.01,64,0.64,100,0.006568220767658204,2737
hnp,random,3,28,0.2631578947368421,91.50000000000007,1,0.01,66,0.66,100,0.007600353693123907,2837
hnp,random,3,29,0.25641025641025644,91.90000000000003,1,0.01,62,0.62,100,0.006878596213646233,2937
hnp,random,3,30,0.25,87.90000000000006,3,0.03,64,0.64,100,0.007269670830573886,3037
hnp,random,3,31,0.24390243902439027,82.50000000000004,6,0.06,59,0.59,100,0.006622468627756462,3137
hnp,random,3,32,0.23809523809523808,88.00000000000006,3,0.03,63,0.63,100,0.005804144856519997,3237
hnp,random,3,33,0.23255813953488372,90.10000000000004,2,0.02,61,0.61,100,0.0065181964356452226,3337
hnp,random,3,34,0.22727272727272727,92.50000000000009,1,0.01,56,0.56,100,0.007253956717904657,3437
hnp,random,3,35,0.2222222222222222,89.70000000000007,2,0.02,65,0.65,100,0.0076799148437567055,3537
hnp,random,3,36,0.2173913043478261,91.20000000000007,2,0.02,50,0.5,100,0.006833875908050686,3637
hnp,random,3,37,0.2127659574468085,90.80000000000005,2,0.02,54,0.54,100,0.006879537049680948,3737
hnp,random,3,38,0.20833333333333334,91.80000000000004,2,0.02,43,0.43,100,0.006814486156217754,3837
hnp,random,3,39,0.2040816326530612,92.90000000000003,1,0.01,52,0.52,100,0.006783380180131644,3937
hnp,random,3,40,0.2,85.50000000000004,5,0.05,49,0.49,100,0.007501020412892103,4037
hnp,random,3,41,0.19607843137254904,89.10000000000005,3,0.03,51,0.51,100,0.009269196486566217,4137
hnp,random,3,42,0.1923076923076923,89.30000000000008,3,0.03,50,0.5,100,0.007106351065449417,4237
hnp,random,3,43,0.18867924528301888,91.40000000000005,2,0.02,48,0.48,100,0.0076264933543279765,4337
hnp,random,3,44,0.18518518518518517,89.40000000000006,3,0.03,49,0.49,100,0.010713285205420107,4437
hnp,random,3,45,0.18181818181818182,84.0,5,0.05,65,0.65,100,0.009860170539468527,4537
hnp,random,3,46,0.17857142857142858,95.70000000000006,0,0.0,43,0.43,100,0.009125038310885429,4637
hnp,random,3,47,0.17543859649122806,90.50000000000007,2,0.02,57,0.57,100,0.010542504601180553,4737
hnp,random,3,48,0.1724137931034483,88.20000000000007,3,0.03,61,0.61,100,0.008892105962149798,4837
hnp,random,3,49,0.1694915254237288,88.80000000000007,3,0.03,55,0.55,100,0.007744140541180968,4937
hnp,random,3,50,0.16666666666666666,88.60000000000002,3,0.03,57,0.57,100,0.0082638189336285,5037
hnp,random,3,51,0.1639344262295082,93.10000000000004,1,0.01,50,0.5,100,0.008321585822850466,5137
hnp,random,3,52,0.16129032258064516,89.90000000000003,2,0.02,62,0.62,100,0.010302943103015423,5237
hnp,random,3,53,0.15873015873015872,93.10000000000002,1,0.01,50,0.5,100,0.007857415601611137,5337
hnp,random,3,54,0.15625,91.30000000000004,2,0.02,48,0.48,100,0.008271515248343348,5437
hnp,random,3,55,0.15384615384615385,90.90000000000005,2,0.02,53,0.53,100,0.006972881315741688,5537
hnp,random,3,56,0.15151515151515152,90.20000000000006,2,0.02,60,0.6,100,0.007938214465975762,5637
hnp,random,3,57,0.14925373134328357,95.80000000000005,0,0.0,42,0.42,100,0.008692272077314555,5737
hnp,random,3,58,0.14705882352941177,90.90000000000003,2,0.02,53,0.53,100,0.010006369347684086,5837
hnp,random,3,59,0.14492753623188406,89.80000000000004,3,0.03,45,0.45,100,0.008225119386333973,5937
hnp,random,3,60,0.14285714285714285,91.50000000000003,2,0.02,47,0.47,100,0.00675116416066885,6037
hnp,random,3,61,0.14084507042253522,91.00000000000004,2,0.02,51,0.51,100,0.007994175856001675,6137
hnp,random,3,62,0.1388888888888889,94.3000000000001,0,0.0,57,0.57,100,0.007577136508189142,6237
hnp,random,3,63,0.136986301369863,94.30000000000005,1,0.01,38,0.38,100,0.00776109813246876,6337
hnp,random,3,64,0.13513513513513511,90.90000000000003,2,0.02,53,0.53,100,0.008588631812017411,6437
hnp,random,3,65,0.13333333333333333,88.00000000000004,4,0.04,44,0.44,100,0.007783560580573976,6537
hnp,random,3,66,0.13157894736842105,90.80000000000003,2,0.02,53,0.53,100,0.010461146242450923,6637
hnp,random,3,67,0.12987012987012986,87.50000000000003,4,0.04,49,0.49,100,0.007745306380093098,6737
hnp,random,3,68,0.12820512820512822,90.40000000000003,2,0.02,58,0.58,100,0.00801483308430761,6837
hnp,random,3,69,0.12658227848101264,91.10000000000004,2,0.02,51,0.51,100,0.008631502911448478,6937
hnp,random,3,70,0.125,96.30000000000007,0,0.0,37,0.37,100,0.008528365003876388,7037
hnp,random,3,71,0.1234567901234568,94.10000000000002,1,0.01,40,0.4,100,0.008738484382629395,7137
hnp,random,3,72,0.12195121951219513,91.90000000000003,2,0.02,41,0.41,100,0.008305742286611349,7237
hnp,random,3,73,0.12048192771084336,92.10000000000002,2,0.02,41,0.41,100,0.007908766197506339,7337
hnp,random,3,74,0.11904761904761904,93.40000000000006,1,0.01,47,0.47,100,0.007697224637959152,7437
hnp,random,3,75,0.11764705882352941,94.90000000000002,0,0.0,51,0.51,100,0.009562586348038167,7537
hnp,random,3,76,0.11627906976744186,93.40000000000006,1,0.01,46,0.46,100,0.009861095366068185,7637
hnp,random,3,77,0.1149425287356322,96.00000000000006,0,0.0,40,0.4,100,0.008608194245025515,7737
hnp,random,3,78,0.11363636363636363,96.20000000000005,0,0.0,38,0.38,100,0.007357631819322705,7837
hnp,random,3,79,0.11235955056179775,96.50000000000001,0,0.0,35,0.35,100,0.008387719907332211,7937
hnp,random,3,80,0.1111111111111111,86.20000000000006,5,0.05,42,0.42,100,0.008027810424100607,8037
hnp,random,3,81,0.10989010989010989,96.30000000000004,0,0.0,37,0.37,100,0.008794409765396267,8137
hnp,random,3,82,0.10869565217391305,95.70000000000003,0,0.0,43,0.43,100,0.009385370849631727,8237
hnp,random,3,83,0.1075268817204301,93.20000000000007,1,0.01,48,0.48,100,0.008104529343545436,8337
hnp,random,3,84,0.10638297872340426,90.90000000000006,2,0.02,53,0.53,100,0.008210544041357935,8437
hnp,random,3,85,0.10526315789473684,93.80000000000001,1,0.01,43,0.43,100,0.007903625403996558,8537
hnp,random,3,86,0.10416666666666667,93.90000000000006,1,0.01,42,0.42,100,0.007071403036825359,8637
hnp,random,3,87,0.10309278350515465,95.20000000000005,0,0.0,48,0.48,100,0.00888270280789584,8737
hnp,random,3,88,0.1020408163265306,93.40000000000006,1,0.01,47,0.47,100,0.009583612964488565,8837
hnp,random,3,89,0.10101010101010101,89.90000000000006,3,0.03,43,0.43,100,0.009603244764730335,8937
hnp,random,3,90,0.1,95.10000000000008,0,0.0,49,0.49,100,0.009516222609672696,9037
hnp,random,3,91,0.09900990099009901,96.9,0,0.0,31,0.31,100,0.01191839633975178,9137
hnp,random,3,92,0.09803921568627452,92.80000000000007,1,0.01,53,0.53,100,0.010826084273867309,9237
hnp,random,3,93,0.0970873786407767,94.40000000000003,1,0.01,36,0.36,100,0.00881403152598068,9337
hnp,random,3,94,0.09615384615384615,92.70000000000002,2,0.02,35,0.35,100,0.008893263875506818,9437
hnp,random,3,95,0.09523809523809523,96.10000000000002,0,0.0,39,0.39,100,0.009761848635971546,9537
hnp,random,3,96,0.09433962264150944,92.00000000000004,2,0.02,42,0.42,100,0.009662326974794268,9637
hnp,random,3,97,0.09345794392523366,92.60000000000005,2,0.02,36,0.36,100,0.008595159943215549,9737
hnp,random,3,98,0.09259259259259259,96.50000000000006,0,0.0,35,0.35,100,0.008778971727006138,9837
hnp,random,3,99,0.09174311926605504,95.60000000000005,0,0.0,44,0.44,100,0.00847114943433553,9937
hnp,random,3,100,0.09090909090909091,92.10000000000007,2,0.02,41,0.41,100,0.007835243763402104,10037
hnp,random,3,101,0.0900900900900901,92.80000000000003,2,0.02,34,0.34,100,0.009192501052748412,10137
hnp,random,3,102,0.08928571428571429,97.20000000000005,0,0.0,28,0.28,100,0.0084014066378586,10237
hnp,random,3,103,0.08849557522123894,94.80000000000003,1,0.01,33,0.33,100,0.01023216646630317,10337
hnp,random,3,104,0.08771929824561403,93.60000000000004,1,0.01,45,0.45,100,0.009668977393303066,10437
hnp,random,3,105,0.08695652173913043,95.90000000000006,0,0.0,41,0.41,100,0.01084884378593415,10537
hnp,random,3,106,0.08620689655172414,95.60000000000004,0,0.0,44,0.44,100,0.009512072857469321,10637
hnp,random,3,107,0.08547008547008547,90.60000000000008,2,0.02,56,0.56,100,0.011490917166229337,10737
hnp,random,3,108,0.0847457627118644,89.80000000000003,3,0.03,44,0.44,100,0.007136760563589632,10837
hnp,random,3,109,0.08403361344537814,97.40000000000003,0,0.0,26,0.26,100,0.010327220750041307,10937
hnp,random,3,110,0.08333333333333333,92.40000000000003,2,0.02,38,0.38,100,0.007750383666716516,11037
hnp,random,3,111,0.08264462809917356,92.50000000000003,2,0.02,36,0.36,100,0.008076104219071567,11137
hnp,random,3,112,0.0819672131147541,93.50000000000004,1,0.01,46,0.46,100,0.008429429305251687,11237
hnp,random,3,113,0.08130081300813008,96.20000000000003,0,0.0,38,0.38,100,0.009465357218869031,11337
hnp,random,3,114,0.08064516129032258,92.50000000000003,2,0.02,37,0.37,100,0.007261727415025235,11437
hnp,random,3,115,0.08,93.60000000000007,1,0.01,45,0.45,100,0.008313360868487506,11537
hnp,random,3,116,0.07936507936507936,92.50000000000004,2,0.02,37,0.37,100,0.009229342164471745,11637
hnp,random,3,117,0.07874015748031496,96.9,0,0.0,31,0.31,100,0.006987831795122475,11737
hnp,random,3,118,0.078125,93.30000000000005,2,0.02,29,0.29,100,0.008593033370561897,11837
hnp,random,3,119,0.07751937984496124,90.70000000000006,3,0.03,35,0.35,100,0.009488155166618526,11937
hnp,random,3,120,0.07692307692307693,94.30000000000007,1,0.01,38,0.38,100,0.009310318653006107,12037
hnp,random,3,121,0.07633587786259542,95.00000000000006,0,0.0,50,0.5,100,0.00994882327504456,12137
hnp,random,3,122,0.07575757575757576,96.50000000000006,0,0.0,35,0.35,100,0.01152990503469482,12237
hnp,random,3,123,0.07518796992481203,95.20000000000009,0,0.0,48,0.48,100,0.010647003154736013,12337
hnp,random,3,124,0.07462686567164178,93.60000000000007,1,0.01,45,0.45,100,0.011064729713834822,12437
hnp,random,3,125,0.07407407407407407,95.90000000000003,0,0.0,41,0.41,100,0.008926077228970826,12537
hnp,random,3,126,0.07352941176470588,97.50000000000006,0,0.0,25,0.25,100,0.010486027477309107,12637
hnp,random,3,127,0.07299270072992702,94.00000000000003,1,0.01,41,0.41,100,0.009796306092757731,12737
hnp,random,3,128,0.07246376811594203,95.70000000000005,0,0.0,43,0.43,100,0.008500571690965443,12837
hnp,random,3,129,0.07194244604316546,90.00000000000004,3,0.03,42,0.42,100,0.009505360077600927,12937
hnp,random,3,130,0.07142857142857142,97.10000000000005,0,0.0,29,0.29,100,0.008158966763876379,13037
hnp,random,3,131,0.07092198581560284,97.60000000000002,0,0.0,24,0.24,100,0.008601945873815567,13137
hnp,random,3,132,0.07042253521126761,97.20000000000005,0,0.0,28,0.28,100,0.010569587901700287,13237
hnp,random,3,133,0.06993006993006992,96.90000000000003,0,0.0,31,0.31,100,0.012740862709470092,13337
hnp,random,3,134,0.06944444444444445,92.0,2,0.02,42,0.42,100,0.010051533575169741,13437
hnp,random,3,135,0.06896551724137931,96.40000000000006,0,0.0,36,0.36,100,0.009074011025950313,13537
hnp,random,3,136,0.0684931506849315,95.10000000000005,1,0.01,30,0.3,100,0.009072928535752,13637
hnp,random,3,137,0.06802721088435375,96.90000000000003,0,0.0,31,0.31,100,0.009034561165608466,13737
hnp,random,3,138,0.06756756756756756,96.70000000000005,0,0.0,33,0.33,100,0.010822522570379078,13837
hnp,random,3,139,0.06711409395973154,96.60000000000001,0,0.0,34,0.34,100,0.010846846294589341,13937
hnp,random,3,140,0.06666666666666667,96.10000000000004,0,0.0,39,0.39,100,0.011101209269836545,14037
hnp,random,3,141,0.06622516556291391,97.10000000000005,0,0.0,29,0.29,100,0.01026109370170161,14137
hnp,random,3,142,0.06578947368421052,94.80000000000004,1,0.01,32,0.32,100,0.009670310313813388,14237
hnp,random,3,143,0.06535947712418301,95.50000000000003,1,0.01,26,0.26,100,0.008009118284098804,14337
hnp,random,3,144,0.06493506493506493,90.80000000000001,3,0.03,33,0.33,100,0.007827638336457311,14437
hnp,random,3,145,0.06451612903225806,90.80000000000004,3,0.03,34,0.34,100,0.00867979297414422,14537
hnp,random,3,146,0.06410256410256411,93.20000000000002,2,0.02,29,0.29,100,0.008725138721056283,14637
hnp,random,3,147,0.06369426751592357,96.40000000000008,0,0.0,36,0.36,100,0.008872904430609197,14737
hnp,random,3,148,0.06329113924050632,95.50000000000006,0,0.0,45,0.45,100,0.00962727753445506,14837
hnp,random,3,149,0.06289308176100629,97.60000000000005,0,0.0,24,0.24,100,0.009663892793469131,14937
hnp,random,3,150,0.0625,92.70000000000007,2,0.02,34,0.34,100,0.00792231377447024,15037
hnp,random,3,151,0.06211180124223602,96.2,0,0.0,38,0.38,100,0.009319528480991721,15137
hnp,random,3,152,0.0617283950617284,96.70000000000002,0,0.0,33,0.33,100,0.007719867113046348,15237
hnp,random,3,153,0.06134969325153374,96.70000000000007,0,0.0,33,0.33,100,0.008961625196971,15337
hnp,random,3,154,0.06097560975609757,95.70000000000007,0,0.0,43,0.43,100,0.008342677792534232,15437
hnp,random,3,155,0.06060606060606061,97.40000000000006,0,0.0,26,0.26,100,0.016587142129428686,15537
hnp,random,3,156,0.06024096385542168,94.20000000000002,2,0.02,19,0.19,100,0.012226999029517174,15637
hnp,random,3,157,0.059880239520958084,97.70000000000002,0,0.0,23,0.23,100,0.00993180762976408,15737
hnp,random,3,158,0.05952380952380952,96.20000000000003,0,0.0,38,0.38,100,0.00911706305341795,15837
hnp,random,3,159,0.0591715976331361,95.00000000000006,1,0.01,31,0.31,100,0.007199510897044093,15937
hnp,random,3,160,0.058823529411764705,97.9,0,0.0,21,0.21,100,0.009101791887078435,16037
hnp,random,3,161,0.05847953216374269,96.50000000000003,0,0.0,35,0.35,100,0.007612047852016985,16137
hnp,random,3,162,0.05813953488372093,96.30000000000007,0,0.0,37,0.37,100,0.008638396360911429,16237
hnp,random,3,163,0.057803468208092484,95.30000000000007,1,0.01,28,0.28,100,0.00823848219588399,16337
hnp,random,3,164,0.0574712643678161,97.00000000000003,0,0.0,30,0.3,100,0.00788489358033985,16437
hnp,random,3,165,0.05714285714285714,97.5,0,0.0,25,0.25,100,0.01056026513222605,16537
hnp,random,3,166,0.056818181818181816,95.30000000000005,1,0.01,27,0.27,100,0.008916521919891238,16637
hnp,random,3,167,0.05649717514124294,90.80000000000001,3,0.03,35,0.35,100,0.006846090753097087,16737
hnp,random,3,168,0.056179775280898875,96.70000000000005,0,0.0,33,0.33,100,0.008828727880027145,16837
hnp,random,3,169,0.0558659217877095,95.80000000000008,1,0.01,23,0.23,100,0.007676921444945037,16937
hnp,random,3,170,0.05555555555555555,96.80000000000003,0,0.0,32,0.32,100,0.007870759917423129,17037
hnp,random,3,171,0.055248618784530384,95.50000000000003,1,0.01,25,0.25,100,0.008573753170203417,17137
hnp,random,3,172,0.054945054945054944,93.19999999999999,2,0.02,30,0.3,100,0.008964988933876157,17237
hnp,random,3,173,0.0546448087431694,97.10000000000002,0,0.0,29,0.29,100,0.009207429885864258,17337
hnp,random,3,174,0.05434782608695653,92.10000000000004,2,0.02,41,0.41,100,0.009762148831505328,17437
hnp,random,3,175,0.05405405405405406,87.30000000000001,5,0.05,31,0.31,100,0.009370083392132073,17537
hnp,random,3,176,0.05376344086021505,95.10000000000002,1,0.01,30,0.3,100,0.008918349798768758,17637
hnp,random,3,177,0.053475935828877004,96.40000000000006,0,0.0,36,0.36,100,0.00994248267961666,17737
hnp,random,3,178,0.05319148936170213,94.50000000000004,1,0.01,36,0.36,100,0.009060809789225459,17837
hnp,random,3,179,0.052910052910052914,93.20000000000005,2,0.02,29,0.29,100,0.006787511836737394,17937
hnp,random,3,180,0.05263157894736842,94.10000000000005,1,0.01,40,0.4,100,0.008133386503905058,18037
hnp,random,3,181,0.05235602094240837,96.00000000000006,0,0.0,40,0.4,100,0.009726767635438591,18137
hnp,random,3,182,0.052083333333333336,95.20000000000005,1,0.01,29,0.29,100,0.009212123397737741,18237
hnp,random,3,183,0.05181347150259067,95.40000000000003,1,0.01,26,0.26,100,0.007833982438314705,18337
hnp,random,3,184,0.051546391752577324,94.80000000000001,1,0.01,33,0.33,100,0.008590300688520075,18437
hnp,random,3,185,0.05128205128205128,94.00000000000009,1,0.01,41,0.41,100,0.008686331959906965,18537
hnp,random,3,186,0.0510204081632653,96.20000000000006,0,0.0,38,0.38,100,0.008920047848951071,18637
hnp,random,3,187,0.050761421319796954,95.70000000000002,1,0.01,23,0.23,100,0.00848323142156005,18737
hnp,random,3,188,0.050505050505050504,96.20000000000002,0,0.0,38,0.38,100,0.0072196720028296114,18837
hnp,random,3,189,0.05025125628140704,97.40000000000006,0,0.0,26,0.26,100,0.008354488043114543,18937
hnp,random,3,190,0.05,93.90000000000002,1,0.01,42,0.42,100,0.009954392560757697,19037
hnp,random,3,191,0.04975124378109452,94.90000000000003,1,0.01,32,0.32,100,0.00701154209440574,19137
hnp,random,3,192,0.04950495049504951,96.40000000000006,1,0.01,17,0.17,100,0.008645681547932327,19237
hnp,random,3,193,0.04926108374384236,97.20000000000007,0,0.0,28,0.28,100,0.008235281852539628,19337
hnp,random,3,194,0.04901960784313726,94.20000000000007,1,0.01,39,0.39,100,0.007804162013344467,19437
hnp,random,3,195,0.04878048780487805,97.00000000000003,0,0.0,30,0.3,100,0.008562828856520354,19537
hnp,random,3,196,0.04854368932038835,95.00000000000003,1,0.01,31,0.31,100,0.007896501161158085,19637
hnp,random,3,197,0.04830917874396135,97.60000000000002,0,0.0,24,0.24,100,0.007772934401873499,19737
hnp,random,3,198,0.04807692307692307,93.80000000000001,1,0.01,43,0.43,100,0.00869275924284011,19837
hnp,random,3,199,0.04784688995215311,95.20000000000002,1,0.01,29,0.29,100,0.007784685078077018,19937
hnp,random,4,0,1.0,71.79999999999997,10,0.1,91,0.91,100,0.16834634497157624,37
hnp,random,4,1,0.9090909090909091,68.39999999999995,12,0.12,87,0.87,100,0.05435066055506468,137
hnp,random,4,2,0.8333333333333334,69.79999999999997,11,0.11,90,0.9,100,0.039720640294253824,237
hnp,random,4,3,0.7692307692307692,69.19999999999996,12,0.12,78,0.78,100,0.021417027963325383,337
hnp,random,4,4,0.7142857142857143,75.80000000000001,8,0.08,89,0.89,100,0.018138364953920245,437
hnp,random,4,5,0.6666666666666666,79.90000000000003,6,0.06,86,0.86,100,0.01099637501873076,537
hnp,random,4,6,0.625,78.50000000000003,7,0.07,82,0.82,100,0.008169082389213145,637
hnp,random,4,7,0.5882352941176471,72.79999999999998,10,0.1,78,0.78,100,0.006167134838178754,737
hnp,random,4,8,0.5555555555555556,80.90000000000002,6,0.06,77,0.77,100,0.004708544816821814,837
hnp,random,4,9,0.5263157894736842,82.70000000000005,5,0.05,78,0.78,100,0.0052675243862904605,937
hnp,random,4,10,0.5,82.30000000000005,5,0.05,81,0.81,100,0.004811611075419933,1037
hnp,random,4,11,0.47619047619047616,82.50000000000004,5,0.05,80,0.8,100,0.004163046914618463,1137
hnp,random,4,12,0.45454545454545453,84.70000000000003,4,0.04,77,0.77,100,0.005017824918031693,1237
hnp,random,4,13,0.4347826086956522,76.6,8,0.08,81,0.81,100,0.0059121918934397395,1337
hnp,random,4,14,0.4166666666666667,75.0,9,0.09,76,0.76,100,0.007699049352668226,1437
hnp,random,4,15,0.4,86.60000000000007,3,0.03,77,0.77,100,0.005430139878299088,1537
hnp,random,4,16,0.3846153846153846,88.40000000000003,3,0.03,59,0.59,100,0.005596885310951621,1637
hnp,random,4,17,0.37037037037037035,86.70000000000003,3,0.03,76,0.76,100,0.0066989441588521,1737
hnp,random,4,18,0.35714285714285715,85.10000000000005,4,0.04,73,0.73,100,0.005739294909872115,1837
hnp,random,4,19,0.3448275862068966,81.10000000000002,6,0.06,74,0.74,100,0.005846300688572228,1937
hnp,random,4,20,0.3333333333333333,87.60000000000002,3,0.03,67,0.67,100,0.006384352569002658,2037
hnp,random,4,21,0.3225806451612903,73.09999999999998,10,0.1,76,0.76,100,0.005876268486026674,2137
hnp,random,4,22,0.3125,73.79999999999998,10,0.1,69,0.69,100,0.017244366696104407,2237
hnp,random,4,23,0.30303030303030304,82.10000000000005,6,0.06,65,0.65,100,0.031889342349022624,2337
hnp,random,4,24,0.29411764705882354,81.00000000000003,6,0.06,75,0.75,100,0.00754687272477895,2437
hnp,random,4,25,0.2857142857142857,85.20000000000003,4,0.04,72,0.72,100,0.00647804242791608,2537
hnp,random,4,26,0.2777777777777778,87.60000000000004,3,0.03,67,0.67,100,0.005866992629598826,2637
hnp,random,4,27,0.27027027027027023,83.80000000000005,5,0.05,67,0.67,100,0.006217706750612706,2737
hnp,random,4,28,0.2631578947368421,83.40000000000002,5,0.05,70,0.7,100,0.007630640720017254,2837
hnp,random,4,29,0.25641025641025644,83.80000000000004,5,0.05,67,0.67,100,0.005889276275411248,2937
hnp,random,4,30,0.25,92.00000000000007,1,0.01,61,0.61,100,0.00663561238674447,3037
hnp,random,4,31,0.24390243902439027,82.10000000000002,6,0.06,62,0.62,100,0.0059305511275306345,3137
hnp,random,4,32,0.23809523809523808,86.00000000000004,4,0.04,64,0.64,100,0.00656068401876837,3237
hnp,random,4,33,0.23255813953488372,91.40000000000009,1,0.01,67,0.67,100,0.006628295632544905,3337
hnp,random,4,34,0.22727272727272727,89.70000000000009,2,0.02,65,0.65,100,0.007557146274484694,3437
hnp,random,4,35,0.2222222222222222,94.1000000000001,0,0.0,59,0.59,100,0.007910604106727987,3537
hnp,random,4,36,0.2173913043478261,87.90000000000003,3,0.03,63,0.63,100,0.007302681778091937,3637
hnp,random,4,37,0.2127659574468085,92.00000000000009,1,0.01,61,0.61,100,0.006810811501927674,3737
hnp,random,4,38,0.20833333333333334,85.6,5,0.05,49,0.49,100,0.008030425610486417,3837
hnp,random,4,39,0.2040816326530612,92.50000000000006,1,0.01,56,0.56,100,0.00796105019748211,3937
hnp,random,4,40,0.2,85.0,5,0.05,55,0.55,100,0.00699428791878745,4037
hnp,random,4,41,0.19607843137254904,92.00000000000009,1,0.01,61,0.61,100,0.007796129279304296,4137
hnp,random,4,42,0.1923076923076923,87.00000000000004,4,0.04,53,0.53,100,0.006833021030761301,4237
hnp,random,4,43,0.18867924528301888,92.10000000000002,1,0.01,60,0.6,100,0.008815969463903457,4337
hnp,random,4,44,0.18518518518518517,92.30000000000004,1,0.01,58,0.58,100,0.007815437209792435,4437
hnp,random,4,45,0.18181818181818182,89.90000000000005,2,0.02,63,0.63,100,0.007784862404223531,4537
hnp,random,4,46,0.17857142857142858,92.60000000000008,1,0.01,54,0.54,100,0.00904539342969656,4637
hnp,random,4,47,0.17543859649122806,90.70000000000005,2,0.02,54,0.54,100,0.008650026612449437,4737
hnp,random,4,48,0.1724137931034483,84.10000000000002,5,0.05,62,0.62,100,0.009629444244783372,4837
hnp,random,4,49,0.1694915254237288,89.20000000000002,3,0.03,50,0.5,100,0.009194884463213385,4937
hnp,random,4,50,0.16666666666666666,94.50000000000007,0,0.0,55,0.55,100,0.010584590705111623,5037
hnp,random,4,51,0.1639344262295082,83.50000000000003,6,0.06,50,0.5,100,0.008488485252019017,5137
hnp,random,4,52,0.16129032258064516,91.10000000000005,2,0.02,51,0.51,100,0.010252244740258902,5237
hnp,random,4,53,0.15873015873015872,90.20000000000007,2,0.02,59,0.59,100,0.007750270527321845,5337
hnp,random,4,54,0.15625,94.00000000000009,0,0.0,60,0.6,100,0.009139088257215917,5437
hnp,random,4,55,0.15384615384615385,90.40000000000005,2,0.02,58,0.58,100,0.008194829784333706,5537
hnp,random,4,56,0.15151515151515152,87.90000000000006,3,0.03,64,0.64,100,0.01176211387384683,5637
hnp,random,4,57,0.14925373134328357,92.70000000000005,1,0.01,54,0.54,100,0.007255312677007169,5737
hnp,random,4,58,0.14705882352941177,93.20000000000007,1,0.01,49,0.49,100,0.011889321389608085,5837
hnp,random,4,59,0.14492753623188406,94.80000000000007,0,0.0,52,0.52,100,0.00840530316811055,5937
hnp,random,4,60,0.14285714285714285,92.70000000000009,1,0.01,54,0.54,100,0.006946836079005152,6037
hnp,random,4,61,0.14084507042253522,95.50000000000007,0,0.0,45,0.45,100,0.009367448857519776,6137
hnp,random,4,62,0.1388888888888889,93.40000000000005,1,0.01,47,0.47,100,0.008513551778160036,6237
hnp,random,4,63,0.136986301369863,91.10000000000005,2,0.02,51,0.51,100,0.0078002178436145184,6337
hnp,random,4,64,0.13513513513513511,89.40000000000006,3,0.03,49,0.49,100,0.010223165284842253,6437
hnp,random,4,65,0.13333333333333333,92.20000000000002,2,0.02,39,0.39,100,0.006952120715286583,6537
hnp,random,4,66,0.13157894736842105,95.70000000000007,0,0.0,43,0.43,100,0.007413871285971254,6637
hnp,random,4,67,0.12987012987012986,90.10000000000002,2,0.02,60,0.6,100,0.009508344414643943,6737
hnp,random,4,68,0.12820512820512822,92.40000000000008,1,0.01,56,0.56,100,0.007634451505728066,6837
hnp,random,4,69,0.12658227848101264,93.10000000000007,1,0.01,50,0.5,100,0.00735390919726342,6937
hnp,random,4,70,0.125,91.00000000000009,2,0.02,52,0.52,100,0.007654444037470966,7037
hnp,random,4,71,0.1234567901234568,96.00000000000006,0,0.0,40,0.4,100,0.008725855753291399,7137
hnp,random,4,72,0.12195121951219513,92.40000000000003,1,0.01,57,0.57,100,0.009448837195523084,7237
hnp,random,4,73,0.12048192771084336,90.60000000000005,2,0.02,56,0.56,100,0.008906276600901037,7337
hnp,random,4,74,0.11904761904761904,95.80000000000003,0,0.0,42,0.42,100,0.008455056045204402,7437
hnp,random,4,75,0.11764705882352941,89.30000000000004,3,0.03,50,0.5,100,0.00841724371071905,7537
hnp,random,4,76,0.11627906976744186,91.30000000000007,2,0.02,49,0.49,100,0.008593158167786896,7637
hnp,random,4,77,0.1149425287356322,94.80000000000001,0,0.0,52,0.52,100,0.0077424657787196335,7737
hnp,random,4,78,0.11363636363636363,89.80000000000001,3,0.03,44,0.44,100,0.009771683183498681,7837
hnp,random,4,79,0.11235955056179775,95.30000000000007,0,0.0,47,0.47,100,0.00833662526216358,7937
hnp,random,4,80,0.1111111111111111,93.60000000000005,1,0.01,45,0.45,100,0.007600533526856452,8037
hnp,random,4,81,0.10989010989010989,93.10000000000005,1,0.01,49,0.49,100,0.007685885527171195,8137
hnp,random,4,82,0.10869565217391305,90.40000000000006,2,0.02,58,0.58,100,0.008375240415334701,8237
hnp,random,4,83,0.1075268817204301,91.90000000000003,2,0.02,43,0.43,100,0.007918242004234344,8337
hnp,random,4,84,0.10638297872340426,96.30000000000003,0,0.0,37,0.37,100,0.009094238127581776,8437
hnp,random,4,85,0.10526315789473684,93.80000000000004,1,0.01,43,0.43,100,0.00667564952513203,8537
hnp,random,4,86,0.10416666666666667,90.7,2,0.02,55,0.55,100,0.008396861103828996,8637
hnp,random,4,87,0.10309278350515465,93.40000000000008,1,0.01,47,0.47,100,0.008052380138542503,8737
hnp,random,4,88,0.1020408163265306,95.50000000000011,0,0.0,45,0.45,100,0.008308974516112358,8837
hnp,random,4,89,0.10101010101010101,93.60000000000005,1,0.01,45,0.45,100,0.006728308964520693,8937
hnp,random,4,90,0.1,93.5000000000001,1,0.01,46,0.46,100,0.00725470039062202,9037
hnp,random,4,91,0.09900990099009901,92.80000000000007,2,0.02,34,0.34,100,0.00879282151348889,9137
hnp,random,4,92,0.09803921568627452,96.00000000000009,0,0.0,40,0.4,100,0.008510843722615392,9237
hnp,random,4,93,0.0970873786407767,95.1000000000001,0,0.0,49,0.49,100,0.010557402451522648,9337
hnp,random,4,94,0.09615384615384615,93.90000000000005,1,0.01,42,0.42,100,0.009545485307462513,9437
hnp,random,4,95,0.09523809523809523,93.60000000000002,1,0.01,45,0.45,100,0.009256871489342303,9537
hnp,random,4,96,0.09433962264150944,90.10000000000004,3,0.03,42,0.42,100,0.007603037701919675,9637
hnp,random,4,97,0.09345794392523366,92.50000000000006,1,0.01,56,0.56,100,0.007367173172533512,9737
hnp,random,4,98,0.09259259259259259,88.40000000000002,4,0.04,40,0.4,100,0.008566304915584624,9837
hnp,random,4,99,0.09174311926605504,91.30000000000005,2,0.02,49,0.49,100,0.009281971089076252,9937
hnp,random,4,100,0.09090909090909091,93.30000000000005,1,0.01,47,0.47,100,0.00818919142941013,10037
hnp,random,4,101,0.0900900900900901,93.20000000000005,1,0.01,49,0.49,100,0.008147911224514246,10137
hnp,random,4,102,0.08928571428571429,90.10000000000008,2,0.02,60,0.6,100,0.008303011057432742,10237
hnp,random,4,103,0.08849557522123894,93.50000000000007,1,0.01,46,0.46,100,0.009216793079394848,10337
hnp,random,4,104,0.08771929824561403,92.00000000000004,2,0.02,42,0.42,100,0.0075278685730881985,10437
hnp,random,4,105,0.08695652173913043,95.70000000000006,0,0.0,43,0.43,100,0.009022968106437474,10537
hnp,random,4,106,0.08620689655172414,94.70000000000002,1,0.01,34,0.34,100,0.009526107818819582,10637
hnp,random,4,107,0.08547008547008547,94.30000000000004,1,0.01,37,0.37,100,0.008660599414724857,10737
hnp,random,4,108,0.0847457627118644,95.30000000000005,0,0.0,47,0.47,100,0.007998179029673338,10837
hnp,random,4,109,0.08403361344537814,93.60000000000007,1,0.01,45,0.45,100,0.00786506684264168,10937
hnp,random,4,110,0.08333333333333333,93.80000000000004,1,0.01,43,0.43,100,0.007736368442419916,11037
hnp,random,4,111,0.08264462809917356,96.50000000000006,0,0.0,35,0.35,100,0.007149523405823857,11137
hnp,random,4,112,0.0819672131147541,94.80000000000004,1,0.01,33,0.33,100,0.011241861586458981,11237
hnp,random,4,113,0.08130081300813008,96.30000000000004,0,0.0,37,0.37,100,0.01200446214992553,11337
hnp,random,4,114,0.08064516129032258,95.30000000000001,1,0.01,28,0.28,100,0.006888037377502769,11437
hnp,random,4,115,0.08,96.10000000000008,0,0.0,39,0.39,100,0.00920066739898175,11537
hnp,random,4,116,0.07936507936507936,96.60000000000005,0,0.0,34,0.34,100,0.009104247251525522,11637
hnp,random,4,117,0.07874015748031496,90.80000000000003,3,0.03,34,0.34,100,0.007383100369479507,11737
hnp,random,4,118,0.078125,95.90000000000002,0,0.0,41,0.41,100,0.008016408528201282,11837
hnp,random,4,119,0.07751937984496124,93.60000000000005,1,0.01,45,0.45,100,0.009033456139732152,11937
hnp,random,4,120,0.07692307692307693,96.20000000000007,0,0.0,38,0.38,100,0.00880514454562217,12037
hnp,random,4,121,0.07633587786259542,95.50000000000003,0,0.0,45,0.45,100,0.009311004681512714,12137
hnp,random,4,122,0.07575757575757576,96.50000000000003,0,0.0,35,0.35,100,0.007110680576879531,12237
hnp,random,4,123,0.07518796992481203,96.80000000000004,0,0.0,32,0.32,100,0.007810190860182047,12337
hnp,random,4,124,0.07462686567164178,96.40000000000003,0,0.0,36,0.36,100,0.0072364794020541015,12437
hnp,random,4,125,0.07407407407407407,94.80000000000005,1,0.01,33,0.33,100,0.00691212808014825,12537
hnp,random,4,126,0.07352941176470588,96.70000000000005,0,0.0,33,0.33,100,0.00795673887245357,12637
hnp,random,4,127,0.07299270072992702,95.30000000000004,1,0.01,27,0.27,100,0.008037002366036177,12737
hnp,random,4,128,0.07246376811594203,96.70000000000003,0,0.0,33,0.33,100,0.009758555595763028,12837
hnp,random,4,129,0.07194244604316546,95.40000000000002,0,0.0,46,0.46,100,0.009165100560057909,12937
hnp,random,4,130,0.07142857142857142,97.10000000000005,0,0.0,29,0.29,100,0.009573179550934584,13037
hnp,random,4,131,0.07092198581560284,92.30000000000004,2,0.02,38,0.38,100,0.008634575689211488,13137
hnp,random,4,132,0.07042253521126761,92.60000000000005,2,0.02,35,0.35,100,0.009951285924762488,13237
hnp,random,4,133,0.06993006993006992,94.00000000000003,1,0.01,41,0.41,100,0.009610494780354202,13337
hnp,random,4,134,0.06944444444444445,96.80000000000004,0,0.0,32,0.32,100,0.009008054062724114,13437
hnp,random,4,135,0.06896551724137931,95.50000000000006,0,0.0,45,0.45,100,0.008724222662858666,13537
hnp,random,4,136,0.0684931506849315,92.50000000000003,2,0.02,36,0.36,100,0.010351272188127042,13637
hnp,random,4,137,0.06802721088435375,96.30000000000005,0,0.0,37,0.37,100,0.008612503120675684,13737
hnp,random,4,138,0.06756756756756756,94.60000000000007,1,0.01,34,0.34,100,0.009941086024045944,13837
hnp,random,4,139,0.06711409395973154,86.70000000000002,5,0.05,37,0.37,100,0.008323456454090774,13937
hnp,random,4,140,0.06666666666666667,96.20000000000003,0,0.0,38,0.38,100,0.008591723004356027,14037
hnp,random,4,141,0.06622516556291391,96.40000000000006,0,0.0,36,0.36,100,0.007416146530304104,14137
hnp,random,4,142,0.06578947368421052,93.40000000000003,1,0.01,47,0.47,100,0.009346193098463119,14237
hnp,random,4,143,0.06535947712418301,93.5000000000001,1,0.01,46,0.46,100,0.009417487680912018,14337
hnp,random,4,144,0.06493506493506493,92.40000000000005,2,0.02,37,0.37,100,0.008734754212200642,14437
hnp,random,4,145,0.06451612903225806,93.80000000000003,2,0.02,23,0.23,100,0.009362905831076206,14537
hnp,random,4,146,0.06410256410256411,96.70000000000003,0,0.0,33,0.33,100,0.008992750896140933,14637
hnp,random,4,147,0.06369426751592357,94.30000000000001,1,0.01,38,0.38,100,0.0099399104854092,14737
hnp,random,4,148,0.06329113924050632,96.30000000000004,0,0.0,37,0.37,100,0.010139926129486412,14837
hnp,random,4,149,0.06289308176100629,97.40000000000003,0,0.0,26,0.26,100,0.008865469093434513,14937
hnp,random,4,150,0.0625,95.80000000000004,1,0.01,23,0.23,100,0.007573215891607105,15037
hnp,random,4,151,0.06211180124223602,95.40000000000009,0,0.0,46,0.46,100,0.009060672889463604,15137
hnp,random,4,152,0.0617283950617284,92.20000000000005,2,0.02,40,0.4,100,0.009165521403774619,15237
hnp,random,4,153,0.06134969325153374,89.70000000000002,3,0.03,45,0.45,100,0.007400166841689497,15337
hnp,random,4,154,0.06097560975609757,95.8000000000001,0,0.0,42,0.42,100,0.008710816518869251,15437
hnp,random,4,155,0.06060606060606061,94.8000000000001,0,0.0,52,0.52,100,0.00859941314905882,15537
hnp,random,4,156,0.06024096385542168,92.70000000000007,2,0.02,35,0.35,100,0.007394143082201481,15637
hnp,random,4,157,0.059880239520958084,93.10000000000005,2,0.02,31,0.31,100,0.009251283286139368,15737
hnp,random,4,158,0.05952380952380952,94.40000000000009,1,0.01,37,0.37,100,0.007817204431630672,15837
hnp,random,4,159,0.0591715976331361,94.20000000000003,1,0.01,39,0.39,100,0.0085611600917764,15937
hnp,random,4,160,0.058823529411764705,96.9,0,0.0,31,0.31,100,0.008644610822666437,16037
hnp,random,4,161,0.05847953216374269,94.4,1,0.01,37,0.37,100,0.00912694178521633,16137
hnp,random,4,162,0.05813953488372093,94.80000000000003,1,0.01,33,0.33,100,0.008099701374303549,16237
hnp,random,4,163,0.057803468208092484,95.80000000000004,0,0.0,42,0.42,100,0.00896566606592387,16337
hnp,random,4,164,0.0574712643678161,96.20000000000005,0,0.0,38,0.38,100,0.008969214656390249,16437
hnp,random,4,165,0.05714285714285714,96.40000000000003,0,0.0,36,0.36,100,0.008328209738247097,16537
hnp,random,4,166,0.056818181818181816,96.00000000000006,0,0.0,40,0.4,100,0.008621457535773515,16637
hnp,random,4,167,0.05649717514124294,95.00000000000004,1,0.01,31,0.31,100,0.009814179986715316,16737
hnp,random,4,168,0.056179775280898875,95.40000000000005,1,0.01,27,0.27,100,0.008661392736248672,16837
hnp,random,4,169,0.0558659217877095,96.80000000000001,0,0.0,32,0.32,100,0.007165521695278585,16937
hnp,random,4,170,0.05555555555555555,96.70000000000007,0,0.0,33,0.33,100,0.008385945472400635,17037
hnp,random,4,171,0.055248618784530384,97.30000000000001,0,0.0,27,0.27,100,0.007297237834427506,17137
hnp,random,4,172,0.054945054945054944,94.70000000000007,1,0.01,34,0.34,100,0.007838495625182986,17237
hnp,random,4,173,0.0546448087431694,95.70000000000007,0,0.0,43,0.43,100,0.0094771508872509,17337
hnp,random,4,174,0.05434782608695653,97.60000000000005,0,0.0,24,0.24,100,0.007848968592006712,17437
hnp,random,4,175,0.05405405405405406,94.60000000000004,1,0.01,35,0.35,100,0.011433409876190126,17537
hnp,random,4,176,0.05376344086021505,97.00000000000009,0,0.0,30,0.3,100,0.00870346425799653,17637
hnp,random,4,177,0.053475935828877004,94.30000000000003,1,0.01,38,0.38,100,0.008796949493698776,17737
hnp,random,4,178,0.05319148936170213,97.60000000000002,0,0.0,24,0.24,100,0.008347746906802058,17837
hnp,random,4,179,0.052910052910052914,97.40000000000003,0,0.0,26,0.26,100,0.008076686260756106,17937
hnp,random,4,180,0.05263157894736842,96.60000000000005,0,0.0,34,0.34,100,0.007486081512179226,18037
hnp,random,4,181,0.05235602094240837,94.80000000000004,1,0.01,33,0.33,100,0.00804567512124777,18137
hnp,random,4,182,0.052083333333333336,95.90000000000002,1,0.01,22,0.22,100,0.008682670476846397,18237
hnp,random,4,183,0.05181347150259067,94.40000000000003,1,0.01,37,0.37,100,0.0075354814273305235,18337
hnp,random,4,184,0.051546391752577324,96.20000000000005,0,0.0,38,0.38,100,0.007455608055461198,18437
hnp,random,4,185,0.05128205128205128,93.20000000000002,2,0.02,29,0.29,100,0.007916695151943714,18537
hnp,random,4,186,0.0510204081632653,97.30000000000005,0,0.0,27,0.27,100,0.008434753445908428,18637
hnp,random,4,187,0.050761421319796954,96.70000000000005,0,0.0,33,0.33,100,0.007318754503503441,18737
hnp,random,4,188,0.050505050505050504,93.30000000000004,2,0.02,28,0.28,100,0.00628078579204157,18837
hnp,random,4,189,0.05025125628140704,95.50000000000003,1,0.01,26,0.26,100,0.008640555094461887,18937
hnp,random,4,190,0.05,92.80000000000007,2,0.02,33,0.33,100,0.00835100064985454,19037
hnp,random,4,191,0.04975124378109452,97.40000000000003,0,0.0,26,0.26,100,0.008284502553287894,19137
hnp,random,4,192,0.04950495049504951,96.90000000000003,0,0.0,31,0.31,100,0.008582899200264364,19237
hnp,random,4,193,0.04926108374384236,97.90000000000005,0,0.0,21,0.21,100,0.0074936473346315325,19337
hnp,random,4,194,0.04901960784313726,96.50000000000006,0,0.0,35,0.35,100,0.007911995118483901,19437
hnp,random,4,195,0.04878048780487805,96.60000000000007,0,0.0,34,0.34,100,0.007463216630276293,19537
hnp,random,4,196,0.04854368932038835,96.90000000000003,0,0.0,31,0.31,100,0.007266731685958803,19637
hnp,random,4,197,0.04830917874396135,96.70000000000003,0,0.0,33,0.33,100,0.007994547081179916,19737
hnp,random,4,198,0.04807692307692307,97.90000000000006,0,0.0,21,0.21,100,0.008118678580503911,19837
hnp,random,4,199,0.04784688995215311,97.00000000000003,0,0.0,30,0.3,100,0.008544673530850559,19937
hnp,random,5,0,1.0,73.79999999999998,9,0.09,91,0.91,100,0.22552815200509252,37
hnp,random,5,1,0.9090909090909091,66.49999999999994,13,0.13,84,0.84,100,0.058633142039179804,137
hnp,random,5,2,0.8333333333333334,64.99999999999994,14,0.14,83,0.83,100,0.04451242024078965,237
hnp,random,5,3,0.7692307692307692,75.69999999999999,8,0.08,91,0.91,100,0.025565277338027954,337
hnp,random,5,4,0.7142857142857143,71.99999999999999,10,0.1,87,0.87,100,0.01521247623488307,437
hnp,random,5,5,0.6666666666666666,80.20000000000003,6,0.06,82,0.82,100,0.007451785230077803,537
hnp,random,5,6,0.625,75.6,8,0.08,92,0.92,100,0.005253857674542815,637
hnp,random,5,7,0.5882352941176471,82.50000000000001,5,0.05,80,0.8,100,0.0045181041490286586,737
hnp,random,5,8,0.5555555555555556,88.50000000000006,2,0.02,77,0.77,100,0.005270570381544531,837
hnp,random,5,9,0.5263157894736842,76.00000000000001,8,0.08,86,0.86,100,0.004604499967535957,937
hnp,random,5,10,0.5,86.00000000000003,3,0.03,82,0.82,100,0.006132752746343613,1037
hnp,random,5,11,0.47619047619047616,82.70000000000003,5,0.05,78,0.78,100,0.0049511333811096845,1137
hnp,random,5,12,0.45454545454545453,88.80000000000007,2,0.02,74,0.74,100,0.009525976991280913,1237
hnp,random,5,13,0.4347826086956522,82.00000000000003,6,0.06,65,0.65,100,0.009084897565189749,1337
hnp,random,5,14,0.4166666666666667,85.20000000000005,4,0.04,71,0.71,100,0.006717810786794871,1437
hnp,random,5,15,0.4,81.39999999999999,6,0.06,71,0.71,100,0.005487228082492948,1537
hnp,random,5,16,0.3846153846153846,85.80000000000004,4,0.04,65,0.65,100,0.004233712672721594,1637
hnp,random,5,17,0.37037037037037035,82.50000000000004,5,0.05,79,0.79,100,0.0056973881088197235,1737
hnp,random,5,18,0.35714285714285715,86.40000000000003,3,0.03,79,0.79,100,0.006748245607595891,1837
hnp,random,5,19,0.3448275862068966,86.50000000000007,3,0.03,76,0.76,100,0.005032056251075119,1937
hnp,random,5,20,0.3333333333333333,80.20000000000002,7,0.07,64,0.64,100,0.005681406708899886,2037
hnp,random,5,21,0.3225806451612903,77.50000000000003,8,0.08,72,0.72,100,0.00531767464010045,2137
hnp,random,5,22,0.3125,76.90000000000002,8,0.08,78,0.78,100,0.0053390423185192045,2237
hnp,random,5,23,0.30303030303030304,82.10000000000005,6,0.06,65,0.65,100,0.006376679197419435,2337
hnp,random,5,24,0.29411764705882354,85.00000000000006,4,0.04,74,0.74,100,0.00606471041450277,2437
hnp,random,5,25,0.2857142857142857,84.90000000000003,4,0.04,75,0.75,100,0.007592833302915096,2537
hnp,random,5,26,0.2777777777777778,80.30000000000003,7,0.07,62,0.62,100,0.006708626647014171,2637
hnp,random,5,27,0.27027027027027023,90.00000000000004,2,0.02,62,0.62,100,0.008194709799718113,2737
hnp,random,5,28,0.2631578947368421,90.7,2,0.02,55,0.55,100,0.006847682297229767,2837
hnp,random,5,29,0.25641025641025644,89.10000000000007,2,0.02,70,0.7,100,0.008148470460437238,2937
hnp,random,5,30,0.25,91.80000000000004,1,0.01,63,0.63,100,0.006080386675894261,3037
hnp,random,5,31,0.24390243902439027,84.90000000000006,5,0.05,55,0.55,100,0.007047614031471312,3137
hnp,random,5,32,0.23809523809523808,90.70000000000006,2,0.02,55,0.55,100,0.007170946970582008,3237
hnp,random,5,33,0.23255813953488372,82.39999999999999,6,0.06,61,0.61,100,0.012222384135238826,3337
hnp,random,5,34,0.22727272727272727,89.40000000000008,2,0.02,67,0.67,100,0.01422730484744534,3437
hnp,random,5,35,0.2222222222222222,92.40000000000005,1,0.01,56,0.56,100,0.013053496486973017,3537
hnp,random,5,36,0.2173913043478261,86.90000000000005,3,0.03,74,0.74,100,0.011684123831801117,3637
hnp,random,5,37,0.2127659574468085,89.10000000000005,2,0.02,71,0.71,100,0.010504307388328016,3737
hnp,random,5,38,0.20833333333333334,89.50000000000003,2,0.02,67,0.67,100,0.008899616291746498,3837
hnp,random,5,39,0.2040816326530612,88.30000000000005,3,0.03,60,0.6,100,0.009823631918989122,3937
hnp,random,5,40,0.2,89.20000000000005,2,0.02,70,0.7,100,0.007761481686029584,4037
hnp,random,5,41,0.19607843137254904,87.70000000000003,3,0.03,66,0.66,100,0.006784973316825926,4137
hnp,random,5,42,0.1923076923076923,89.80000000000005,3,0.03,45,0.45,100,0.009947666400112212,4237
hnp,random,5,43,0.18867924528301888,94.40000000000003,0,0.0,56,0.56,100,0.006950417722109705,4337
hnp,random,5,44,0.18518518518518517,91.10000000000007,2,0.02,50,0.5,100,0.007507567079737782,4437
hnp,random,5,45,0.18181818181818182,92.6,1,0.01,55,0.55,100,0.009881000930909068,4537
hnp,random,5,46,0.17857142857142858,90.20000000000007,2,0.02,60,0.6,100,0.008563648560084403,4637
hnp,random,5,47,0.17543859649122806,82.90000000000003,6,0.06,54,0.54,100,0.00870456418953836,4737
hnp,random,5,48,0.1724137931034483,93.00000000000004,1,0.01,51,0.51,100,0.007568072818685323,4837
hnp,random,5,49,0.1694915254237288,94.20000000000005,0,0.0,58,0.58,100,0.00834248716244474,4937
hnp,random,5,50,0.16666666666666666,88.50000000000007,3,0.03,58,0.58,100,0.009857919136993586,5037
hnp,random,5,51,0.1639344262295082,91.10000000000004,2,0.02,51,0.51,100,0.008081311546266078,5137
hnp,random,5,52,0.16129032258064516,89.00000000000003,3,0.03,52,0.52,100,0.007327213841490448,5237
hnp,random,5,53,0.15873015873015872,93.30000000000004,1,0.01,47,0.47,100,0.007957230855245143,5337
hnp,random,5,54,0.15625,87.30000000000005,4,0.04,51,0.51,100,0.007569769569672644,5437
hnp,random,5,55,0.15384615384615385,89.4,3,0.03,49,0.49,100,0.008722688287962228,5537
hnp,random,5,56,0.15151515151515152,87.30000000000003,4,0.04,51,0.51,100,0.008102770252153278,5637
hnp,random,5,57,0.14925373134328357,93.30000000000007,1,0.01,48,0.48,100,0.008268016369547694,5737
hnp,random,5,58,0.14705882352941177,92.6000000000001,1,0.01,55,0.55,100,0.010288889133371414,5837
hnp,random,5,59,0.14492753623188406,95.60000000000002,0,0.0,44,0.44,100,0.008420216720551252,5937
hnp,random,5,60,0.14285714285714285,88.7000000000001,3,0.03,55,0.55,100,0.011341604269109667,6037
hnp,random,5,61,0.14084507042253522,93.50000000000001,1,0.01,46,0.46,100,0.008921185117214918,6137
hnp,random,5,62,0.1388888888888889,90.50000000000001,3,0.03,37,0.37,100,0.00884923609206453,6237
hnp,random,5,63,0.136986301369863,93.90000000000006,1,0.01,42,0.42,100,0.009912288184277713,6337
hnp,random,5,64,0.13513513513513511,90.80000000000008,2,0.02,54,0.54,100,0.00893345160409808,6437
hnp,random,5,65,0.13333333333333333,92.80000000000007,1,0.01,53,0.53,100,0.008309427769854666,6537
hnp,random,5,66,0.13157894736842105,92.40000000000008,1,0.01,57,0.57,100,0.0092297169752419,6637
hnp,random,5,67,0.12987012987012986,91.50000000000001,2,0.02,47,0.47,100,0.008555165326688438,6737
hnp,random,5,68,0.12820512820512822,91.70000000000002,2,0.02,45,0.45,100,0.008888416406698525,6837
hnp,random,5,69,0.12658227848101264,89.60000000000005,3,0.03,47,0.47,100,0.0089800821011886,6937
hnp,random,5,70,0.125,94.00000000000004,1,0.01,41,0.41,100,0.008530256361700595,7037
hnp,random,5,71,0.1234567901234568,94.70000000000005,0,0.0,53,0.53,100,0.008362246777396649,7137
hnp,random,5,72,0.12195121951219513,91.3,2,0.02,49,0.49,100,0.009090944691561163,7237
hnp,random,5,73,0.12048192771084336,84.90000000000005,5,0.05,56,0.56,100,0.008932906207628549,7337
hnp,random,5,74,0.11904761904761904,95.40000000000006,0,0.0,46,0.46,100,0.007947914060205221,7437
hnp,random,5,75,0.11764705882352941,93.00000000000007,1,0.01,51,0.51,100,0.010490358117967844,7537
hnp,random,5,76,0.11627906976744186,94.40000000000003,1,0.01,37,0.37,100,0.009094960873480886,7637
hnp,random,5,77,0.1149425287356322,95.10000000000005,1,0.01,30,0.3,100,0.009782516132108867,7737
hnp,random,5,78,0.11363636363636363,93.10000000000005,1,0.01,50,0.5,100,0.010275900717824698,7837
hnp,random,5,79,0.11235955056179775,89.10000000000004,3,0.03,52,0.52,100,0.010393217606469989,7937
hnp,random,5,80,0.1111111111111111,91.80000000000004,2,0.02,44,0.44,100,0.008698835824616254,8037
hnp,random,5,81,0.10989010989010989,88.60000000000005,3,0.03,57,0.57,100,0.009632112053222954,8137
hnp,random,5,82,0.10869565217391305,91.90000000000006,2,0.02,43,0.43,100,0.009937929706647992,8237
hnp,random,5,83,0.1075268817204301,94.50000000000007,0,0.0,55,0.55,100,0.01108580206753686,8337
hnp,random,5,84,0.10638297872340426,94.1,1,0.01,40,0.4,100,0.01037275031907484,8437
hnp,random,5,85,0.10526315789473684,93.70000000000006,1,0.01,44,0.44,100,0.00893622855655849,8537
hnp,random,5,86,0.10416666666666667,93.90000000000005,1,0.01,42,0.42,100,0.008932269983924926,8637
hnp,random,5,87,0.10309278350515465,90.70000000000002,3,0.03,36,0.36,100,0.010207347865216434,8737
hnp,random,5,88,0.1020408163265306,95.60000000000007,0,0.0,44,0.44,100,0.008734834110364319,8837
hnp,random,5,89,0.10101010101010101,95.70000000000005,0,0.0,43,0.43,100,0.008761995634995402,8937
hnp,random,5,90,0.1,94.70000000000005,0,0.0,53,0.53,100,0.009885173691436648,9037
hnp,random,5,91,0.09900990099009901,90.90000000000006,2,0.02,52,0.52,100,0.00923695252276957,9137
hnp,random,5,92,0.09803921568627452,96.00000000000004,0,0.0,40,0.4,100,0.010693947887048125,9237
hnp,random,5,93,0.0970873786407767,96.40000000000005,0,0.0,36,0.36,100,0.009209557892754674,9337
hnp,random,5,94,0.09615384615384615,87.20000000000005,4,0.04,50,0.5,100,0.009120194804854691,9437
hnp,random,5,95,0.09523809523809523,89.40000000000005,3,0.03,48,0.48,100,0.010541135659441352,9537
hnp,random,5,96,0.09433962264150944,91.30000000000004,2,0.02,48,0.48,100,0.008672614684328436,9637
hnp,random,5,97,0.09345794392523366,94.60000000000005,0,0.0,54,0.54,100,0.009345369539223611,9737
hnp,random,5,98,0.09259259259259259,96.20000000000006,0,0.0,38,0.38,100,0.010392847284674645,9837
hnp,random,5,99,0.09174311926605504,95.70000000000002,0,0.0,43,0.43,100,0.008871023673564196,9937
hnp,random,5,100,0.09090909090909091,91.70000000000007,2,0.02,45,0.45,100,0.009657627483829857,10037
hnp,random,5,101,0.0900900900900901,93.9,1,0.01,42,0.42,100,0.010959983884822578,10137
hnp,random,5,102,0.08928571428571429,96.10000000000008,0,0.0,39,0.39,100,0.008987315353006125,10237
hnp,random,5,103,0.08849557522123894,89.40000000000003,3,0.03,49,0.49,100,0.011959959613159299,10337
hnp,random,5,104,0.08771929824561403,94.30000000000004,1,0.01,37,0.37,100,0.01004751764703542,10437
hnp,random,5,105,0.08695652173913043,96.00000000000003,0,0.0,40,0.4,100,0.008371668502222747,10537
hnp,random,5,106,0.08620689655172414,96.00000000000006,0,0.0,40,0.4,100,0.009913420476950706,10637
hnp,random,5,107,0.08547008547008547,92.20000000000003,2,0.02,40,0.4,100,0.011169700645841657,10737
hnp,random,5,108,0.0847457627118644,94.60000000000002,1,0.01,35,0.35,100,0.011155719268135727,10837
hnp,random,5,109,0.08403361344537814,94.40000000000003,1,0.01,37,0.37,100,0.010729430192150176,10937
hnp,random,5,110,0.08333333333333333,91.30000000000007,2,0.02,48,0.48,100,0.011967118023894727,11037
hnp,random,5,111,0.08264462809917356,91.60000000000005,2,0.02,45,0.45,100,0.010963920503854752,11137
hnp,random,5,112,0.0819672131147541,93.90000000000008,1,0.01,42,0.42,100,0.010124917980283499,11237
hnp,random,5,113,0.08130081300813008,92.30000000000003,2,0.02,39,0.39,100,0.00962707819417119,11337
hnp,random,5,114,0.08064516129032258,96.30000000000004,0,0.0,37,0.37,100,0.010087351207621395,11437
hnp,random,5,115,0.08,96.90000000000006,0,0.0,31,0.31,100,0.008769398697186261,11537
hnp,random,5,116,0.07936507936507936,97.10000000000007,0,0.0,29,0.29,100,0.011547337928786873,11637
hnp,random,5,117,0.07874015748031496,96.30000000000004,0,0.0,37,0.37,100,0.010227094902656973,11737
hnp,random,5,118,0.078125,92.70000000000002,2,0.02,34,0.34,100,0.010202726358547807,11837
hnp,random,5,119,0.07751937984496124,96.50000000000009,0,0.0,35,0.35,100,0.010190367521718145,11937
hnp,random,5,120,0.07692307692307693,93.80000000000005,1,0.01,43,0.43,100,0.008898955043405295,12037
hnp,random,5,121,0.07633587786259542,95.40000000000003,1,0.01,27,0.27,100,0.010242416597902775,12137
hnp,random,5,122,0.07575757575757576,96.3,0,0.0,37,0.37,100,0.01084677585400641,12237
hnp,random,5,123,0.07518796992481203,96.10000000000005,0,0.0,39,0.39,100,0.009607901042327284,12337
hnp,random,5,124,0.07462686567164178,96.00000000000006,0,0.0,40,0.4,100,0.009433568362146616,12437
hnp,random,5,125,0.07407407407407407,95.00000000000003,1,0.01,31,0.31,100,0.009591284492053091,12537
hnp,random,5,126,0.07352941176470588,96.10000000000007,0,0.0,39,0.39,100,0.011077206796035171,12637
hnp,random,5,127,0.07299270072992702,92.50000000000003,2,0.02,37,0.37,100,0.011010276130400598,12737
hnp,random,5,128,0.07246376811594203,95.10000000000005,0,0.0,49,0.49,100,0.009831085223704577,12837
hnp,random,5,129,0.07194244604316546,95.60000000000004,1,0.01,25,0.25,100,0.01120644023641944,12937
hnp,random,5,130,0.07142857142857142,96.70000000000005,0,0.0,33,0.33,100,0.009510841434821487,13037
hnp,random,5,131,0.07092198581560284,89.60000000000004,3,0.03,47,0.47,100,0.011388188400305808,13137
hnp,random,5,132,0.07042253521126761,95.20000000000002,1,0.01,28,0.28,100,0.009586239070631563,13237
hnp,random,5,133,0.06993006993006992,94.00000000000001,1,0.01,41,0.41,100,0.010626997300423682,13337
hnp,random,5,134,0.06944444444444445,96.9,0,0.0,31,0.31,100,0.01152680694591254,13437
hnp,random,5,135,0.06896551724137931,94.30000000000004,1,0.01,38,0.38,100,0.01107734389603138,13537
hnp,random,5,136,0.0684931506849315,95.70000000000007,0,0.0,43,0.43,100,0.010919375598896296,13637
hnp,random,5,137,0.06802721088435375,97.60000000000007,0,0.0,24,0.24,100,0.009343639924190938,13737
hnp,random,5,138,0.06756756756756756,96.40000000000002,0,0.0,36,0.36,100,0.009455459590535611,13837
hnp,random,5,139,0.06711409395973154,96.20000000000005,0,0.0,38,0.38,100,0.00981637136079371,13937
hnp,random,5,140,0.06666666666666667,92.40000000000003,2,0.02,37,0.37,100,0.010019673886708914,14037
hnp,random,5,141,0.06622516556291391,92.50000000000003,2,0.02,36,0.36,100,0.010933910540770739,14137
hnp,random,5,142,0.06578947368421052,95.90000000000005,1,0.01,22,0.22,100,0.009651702619157732,14237
hnp,random,5,143,0.06535947712418301,93.30000000000004,1,0.01,48,0.48,100,0.01173767856322229,14337
hnp,random,5,144,0.06493506493506493,93.70000000000007,1,0.01,44,0.44,100,0.009859790904447436,14437
hnp,random,5,145,0.06451612903225806,92.90000000000005,1,0.01,52,0.52,100,0.012376693980768324,14537
hnp,random,5,146,0.06410256410256411,94.20000000000005,1,0.01,39,0.39,100,0.011722705252468586,14637
hnp,random,5,147,0.06369426751592357,96.10000000000008,0,0.0,39,0.39,100,0.010823117934633046,14737
hnp,random,5,148,0.06329113924050632,96.00000000000009,0,0.0,40,0.4,100,0.012537664384581149,14837
hnp,random,5,149,0.06289308176100629,92.00000000000007,2,0.02,42,0.42,100,0.010287192151881754,14937
hnp,random,5,150,0.0625,96.40000000000003,0,0.0,36,0.36,100,0.011118036732077598,15037
hnp,random,5,151,0.06211180124223602,96.20000000000002,0,0.0,38,0.38,100,0.012464285837486386,15137
hnp,random,5,152,0.0617283950617284,96.40000000000005,0,0.0,36,0.36,100,0.011145926185417921,15237
hnp,random,5,153,0.06134969325153374,93.80000000000007,1,0.01,43,0.43,100,0.01352232061792165,15337
hnp,random,5,154,0.06097560975609757,95.5,1,0.01,25,0.25,100,0.009769995720125735,15437
hnp,random,5,155,0.06060606060606061,96.20000000000002,1,0.01,19,0.19,100,0.010489365046378225,15537
hnp,random,5,156,0.06024096385542168,95.00000000000007,1,0.01,30,0.3,100,0.008270658866968006,15637
hnp,random,5,157,0.059880239520958084,94.30000000000003,1,0.01,37,0.37,100,0.01172045259969309,15737
hnp,random,5,158,0.05952380952380952,97.90000000000003,0,0.0,21,0.21,100,0.008809128925204277,15837
hnp,random,5,159,0.0591715976331361,96.50000000000006,0,0.0,35,0.35,100,0.010324799097143114,15937
hnp,random,5,160,0.058823529411764705,92.70000000000002,2,0.02,35,0.35,100,0.008807551059871912,16037
hnp,random,5,161,0.05847953216374269,95.80000000000007,0,0.0,42,0.42,100,0.009948072079569102,16137
hnp,random,5,162,0.05813953488372093,91.60000000000002,2,0.02,46,0.46,100,0.0097058894764632,16237
hnp,random,5,163,0.057803468208092484,95.89999999999999,1,0.01,22,0.22,100,0.008344966871663927,16337
hnp,random,5,164,0.0574712643678161,95.00000000000007,1,0.01,31,0.31,100,0.008432224802672863,16437
hnp,random,5,165,0.05714285714285714,97.10000000000005,0,0.0,29,0.29,100,0.010115017651114612,16537
hnp,random,5,166,0.056818181818181816,93.80000000000005,1,0.01,43,0.43,100,0.009847440116573125,16637
hnp,random,5,167,0.05649717514124294,94.30000000000005,1,0.01,38,0.38,100,0.009940074994228781,16737
hnp,random,5,168,0.056179775280898875,97.00000000000004,0,0.0,30,0.3,100,0.011042637736536562,16837
hnp,random,5,169,0.0558659217877095,97.00000000000006,0,0.0,30,0.3,100,0.008882074085995555,16937
hnp,random,5,170,0.05555555555555555,92.60000000000005,2,0.02,36,0.36,100,0.009774030852131545,17037
hnp,random,5,171,0.055248618784530384,95.90000000000009,0,0.0,41,0.41,100,0.011179111460223793,17137
hnp,random,5,172,0.054945054945054944,95.90000000000006,0,0.0,41,0.41,100,0.010261531965807081,17237
hnp,random,5,173,0.0546448087431694,97.30000000000004,0,0.0,27,0.27,100,0.010011164033785462,17337
hnp,random,5,174,0.05434782608695653,96.60000000000002,0,0.0,34,0.34,100,0.00920684786979109,17437
hnp,random,5,175,0.05405405405405406,94.90000000000003,1,0.01,32,0.32,100,0.00808111964724958,17537
hnp,random,5,176,0.05376344086021505,93.80000000000004,2,0.02,24,0.24,100,0.00916014647576958,17637
hnp,random,5,177,0.053475935828877004,96.30000000000007,0,0.0,37,0.37,100,0.009277834207750857,17737
hnp,random,5,178,0.05319148936170213,95.9,1,0.01,22,0.22,100,0.008695810737553983,17837
hnp,random,5,179,0.052910052910052914,93.80000000000004,2,0.02,22,0.22,100,0.00784214777406305,17937
hnp,random,5,180,0.05263157894736842,95.40000000000003,1,0.01,27,0.27,100,0.008584278970956802,18037
hnp,random,5,181,0.05235602094240837,94.70000000000005,1,0.01,34,0.34,100,0.0091906842100434,18137
hnp,random,5,182,0.052083333333333336,97.70000000000002,0,0.0,23,0.23,100,0.01113989697303623,18237
hnp,random,5,183,0.05181347150259067,95.30000000000001,1,0.01,28,0.28,100,0.009023405238986015,18337
hnp,random,5,184,0.051546391752577324,95.20000000000005,1,0.01,29,0.29,100,0.008721080285031348,18437
hnp,random,5,185,0.05128205128205128,97.20000000000005,0,0.0,28,0.28,100,0.009402303290553391,18537
hnp,random,5,186,0.0510204081632653,96.10000000000005,0,0.0,39,0.39,100,0.009350641833152621,18637
hnp,random,5,187,0.050761421319796954,94.80000000000004,1,0.01,33,0.33,100,0.011248826738446951,18737
hnp,random,5,188,0.050505050505050504,94.90000000000003,1,0.01,32,0.32,100,0.009656459232792259,18837
hnp,random,5,189,0.05025125628140704,96.00000000000004,0,0.0,40,0.4,100,0.009223634577356279,18937
hnp,random,5,190,0.05,91.30000000000001,3,0.03,30,0.3,100,0.010594264683313669,19037
hnp,random,5,191,0.04975124378109452,97.00000000000006,0,0.0,30,0.3,100,0.009349935413338244,19137
hnp,random,5,192,0.04950495049504951,97.50000000000003,0,0.0,25,0.25,100,0.010020988960750401,19237
hnp,random,5,193,0.04926108374384236,95.50000000000003,1,0.01,26,0.26,100,0.011214219126850366,19337
hnp,random,5,194,0.04901960784313726,95.60000000000005,1,0.01,25,0.25,100,0.010280055508483201,19437
hnp,random,5,195,0.04878048780487805,97.20000000000005,0,0.0,28,0.28,100,0.011951540182344615,19537
hnp,random,5,196,0.04854368932038835,95.30000000000007,1,0.01,28,0.28,100,0.011190796312876046,19637
hnp,random,5,197,0.04830917874396135,93.40000000000006,2,0.02,27,0.27,100,0.012988360319286584,19737
hnp,random,5,198,0.04807692307692307,97.00000000000004,0,0.0,30,0.3,100,0.011124679348431527,19837
hnp,random,5,199,0.04784688995215311,96.10000000000004,0,0.0,39,0.39,100,0.01291730161756277,19937
hnp,random,6,0,1.0,72.39999999999998,10,0.1,83,0.83,100,0.2017506601641307,37
hnp,random,6,1,0.9090909090909091,72.49999999999999,10,0.1,80,0.8,100,0.055426394119858745,137
hnp,random,6,2,0.8333333333333334,72.1,10,0.1,87,0.87,100,0.0342958877235651,237
hnp,random,6,3,0.7692307692307692,58.99999999999994,17,0.17,86,0.86,100,0.021575981359928845,337
hnp,random,6,4,0.7142857142857143,70.49999999999997,11,0.11,85,0.85,100,0.012997567765414714,437
hnp,random,6,5,0.6666666666666666,80.40000000000003,6,0.06,80,0.8,100,0.007966945488005877,537
hnp,random,6,6,0.625,70.59999999999998,11,0.11,83,0.83,100,0.006337403417564929,637
hnp,random,6,7,0.5882352941176471,76.49999999999999,8,0.08,83,0.83,100,0.005825328964274377,737
hnp,random,6,8,0.5555555555555556,80.20000000000003,6,0.06,84,0.84,100,0.00468040672596544,837
hnp,random,6,9,0.5263157894736842,74.79999999999998,9,0.09,80,0.8,100,0.003985906697344035,937
hnp,random,6,10,0.5,82.20000000000003,5,0.05,83,0.83,100,0.005651717460714281,1037
hnp,random,6,11,0.47619047619047616,84.90000000000006,4,0.04,74,0.74,100,0.005421346530783922,1137
hnp,random,6,12,0.45454545454545453,82.10000000000002,5,0.05,83,0.83,100,0.006190556462388486,1237
hnp,random,6,13,0.4347826086956522,78.60000000000001,7,0.07,81,0.81,100,0.005374295522924513,1337
hnp,random,6,14,0.4166666666666667,79.50000000000003,7,0.07,72,0.72,100,0.006431767854373902,1437
hnp,random,6,15,0.4,83.90000000000005,5,0.05,66,0.66,100,0.0063441078830510375,1537
hnp,random,6,16,0.3846153846153846,85.40000000000005,4,0.04,70,0.7,100,0.005611107933800668,1637
hnp,random,6,17,0.37037037037037035,82.80000000000004,5,0.05,76,0.76,100,0.005577615972142667,1737
hnp,random,6,18,0.35714285714285715,84.10000000000007,4,0.04,81,0.81,100,0.006217122105881572,1837
hnp,random,6,19,0.3448275862068966,88.40000000000008,2,0.02,78,0.78,100,0.005060578482225537,1937
hnp,random,6,20,0.3333333333333333,87.60000000000005,3,0.03,67,0.67,100,0.005485407768283039,2037
hnp,random,6,21,0.3225806451612903,87.50000000000004,3,0.03,68,0.68,100,0.008615742214024067,2137
hnp,random,6,22,0.3125,86.90000000000006,3,0.03,74,0.74,100,0.007852988946251572,2237
hnp,random,6,23,0.30303030303030304,89.60000000000005,2,0.02,66,0.66,100,0.00720447778236121,2337
hnp,random,6,24,0.29411764705882354,89.20000000000003,2,0.02,70,0.7,100,0.0070214075059629975,2437
hnp,random,6,25,0.2857142857142857,87.60000000000008,3,0.03,67,0.67,100,0.007089728976134211,2537
hnp,random,6,26,0.2777777777777778,89.20000000000003,2,0.02,70,0.7,100,0.007552638093475252,2637
hnp,random,6,27,0.27027027027027023,81.50000000000001,6,0.06,71,0.71,100,0.007116883352864534,2737
hnp,random,6,28,0.2631578947368421,89.90000000000005,2,0.02,63,0.63,100,0.005891301182564348,2837
hnp,random,6,29,0.25641025641025644,90.60000000000002,2,0.02,56,0.56,100,0.00700294143287465,2937
hnp,random,6,30,0.25,90.40000000000005,2,0.02,57,0.57,100,0.0069767769495956596,3037
hnp,random,6,31,0.24390243902439027,87.50000000000006,3,0.03,67,0.67,100,0.0073730908194556835,3137
hnp,random,6,32,0.23809523809523808,87.90000000000005,3,0.03,64,0.64,100,0.007738312124274671,3237
hnp,random,6,33,0.23255813953488372,91.90000000000008,1,0.01,62,0.62,100,0.008295475982595234,3337
hnp,random,6,34,0.22727272727272727,91.9000000000001,1,0.01,62,0.62,100,0.00960839120671153,3437
hnp,random,6,35,0.2222222222222222,90.80000000000001,2,0.02,54,0.54,100,0.006655549081042409,3537
hnp,random,6,36,0.2173913043478261,84.40000000000005,5,0.05,60,0.6,100,0.007341550544369965,3637
hnp,random,6,37,0.2127659574468085,89.69999999999999,3,0.03,46,0.46,100,0.006834980146959424,3737
hnp,random,6,38,0.20833333333333334,89.80000000000004,3,0.03,45,0.45,100,0.00774821724044159,3837
hnp,random,6,39,0.2040816326530612,92.10000000000004,2,0.02,41,0.41,100,0.008809870092663914,3937
hnp,random,6,40,0.2,92.50000000000003,2,0.02,36,0.36,100,0.0077905756304971875,4037
hnp,random,6,41,0.19607843137254904,95.40000000000003,0,0.0,46,0.46,100,0.009808310461230575,4137
hnp,random,6,42,0.1923076923076923,93.20000000000003,1,0.01,49,0.49,100,0.009155030371621251,4237
hnp,random,6,43,0.18867924528301888,91.90000000000005,2,0.02,42,0.42,100,0.008350087311118842,4337
hnp,random,6,44,0.18518518518518517,92.40000000000003,1,0.01,57,0.57,100,0.008763590625021607,4437
hnp,random,6,45,0.18181818181818182,87.80000000000004,3,0.03,64,0.64,100,0.01024389494676143,4537
hnp,random,6,46,0.17857142857142858,93.00000000000009,1,0.01,51,0.51,100,0.008863607193343342,4637
hnp,random,6,47,0.17543859649122806,85.90000000000005,4,0.04,65,0.65,100,0.009407920350786298,4737
hnp,random,6,48,0.1724137931034483,88.50000000000003,3,0.03,58,0.58,100,0.009142905082553625,4837
hnp,random,6,49,0.1694915254237288,95.10000000000005,0,0.0,49,0.49,100,0.009388301621656865,4937
hnp,random,6,50,0.16666666666666666,92.90000000000008,1,0.01,52,0.52,100,0.009386443442199379,5037
hnp,random,6,51,0.1639344262295082,83.40000000000003,6,0.06,51,0.51,100,0.009020322896540166,5137
hnp,random,6,52,0.16129032258064516,95.00000000000006,0,0.0,50,0.5,100,0.012638735384680331,5237
hnp,random,6,53,0.15873015873015872,92.40000000000002,1,0.01,57,0.57,100,0.01072581899818033,5337
hnp,random,6,54,0.15625,87.20000000000005,4,0.04,51,0.51,100,0.008854738113004714,5437
hnp,random,6,55,0.15384615384615385,93.60000000000005,1,0.01,45,0.45,100,0.009714273142162711,5537
hnp,random,6,56,0.15151515151515152,93.2000000000001,1,0.01,49,0.49,100,0.012521141446195544,5637
hnp,random,6,57,0.14925373134328357,96.20000000000006,0,0.0,38,0.38,100,0.010977602479979396,5737
hnp,random,6,58,0.14705882352941177,89.89999999999999,3,0.03,43,0.43,100,0.0087026835558936,5837
hnp,random,6,59,0.14492753623188406,95.00000000000004,0,0.0,50,0.5,100,0.011469418592751026,5937
hnp,random,6,60,0.14285714285714285,91.60000000000002,2,0.02,45,0.45,100,0.009945841748267412,6037
hnp,random,6,61,0.14084507042253522,86.70000000000002,4,0.04,57,0.57,100,0.011536609320901335,6137
hnp,random,6,62,0.1388888888888889,91.80000000000004,2,0.02,44,0.44,100,0.010601235660724342,6237
hnp,random,6,63,0.136986301369863,95.60000000000007,0,0.0,44,0.44,100,0.009000855500344187,6337
hnp,random,6,64,0.13513513513513511,95.50000000000004,0,0.0,45,0.45,100,0.011180816781707108,6437
hnp,random,6,65,0.13333333333333333,91.50000000000009,2,0.02,47,0.47,100,0.010186438707169145,6537
hnp,random,6,66,0.13157894736842105,92.30000000000004,2,0.02,39,0.39,100,0.011360586895607412,6637
hnp,random,6,67,0.12987012987012986,89.40000000000005,3,0.03,48,0.48,100,0.008726196719799191,6737
hnp,random,6,68,0.12820512820512822,90.30000000000005,3,0.03,39,0.39,100,0.009574044314213097,6837
hnp,random,6,69,0.12658227848101264,95.70000000000009,0,0.0,43,0.43,100,0.010109763510990888,6937
hnp,random,6,70,0.125,95.70000000000005,0,0.0,43,0.43,100,0.008675817186012864,7037
hnp,random,6,71,0.1234567901234568,96.00000000000006,0,0.0,40,0.4,100,0.009544626853894442,7137
hnp,random,6,72,0.12195121951219513,95.10000000000007,0,0.0,49,0.49,100,0.009407217274419963,7237
hnp,random,6,73,0.12048192771084336,95.80000000000007,0,0.0,42,0.42,100,0.010790690602734685,7337
hnp,random,6,74,0.11904761904761904,93.00000000000004,1,0.01,51,0.51,100,0.011132031590677797,7437
hnp,random,6,75,0.11764705882352941,94.4000000000001,0,0.0,56,0.56,100,0.010629567329306155,7537
hnp,random,6,76,0.11627906976744186,93.50000000000003,1,0.01,46,0.46,100,0.008748331340029836,7637
hnp,random,6,77,0.1149425287356322,92.90000000000003,2,0.02,33,0.33,100,0.010385924414731563,7737
hnp,random,6,78,0.11363636363636363,92.40000000000005,2,0.02,38,0.38,100,0.011515822550281883,7837
hnp,random,6,79,0.11235955056179775,93.80000000000005,1,0.01,43,0.43,100,0.014075764366425573,7937
hnp,random,6,80,0.1111111111111111,86.80000000000003,5,0.05,37,0.37,100,0.008964382102712989,8037
hnp,random,6,81,0.10989010989010989,93.40000000000006,1,0.01,47,0.47,100,0.010693429564125835,8137
hnp,random,6,82,0.10869565217391305,94.10000000000005,1,0.01,40,0.4,100,0.010016962913796305,8237
hnp,random,6,83,0.1075268817204301,93.30000000000007,1,0.01,48,0.48,100,0.011848422796465457,8337
hnp,random,6,84,0.10638297872340426,89.60000000000004,3,0.03,47,0.47,100,0.011425378005951644,8437
hnp,random,6,85,0.10526315789473684,92.60000000000002,1,0.01,55,0.55,100,0.010833974899724126,8537
hnp,random,6,86,0.10416666666666667,94.10000000000002,1,0.01,40,0.4,100,0.009587917937897145,8637
hnp,random,6,87,0.10309278350515465,89.50000000000003,3,0.03,46,0.46,100,0.010183490654453635,8737
hnp,random,6,88,0.1020408163265306,92.50000000000006,1,0.01,56,0.56,100,0.011471149930730461,8837
hnp,random,6,89,0.10101010101010101,91.10000000000007,2,0.02,51,0.51,100,0.010204791533760726,8937
hnp,random,6,90,0.1,90.90000000000005,2,0.02,53,0.53,100,0.009266525688581169,9037
hnp,random,6,91,0.09900990099009901,96.90000000000006,0,0.0,31,0.31,100,0.010864168955013156,9137
hnp,random,6,92,0.09803921568627452,96.10000000000007,0,0.0,39,0.39,100,0.008686685473658145,9237
hnp,random,6,93,0.0970873786407767,96.20000000000007,0,0.0,38,0.38,100,0.010444170641712845,9337
hnp,random,6,94,0.09615384615384615,87.80000000000004,4,0.04,45,0.45,100,0.009933721884153783,9437
hnp,random,6,95,0.09523809523809523,96.50000000000003,0,0.0,35,0.35,100,0.013729894058778882,9537
hnp,random,6,96,0.09433962264150944,92.20000000000005,2,0.02,40,0.4,100,0.011346603266429157,9637
hnp,random,6,97,0.09345794392523366,87.90000000000002,4,0.04,45,0.45,100,0.010081617874093354,9737
hnp,random,6,98,0.09259259259259259,93.60000000000002,1,0.01,45,0.45,100,0.010969986056443304,9837
hnp,random,6,99,0.09174311926605504,94.90000000000003,1,0.01,32,0.32,100,0.010619615484029055,9937
hnp,random,6,100,0.09090909090909091,97.60000000000001,0,0.0,24,0.24,100,0.010002588597126305,10037
hnp,random,6,101,0.0900900900900901,92.30000000000007,1,0.01,58,0.58,100,0.010876665650866925,10137
hnp,random,6,102,0.08928571428571429,94.10000000000005,0,0.0,59,0.59,100,0.012133456794545054,10237
hnp,random,6,103,0.08849557522123894,94.2000000000001,1,0.01,39,0.39,100,0.010795445647090673,10337
hnp,random,6,104,0.08771929824561403,96.00000000000007,0,0.0,40,0.4,100,0.00973979476839304,10437
hnp,random,6,105,0.08695652173913043,89.80000000000004,3,0.03,45,0.45,100,0.009786149030551314,10537
hnp,random,6,106,0.08620689655172414,95.90000000000005,0,0.0,41,0.41,100,0.008765163123607636,10637
hnp,random,6,107,0.08547008547008547,96.40000000000005,0,0.0,36,0.36,100,0.011543985931202769,10737
hnp,random,6,108,0.0847457627118644,96.50000000000006,0,0.0,35,0.35,100,0.013420922858640551,10837
hnp,random,6,109,0.08403361344537814,88.80000000000004,4,0.04,35,0.35,100,0.01250959164928645,10937
hnp,random,6,110,0.08333333333333333,91.69999999999999,2,0.02,45,0.45,100,0.011139044663868844,11037
hnp,random,6,111,0.08264462809917356,95.50000000000004,0,0.0,45,0.45,100,0.011721037938259541,11137
hnp,random,6,112,0.0819672131147541,92.70000000000002,2,0.02,35,0.35,100,0.008640050105750561,11237
hnp,random,6,113,0.08130081300813008,94.80000000000005,1,0.01,32,0.32,100,0.009965108381584287,11337
hnp,random,6,114,0.08064516129032258,96.70000000000009,0,0.0,33,0.33,100,0.012872302299365401,11437
hnp,random,6,115,0.08,97.4,0,0.0,26,0.26,100,0.011973273595795036,11537
hnp,random,6,116,0.07936507936507936,93.10000000000005,1,0.01,50,0.5,100,0.009867516485974193,11637
hnp,random,6,117,0.07874015748031496,92.00000000000006,2,0.02,41,0.41,100,0.011752647813409567,11737
hnp,random,6,118,0.078125,94.90000000000005,1,0.01,32,0.32,100,0.010681289895437658,11837
hnp,random,6,119,0.07751937984496124,94.30000000000001,1,0.01,37,0.37,100,0.011870083068497479,11937
hnp,random,6,120,0.07692307692307693,96.20000000000002,0,0.0,38,0.38,100,0.010756842880509794,12037
hnp,random,6,121,0.07633587786259542,89.80000000000007,3,0.03,45,0.45,100,0.009345074738375843,12137
hnp,random,6,122,0.07575757575757576,94.8,1,0.01,33,0.33,100,0.010917478436604143,12237
hnp,random,6,123,0.07518796992481203,97.00000000000009,0,0.0,30,0.3,100,0.008825586282182486,12337
hnp,random,6,124,0.07462686567164178,97.10000000000005,0,0.0,29,0.29,100,0.00822145784040913,12437
hnp,random,6,125,0.07407407407407407,97.00000000000003,0,0.0,30,0.3,100,0.00882992402650416,12537
hnp,random,6,126,0.07352941176470588,96.70000000000005,0,0.0,33,0.33,100,0.009475326221436263,12637
hnp,random,6,127,0.07299270072992702,95.90000000000003,0,0.0,41,0.41,100,0.009205843661911786,12737
hnp,random,6,128,0.07246376811594203,96.2,0,0.0,38,0.38,100,0.009169576121494175,12837
hnp,random,6,129,0.07194244604316546,96.60000000000002,0,0.0,34,0.34,100,0.011072136904112994,12937
hnp,random,6,130,0.07142857142857142,97.0,0,0.0,30,0.3,100,0.009748647352680564,13037
hnp,random,6,131,0.07092198581560284,93.10000000000007,1,0.01,50,0.5,100,0.010354911042377353,13137
hnp,random,6,132,0.07042253521126761,94.70000000000003,1,0.01,34,0.34,100,0.012882521115243436,13237
hnp,random,6,133,0.06993006993006992,92.0000000000001,1,0.01,60,0.6,100,0.009965076949447394,13337
hnp,random,6,134,0.06944444444444445,92.40000000000005,2,0.02,38,0.38,100,0.008659146772697569,13437
hnp,random,6,135,0.06896551724137931,92.90000000000003,2,0.02,33,0.33,100,0.01118269273545593,13537
hnp,random,6,136,0.0684931506849315,97.10000000000002,0,0.0,29,0.29,100,0.01015509906457737,13637
hnp,random,6,137,0.06802721088435375,94.60000000000002,1,0.01,35,0.35,100,0.0105444615194574,13737
hnp,random,6,138,0.06756756756756756,94.00000000000006,1,0.01,41,0.41,100,0.013420849731191993,13837
hnp,random,6,139,0.06711409395973154,94.20000000000006,1,0.01,38,0.38,100,0.010028611780144274,13937
hnp,random,6,140,0.06666666666666667,94.30000000000003,1,0.01,38,0.38,100,0.009167771395295858,14037
hnp,random,6,141,0.06622516556291391,97.79999999999998,0,0.0,22,0.22,100,0.009167893962003291,14137
hnp,random,6,142,0.06578947368421052,96.90000000000006,0,0.0,31,0.31,100,0.010525629012845457,14237
hnp,random,6,143,0.06535947712418301,97.70000000000005,0,0.0,23,0.23,100,0.008415390211157501,14337
hnp,random,6,144,0.06493506493506493,96.90000000000006,0,0.0,31,0.31,100,0.010030334540642798,14437
hnp,random,6,145,0.06451612903225806,90.50000000000003,3,0.03,37,0.37,100,0.007960095787420868,14537
hnp,random,6,146,0.06410256410256411,92.60000000000002,2,0.02,35,0.35,100,0.008718295816797762,14637
hnp,random,6,147,0.06369426751592357,97.00000000000003,0,0.0,30,0.3,100,0.00916578401811421,14737
hnp,random,6,148,0.06329113924050632,92.50000000000006,2,0.02,37,0.37,100,0.009051273192744702,14837
hnp,random,6,149,0.06289308176100629,96.30000000000005,0,0.0,37,0.37,100,0.009704166522715241,14937
hnp,random,6,150,0.0625,97.10000000000002,0,0.0,29,0.29,100,0.009469290478155017,15037
hnp,random,6,151,0.06211180124223602,93.60000000000008,2,0.02,26,0.26,100,0.011163099347613751,15137
hnp,random,6,152,0.0617283950617284,91.70000000000007,2,0.02,45,0.45,100,0.009065244160592557,15237
hnp,random,6,153,0.06134969325153374,95.30000000000004,1,0.01,28,0.28,100,0.010394112770445645,15337
hnp,random,6,154,0.06097560975609757,92.40000000000003,2,0.02,38,0.38,100,0.014009552435018122,15437
hnp,random,6,155,0.06060606060606061,96.70000000000009,0,0.0,33,0.33,100,0.009444688237272203,15537
hnp,random,6,156,0.06024096385542168,93.30000000000004,2,0.02,29,0.29,100,0.010239257793873548,15637
hnp,random,6,157,0.059880239520958084,92.40000000000006,2,0.02,37,0.37,100,0.00820873212069273,15737
hnp,random,6,158,0.05952380952380952,92.90000000000003,2,0.02,33,0.33,100,0.01278108179802075,15837
hnp,random,6,159,0.0591715976331361,90.70000000000002,3,0.03,36,0.36,100,0.008634939361363649,15937
hnp,random,6,160,0.058823529411764705,95.90000000000009,0,0.0,41,0.41,100,0.00915751782245934,16037
hnp,random,6,161,0.05847953216374269,96.90000000000003,0,0.0,31,0.31,100,0.008309285715222358,16137
hnp,random,6,162,0.05813953488372093,95.00000000000007,1,0.01,31,0.31,100,0.013472542008385062,16237
hnp,random,6,163,0.057803468208092484,96.80000000000007,0,0.0,32,0.32,100,0.010561025452334434,16337
hnp,random,6,164,0.0574712643678161,95.70000000000006,0,0.0,43,0.43,100,0.00904694332042709,16437
hnp,random,6,165,0.05714285714285714,95.50000000000006,1,0.01,26,0.26,100,0.008774706434924156,16537
hnp,random,6,166,0.056818181818181816,93.00000000000007,2,0.02,32,0.32,100,0.008605710016563534,16637
hnp,random,6,167,0.05649717514124294,97.19999999999999,0,0.0,28,0.28,100,0.008673811329063029,16737
hnp,random,6,168,0.056179775280898875,95.40000000000003,1,0.01,27,0.27,100,0.009758106616791338,16837
hnp,random,6,169,0.0558659217877095,96.90000000000003,0,0.0,31,0.31,100,0.012227915339171886,16937
hnp,random,6,170,0.05555555555555555,95.30000000000004,0,0.0,47,0.47,100,0.009284951142035425,17037
hnp,random,6,171,0.055248618784530384,94.70000000000007,1,0.01,34,0.34,100,0.008799068299122154,17137
hnp,random,6,172,0.054945054945054944,96.4,0,0.0,36,0.36,100,0.010364031558856368,17237
hnp,random,6,173,0.0546448087431694,96.70000000000005,0,0.0,33,0.33,100,0.010011180420406163,17337
hnp,random,6,174,0.05434782608695653,93.80000000000005,1,0.01,43,0.43,100,0.008799002151936292,17437
hnp,random,6,175,0.05405405405405406,95.19999999999999,1,0.01,29,0.29,100,0.008331453974824399,17537
hnp,random,6,176,0.05376344086021505,96.20000000000005,0,0.0,38,0.38,100,0.009010500728618354,17637
hnp,random,6,177,0.053475935828877004,90.20000000000002,4,0.04,21,0.21,100,0.008780875448137522,17737
hnp,random,6,178,0.05319148936170213,94.70000000000003,1,0.01,34,0.34,100,0.009874570546671749,17837
hnp,random,6,179,0.052910052910052914,95.70000000000006,0,0.0,43,0.43,100,0.009396924679167569,17937
hnp,random,6,180,0.05263157894736842,93.30000000000008,1,0.01,48,0.48,100,0.012253663633018733,18037
hnp,random,6,181,0.05235602094240837,93.9,2,0.02,22,0.22,100,0.011265735756605864,18137
hnp,random,6,182,0.052083333333333336,92.60000000000002,2,0.02,36,0.36,100,0.014585742144845426,18237
hnp,random,6,183,0.05181347150259067,97.30000000000001,0,0.0,27,0.27,100,0.009005786711350083,18337
hnp,random,6,184,0.051546391752577324,97.5,0,0.0,25,0.25,100,0.008725200158078223,18437
hnp,random,6,185,0.05128205128205128,97.20000000000005,0,0.0,28,0.28,100,0.009776167967356742,18537
hnp,random,6,186,0.0510204081632653,94.90000000000003,1,0.01,32,0.32,100,0.009056204657536,18637
hnp,random,6,187,0.050761421319796954,96.70000000000006,0,0.0,33,0.33,100,0.009564928950276226,18737
hnp,random,6,188,0.050505050505050504,94.30000000000001,1,0.01,38,0.38,100,0.008499796595424413,18837
hnp,random,6,189,0.05025125628140704,95.00000000000009,1,0.01,31,0.31,100,0.010266255806200206,18937
hnp,random,6,190,0.05,96.50000000000006,0,0.0,35,0.35,100,0.008312054015696048,19037
hnp,random,6,191,0.04975124378109452,95.00000000000006,1,0.01,31,0.31,100,0.009146537622436881,19137
hnp,random,6,192,0.04950495049504951,97.10000000000008,0,0.0,29,0.29,100,0.00964286937378347,19237
hnp,random,6,193,0.04926108374384236,95.20000000000005,1,0.01,29,0.29,100,0.00911961660720408,19337
hnp,random,6,194,0.04901960784313726,94.90000000000003,1,0.01,32,0.32,100,0.00841238905210048,19437
hnp,random,6,195,0.04878048780487805,93.90000000000003,2,0.02,22,0.22,100,0.009327381062321364,19537
hnp,random,6,196,0.04854368932038835,92.60000000000004,2,0.02,36,0.36,100,0.010508940832223743,19637
hnp,random,6,197,0.04830917874396135,96.90000000000006,0,0.0,31,0.31,100,0.01017733390443027,19737
hnp,random,6,198,0.04807692307692307,96.70000000000009,0,0.0,33,0.33,100,0.009667007056996225,19837
hnp,random,6,199,0.04784688995215311,95.20000000000002,1,0.01,28,0.28,100,0.010860142393503337,19937
hnp,random,7,0,1.0,62.69999999999993,15,0.15,88,0.88,100,0.17132873853316177,37
hnp,random,7,1,0.9090909090909091,56.89999999999993,18,0.18,86,0.86,100,0.053118961472064255,137
hnp,random,7,2,0.8333333333333334,64.39999999999993,14,0.14,88,0.88,100,0.038331957533955574,237
hnp,random,7,3,0.7692307692307692,68.39999999999995,12,0.12,84,0.84,100,0.02057567995041609,337
hnp,random,7,4,0.7142857142857143,66.29999999999995,13,0.13,89,0.89,100,0.011890765139833092,437
hnp,random,7,5,0.6666666666666666,79.5,6,0.06,90,0.9,100,0.009410242279991508,537
hnp,random,7,6,0.625,74.1,9,0.09,87,0.87,100,0.00794194510905072,637
hnp,random,7,7,0.5882352941176471,85.90000000000003,3,0.03,82,0.82,100,0.006982293995097279,737
hnp,random,7,8,0.5555555555555556,77.80000000000001,7,0.07,88,0.88,100,0.006154252907726913,837
hnp,random,7,9,0.5263157894736842,78.1,7,0.07,86,0.86,100,0.006185783408582211,937
hnp,random,7,10,0.5,73.59999999999998,10,0.1,73,0.73,100,0.00660247960826382,1037
hnp,random,7,11,0.47619047619047616,78.10000000000002,7,0.07,85,0.85,100,0.007434854349121452,1137
hnp,random,7,12,0.45454545454545453,75.19999999999999,9,0.09,74,0.74,100,0.0068979528779163956,1237
hnp,random,7,13,0.4347826086956522,84.80000000000004,4,0.04,75,0.75,100,0.009155097042676062,1337
hnp,random,7,14,0.4166666666666667,81.50000000000001,6,0.06,71,0.71,100,0.008460823704954237,1437
hnp,random,7,15,0.4,86.7000000000001,3,0.03,75,0.75,100,0.008820182038471102,1537
hnp,random,7,16,0.3846153846153846,82.30000000000003,6,0.06,62,0.62,100,0.008274097295943647,1637
hnp,random,7,17,0.37037037037037035,84.10000000000005,4,0.04,81,0.81,100,0.008522764770314098,1737
hnp,random,7,18,0.35714285714285715,75.50000000000001,9,0.09,74,0.74,100,0.008075728486292065,1837
hnp,random,7,19,0.3448275862068966,86.60000000000008,3,0.03,76,0.76,100,0.007384500429034233,1937
hnp,random,7,20,0.3333333333333333,88.00000000000004,3,0.03,63,0.63,100,0.007159659410826862,2037
hnp,random,7,21,0.3225806451612903,83.60000000000002,5,0.05,69,0.69,100,0.007180815243627876,2137
hnp,random,7,22,0.3125,88.80000000000005,2,0.02,74,0.74,100,0.008235513581894338,2237
hnp,random,7,23,0.30303030303030304,89.3000000000001,2,0.02,69,0.69,100,0.006939586913213134,2337
hnp,random,7,24,0.29411764705882354,89.60000000000008,2,0.02,65,0.65,100,0.007282699728384614,2437
hnp,random,7,25,0.2857142857142857,90.80000000000007,1,0.01,73,0.73,100,0.007382492034230382,2537
hnp,random,7,26,0.2777777777777778,81.00000000000003,6,0.06,75,0.75,100,0.008274248151574284,2637
hnp,random,7,27,0.27027027027027023,93.30000000000003,1,0.01,48,0.48,100,0.009074688595719636,2737
hnp,random,7,28,0.2631578947368421,86.8000000000001,4,0.04,56,0.56,100,0.007553890040144324,2837
hnp,random,7,29,0.25641025641025644,89.50000000000009,2,0.02,67,0.67,100,0.008691408487502486,2937
hnp,random,7,30,0.25,90.80000000000003,2,0.02,54,0.54,100,0.01050593700259924,3037
hnp,random,7,31,0.24390243902439027,93.8000000000001,0,0.0,62,0.62,100,0.010967227150686085,3137
hnp,random,7,32,0.23809523809523808,83.70000000000005,5,0.05,67,0.67,100,0.01021529607474804,3237
hnp,random,7,33,0.23255813953488372,91.10000000000004,2,0.02,51,0.51,100,0.009513359989505261,3337
hnp,random,7,34,0.22727272727272727,80.90000000000003,7,0.07,57,0.57,100,0.009311344642192125,3437
hnp,random,7,35,0.2222222222222222,91.10000000000005,2,0.02,50,0.5,100,0.011041687373071908,3537
hnp,random,7,36,0.2173913043478261,93.00000000000011,1,0.01,51,0.51,100,0.008980513573624194,3637
hnp,random,7,37,0.2127659574468085,89.40000000000006,3,0.03,49,0.49,100,0.009661552007310092,3737
hnp,random,7,38,0.20833333333333334,91.80000000000007,2,0.02,44,0.44,100,0.010565846376121044,3837
hnp,random,7,39,0.2040816326530612,84.70000000000005,5,0.05,57,0.57,100,0.0110628916695714,3937
hnp,random,7,40,0.2,87.10000000000004,4,0.04,53,0.53,100,0.008899321518838406,4037
hnp,random,7,41,0.19607843137254904,86.60000000000004,4,0.04,58,0.58,100,0.010718583015259355,4137
hnp,random,7,42,0.1923076923076923,91.80000000000004,2,0.02,44,0.44,100,0.010444095046259462,4237
hnp,random,7,43,0.18867924528301888,93.00000000000009,1,0.01,51,0.51,100,0.010696481233462691,4337
hnp,random,7,44,0.18518518518518517,86.00000000000006,4,0.04,64,0.64,100,0.009624767825007438,4437
hnp,random,7,45,0.18181818181818182,88.80000000000001,3,0.03,55,0.55,100,0.009446603604592383,4537
hnp,random,7,46,0.17857142857142858,95.00000000000009,0,0.0,50,0.5,100,0.010304029586259277,4637
hnp,random,7,47,0.17543859649122806,90.50000000000001,2,0.02,57,0.57,100,0.011850937977433204,4737
hnp,random,7,48,0.1724137931034483,87.6000000000001,4,0.04,47,0.47,100,0.00903987342491746,4837
hnp,random,7,49,0.1694915254237288,95.50000000000003,0,0.0,45,0.45,100,0.010404259944334627,4937
hnp,random,7,50,0.16666666666666666,90.70000000000005,2,0.02,55,0.55,100,0.009978226588573306,5037
hnp,random,7,51,0.1639344262295082,94.00000000000006,1,0.01,41,0.41,100,0.010411355597898363,5137
hnp,random,7,52,0.16129032258064516,93.80000000000008,1,0.01,42,0.42,100,0.010882139464374632,5237
hnp,random,7,53,0.15873015873015872,87.20000000000002,4,0.04,52,0.52,100,0.011240081158466636,5337
hnp,random,7,54,0.15625,93.10000000000005,1,0.01,50,0.5,100,0.012225762088783086,5437
hnp,random,7,55,0.15384615384615385,92.8000000000001,1,0.01,53,0.53,100,0.009416895075701178,5537
hnp,random,7,56,0.15151515151515152,89.00000000000003,3,0.03,51,0.51,100,0.01082588642835617,5637
hnp,random,7,57,0.14925373134328357,91.00000000000006,2,0.02,52,0.52,100,0.009806490845512598,5737
hnp,random,7,58,0.14705882352941177,93.10000000000005,1,0.01,50,0.5,100,0.009206920410506428,5837
hnp,random,7,59,0.14492753623188406,90.60000000000005,2,0.02,54,0.54,100,0.011427727467380465,5937
hnp,random,7,60,0.14285714285714285,93.60000000000002,1,0.01,45,0.45,100,0.011042286306619645,6037
hnp,random,7,61,0.14084507042253522,90.70000000000005,2,0.02,54,0.54,100,0.010980410617776215,6137
hnp,random,7,62,0.1388888888888889,93.60000000000004,1,0.01,45,0.45,100,0.010102825178764761,6237
hnp,random,7,63,0.136986301369863,95.00000000000007,0,0.0,50,0.5,100,0.010430674275849015,6337
hnp,random,7,64,0.13513513513513511,95.70000000000003,0,0.0,43,0.43,100,0.01139419793151319,6437
hnp,random,7,65,0.13333333333333333,92.60000000000008,1,0.01,55,0.55,100,0.009367137835361063,6537
hnp,random,7,66,0.13157894736842105,95.00000000000003,0,0.0,50,0.5,100,0.010401178593747317,6637
hnp,random,7,67,0.12987012987012986,95.00000000000004,0,0.0,50,0.5,100,0.01082188678905368,6737
hnp,random,7,68,0.12820512820512822,86.80000000000001,4,0.04,56,0.56,100,0.010496675139293074,6837
hnp,random,7,69,0.12658227848101264,94.30000000000005,0,0.0,57,0.57,100,0.010542794140055775,6937
hnp,random,7,70,0.125,94.00000000000004,1,0.01,41,0.41,100,0.00979099577991292,7037
hnp,random,7,71,0.1234567901234568,93.60000000000001,1,0.01,44,0.44,100,0.010965327769517898,7137
hnp,random,7,72,0.12195121951219513,89.70000000000003,3,0.03,45,0.45,100,0.010836894393432885,7237
hnp,random,7,73,0.12048192771084336,91.60000000000004,2,0.02,46,0.46,100,0.009318754330743105,7337
hnp,random,7,74,0.11904761904761904,88.50000000000003,3,0.03,57,0.57,100,0.010307186087593435,7437
hnp,random,7,75,0.11764705882352941,90.50000000000001,3,0.03,38,0.38,100,0.011497467192821204,7537
hnp,random,7,76,0.11627906976744186,89.90000000000003,2,0.02,63,0.63,100,0.009615821614861488,7637
hnp,random,7,77,0.1149425287356322,90.10000000000005,2,0.02,61,0.61,100,0.010470004160888493,7737
hnp,random,7,78,0.11363636363636363,93.20000000000005,1,0.01,48,0.48,100,0.011353015247732402,7837
hnp,random,7,79,0.11235955056179775,94.30000000000004,1,0.01,38,0.38,100,0.01167454499285668,7937
hnp,random,7,80,0.1111111111111111,90.20000000000005,3,0.03,41,0.41,100,0.009430905929766595,8037
hnp,random,7,81,0.10989010989010989,95.10000000000005,0,0.0,49,0.49,100,0.010819968283176423,8137
hnp,random,7,82,0.10869565217391305,92.10000000000004,2,0.02,41,0.41,100,0.009906934918835758,8237
hnp,random,7,83,0.1075268817204301,94.30000000000004,1,0.01,38,0.38,100,0.00890772338025272,8337
hnp,random,7,84,0.10638297872340426,90.80000000000007,2,0.02,54,0.54,100,0.012586082562338561,8437
hnp,random,7,85,0.10526315789473684,95.50000000000003,0,0.0,45,0.45,100,0.014797425516881048,8537
hnp,random,7,86,0.10416666666666667,95.80000000000004,0,0.0,42,0.42,100,0.012647014311514795,8637
hnp,random,7,87,0.10309278350515465,90.30000000000005,2,0.02,59,0.59,100,0.010220620636828244,8737
hnp,random,7,88,0.1020408163265306,92.40000000000003,2,0.02,37,0.37,100,0.01063599822577089,8837
hnp,random,7,89,0.10101010101010101,90.80000000000007,2,0.02,54,0.54,100,0.009939354457892478,8937
hnp,random,7,90,0.1,89.60000000000004,3,0.03,47,0.47,100,0.0095051079406403,9037
hnp,random,7,91,0.09900990099009901,91.70000000000007,2,0.02,45,0.45,100,0.010151458589825779,9137
hnp,random,7,92,0.09803921568627452,91.70000000000003,2,0.02,45,0.45,100,0.010268720425665378,9237
hnp,random,7,93,0.0970873786407767,93.70000000000005,1,0.01,44,0.44,100,0.010667340764775872,9337
hnp,random,7,94,0.09615384615384615,93.50000000000003,1,0.01,46,0.46,100,0.010900893206708133,9437
hnp,random,7,95,0.09523809523809523,93.8000000000001,1,0.01,43,0.43,100,0.012209291649051011,9537
hnp,random,7,96,0.09433962264150944,94.40000000000005,1,0.01,37,0.37,100,0.009969357419759035,9637
hnp,random,7,97,0.09345794392523366,95.10000000000005,0,0.0,49,0.49,100,0.012022526771761476,9737
hnp,random,7,98,0.09259259259259259,89.90000000000002,3,0.03,44,0.44,100,0.010730717126280069,9837
hnp,random,7,99,0.09174311926605504,94.6000000000001,0,0.0,54,0.54,100,0.009319776007905602,9937
hnp,random,7,100,0.09090909090909091,93.30000000000005,1,0.01,48,0.48,100,0.009787718397565186,10037
hnp,random,7,101,0.0900900900900901,94.30000000000004,1,0.01,38,0.38,100,0.011699017253704369,10137
hnp,random,7,102,0.08928571428571429,91.40000000000005,2,0.02,48,0.48,100,0.011398303848691284,10237
hnp,random,7,103,0.08849557522123894,96.80000000000004,0,0.0,32,0.32,100,0.009409312261268496,10337
hnp,random,7,104,0.08771929824561403,96.40000000000003,0,0.0,36,0.36,100,0.009519177991896867,10437
hnp,random,7,105,0.08695652173913043,94.30000000000004,1,0.01,37,0.37,100,0.010955778136849403,10537
hnp,random,7,106,0.08620689655172414,92.00000000000003,2,0.02,42,0.42,100,0.010076092341914773,10637
hnp,random,7,107,0.08547008547008547,93.60000000000005,1,0.01,45,0.45,100,0.009595908424817026,10737
hnp,random,7,108,0.0847457627118644,93.40000000000006,1,0.01,47,0.47,100,0.009166941607836633,10837
hnp,random,7,109,0.08403361344537814,95.40000000000006,0,0.0,46,0.46,100,0.008715356276370585,10937
hnp,random,7,110,0.08333333333333333,91.80000000000005,2,0.02,44,0.44,100,0.009018319002352655,11037
hnp,random,7,111,0.08264462809917356,95.50000000000007,0,0.0,45,0.45,100,0.00945836869534105,11137
hnp,random,7,112,0.0819672131147541,91.50000000000003,2,0.02,47,0.47,100,0.010971480486914516,11237
hnp,random,7,113,0.08130081300813008,92.30000000000004,2,0.02,39,0.39,100,0.012412454495206475,11337
hnp,random,7,114,0.08064516129032258,92.30000000000005,2,0.02,39,0.39,100,0.012430037404410541,11437
hnp,random,7,115,0.08,96.70000000000005,0,0.0,33,0.33,100,0.00996823663590476,11537
hnp,random,7,116,0.07936507936507936,93.70000000000003,1,0.01,44,0.44,100,0.01014154742239043,11637
hnp,random,7,117,0.07874015748031496,94.40000000000003,1,0.01,36,0.36,100,0.010820051487535239,11737
hnp,random,7,118,0.078125,96.00000000000006,0,0.0,40,0.4,100,0.008759328667074441,11837
hnp,random,7,119,0.07751937984496124,96.40000000000006,0,0.0,36,0.36,100,0.009787836498580872,11937
hnp,random,7,120,0.07692307692307693,93.20000000000005,2,0.02,30,0.3,100,0.010310540995560587,12037
hnp,random,7,121,0.07633587786259542,89.00000000000001,4,0.04,34,0.34,100,0.010177650563418865,12137
hnp,random,7,122,0.07575757575757576,93.00000000000004,1,0.01,50,0.5,100,0.013616391667164862,12237
hnp,random,7,123,0.07518796992481203,93.00000000000001,2,0.02,32,0.32,100,0.012562525796238334,12337
hnp,random,7,124,0.07462686567164178,93.70000000000005,1,0.01,44,0.44,100,0.011189546640962363,12437
hnp,random,7,125,0.07407407407407407,96.40000000000003,0,0.0,36,0.36,100,0.014236052599735559,12537
hnp,random,7,126,0.07352941176470588,92.30000000000007,2,0.02,39,0.39,100,0.010635030965786427,12637
hnp,random,7,127,0.07299270072992702,95.90000000000002,0,0.0,41,0.41,100,0.010214455043897033,12737
hnp,random,7,128,0.07246376811594203,91.40000000000003,2,0.02,48,0.48,100,0.011377735561691225,12837
hnp,random,7,129,0.07194244604316546,92.90000000000003,2,0.02,33,0.33,100,0.01141158998478204,12937
hnp,random,7,130,0.07142857142857142,95.80000000000004,0,0.0,42,0.42,100,0.009419166117440909,13037
hnp,random,7,131,0.07092198581560284,94.10000000000004,1,0.01,40,0.4,100,0.009817342252936213,13137
hnp,random,7,132,0.07042253521126761,95.20000000000006,0,0.0,48,0.48,100,0.012057435158640146,13237
hnp,random,7,133,0.06993006993006992,96.60000000000002,0,0.0,34,0.34,100,0.0101025698822923,13337
hnp,random,7,134,0.06944444444444445,95.50000000000007,0,0.0,45,0.45,100,0.01186832900159061,13437
hnp,random,7,135,0.06896551724137931,97.10000000000004,0,0.0,29,0.29,100,0.01120701126754284,13537
hnp,random,7,136,0.0684931506849315,96.80000000000004,0,0.0,32,0.32,100,0.015652864263392983,13637
hnp,random,7,137,0.06802721088435375,96.10000000000005,0,0.0,39,0.39,100,0.012775157890282572,13737
hnp,random,7,138,0.06756756756756756,96.70000000000005,0,0.0,33,0.33,100,0.012368909744545818,13837
hnp,random,7,139,0.06711409395973154,94.80000000000004,1,0.01,32,0.32,100,0.011197722451761365,13937
hnp,random,7,140,0.06666666666666667,96.80000000000004,0,0.0,32,0.32,100,0.010352539480663836,14037
hnp,random,7,141,0.06622516556291391,96.40000000000003,0,0.0,36,0.36,100,0.01135866715107113,14137
hnp,random,7,142,0.06578947368421052,94.20000000000007,1,0.01,39,0.39,100,0.010233104308135808,14237
hnp,random,7,143,0.06535947712418301,95.30000000000004,0,0.0,47,0.47,100,0.009492938260082155,14337
hnp,random,7,144,0.06493506493506493,94.70000000000005,1,0.01,34,0.34,100,0.012030540397390724,14437
hnp,random,7,145,0.06451612903225806,95.60000000000002,1,0.01,25,0.25,100,0.010867732260376215,14537
hnp,random,7,146,0.06410256410256411,97.30000000000005,0,0.0,27,0.27,100,0.01147714396705851,14637
hnp,random,7,147,0.06369426751592357,96.50000000000004,0,0.0,35,0.35,100,0.01104851341806352,14737
hnp,random,7,148,0.06329113924050632,93.80000000000007,1,0.01,43,0.43,100,0.01361050503794104,14837
hnp,random,7,149,0.06289308176100629,94.40000000000003,1,0.01,37,0.37,100,0.0116020383592695,14937
hnp,random,7,150,0.0625,91.49999999999999,3,0.03,27,0.27,100,0.01233475785702467,15037
hnp,random,7,151,0.06211180124223602,94.40000000000006,1,0.01,37,0.37,100,0.011515769585967063,15137
hnp,random,7,152,0.0617283950617284,97.00000000000003,0,0.0,30,0.3,100,0.011075556697323918,15237
hnp,random,7,153,0.06134969325153374,92.30000000000005,2,0.02,38,0.38,100,0.014911152464337647,15337
hnp,random,7,154,0.06097560975609757,95.00000000000003,1,0.01,31,0.31,100,0.013077520369552075,15437
hnp,random,7,155,0.06060606060606061,95.40000000000006,0,0.0,46,0.46,100,0.01222766433376819,15537
hnp,random,7,156,0.06024096385542168,94.80000000000007,1,0.01,33,0.33,100,0.012662612390704453,15637
hnp,random,7,157,0.059880239520958084,95.40000000000009,0,0.0,46,0.46,100,0.011759365992620587,15737
hnp,random,7,158,0.05952380952380952,92.10000000000004,2,0.02,41,0.41,100,0.009282827898859978,15837
hnp,random,7,159,0.0591715976331361,94.60000000000001,1,0.01,35,0.35,100,0.01217487062094733,15937
hnp,random,7,160,0.058823529411764705,97.00000000000006,0,0.0,30,0.3,100,0.010844099062960594,16037
hnp,random,7,161,0.05847953216374269,94.40000000000005,1,0.01,37,0.37,100,0.009373668641783297,16137
hnp,random,7,162,0.05813953488372093,98.00000000000004,0,0.0,20,0.2,100,0.01141341526992619,16237
hnp,random,7,163,0.057803468208092484,94.60000000000001,1,0.01,35,0.35,100,0.009031910682097077,16337
hnp,random,7,164,0.0574712643678161,91.30000000000004,3,0.03,30,0.3,100,0.011038290760479868,16437
hnp,random,7,165,0.05714285714285714,95.40000000000002,0,0.0,46,0.46,100,0.010821203161031008,16537
hnp,random,7,166,0.056818181818181816,96.30000000000004,0,0.0,37,0.37,100,0.013026150572113693,16637
hnp,random,7,167,0.05649717514124294,94.40000000000006,1,0.01,37,0.37,100,0.010183972003869713,16737
hnp,random,7,168,0.056179775280898875,94.20000000000006,1,0.01,39,0.39,100,0.009168369192630053,16837
hnp,random,7,169,0.0558659217877095,91.60000000000002,2,0.02,46,0.46,100,0.008007657590787857,16937
hnp,random,7,170,0.05555555555555555,96.50000000000006,0,0.0,35,0.35,100,0.010608343854546547,17037
hnp,random,7,171,0.055248618784530384,96.80000000000004,0,0.0,32,0.32,100,0.011995641374960541,17137
hnp,random,7,172,0.054945054945054944,96.10000000000001,0,0.0,39,0.39,100,0.008772314412053674,17237
hnp,random,7,173,0.0546448087431694,92.50000000000003,2,0.02,37,0.37,100,0.010197990969754756,17337
hnp,random,7,174,0.05434782608695653,92.29999999999998,2,0.02,39,0.39,100,0.011177041139453649,17437
hnp,random,7,175,0.05405405405405406,96.80000000000003,0,0.0,32,0.32,100,0.009369769897311926,17537
hnp,random,7,176,0.05376344086021505,97.60000000000005,0,0.0,24,0.24,100,0.012809391166083515,17637
hnp,random,7,177,0.053475935828877004,95.40000000000003,0,0.0,46,0.46,100,0.009808277895208448,17737
hnp,random,7,178,0.05319148936170213,94.50000000000003,1,0.01,36,0.36,100,0.009711030484177173,17837
hnp,random,7,179,0.052910052910052914,96.60000000000001,0,0.0,34,0.34,100,0.008867857484146953,17937
hnp,random,7,180,0.05263157894736842,94.90000000000006,1,0.01,32,0.32,100,0.00794822130119428,18037
hnp,random,7,181,0.05235602094240837,95.30000000000004,1,0.01,28,0.28,100,0.00835743053117767,18137
hnp,random,7,182,0.052083333333333336,93.50000000000006,1,0.01,46,0.46,100,0.013004085076972842,18237
hnp,random,7,183,0.05181347150259067,96.30000000000005,0,0.0,37,0.37,100,0.01003515865188092,18337
hnp,random,7,184,0.051546391752577324,96.50000000000006,0,0.0,35,0.35,100,0.010867646855767816,18437
hnp,random,7,185,0.05128205128205128,94.2,1,0.01,39,0.39,100,0.01068827603943646,18537
hnp,random,7,186,0.0510204081632653,94.30000000000004,1,0.01,38,0.38,100,0.009391383884940296,18637
hnp,random,7,187,0.050761421319796954,97.00000000000009,0,0.0,30,0.3,100,0.00892144898418337,18737
hnp,random,7,188,0.050505050505050504,96.29999999999998,1,0.01,17,0.17,100,0.01109741314779967,18837
hnp,random,7,189,0.05025125628140704,96.70000000000002,0,0.0,33,0.33,100,0.00822026631096378,18937
hnp,random,7,190,0.05,96.70000000000005,0,0.0,33,0.33,100,0.010179829576518386,19037
hnp,random,7,191,0.04975124378109452,97.50000000000006,0,0.0,25,0.25,100,0.01079155650921166,19137
hnp,random,7,192,0.04950495049504951,93.80000000000004,1,0.01,43,0.43,100,0.01099187130574137,19237
hnp,random,7,193,0.04926108374384236,94.80000000000004,1,0.01,33,0.33,100,0.010257634820882232,19337
hnp,random,7,194,0.04901960784313726,94.90000000000005,1,0.01,32,0.32,100,0.010284253554418683,19437
hnp,random,7,195,0.04878048780487805,93.80000000000003,1,0.01,43,0.43,100,0.010427870335988701,19537
hnp,random,7,196,0.04854368932038835,93.80000000000004,1,0.01,43,0.43,100,0.01012102612061426,19637
hnp,random,7,197,0.04830917874396135,96.60000000000005,0,0.0,34,0.34,100,0.009490742185153066,19737
hnp,random,7,198,0.04807692307692307,96.90000000000002,0,0.0,31,0.31,100,0.009614619843196124,19837
hnp,random,7,199,0.04784688995215311,92.60000000000007,2,0.02,36,0.36,100,0.0103853729669936,19937
hnp,random,8,0,1.0,64.89999999999993,14,0.14,84,0.84,100,0.13157783680268237,37
hnp,random,8,1,0.9090909090909091,78.70000000000003,7,0.07,79,0.79,100,0.03174291731789708,137
hnp,random,8,2,0.8333333333333334,69.99999999999996,11,0.11,91,0.91,100,0.032858712524175646,237
hnp,random,8,3,0.7692307692307692,74.2,9,0.09,87,0.87,100,0.02861099717207253,337
hnp,random,8,4,0.7142857142857143,72.7,10,0.1,83,0.83,100,0.03515770960599184,437
hnp,random,8,5,0.6666666666666666,72.3,10,0.1,86,0.86,100,0.01896635554730892,537
hnp,random,8,6,0.625,70.69999999999996,11,0.11,81,0.81,100,0.009245013832114637,637
hnp,random,8,7,0.5882352941176471,79.10000000000002,7,0.07,75,0.75,100,0.006345196987967938,737
hnp,random,8,8,0.5555555555555556,76.60000000000004,8,0.08,81,0.81,100,0.006189583470113575,837
hnp,random,8,9,0.5263157894736842,83.00000000000001,5,0.05,75,0.75,100,0.005899790779221803,937
hnp,random,8,10,0.5,87.90000000000008,2,0.02,83,0.83,100,0.005419999165460467,1037
hnp,random,8,11,0.47619047619047616,71.79999999999998,11,0.11,73,0.73,100,0.005213348101824522,1137
hnp,random,8,12,0.45454545454545453,85.60000000000002,4,0.04,68,0.68,100,0.005519220768474042,1237
hnp,random,8,13,0.4347826086956522,82.70000000000006,5,0.05,78,0.78,100,0.006625097393989563,1337
hnp,random,8,14,0.4166666666666667,83.70000000000003,5,0.05,68,0.68,100,0.006570524191483855,1437
hnp,random,8,15,0.4,75.79999999999998,9,0.09,70,0.7,100,0.006066717281937599,1537
hnp,random,8,16,0.3846153846153846,86.80000000000005,3,0.03,75,0.75,100,0.006735795135609806,1637
hnp,random,8,17,0.37037037037037035,85.20000000000007,4,0.04,70,0.7,100,0.008579573719762265,1737
hnp,random,8,18,0.35714285714285715,85.70000000000005,4,0.04,67,0.67,100,0.005948470334988088,1837
hnp,random,8,19,0.3448275862068966,89.00000000000007,2,0.02,72,0.72,100,0.00709622047143057,1937
hnp,random,8,20,0.3333333333333333,85.30000000000007,4,0.04,71,0.71,100,0.0066586057865060866,2037
hnp,random,8,21,0.3225806451612903,90.20000000000007,2,0.02,60,0.6,100,0.008712077515665441,2137
hnp,random,8,22,0.3125,82.20000000000005,6,0.06,64,0.64,100,0.0072320267255418,2237
hnp,random,8,23,0.30303030303030304,79.90000000000002,7,0.07,66,0.66,100,0.00816762316506356,2337
hnp,random,8,24,0.29411764705882354,88.40000000000006,3,0.03,59,0.59,100,0.004604650111868978,2437
hnp,random,8,25,0.2857142857142857,86.50000000000006,4,0.04,58,0.58,100,0.006250588484108448,2537
hnp,random,8,26,0.2777777777777778,84.30000000000004,5,0.05,62,0.62,100,0.007338438215665519,2637
hnp,random,8,27,0.27027027027027023,90.30000000000004,2,0.02,58,0.58,100,0.006831246110377834,2737
hnp,random,8,28,0.2631578947368421,85.20000000000005,5,0.05,51,0.51,100,0.007853882398921996,2837
hnp,random,8,29,0.25641025641025644,90.40000000000002,2,0.02,58,0.58,100,0.008131633228622377,2937
hnp,random,8,30,0.25,92.60000000000005,1,0.01,55,0.55,100,0.008113635387271643,3037
hnp,random,8,31,0.24390243902439027,89.00000000000003,3,0.03,51,0.51,100,0.007292457360308618,3137
hnp,random,8,32,0.23809523809523808,90.70000000000005,2,0.02,54,0.54,100,0.008649923638440669,3237
hnp,random,8,33,0.23255813953488372,84.00000000000006,5,0.05,64,0.64,100,0.008124730265699327,3337
hnp,random,8,34,0.22727272727272727,89.30000000000004,3,0.03,50,0.5,100,0.006847351840697229,3437
hnp,random,8,35,0.2222222222222222,84.7,5,0.05,58,0.58,100,0.0077267212676815685,3537
hnp,random,8,36,0.2173913043478261,92.40000000000003,2,0.02,38,0.38,100,0.007983938765246421,3637
hnp,random,8,37,0.2127659574468085,90.10000000000007,2,0.02,61,0.61,100,0.007831774181686341,3737
hnp,random,8,38,0.20833333333333334,86.2,4,0.04,61,0.61,100,0.007004531533457339,3837
hnp,random,8,39,0.2040816326530612,91.40000000000005,2,0.02,48,0.48,100,0.0076793581759557125,3937
hnp,random,8,40,0.2,94.40000000000006,0,0.0,56,0.56,100,0.008488422052469104,4037
hnp,random,8,41,0.19607843137254904,92.80000000000005,1,0.01,53,0.53,100,0.006549237167928368,4137
hnp,random,8,42,0.1923076923076923,89.30000000000005,2,0.02,69,0.69,100,0.007941024089232087,4237
hnp,random,8,43,0.18867924528301888,88.10000000000002,4,0.04,42,0.42,100,0.007752194220665842,4337
hnp,random,8,44,0.18518518518518517,88.30000000000004,3,0.03,60,0.6,100,0.007575252254027874,4437
hnp,random,8,45,0.18181818181818182,91.00000000000006,2,0.02,52,0.52,100,0.009335999395698309,4537
hnp,random,8,46,0.17857142857142858,91.50000000000004,2,0.02,46,0.46,100,0.008214838784188033,4637
hnp,random,8,47,0.17543859649122806,89.00000000000009,3,0.03,53,0.53,100,0.0069456017343327405,4737
hnp,random,8,48,0.1724137931034483,92.80000000000007,1,0.01,53,0.53,100,0.00912032219581306,4837
hnp,random,8,49,0.1694915254237288,92.30000000000005,1,0.01,58,0.58,100,0.00933446385897696,4937
hnp,random,8,50,0.16666666666666666,94.60000000000011,0,0.0,54,0.54,100,0.00847871059551835,5037
hnp,random,8,51,0.1639344262295082,90.39999999999999,3,0.03,38,0.38,100,0.008254330686759204,5137
hnp,random,8,52,0.16129032258064516,94.60000000000008,0,0.0,54,0.54,100,0.008213239568285645,5237
hnp,random,8,53,0.15873015873015872,88.90000000000005,3,0.03,53,0.53,100,0.008811598196625709,5337
hnp,random,8,54,0.15625,91.90000000000005,2,0.02,43,0.43,100,0.008642659629695118,5437
hnp,random,8,55,0.15384615384615385,91.00000000000007,2,0.02,52,0.52,100,0.00956826367881149,5537
hnp,random,8,56,0.15151515151515152,93.50000000000009,1,0.01,46,0.46,100,0.009735047006979585,5637
hnp,random,8,57,0.14925373134328357,91.30000000000004,2,0.02,48,0.48,100,0.008236270253546537,5737
hnp,random,8,58,0.14705882352941177,86.50000000000009,4,0.04,57,0.57,100,0.008331135886255652,5837
hnp,random,8,59,0.14492753623188406,85.00000000000006,5,0.05,53,0.53,100,0.00873788742814213,5937
hnp,random,8,60,0.14285714285714285,96.20000000000006,0,0.0,38,0.38,100,0.010476719639264047,6037
hnp,random,8,61,0.14084507042253522,91.50000000000001,2,0.02,47,0.47,100,0.007912313523702324,6137
hnp,random,8,62,0.1388888888888889,92.30000000000004,2,0.02,38,0.38,100,0.007886944732163101,6237
hnp,random,8,63,0.136986301369863,90.00000000000003,3,0.03,43,0.43,100,0.008663502959534526,6337
hnp,random,8,64,0.13513513513513511,87.50000000000006,4,0.04,49,0.49,100,0.00691448206314817,6437
hnp,random,8,65,0.13333333333333333,93.20000000000002,1,0.01,49,0.49,100,0.00845640517072752,6537
hnp,random,8,66,0.13157894736842105,89.0,3,0.03,53,0.53,100,0.011052309088408947,6637
hnp,random,8,67,0.12987012987012986,89.90000000000003,3,0.03,42,0.42,100,0.00875112104229629,6737
hnp,random,8,68,0.12820512820512822,86.9,4,0.04,55,0.55,100,0.009400813817046582,6837
hnp,random,8,69,0.12658227848101264,93.10000000000002,1,0.01,49,0.49,100,0.009431137819774449,6937
hnp,random,8,70,0.125,92.80000000000004,2,0.02,32,0.32,100,0.009765580329112709,7037
hnp,random,8,71,0.1234567901234568,92.20000000000003,2,0.02,40,0.4,100,0.009100463304203004,7137
hnp,random,8,72,0.12195121951219513,96.4,0,0.0,36,0.36,100,0.007775745866820216,7237
hnp,random,8,73,0.12048192771084336,87.70000000000003,4,0.04,46,0.46,100,0.011036654878407716,7337
hnp,random,8,74,0.11904761904761904,93.3000000000001,1,0.01,48,0.48,100,0.010493907160125673,7437
hnp,random,8,75,0.11764705882352941,92.70000000000007,1,0.01,54,0.54,100,0.008876083681825549,7537
hnp,random,8,76,0.11627906976744186,88.10000000000002,4,0.04,43,0.43,100,0.009669070206582546,7637
hnp,random,8,77,0.1149425287356322,96.80000000000001,0,0.0,32,0.32,100,0.010619705687277018,7737
hnp,random,8,78,0.11363636363636363,89.5,3,0.03,48,0.48,100,0.009615769814699889,7837
hnp,random,8,79,0.11235955056179775,87.80000000000004,4,0.04,46,0.46,100,0.008921289397403599,7937
hnp,random,8,80,0.1111111111111111,96.10000000000002,0,0.0,39,0.39,100,0.009563727416098117,8037
hnp,random,8,81,0.10989010989010989,92.60000000000005,2,0.02,35,0.35,100,0.009632051968947054,8137
hnp,random,8,82,0.10869565217391305,87.90000000000008,4,0.04,45,0.45,100,0.009426128342747689,8237
hnp,random,8,83,0.1075268817204301,92.90000000000008,1,0.01,52,0.52,100,0.009702875572256743,8337
hnp,random,8,84,0.10638297872340426,90.50000000000004,3,0.03,38,0.38,100,0.007840504229534417,8437
hnp,random,8,85,0.10526315789473684,95.70000000000002,1,0.01,24,0.24,100,0.007219747835770249,8537
hnp,random,8,86,0.10416666666666667,96.30000000000004,0,0.0,37,0.37,100,0.010539049990475178,8637
hnp,random,8,87,0.10309278350515465,95.50000000000004,0,0.0,45,0.45,100,0.0077743747434578835,8737
hnp,random,8,88,0.1020408163265306,88.10000000000007,4,0.04,43,0.43,100,0.008346738312393426,8837
hnp,random,8,89,0.10101010101010101,95.70000000000005,1,0.01,23,0.23,100,0.009057721111457796,8937
hnp,random,8,90,0.1,93.9,1,0.01,42,0.42,100,0.007612996106036008,9037
hnp,random,8,91,0.09900990099009901,96.20000000000007,0,0.0,38,0.38,100,0.008237795899622142,9137
hnp,random,8,92,0.09803921568627452,90.40000000000002,3,0.03,39,0.39,100,0.00953712611924857,9237
hnp,random,8,93,0.0970873786407767,93.70000000000006,1,0.01,44,0.44,100,0.008698075455613434,9337
hnp,random,8,94,0.09615384615384615,96.4,0,0.0,36,0.36,100,0.008527408465743064,9437
hnp,random,8,95,0.09523809523809523,94.40000000000006,1,0.01,36,0.36,100,0.009802938816137611,9537
hnp,random,8,96,0.09433962264150944,95.40000000000005,0,0.0,46,0.46,100,0.008346031103283167,9637
hnp,random,8,97,0.09345794392523366,94.90000000000005,1,0.01,32,0.32,100,0.008584218001924455,9737
hnp,random,8,98,0.09259259259259259,92.10000000000005,2,0.02,41,0.41,100,0.009510296871885657,9837
hnp,random,8,99,0.09174311926605504,92.40000000000003,2,0.02,38,0.38,100,0.008600795313250274,9937
hnp,random,8,100,0.09090909090909091,97.30000000000005,0,0.0,27,0.27,100,0.008631710472982376,10037
hnp,random,8,101,0.0900900900900901,92.00000000000004,2,0.02,42,0.42,100,0.009247504342347383,10137
hnp,random,8,102,0.08928571428571429,93.90000000000005,1,0.01,42,0.42,100,0.009447480782400817,10237
hnp,random,8,103,0.08849557522123894,93.70000000000007,1,0.01,44,0.44,100,0.009413802167400717,10337
hnp,random,8,104,0.08771929824561403,95.90000000000008,0,0.0,41,0.41,100,0.009405831387266517,10437
hnp,random,8,105,0.08695652173913043,95.80000000000007,0,0.0,42,0.42,100,0.00912229968700558,10537
hnp,random,8,106,0.08620689655172414,93.40000000000002,2,0.02,27,0.27,100,0.008765312465839089,10637
hnp,random,8,107,0.08547008547008547,94.30000000000007,1,0.01,38,0.38,100,0.01180611873511225,10737
hnp,random,8,108,0.0847457627118644,93.50000000000004,1,0.01,46,0.46,100,0.009869885048829019,10837
hnp,random,8,109,0.08403361344537814,94.20000000000005,1,0.01,39,0.39,100,0.008260158319026233,10937
hnp,random,8,110,0.08333333333333333,95.9,1,0.01,22,0.22,100,0.00986739085521549,11037
hnp,random,8,111,0.08264462809917356,94.80000000000004,1,0.01,33,0.33,100,0.00751677576918155,11137
hnp,random,8,112,0.0819672131147541,96.50000000000006,0,0.0,35,0.35,100,0.007839741013012826,11237
hnp,random,8,113,0.08130081300813008,93.00000000000001,2,0.02,32,0.32,100,0.009502199916169048,11337
hnp,random,8,114,0.08064516129032258,96.40000000000006,0,0.0,36,0.36,100,0.008246123669669031,11437
hnp,random,8,115,0.08,96.60000000000005,0,0.0,34,0.34,100,0.01019864231813699,11537
hnp,random,8,116,0.07936507936507936,94.6,1,0.01,35,0.35,100,0.009555231044068933,11637
hnp,random,8,117,0.07874015748031496,92.50000000000001,2,0.02,37,0.37,100,0.008990015224553645,11737
hnp,random,8,118,0.078125,94.30000000000005,1,0.01,38,0.38,100,0.009567307056859136,11837
hnp,random,8,119,0.07751937984496124,96.30000000000007,0,0.0,37,0.37,100,0.008020803949330002,11937
hnp,random,8,120,0.07692307692307693,94.90000000000006,1,0.01,31,0.31,100,0.006930377895478159,12037
hnp,random,8,121,0.07633587786259542,96.60000000000001,0,0.0,34,0.34,100,0.008929324799682945,12137
hnp,random,8,122,0.07575757575757576,92.90000000000008,1,0.01,52,0.52,100,0.009553097125608473,12237
hnp,random,8,123,0.07518796992481203,95.30000000000001,1,0.01,27,0.27,100,0.00929170427378267,12337
hnp,random,8,124,0.07462686567164178,94.20000000000003,1,0.01,39,0.39,100,0.009125322883483023,12437
hnp,random,8,125,0.07407407407407407,93.80000000000007,1,0.01,43,0.43,100,0.009196034031920135,12537
hnp,random,8,126,0.07352941176470588,96.20000000000002,0,0.0,38,0.38,100,0.008998320791870356,12637
hnp,random,8,127,0.07299270072992702,95.3000000000001,0,0.0,47,0.47,100,0.010122703919187188,12737
hnp,random,8,128,0.07246376811594203,90.70000000000002,3,0.03,34,0.34,100,0.009819157030433416,12837
hnp,random,8,129,0.07194244604316546,94.70000000000007,1,0.01,34,0.34,100,0.010183807518333197,12937
hnp,random,8,130,0.07142857142857142,93.20000000000003,1,0.01,49,0.49,100,0.007559113928582519,13037
hnp,random,8,131,0.07092198581560284,95.00000000000006,0,0.0,50,0.5,100,0.00985544092953205,13137
hnp,random,8,132,0.07042253521126761,94.60000000000001,1,0.01,35,0.35,100,0.009722705252934248,13237
hnp,random,8,133,0.06993006993006992,96.50000000000007,0,0.0,35,0.35,100,0.008960231912788004,13337
hnp,random,8,134,0.06944444444444445,97.20000000000005,0,0.0,28,0.28,100,0.009704108634032309,13437
hnp,random,8,135,0.06896551724137931,92.79999999999998,2,0.02,33,0.33,100,0.008108602515421807,13537
hnp,random,8,136,0.0684931506849315,95.6,1,0.01,25,0.25,100,0.009439833252690733,13637
hnp,random,8,137,0.06802721088435375,95.80000000000003,0,0.0,42,0.42,100,0.008921194933354854,13737
hnp,random,8,138,0.06756756756756756,94.10000000000005,1,0.01,39,0.39,100,0.009801804162561894,13837
hnp,random,8,139,0.06711409395973154,94.10000000000008,1,0.01,40,0.4,100,0.012771251443773508,13937
hnp,random,8,140,0.06666666666666667,97.20000000000003,0,0.0,28,0.28,100,0.008778437592554837,14037
hnp,random,8,141,0.06622516556291391,92.00000000000007,2,0.02,42,0.42,100,0.01129183258395642,14137
hnp,random,8,142,0.06578947368421052,95.60000000000001,1,0.01,25,0.25,100,0.008595032149460167,14237
hnp,random,8,143,0.06535947712418301,97.30000000000004,0,0.0,27,0.27,100,0.008059972287155688,14337
hnp,random,8,144,0.06493506493506493,96.50000000000004,0,0.0,35,0.35,100,0.007742548352107406,14437
hnp,random,8,145,0.06451612903225806,95.30000000000004,1,0.01,28,0.28,100,0.008355184691026807,14537
hnp,random,8,146,0.06410256410256411,93.10000000000007,2,0.02,31,0.31,100,0.008852508245036006,14637
hnp,random,8,147,0.06369426751592357,96.80000000000004,0,0.0,32,0.32,100,0.007952970853075385,14737
hnp,random,8,148,0.06329113924050632,93.90000000000003,1,0.01,42,0.42,100,0.00812012812588364,14837
hnp,random,8,149,0.06289308176100629,96.5,0,0.0,35,0.35,100,0.008682554007973521,14937
hnp,random,8,150,0.0625,95.40000000000002,1,0.01,27,0.27,100,0.009892581715248525,15037
hnp,random,8,151,0.06211180124223602,92.80000000000004,2,0.02,33,0.33,100,0.0074823280703276394,15137
hnp,random,8,152,0.0617283950617284,94.40000000000008,1,0.01,37,0.37,100,0.00946763290092349,15237
hnp,random,8,153,0.06134969325153374,91.60000000000005,2,0.02,46,0.46,100,0.009770958065055312,15337
hnp,random,8,154,0.06097560975609757,94.9,1,0.01,32,0.32,100,0.007386746066622436,15437
hnp,random,8,155,0.06060606060606061,95.90000000000005,1,0.01,22,0.22,100,0.010282737030647695,15537
hnp,random,8,156,0.06024096385542168,94.10000000000004,1,0.01,40,0.4,100,0.0094761743536219,15637
hnp,random,8,157,0.059880239520958084,97.5,0,0.0,25,0.25,100,0.008492722881492228,15737
hnp,random,8,158,0.05952380952380952,97.20000000000003,0,0.0,28,0.28,100,0.008687262111343443,15837
hnp,random,8,159,0.0591715976331361,94.20000000000007,1,0.01,39,0.39,100,0.009308558935299516,15937
hnp,random,8,160,0.058823529411764705,94.80000000000003,1,0.01,33,0.33,100,0.009789455146528781,16037
hnp,random,8,161,0.05847953216374269,96.40000000000005,0,0.0,36,0.36,100,0.008432715041562915,16137
hnp,random,8,162,0.05813953488372093,96.70000000000007,0,0.0,33,0.33,100,0.008842470075469464,16237
hnp,random,8,163,0.057803468208092484,94.60000000000004,1,0.01,35,0.35,100,0.010157963330857455,16337
hnp,random,8,164,0.0574712643678161,96.70000000000005,0,0.0,33,0.33,100,0.011423354963771998,16437
hnp,random,8,165,0.05714285714285714,95.40000000000002,1,0.01,26,0.26,100,0.008125546369701624,16537
hnp,random,8,166,0.056818181818181816,95.0,1,0.01,31,0.31,100,0.007683131056837738,16637
hnp,random,8,167,0.05649717514124294,95.20000000000006,0,0.0,48,0.48,100,0.008059713423717767,16737
hnp,random,8,168,0.056179775280898875,88.60000000000002,4,0.04,37,0.37,100,0.006854245474096387,16837
hnp,random,8,169,0.0558659217877095,95.00000000000003,1,0.01,30,0.3,100,0.00944149747490883,16937
hnp,random,8,170,0.05555555555555555,96.10000000000007,0,0.0,39,0.39,100,0.00965171052608639,17037
hnp,random,8,171,0.055248618784530384,95.80000000000001,1,0.01,23,0.23,100,0.01029801046475768,17137
hnp,random,8,172,0.054945054945054944,96.90000000000006,0,0.0,31,0.31,100,0.008218882761429996,17237
hnp,random,8,173,0.0546448087431694,96.60000000000004,0,0.0,34,0.34,100,0.01092563453130424,17337
hnp,random,8,174,0.05434782608695653,97.10000000000002,0,0.0,29,0.29,100,0.01126828879583627,17437
hnp,random,8,175,0.05405405405405406,94.00000000000006,1,0.01,41,0.41,100,0.01151869846507907,17537
hnp,random,8,176,0.05376344086021505,95.90000000000003,0,0.0,41,0.41,100,0.009224978422280402,17637
hnp,random,8,177,0.053475935828877004,92.70000000000005,2,0.02,35,0.35,100,0.01211318964138627,17737
hnp,random,8,178,0.05319148936170213,96.50000000000009,0,0.0,35,0.35,100,0.010744571508839727,17837
hnp,random,8,179,0.052910052910052914,90.60000000000002,3,0.03,36,0.36,100,0.009774134885519743,17937
hnp,random,8,180,0.05263157894736842,90.69999999999999,3,0.03,35,0.35,100,0.009065361595712602,18037
hnp,random,8,181,0.05235602094240837,92.80000000000005,2,0.02,34,0.34,100,0.009325330127030611,18137
hnp,random,8,182,0.052083333333333336,95.20000000000003,1,0.01,29,0.29,100,0.010077451802790165,18237
hnp,random,8,183,0.05181347150259067,93.80000000000004,1,0.01,43,0.43,100,0.009378117830492557,18337
hnp,random,8,184,0.051546391752577324,96.30000000000004,0,0.0,37,0.37,100,0.009658819576725364,18437
hnp,random,8,185,0.05128205128205128,95.10000000000008,0,0.0,49,0.49,100,0.015822942778468133,18537
hnp,random,8,186,0.0510204081632653,93.20000000000009,2,0.02,30,0.3,100,0.0113860993552953,18637
hnp,random,8,187,0.050761421319796954,97.30000000000003,0,0.0,27,0.27,100,0.009904237939044833,18737
hnp,random,8,188,0.050505050505050504,97.20000000000002,0,0.0,28,0.28,100,0.009281815523281693,18837
hnp,random,8,189,0.05025125628140704,96.00000000000007,0,0.0,40,0.4,100,0.008195292963646352,18937
hnp,random,8,190,0.05,96.40000000000009,0,0.0,36,0.36,100,0.007925152995157987,19037
hnp,random,8,191,0.04975124378109452,97.20000000000002,0,0.0,28,0.28,100,0.010791930325794966,19137
hnp,random,8,192,0.04950495049504951,92.20000000000003,2,0.02,40,0.4,100,0.01109252659138292,19237
hnp,random,8,193,0.04926108374384236,96.40000000000003,0,0.0,36,0.36,100,0.010745144225656986,19337
hnp,random,8,194,0.04901960784313726,97.10000000000005,0,0.0,29,0.29,100,0.008531019422225655,19437
hnp,random,8,195,0.04878048780487805,98.10000000000002,0,0.0,19,0.19,100,0.00965454036835581,19537
hnp,random,8,196,0.04854368932038835,97.70000000000005,0,0.0,23,0.23,100,0.01129816337954253,19637
hnp,random,8,197,0.04830917874396135,96.50000000000004,0,0.0,35,0.35,100,0.009685246362350882,19737
hnp,random,8,198,0.04807692307692307,96.00000000000004,0,0.0,40,0.4,100,0.009336961610242724,19837
hnp,random,8,199,0.04784688995215311,94.60000000000004,1,0.01,34,0.34,100,0.011260192394256591,19937
hnp,random,9,0,1.0,62.299999999999926,15,0.15,91,0.91,100,0.18996826332767267,37
hnp,random,9,1,0.9090909090909091,66.89999999999995,13,0.13,83,0.83,100,0.05675444703549146,137
hnp,random,9,2,0.8333333333333334,75.60000000000001,8,0.08,91,0.91,100,0.033392579928040504,237
hnp,random,9,3,0.7692307692307692,76.2,8,0.08,86,0.86,100,0.02075870832428336,337
hnp,random,9,4,0.7142857142857143,76.3,8,0.08,82,0.82,100,0.012679845481179654,437
hnp,random,9,5,0.6666666666666666,79.80000000000004,6,0.06,86,0.86,100,0.009282693997956813,537
hnp,random,9,6,0.625,78.4,7,0.07,82,0.82,100,0.006805555331520736,637
hnp,random,9,7,0.5882352941176471,80.30000000000001,6,0.06,82,0.82,100,0.005731819614302367,737
hnp,random,9,8,0.5555555555555556,70.29999999999998,11,0.11,87,0.87,100,0.005231400048360229,837
hnp,random,9,9,0.5263157894736842,81.4,6,0.06,71,0.71,100,0.004844112461432815,937
hnp,random,9,10,0.5,80.20000000000006,6,0.06,83,0.83,100,0.00466573336860165,1037
hnp,random,9,11,0.47619047619047616,86.40000000000008,3,0.03,79,0.79,100,0.010653501986525952,1137
hnp,random,9,12,0.45454545454545453,89.00000000000006,2,0.02,72,0.72,100,0.006899775164201856,1237
hnp,random,9,13,0.4347826086956522,83.10000000000002,5,0.05,73,0.73,100,0.005360896226484328,1337
hnp,random,9,14,0.4166666666666667,77.6,8,0.08,71,0.71,100,0.004452290849294513,1437
hnp,random,9,15,0.4,78.70000000000002,7,0.07,78,0.78,100,0.006100967491511256,1537
hnp,random,9,16,0.3846153846153846,85.00000000000007,4,0.04,74,0.74,100,0.006532861702144146,1637
hnp,random,9,17,0.37037037037037035,88.80000000000008,2,0.02,74,0.74,100,0.00643030168954283,1737
hnp,random,9,18,0.35714285714285715,82.10000000000002,6,0.06,64,0.64,100,0.0055144763365387916,1837
hnp,random,9,19,0.3448275862068966,79.00000000000006,7,0.07,76,0.76,100,0.005588998426683247,1937
hnp,random,9,20,0.3333333333333333,91.00000000000009,1,0.01,71,0.71,100,0.00595567521173507,2037
hnp,random,9,21,0.3225806451612903,92.90000000000006,0,0.0,71,0.71,100,0.007551984605379402,2137
hnp,random,9,22,0.3125,83.8,5,0.05,67,0.67,100,0.006367650039028377,2237
hnp,random,9,23,0.30303030303030304,84.30000000000007,4,0.04,81,0.81,100,0.007071865168400109,2337
hnp,random,9,24,0.29411764705882354,78.2,8,0.08,65,0.65,100,0.005945398227777332,2437
hnp,random,9,25,0.2857142857142857,91.00000000000009,1,0.01,71,0.71,100,0.007692696976009756,2537
hnp,random,9,26,0.2777777777777778,82.10000000000002,6,0.06,64,0.64,100,0.006662476237397641,2637
hnp,random,9,27,0.27027027027027023,85.90000000000003,4,0.04,64,0.64,100,0.010583991368766874,2737
hnp,random,9,28,0.2631578947368421,87.80000000000005,3,0.03,64,0.64,100,0.0064926113234832885,2837
hnp,random,9,29,0.25641025641025644,85.70000000000005,4,0.04,67,0.67,100,0.007872256620321422,2937
hnp,random,9,30,0.25,89.30000000000003,2,0.02,69,0.69,100,0.00775965787936002,3037
hnp,random,9,31,0.24390243902439027,80.40000000000003,7,0.07,63,0.63,100,0.007558482505846769,3137
hnp,random,9,32,0.23809523809523808,87.50000000000006,3,0.03,68,0.68,100,0.008340473885182291,3237
hnp,random,9,33,0.23255813953488372,85.80000000000007,4,0.04,66,0.66,100,0.007813905745279045,3337
hnp,random,9,34,0.22727272727272727,94.00000000000006,0,0.0,60,0.6,100,0.008774404283612966,3437
hnp,random,9,35,0.2222222222222222,81.60000000000002,6,0.06,70,0.7,100,0.00696916913613677,3537
hnp,random,9,36,0.2173913043478261,91.60000000000004,1,0.01,65,0.65,100,0.007115333338733762,3637
hnp,random,9,37,0.2127659574468085,93.10000000000007,1,0.01,50,0.5,100,0.0071723445528186856,3737
hnp,random,9,38,0.20833333333333334,87.10000000000007,3,0.03,72,0.72,100,0.008627905822359026,3837
hnp,random,9,39,0.2040816326530612,84.50000000000006,5,0.05,58,0.58,100,0.00787058525485918,3937
hnp,random,9,40,0.2,94.40000000000009,0,0.0,56,0.56,100,0.007919409738387912,4037
hnp,random,9,41,0.19607843137254904,89.10000000000002,3,0.03,51,0.51,100,0.007631505189929158,4137
hnp,random,9,42,0.1923076923076923,88.50000000000006,3,0.03,58,0.58,100,0.006893655532039702,4237
hnp,random,9,43,0.18867924528301888,88.90000000000006,3,0.03,53,0.53,100,0.009024115223437547,4337
hnp,random,9,44,0.18518518518518517,88.80000000000008,3,0.03,55,0.55,100,0.008617351520806551,4437
hnp,random,9,45,0.18181818181818182,88.70000000000005,3,0.03,55,0.55,100,0.008996391198597848,4537
hnp,random,9,46,0.17857142857142858,86.00000000000004,4,0.04,63,0.63,100,0.010111632070038467,4637
hnp,random,9,47,0.17543859649122806,92.50000000000006,1,0.01,55,0.55,100,0.009509343723766505,4737
hnp,random,9,48,0.1724137931034483,89.90000000000008,2,0.02,63,0.63,100,0.009631370934657752,4837
hnp,random,9,49,0.1694915254237288,90.70000000000005,2,0.02,55,0.55,100,0.008572078091092408,4937
hnp,random,9,50,0.16666666666666666,94.6000000000001,0,0.0,54,0.54,100,0.010420701925177127,5037
hnp,random,9,51,0.1639344262295082,88.40000000000005,3,0.03,59,0.59,100,0.008740242668427527,5137
hnp,random,9,52,0.16129032258064516,93.70000000000006,1,0.01,44,0.44,100,0.008027581828646362,5237
hnp,random,9,53,0.15873015873015872,92.40000000000006,1,0.01,57,0.57,100,0.010919788768514991,5337
hnp,random,9,54,0.15625,95.70000000000007,0,0.0,43,0.43,100,0.010222229491919279,5437
hnp,random,9,55,0.15384615384615385,92.50000000000006,1,0.01,55,0.55,100,0.009546545767225325,5537
hnp,random,9,56,0.15151515151515152,90.90000000000003,2,0.02,53,0.53,100,0.009902413417585194,5637
hnp,random,9,57,0.14925373134328357,90.00000000000009,2,0.02,62,0.62,100,0.011747587504796684,5737
hnp,random,9,58,0.14705882352941177,84.9,5,0.05,55,0.55,100,0.01138059064745903,5837
hnp,random,9,59,0.14492753623188406,90.10000000000007,2,0.02,61,0.61,100,0.010495645897462965,5937
hnp,random,9,60,0.14285714285714285,90.40000000000006,2,0.02,58,0.58,100,0.011157114608213305,6037
hnp,random,9,61,0.14084507042253522,90.60000000000005,2,0.02,56,0.56,100,0.010742635566275567,6137
hnp,random,9,62,0.1388888888888889,91.30000000000007,2,0.02,49,0.49,100,0.012740862544160337,6237
hnp,random,9,63,0.136986301369863,94.40000000000003,0,0.0,56,0.56,100,0.010475987256504594,6337
hnp,random,9,64,0.13513513513513511,93.60000000000007,1,0.01,45,0.45,100,0.012315614765975624,6437
hnp,random,9,65,0.13333333333333333,87.00000000000003,4,0.04,54,0.54,100,0.011922126819845289,6537
hnp,random,9,66,0.13157894736842105,94.00000000000006,1,0.01,41,0.41,100,0.011401180350221694,6637
hnp,random,9,67,0.12987012987012986,93.60000000000005,1,0.01,45,0.45,100,0.010971884038299322,6737
hnp,random,9,68,0.12820512820512822,91.5,2,0.02,47,0.47,100,0.011655891891568898,6837
hnp,random,9,69,0.12658227848101264,92.70000000000005,1,0.01,54,0.54,100,0.011406390350311995,6937
hnp,random,9,70,0.125,94.10000000000005,1,0.01,40,0.4,100,0.010093957735225558,7037
hnp,random,9,71,0.1234567901234568,89.30000000000004,3,0.03,48,0.48,100,0.01245034192223102,7137
hnp,random,9,72,0.12195121951219513,95.80000000000003,0,0.0,42,0.42,100,0.011409055101685226,7237
hnp,random,9,73,0.12048192771084336,91.50000000000009,2,0.02,46,0.46,100,0.011381289549171924,7337
hnp,random,9,74,0.11904761904761904,82.89999999999998,6,0.06,56,0.56,100,0.010722877918742596,7437
hnp,random,9,75,0.11764705882352941,94.30000000000004,0,0.0,57,0.57,100,0.012296719085425139,7537
hnp,random,9,76,0.11627906976744186,93.20000000000005,2,0.02,30,0.3,100,0.009945819955319166,7637
hnp,random,9,77,0.1149425287356322,94.50000000000003,1,0.01,36,0.36,100,0.01069729273673147,7737
hnp,random,9,78,0.11363636363636363,95.20000000000007,0,0.0,48,0.48,100,0.010219497960060836,7837
hnp,random,9,79,0.11235955056179775,97.29999999999998,0,0.0,27,0.27,100,0.012544019790366292,7937
hnp,random,9,80,0.1111111111111111,90.4,3,0.03,39,0.39,100,0.008532395225483925,8037
hnp,random,9,81,0.10989010989010989,92.30000000000004,2,0.02,39,0.39,100,0.012079940298572183,8137
hnp,random,9,82,0.10869565217391305,93.30000000000004,1,0.01,48,0.48,100,0.010076686250977218,8237
hnp,random,9,83,0.1075268817204301,90.20000000000002,3,0.03,41,0.41,100,0.012547945962287485,8337
hnp,random,9,84,0.10638297872340426,94.20000000000005,1,0.01,39,0.39,100,0.011158717349171638,8437
hnp,random,9,85,0.10526315789473684,94.30000000000004,1,0.01,38,0.38,100,0.009636561418883503,8537
hnp,random,9,86,0.10416666666666667,92.30000000000004,2,0.02,39,0.39,100,0.011330966874957084,8637
hnp,random,9,87,0.10309278350515465,95.00000000000001,0,0.0,50,0.5,100,0.01345435854513198,8737
hnp,random,9,88,0.1020408163265306,96.70000000000006,0,0.0,33,0.33,100,0.009870020947419107,8837
hnp,random,9,89,0.10101010101010101,93.40000000000006,1,0.01,47,0.47,100,0.010506958663463593,8937
hnp,random,9,90,0.1,94.30000000000007,1,0.01,38,0.38,100,0.012204096554778516,9037
hnp,random,9,91,0.09900990099009901,91.70000000000007,2,0.02,45,0.45,100,0.0084526159404777,9137
hnp,random,9,92,0.09803921568627452,94.8,1,0.01,33,0.33,100,0.011622200198471546,9237
hnp,random,9,93,0.0970873786407767,90.00000000000003,3,0.03,43,0.43,100,0.009758694821503013,9337
hnp,random,9,94,0.09615384615384615,94.20000000000006,1,0.01,39,0.39,100,0.013570112911984324,9437
hnp,random,9,95,0.09523809523809523,96.40000000000005,0,0.0,36,0.36,100,0.010506692547351123,9537
hnp,random,9,96,0.09433962264150944,95.00000000000007,0,0.0,50,0.5,100,0.01133314908016473,9637
hnp,random,9,97,0.09345794392523366,96.50000000000003,0,0.0,35,0.35,100,0.010249329362995923,9737
hnp,random,9,98,0.09259259259259259,93.90000000000002,1,0.01,41,0.41,100,0.012501559616066516,9837
hnp,random,9,99,0.09174311926605504,95.20000000000006,0,0.0,48,0.48,100,0.010495940113905818,9937
hnp,random,9,100,0.09090909090909091,97.20000000000007,0,0.0,28,0.28,100,0.01031892875675112,10037
hnp,random,9,101,0.0900900900900901,90.40000000000003,3,0.03,39,0.39,100,0.011985776892397553,10137
hnp,random,9,102,0.08928571428571429,94.30000000000001,1,0.01,38,0.38,100,0.01289650828577578,10237
hnp,random,9,103,0.08849557522123894,93.90000000000005,1,0.01,41,0.41,100,0.011512253959663212,10337
hnp,random,9,104,0.08771929824561403,94.10000000000001,1,0.01,40,0.4,100,0.010409246967174112,10437
hnp,random,9,105,0.08695652173913043,94.20000000000005,1,0.01,39,0.39,100,0.008552291691303253,10537
hnp,random,9,106,0.08620689655172414,93.40000000000002,2,0.02,28,0.28,100,0.01083365143276751,10637
hnp,random,9,107,0.08547008547008547,93.90000000000003,1,0.01,42,0.42,100,0.010066998193506151,10737
hnp,random,9,108,0.0847457627118644,93.70000000000002,1,0.01,44,0.44,100,0.010504738138988614,10837
hnp,random,9,109,0.08403361344537814,96.90000000000003,0,0.0,31,0.31,100,0.013735370766371489,10937
hnp,random,9,110,0.08333333333333333,96.00000000000006,0,0.0,40,0.4,100,0.011377854570746422,11037
hnp,random,9,111,0.08264462809917356,95.20000000000003,1,0.01,29,0.29,100,0.010306626469828188,11137
hnp,random,9,112,0.0819672131147541,97.20000000000005,0,0.0,28,0.28,100,0.009616913851350545,11237
hnp,random,9,113,0.08130081300813008,93.50000000000004,1,0.01,46,0.46,100,0.013038139841519296,11337
hnp,random,9,114,0.08064516129032258,92.1,2,0.02,40,0.4,100,0.012465291456319392,11437
hnp,random,9,115,0.08,93.90000000000006,1,0.01,42,0.42,100,0.008651689882390201,11537
hnp,random,9,116,0.07936507936507936,96.30000000000007,0,0.0,37,0.37,100,0.0112360596540384,11637
hnp,random,9,117,0.07874015748031496,96.60000000000004,0,0.0,34,0.34,100,0.01406955990474671,11737
hnp,random,9,118,0.078125,92.30000000000004,2,0.02,38,0.38,100,0.010024913097731769,11837
hnp,random,9,119,0.07751937984496124,96.5,0,0.0,35,0.35,100,0.00941585851367563,11937
hnp,random,9,120,0.07692307692307693,94.8,1,0.01,33,0.33,100,0.010373956973198801,12037
hnp,random,9,121,0.07633587786259542,97.40000000000006,0,0.0,26,0.26,100,0.01164215974509716,12137
hnp,random,9,122,0.07575757575757576,95.00000000000004,0,0.0,50,0.5,100,0.009949047653935849,12237
hnp,random,9,123,0.07518796992481203,94.50000000000003,1,0.01,36,0.36,100,0.010207198823336512,12337
hnp,random,9,124,0.07462686567164178,93.80000000000004,2,0.02,23,0.23,100,0.010905483295209706,12437
hnp,random,9,125,0.07407407407407407,96.60000000000008,0,0.0,34,0.34,100,0.010375672499649227,12537
hnp,random,9,126,0.07352941176470588,96.70000000000003,0,0.0,33,0.33,100,0.008673434536904097,12637
hnp,random,9,127,0.07299270072992702,97.40000000000003,0,0.0,26,0.26,100,0.012274553999304771,12737
hnp,random,9,128,0.07246376811594203,94.60000000000005,1,0.01,35,0.35,100,0.01210248451679945,12837
hnp,random,9,129,0.07194244604316546,95.70000000000005,0,0.0,43,0.43,100,0.012072103125974535,12937
hnp,random,9,130,0.07142857142857142,94.40000000000006,1,0.01,37,0.37,100,0.011162217913661152,13037
hnp,random,9,131,0.07092198581560284,89.50000000000004,3,0.03,47,0.47,100,0.012248959704302252,13137
hnp,random,9,132,0.07042253521126761,89.90000000000003,3,0.03,44,0.44,100,0.012016006726771594,13237
hnp,random,9,133,0.06993006993006992,94.40000000000006,1,0.01,37,0.37,100,0.008426264885347336,13337
hnp,random,9,134,0.06944444444444445,93.10000000000002,2,0.02,31,0.31,100,0.010248166229575872,13437
hnp,random,9,135,0.06896551724137931,93.20000000000005,2,0.02,30,0.3,100,0.009463740210048855,13537
hnp,random,9,136,0.0684931506849315,94.90000000000003,1,0.01,32,0.32,100,0.009561480178963393,13637
hnp,random,9,137,0.06802721088435375,96.00000000000004,0,0.0,40,0.4,100,0.01045695597305894,13737
hnp,random,9,138,0.06756756756756756,94.80000000000004,1,0.01,33,0.33,100,0.00945761688053608,13837
hnp,random,9,139,0.06711409395973154,94.60000000000001,1,0.01,35,0.35,100,0.010800142497755587,13937
hnp,random,9,140,0.06666666666666667,91.30000000000003,2,0.02,49,0.49,100,0.009510940513573587,14037
hnp,random,9,141,0.06622516556291391,94.70000000000003,1,0.01,34,0.34,100,0.00964799105655402,14137
hnp,random,9,142,0.06578947368421052,96.90000000000006,0,0.0,31,0.31,100,0.010508597462903708,14237
hnp,random,9,143,0.06535947712418301,97.30000000000001,0,0.0,27,0.27,100,0.012611118969507515,14337
hnp,random,9,144,0.06493506493506493,93.20000000000002,2,0.02,29,0.29,100,0.009643016671761871,14437
hnp,random,9,145,0.06451612903225806,94.30000000000005,1,0.01,38,0.38,100,0.01115602801553905,14537
hnp,random,9,146,0.06410256410256411,95.20000000000005,1,0.01,29,0.29,100,0.012070386060513557,14637
hnp,random,9,147,0.06369426751592357,95.80000000000004,0,0.0,42,0.42,100,0.009174737385474146,14737
hnp,random,9,148,0.06329113924050632,97.9,0,0.0,21,0.21,100,0.011054515917785467,14837
hnp,random,9,149,0.06289308176100629,97.10000000000007,0,0.0,29,0.29,100,0.010797291729832069,14937
hnp,random,9,150,0.0625,93.00000000000003,2,0.02,31,0.31,100,0.011420922591350973,15037
hnp,random,9,151,0.06211180124223602,90.80000000000004,2,0.02,54,0.54,100,0.010881575592793524,15137
hnp,random,9,152,0.0617283950617284,94.40000000000002,1,0.01,36,0.36,100,0.01031417794059962,15237
hnp,random,9,153,0.06134969325153374,95.10000000000001,1,0.01,29,0.29,100,0.012144471229985356,15337
hnp,random,9,154,0.06097560975609757,96.4,0,0.0,36,0.36,100,0.01049422379117459,15437
hnp,random,9,155,0.06060606060606061,96.20000000000002,0,0.0,38,0.38,100,0.008814951269887388,15537
hnp,random,9,156,0.06024096385542168,92.20000000000003,2,0.02,40,0.4,100,0.010066981054842472,15637
hnp,random,9,157,0.059880239520958084,95.70000000000005,1,0.01,24,0.24,100,0.007926931856200099,15737
hnp,random,9,158,0.05952380952380952,96.30000000000007,0,0.0,37,0.37,100,0.009587972480803729,15837
hnp,random,9,159,0.0591715976331361,95.30000000000004,1,0.01,28,0.28,100,0.00861325494479388,15937
hnp,random,9,160,0.058823529411764705,96.9,0,0.0,31,0.31,100,0.012154294564388692,16037
hnp,random,9,161,0.05847953216374269,92.40000000000006,2,0.02,38,0.38,100,0.012419354496523738,16137
hnp,random,9,162,0.05813953488372093,93.80000000000004,1,0.01,43,0.43,100,0.010499031976796686,16237
hnp,random,9,163,0.057803468208092484,96.80000000000007,0,0.0,32,0.32,100,0.011928901043720543,16337
hnp,random,9,164,0.0574712643678161,93.6,2,0.02,26,0.26,100,0.010265937449876219,16437
hnp,random,9,165,0.05714285714285714,95.60000000000007,0,0.0,44,0.44,100,0.011269255664665252,16537
hnp,random,9,166,0.056818181818181816,91.90000000000003,2,0.02,43,0.43,100,0.011338023962453007,16637
hnp,random,9,167,0.05649717514124294,97.40000000000002,0,0.0,26,0.26,100,0.012053437272552401,16737
hnp,random,9,168,0.056179775280898875,94.60000000000002,1,0.01,35,0.35,100,0.011356278022285551,16837
hnp,random,9,169,0.0558659217877095,93.40000000000006,1,0.01,47,0.47,100,0.009742678764741868,16937
hnp,random,9,170,0.05555555555555555,95.70000000000002,1,0.01,24,0.24,100,0.010424366721417755,17037
hnp,random,9,171,0.055248618784530384,91.70000000000007,2,0.02,44,0.44,100,0.011347080497071147,17137
hnp,random,9,172,0.054945054945054944,96.10000000000005,0,0.0,39,0.39,100,0.009828380038961769,17237
hnp,random,9,173,0.0546448087431694,94.30000000000004,1,0.01,38,0.38,100,0.009205444012768566,17337
hnp,random,9,174,0.05434782608695653,92.80000000000007,2,0.02,34,0.34,100,0.009516186085529626,17437
hnp,random,9,175,0.05405405405405406,93.60000000000004,1,0.01,45,0.45,100,0.00924205271527171,17537
hnp,random,9,176,0.05376344086021505,95.90000000000006,0,0.0,41,0.41,100,0.009696224755607545,17637
hnp,random,9,177,0.053475935828877004,93.70000000000007,1,0.01,44,0.44,100,0.009816119659226387,17737
hnp,random,9,178,0.05319148936170213,97.20000000000002,0,0.0,28,0.28,100,0.011372823161073029,17837
hnp,random,9,179,0.052910052910052914,97.10000000000005,0,0.0,29,0.29,100,0.007582928282208741,17937
hnp,random,9,180,0.05263157894736842,96.1,0,0.0,39,0.39,100,0.008924177391454577,18037
hnp,random,9,181,0.05235602094240837,94.60000000000004,1,0.01,35,0.35,100,0.009133203972596675,18137
hnp,random,9,182,0.052083333333333336,96.50000000000007,0,0.0,35,0.35,100,0.014267019920516759,18237
hnp,random,9,183,0.05181347150259067,96.10000000000005,0,0.0,39,0.39,100,0.010320585477165878,18337
hnp,random,9,184,0.051546391752577324,93.80000000000007,1,0.01,43,0.43,100,0.008323980129789561,18437
hnp,random,9,185,0.05128205128205128,92.60000000000008,2,0.02,36,0.36,100,0.009722706312313676,18537
hnp,random,9,186,0.0510204081632653,94.20000000000005,1,0.01,38,0.38,100,0.008858008303213864,18637
hnp,random,9,187,0.050761421319796954,95.90000000000003,1,0.01,22,0.22,100,0.008621392368804664,18737
hnp,random,9,188,0.050505050505050504,96.0000000000001,0,0.0,40,0.4,100,0.010663629204500466,18837
hnp,random,9,189,0.05025125628140704,93.19999999999999,2,0.02,30,0.3,100,0.009699320455547422,18937
hnp,random,9,190,0.05,92.60000000000002,2,0.02,36,0.36,100,0.008818560843355954,19037
hnp,random,9,191,0.04975124378109452,91.40000000000005,3,0.03,29,0.29,100,0.013968728098552674,19137
hnp,random,9,192,0.04950495049504951,94.50000000000009,1,0.01,36,0.36,100,0.0101652910746634,19237
hnp,random,9,193,0.04926108374384236,94.60000000000007,1,0.01,35,0.35,100,0.008072993489913643,19337
hnp,random,9,194,0.04901960784313726,97.10000000000002,0,0.0,29,0.29,100,0.00943664624588564,19437
hnp,random,9,195,0.04878048780487805,96.50000000000006,0,0.0,35,0.35,100,0.008516430472955108,19537
hnp,random,9,196,0.04854368932038835,97.40000000000003,0,0.0,26,0.26,100,0.01157144867349416,19637
hnp,random,9,197,0.04830917874396135,97.90000000000003,0,0.0,21,0.21,100,0.007472258959896862,19737
hnp,random,9,198,0.04807692307692307,91.39999999999998,3,0.03,29,0.29,100,0.007783313926775008,19837
hnp,random,9,199,0.04784688995215311,97.30000000000004,0,0.0,27,0.27,100,0.010433199610561132,19937
hnp,random,10,0,1.0,66.09999999999994,13,0.13,90,0.9,100,0.14474205612330823,37
hnp,random,10,1,0.9090909090909091,74.9,9,0.09,79,0.79,100,0.043554948493838314,137
hnp,random,10,2,0.8333333333333334,72.39999999999998,10,0.1,84,0.84,100,0.03831297452561557,237
hnp,random,10,3,0.7692307692307692,70.19999999999996,11,0.11,87,0.87,100,0.02494071033783257,337
hnp,random,10,4,0.7142857142857143,76.20000000000003,8,0.08,86,0.86,100,0.01706322554498911,437
hnp,random,10,5,0.6666666666666666,83.80000000000004,4,0.04,86,0.86,100,0.01617158385924995,537
hnp,random,10,6,0.625,70.39999999999998,11,0.11,85,0.85,100,0.009088855411391705,637
hnp,random,10,7,0.5882352941176471,80.80000000000003,6,0.06,78,0.78,100,0.006268985646311193,737
hnp,random,10,8,0.5555555555555556,80.10000000000004,6,0.06,84,0.84,100,0.004242122068535537,837
hnp,random,10,9,0.5263157894736842,86.50000000000003,3,0.03,78,0.78,100,0.004793258928693831,937
hnp,random,10,10,0.5,77.0,8,0.08,77,0.77,100,0.0050079410057514906,1037
hnp,random,10,11,0.47619047619047616,76.80000000000003,8,0.08,79,0.79,100,0.010040316195227206,1137
hnp,random,10,12,0.45454545454545453,83.00000000000003,5,0.05,74,0.74,100,0.014772521560080349,1237
hnp,random,10,13,0.4347826086956522,79.20000000000002,7,0.07,74,0.74,100,0.00979101128410548,1337
hnp,random,10,14,0.4166666666666667,80.20000000000005,6,0.06,83,0.83,100,0.007353536505252123,1437
hnp,random,10,15,0.4,79.50000000000003,7,0.07,70,0.7,100,0.00696514030918479,1537
hnp,random,10,16,0.3846153846153846,83.30000000000004,5,0.05,72,0.72,100,0.0069383127382025124,1637
hnp,random,10,17,0.37037037037037035,82.30000000000004,5,0.05,81,0.81,100,0.0058535304106771945,1737
hnp,random,10,18,0.35714285714285715,92.00000000000006,1,0.01,61,0.61,100,0.006739153771195561,1837
hnp,random,10,19,0.3448275862068966,90.9000000000001,1,0.01,72,0.72,100,0.007431043272372335,1937
hnp,random,10,20,0.3333333333333333,81.80000000000001,6,0.06,66,0.66,100,0.0063411308825016026,2037
hnp,random,10,21,0.3225806451612903,90.00000000000006,2,0.02,62,0.62,100,0.006758089836221188,2137
hnp,random,10,22,0.3125,84.80000000000007,4,0.04,76,0.76,100,0.011338800173252821,2237
hnp,random,10,23,0.30303030303030304,80.80000000000004,6,0.06,78,0.78,100,0.012040184212382883,2337
hnp,random,10,24,0.29411764705882354,86.80000000000005,3,0.03,75,0.75,100,0.010128829423338174,2437
hnp,random,10,25,0.2857142857142857,85.70000000000005,4,0.04,67,0.67,100,0.0073531997576355935,2537
hnp,random,10,26,0.2777777777777778,91.60000000000007,1,0.01,64,0.64,100,0.007201729980297386,2637
hnp,random,10,27,0.27027027027027023,87.20000000000005,3,0.03,70,0.7,100,0.007332104363013059,2737
hnp,random,10,28,0.2631578947368421,85.60000000000005,4,0.04,68,0.68,100,0.00676803139038384,2837
hnp,random,10,29,0.25641025641025644,89.10000000000008,2,0.02,71,0.71,100,0.006882915629539639,2937
hnp,random,10,30,0.25,89.50000000000006,2,0.02,67,0.67,100,0.006568874239455909,3037
hnp,random,10,31,0.24390243902439027,90.20000000000007,2,0.02,60,0.6,100,0.007770924842916429,3137
hnp,random,10,32,0.23809523809523808,87.30000000000005,3,0.03,70,0.7,100,0.007613157976884395,3237
hnp,random,10,33,0.23255813953488372,91.6000000000001,1,0.01,65,0.65,100,0.007549328410532325,3337
hnp,random,10,34,0.22727272727272727,90.30000000000007,2,0.02,59,0.59,100,0.008227385459467768,3437
hnp,random,10,35,0.2222222222222222,88.10000000000005,3,0.03,61,0.61,100,0.0076732022385112945,3537
hnp,random,10,36,0.2173913043478261,88.40000000000002,3,0.03,58,0.58,100,0.008443406941369176,3637
hnp,random,10,37,0.2127659574468085,91.40000000000008,1,0.01,67,0.67,100,0.008410617476329207,3737
hnp,random,10,38,0.20833333333333334,87.90000000000002,3,0.03,64,0.64,100,0.009218627125956119,3837
hnp,random,10,39,0.2040816326530612,94.80000000000004,0,0.0,52,0.52,100,0.008735398058779537,3937
hnp,random,10,40,0.2,85.90000000000006,4,0.04,65,0.65,100,0.007526579617988318,4037
hnp,random,10,41,0.19607843137254904,82.40000000000006,6,0.06,62,0.62,100,0.007915498719085009,4137
hnp,random,10,42,0.1923076923076923,90.40000000000003,2,0.02,57,0.57,100,0.008249449806753547,4237
hnp,random,10,43,0.18867924528301888,90.30000000000008,2,0.02,59,0.59,100,0.008361503973137587,4337
hnp,random,10,44,0.18518518518518517,90.20000000000007,2,0.02,60,0.6,100,0.010903128795325756,4437
hnp,random,10,45,0.18181818181818182,90.00000000000003,2,0.02,61,0.61,100,0.010127538114320487,4537
hnp,random,10,46,0.17857142857142858,87.20000000000005,4,0.04,52,0.52,100,0.00807892132550478,4637
hnp,random,10,47,0.17543859649122806,92.2000000000001,1,0.01,59,0.59,100,0.008592159990221261,4737
hnp,random,10,48,0.1724137931034483,94.30000000000007,0,0.0,57,0.57,100,0.008909913878887891,4837
hnp,random,10,49,0.1694915254237288,92.70000000000005,1,0.01,54,0.54,100,0.00954184351488948,4937
hnp,random,10,50,0.16666666666666666,90.90000000000003,2,0.02,52,0.52,100,0.009468154534697532,5037
hnp,random,10,51,0.1639344262295082,94.60000000000007,0,0.0,54,0.54,100,0.009124123284127563,5137
hnp,random,10,52,0.16129032258064516,93.80000000000008,1,0.01,42,0.42,100,0.009423146634362637,5237
hnp,random,10,53,0.15873015873015872,84.50000000000006,5,0.05,60,0.6,100,0.009885042943060397,5337
hnp,random,10,54,0.15625,85.60000000000005,4,0.04,66,0.66,100,0.00924739263486117,5437
hnp,random,10,55,0.15384615384615385,88.80000000000001,3,0.03,55,0.55,100,0.008907860538456588,5537
hnp,random,10,56,0.15151515151515152,92.10000000000004,2,0.02,40,0.4,100,0.007972272583283485,5637
hnp,random,10,57,0.14925373134328357,89.00000000000006,3,0.03,52,0.52,100,0.009299388602375985,5737
hnp,random,10,58,0.14705882352941177,92.10000000000002,1,0.01,60,0.6,100,0.010535505735315382,5837
hnp,random,10,59,0.14492753623188406,88.00000000000006,4,0.04,43,0.43,100,0.008594720135442912,5937
hnp,random,10,60,0.14285714285714285,91.50000000000003,2,0.02,47,0.47,100,0.008526774835772813,6037
hnp,random,10,61,0.14084507042253522,86.50000000000006,4,0.04,59,0.59,100,0.008711024206131696,6137
hnp,random,10,62,0.1388888888888889,93.30000000000004,1,0.01,48,0.48,100,0.00835257770260796,6237
hnp,random,10,63,0.136986301369863,93.10000000000005,1,0.01,49,0.49,100,0.010020393745508045,6337
hnp,random,10,64,0.13513513513513511,95.50000000000006,0,0.0,45,0.45,100,0.009356244979426265,6437
hnp,random,10,65,0.13333333333333333,96.30000000000004,0,0.0,37,0.37,100,0.009306222819723188,6537
hnp,random,10,66,0.13157894736842105,91.00000000000004,2,0.02,52,0.52,100,0.010304525019600988,6637
hnp,random,10,67,0.12987012987012986,95.80000000000005,0,0.0,42,0.42,100,0.009126592352986336,6737
hnp,random,10,68,0.12820512820512822,93.50000000000007,1,0.01,46,0.46,100,0.012015703832730651,6837
hnp,random,10,69,0.12658227848101264,93.20000000000007,1,0.01,49,0.49,100,0.009386707353405655,6937
hnp,random,10,70,0.125,92.20000000000006,1,0.01,59,0.59,100,0.009772332231514157,7037
hnp,random,10,71,0.1234567901234568,92.50000000000006,1,0.01,56,0.56,100,0.01040134963579476,7137
hnp,random,10,72,0.12195121951219513,91.50000000000009,2,0.02,46,0.46,100,0.013794516045600176,7237
hnp,random,10,73,0.12048192771084336,93.00000000000003,1,0.01,51,0.51,100,0.011062857878860086,7337
hnp,random,10,74,0.11904761904761904,86.80000000000005,4,0.04,55,0.55,100,0.011963307112455367,7437
hnp,random,10,75,0.11764705882352941,95.80000000000008,0,0.0,42,0.42,100,0.010514368731528521,7537
hnp,random,10,76,0.11627906976744186,90.60000000000005,2,0.02,56,0.56,100,0.00887857420835644,7637
hnp,random,10,77,0.1149425287356322,87.70000000000006,4,0.04,47,0.47,100,0.009465538777876646,7737
hnp,random,10,78,0.11363636363636363,91.80000000000007,2,0.02,44,0.44,100,0.009293865198269486,7837
hnp,random,10,79,0.11235955056179775,91.20000000000006,2,0.02,49,0.49,100,0.008921289960853755,7937
hnp,random,10,80,0.1111111111111111,91.90000000000005,2,0.02,42,0.42,100,0.0087925617210567,8037
hnp,random,10,81,0.10989010989010989,90.60000000000002,2,0.02,56,0.56,100,0.008454051162116229,8137
hnp,random,10,82,0.10869565217391305,91.40000000000006,2,0.02,48,0.48,100,0.010313251866027712,8237
hnp,random,10,83,0.1075268817204301,94.20000000000005,1,0.01,39,0.39,100,0.010928268297575414,8337
hnp,random,10,84,0.10638297872340426,93.20000000000005,1,0.01,48,0.48,100,0.009640999815892427,8437
hnp,random,10,85,0.10526315789473684,89.50000000000006,3,0.03,47,0.47,100,0.009617112260311842,8537
hnp,random,10,86,0.10416666666666667,94.20000000000002,1,0.01,39,0.39,100,0.009767188974656164,8637
hnp,random,10,87,0.10309278350515465,94.50000000000006,1,0.01,36,0.36,100,0.008400890701450408,8737
hnp,random,10,88,0.1020408163265306,94.10000000000002,1,0.01,40,0.4,100,0.00913199945818633,8837
hnp,random,10,89,0.10101010101010101,92.5,2,0.02,37,0.37,100,0.0086489751143381,8937
hnp,random,10,90,0.1,92.30000000000005,2,0.02,38,0.38,100,0.007127788390498609,9037
hnp,random,10,91,0.09900990099009901,96.80000000000001,0,0.0,32,0.32,100,0.008009916539303958,9137
hnp,random,10,92,0.09803921568627452,93.00000000000007,1,0.01,51,0.51,100,0.008982125921174883,9237
hnp,random,10,93,0.0970873786407767,96.40000000000003,0,0.0,36,0.36,100,0.009248520117253065,9337
hnp,random,10,94,0.09615384615384615,96.30000000000003,0,0.0,37,0.37,100,0.01044576479587704,9437
hnp,random,10,95,0.09523809523809523,94.30000000000003,1,0.01,38,0.38,100,0.010257975636050106,9537
hnp,random,10,96,0.09433962264150944,96.00000000000004,0,0.0,40,0.4,100,0.00902194322552532,9637
hnp,random,10,97,0.09345794392523366,94.4,1,0.01,37,0.37,100,0.008426787569187582,9737
hnp,random,10,98,0.09259259259259259,91.90000000000005,2,0.02,43,0.43,100,0.008797268467023969,9837
hnp,random,10,99,0.09174311926605504,91.50000000000009,2,0.02,47,0.47,100,0.00861023223027587,9937
hnp,random,10,100,0.09090909090909091,96.50000000000006,0,0.0,35,0.35,100,0.009061758313328028,10037
hnp,random,10,101,0.0900900900900901,94.90000000000002,1,0.01,32,0.32,100,0.00936237774323672,10137
hnp,random,10,102,0.08928571428571429,94.00000000000004,1,0.01,41,0.41,100,0.01027438445482403,10237
hnp,random,10,103,0.08849557522123894,90.10000000000002,3,0.03,41,0.41,100,0.009925831272266806,10337
hnp,random,10,104,0.08771929824561403,95.10000000000007,0,0.0,49,0.49,100,0.00923444725573063,10437
hnp,random,10,105,0.08695652173913043,94.40000000000005,1,0.01,37,0.37,100,0.008906330061145128,10537
hnp,random,10,106,0.08620689655172414,89.70000000000005,3,0.03,46,0.46,100,0.010268580075353384,10637
hnp,random,10,107,0.08547008547008547,96.30000000000004,0,0.0,37,0.37,100,0.008799935467541218,10737
hnp,random,10,108,0.0847457627118644,96.70000000000002,0,0.0,33,0.33,100,0.008605121709406376,10837
hnp,random,10,109,0.08403361344537814,96.10000000000005,0,0.0,39,0.39,100,0.00878105990588665,10937
hnp,random,10,110,0.08333333333333333,94.10000000000005,1,0.01,40,0.4,100,0.010356307686306536,11037
hnp,random,10,111,0.08264462809917356,91.50000000000003,2,0.02,47,0.47,100,0.009645243184641003,11137
hnp,random,10,112,0.0819672131147541,94.39999999999999,1,0.01,37,0.37,100,0.011056104018352926,11237
hnp,random,10,113,0.08130081300813008,94.10000000000005,1,0.01,40,0.4,100,0.011704191043972969,11337
hnp,random,10,114,0.08064516129032258,90.30000000000004,3,0.03,39,0.39,100,0.010086553646251559,11437
hnp,random,10,115,0.08,96.70000000000005,0,0.0,33,0.33,100,0.00818737842142582,11537
hnp,random,10,116,0.07936507936507936,96.3000000000001,0,0.0,37,0.37,100,0.009693284062668681,11637
hnp,random,10,117,0.07874015748031496,92.20000000000005,2,0.02,40,0.4,100,0.0096639495017007,11737
hnp,random,10,118,0.078125,93.80000000000001,1,0.01,42,0.42,100,0.008829963840544224,11837
hnp,random,10,119,0.07751937984496124,97.40000000000002,0,0.0,26,0.26,100,0.008497128407470881,11937
hnp,random,10,120,0.07692307692307693,91.70000000000002,2,0.02,45,0.45,100,0.01045260165585205,12037
hnp,random,10,121,0.07633587786259542,96.00000000000003,0,0.0,40,0.4,100,0.008466856977902353,12137
hnp,random,10,122,0.07575757575757576,96.00000000000003,0,0.0,40,0.4,100,0.007561242370866239,12237
hnp,random,10,123,0.07518796992481203,90.40000000000003,3,0.03,37,0.37,100,0.00940630777273327,12337
hnp,random,10,124,0.07462686567164178,96.00000000000004,0,0.0,40,0.4,100,0.009510007190983742,12437
hnp,random,10,125,0.07407407407407407,96.20000000000006,0,0.0,38,0.38,100,0.009340310343541205,12537
hnp,random,10,126,0.07352941176470588,94.20000000000003,1,0.01,39,0.39,100,0.01011282533640042,12637
hnp,random,10,127,0.07299270072992702,90.90000000000005,2,0.02,52,0.52,100,0.009279404524713755,12737
hnp,random,10,128,0.07246376811594203,92.50000000000003,2,0.02,37,0.37,100,0.00916002009762451,12837
hnp,random,10,129,0.07194244604316546,93.80000000000004,1,0.01,42,0.42,100,0.008471928872168064,12937
hnp,random,10,130,0.07142857142857142,93.49999999999999,1,0.01,46,0.46,100,0.010859809443354606,13037
hnp,random,10,131,0.07092198581560284,96.00000000000003,0,0.0,40,0.4,100,0.009612009739503264,13137
hnp,random,10,132,0.07042253521126761,92.30000000000003,2,0.02,39,0.39,100,0.008744624662213027,13237
hnp,random,10,133,0.06993006993006992,97.00000000000003,0,0.0,30,0.3,100,0.00943758053937927,13337
hnp,random,10,134,0.06944444444444445,98.20000000000002,0,0.0,18,0.18,100,0.009738915734924376,13437
hnp,random,10,135,0.06896551724137931,94.20000000000005,1,0.01,39,0.39,100,0.010169053394347429,13537
hnp,random,10,136,0.0684931506849315,95.00000000000003,1,0.01,31,0.31,100,0.008048158516176044,13637
hnp,random,10,137,0.06802721088435375,98.20000000000003,0,0.0,18,0.18,100,0.008355620023794473,13737
hnp,random,10,138,0.06756756756756756,93.10000000000002,2,0.02,30,0.3,100,0.010028610178269446,13837
hnp,random,10,139,0.06711409395973154,94.70000000000007,1,0.01,34,0.34,100,0.007804291378706693,13937
hnp,random,10,140,0.06666666666666667,91.90000000000005,2,0.02,43,0.43,100,0.009198654145002365,14037
hnp,random,10,141,0.06622516556291391,96.60000000000008,0,0.0,34,0.34,100,0.009637523549608886,14137
hnp,random,10,142,0.06578947368421052,94.50000000000007,1,0.01,36,0.36,100,0.008995090711396187,14237
hnp,random,10,143,0.06535947712418301,94.40000000000006,1,0.01,37,0.37,100,0.010064641195349396,14337
hnp,random,10,144,0.06493506493506493,91.40000000000003,2,0.02,48,0.48,100,0.009857799280434848,14437
hnp,random,10,145,0.06451612903225806,95.20000000000002,1,0.01,29,0.29,100,0.0073850638582371175,14537
hnp,random,10,146,0.06410256410256411,95.60000000000005,0,0.0,44,0.44,100,0.00853231445653364,14637
hnp,random,10,147,0.06369426751592357,94.90000000000005,1,0.01,31,0.31,100,0.00901472758501768,14737
hnp,random,10,148,0.06329113924050632,94.70000000000005,1,0.01,34,0.34,100,0.009146396233700217,14837
hnp,random,10,149,0.06289308176100629,94.80000000000007,1,0.01,33,0.33,100,0.011552013475447893,14937
hnp,random,10,150,0.0625,92.60000000000004,2,0.02,36,0.36,100,0.010395817204844206,15037
hnp,random,10,151,0.06211180124223602,95.40000000000006,0,0.0,46,0.46,100,0.009352686530910433,15137
hnp,random,10,152,0.0617283950617284,96.70000000000005,0,0.0,33,0.33,100,0.009098732327111066,15237
hnp,random,10,153,0.06134969325153374,96.80000000000004,0,0.0,32,0.32,100,0.008095315706450492,15337
hnp,random,10,154,0.06097560975609757,95.20000000000005,1,0.01,29,0.29,100,0.007950143697671592,15437
hnp,random,10,155,0.06060606060606061,94.80000000000007,1,0.01,33,0.33,100,0.008777294489555061,15537
hnp,random,10,156,0.06024096385542168,96.50000000000003,0,0.0,35,0.35,100,0.007734147282317281,15637
hnp,random,10,157,0.059880239520958084,95.70000000000005,1,0.01,23,0.23,100,0.00803987572900951,15737
hnp,random,10,158,0.05952380952380952,93.60000000000004,1,0.01,45,0.45,100,0.010255255408119411,15837
hnp,random,10,159,0.0591715976331361,97.4,0,0.0,26,0.26,100,0.008461185048799962,15937
hnp,random,10,160,0.058823529411764705,94.40000000000002,1,0.01,37,0.37,100,0.00934879254316911,16037
hnp,random,10,161,0.05847953216374269,97.00000000000003,0,0.0,30,0.3,100,0.010365385399200022,16137
hnp,random,10,162,0.05813953488372093,94.00000000000003,1,0.01,41,0.41,100,0.009450591548811645,16237
hnp,random,10,163,0.057803468208092484,93.19999999999999,2,0.02,30,0.3,100,0.009499976043589414,16337
hnp,random,10,164,0.0574712643678161,94.00000000000006,1,0.01,41,0.41,100,0.009537039329297841,16437
hnp,random,10,165,0.05714285714285714,96.70000000000002,0,0.0,33,0.33,100,0.011373426280915738,16537
hnp,random,10,166,0.056818181818181816,96.40000000000003,0,0.0,36,0.36,100,0.010304750525392592,16637
hnp,random,10,167,0.05649717514124294,94.40000000000005,1,0.01,37,0.37,100,0.012044048956595362,16737
hnp,random,10,168,0.056179775280898875,96.00000000000003,0,0.0,40,0.4,100,0.014569683466106653,16837
hnp,random,10,169,0.0558659217877095,94.60000000000002,1,0.01,35,0.35,100,0.00994844879489392,16937
hnp,random,10,170,0.05555555555555555,97.20000000000002,0,0.0,28,0.28,100,0.009182462284807116,17037
hnp,random,10,171,0.055248618784530384,97.30000000000004,0,0.0,27,0.27,100,0.009627683451399208,17137
hnp,random,10,172,0.054945054945054944,96.90000000000002,0,0.0,31,0.31,100,0.009419342651963234,17237
hnp,random,10,173,0.0546448087431694,92.20000000000003,2,0.02,40,0.4,100,0.008775029801763595,17337
hnp,random,10,174,0.05434782608695653,93.50000000000003,2,0.02,27,0.27,100,0.00903506600530818,17437
hnp,random,10,175,0.05405405405405406,97.80000000000004,0,0.0,22,0.22,100,0.007901173746213318,17537
hnp,random,10,176,0.05376344086021505,94.4,1,0.01,37,0.37,100,0.008340625145938247,17637
hnp,random,10,177,0.053475935828877004,94.90000000000002,1,0.01,32,0.32,100,0.00959253158653155,17737
hnp,random,10,178,0.05319148936170213,96.10000000000002,0,0.0,39,0.39,100,0.009096407846082002,17837
hnp,random,10,179,0.052910052910052914,96.50000000000001,0,0.0,35,0.35,100,0.009153920174576342,17937
hnp,random,10,180,0.05263157894736842,94.00000000000003,1,0.01,41,0.41,100,0.009609642073046416,18037
hnp,random,10,181,0.05235602094240837,97.30000000000004,0,0.0,27,0.27,100,0.009373263779561967,18137
hnp,random,10,182,0.052083333333333336,96.90000000000002,0,0.0,31,0.31,100,0.010421532907057553,18237
hnp,random,10,183,0.05181347150259067,93.10000000000001,2,0.02,31,0.31,100,0.008133071300107986,18337
hnp,random,10,184,0.051546391752577324,94.80000000000004,1,0.01,33,0.33,100,0.007882569362409412,18437
hnp,random,10,185,0.05128205128205128,95.10000000000005,1,0.01,30,0.3,100,0.009329573397990317,18537
hnp,random,10,186,0.0510204081632653,93.29999999999998,2,0.02,28,0.28,100,0.009622891456820071,18637
hnp,random,10,187,0.050761421319796954,95.40000000000003,1,0.01,27,0.27,100,0.008427042835392059,18737
hnp,random,10,188,0.050505050505050504,96.50000000000009,0,0.0,35,0.35,100,0.009590369421057404,18837
hnp,random,10,189,0.05025125628140704,96.70000000000002,0,0.0,33,0.33,100,0.007842132151126861,18937
hnp,random,10,190,0.05,97.00000000000004,0,0.0,30,0.3,100,0.009376444793306292,19037
hnp,random,10,191,0.04975124378109452,98.20000000000002,0,0.0,18,0.18,100,0.0084259311738424,19137
hnp,random,10,192,0.04950495049504951,97.90000000000002,0,0.0,21,0.21,100,0.008423053426668048,19237
hnp,random,10,193,0.04926108374384236,92.10000000000005,2,0.02,41,0.41,100,0.0081420106603764,19337
hnp,random,10,194,0.04901960784313726,95.60000000000001,1,0.01,25,0.25,100,0.007606612304225564,19437
hnp,random,10,195,0.04878048780487805,95.80000000000004,1,0.01,22,0.22,100,0.007875170074403286,19537
hnp,random,10,196,0.04854368932038835,96.9,0,0.0,31,0.31,100,0.00914811247959733,19637
hnp,random,10,197,0.04830917874396135,95.50000000000004,1,0.01,26,0.26,100,0.008859383978415281,19737
hnp,random,10,198,0.04807692307692307,97.90000000000002,0,0.0,21,0.21,100,0.008716043732129038,19837
hnp,random,10,199,0.04784688995215311,97.50000000000007,0,0.0,25,0.25,100,0.007961731785908342,19937
matched,random,1,0,1.0,66.89999999999995,13,0.13,82,0.82,100,0.09987497903607986,37
matched,random,1,1,0.9090909090909091,67.39999999999996,13,0.13,78,0.78,100,0.020984732434153556,137
matched,random,1,2,0.8333333333333334,72.39999999999999,10,0.1,85,0.85,100,0.019561609886586666,237
matched,random,1,3,0.7692307692307692,73.79999999999998,9,0.09,90,0.9,100,0.019819406056776644,337
matched,random,1,4,0.7142857142857143,62.79999999999993,15,0.15,83,0.83,100,0.019183789137750863,437
matched,random,1,5,0.6666666666666666,78.10000000000002,7,0.07,84,0.84,100,0.017738806353881954,537
matched,random,1,6,0.625,78.20000000000005,7,0.07,82,0.82,100,0.01652679903898388,637
matched,random,1,7,0.5882352941176471,78.80000000000004,7,0.07,77,0.77,100,0.015720834489911795,737
matched,random,1,8,0.5555555555555556,81.00000000000004,6,0.06,75,0.75,100,0.01729303414002061,837
matched,random,1,9,0.5263157894736842,78.90000000000003,7,0.07,75,0.75,100,0.016447489447891712,937
matched,random,1,10,0.5,82.80000000000004,5,0.05,75,0.75,100,0.0151125533785671,1037
matched,random,1,11,0.47619047619047616,81.60000000000005,6,0.06,69,0.69,100,0.01583182889036834,1137
matched,random,1,12,0.45454545454545453,86.20000000000009,3,0.03,81,0.81,100,0.017084278310649098,1237
matched,random,1,13,0.4347826086956522,85.50000000000006,4,0.04,69,0.69,100,0.023087819376960396,1337
matched,random,1,14,0.4166666666666667,89.8000000000001,2,0.02,63,0.63,100,0.01593104318715632,1437
matched,random,1,15,0.4,85.90000000000003,4,0.04,65,0.65,100,0.015957792163826524,1537
matched,random,1,16,0.3846153846153846,83.60000000000005,5,0.05,69,0.69,100,0.018512590723112225,1637
matched,random,1,17,0.37037037037037035,88.50000000000003,3,0.03,58,0.58,100,0.017437428971752524,1737
matched,random,1,18,0.35714285714285715,79.8,7,0.07,69,0.69,100,0.01756216771900654,1837
matched,random,1,19,0.3448275862068966,85.50000000000004,4,0.04,68,0.68,100,0.016747821825556456,1937
matched,random,1,20,0.3333333333333333,86.10000000000005,4,0.04,61,0.61,100,0.014660697923973202,2037
matched,random,1,21,0.3225806451612903,84.80000000000003,5,0.05,56,0.56,100,0.014485464305616915,2137
matched,random,1,22,0.3125,84.20000000000005,5,0.05,63,0.63,100,0.030419988008216024,2237
matched,random,1,23,0.30303030303030304,83.89999999999998,5,0.05,65,0.65,100,0.023615167839452625,2337
matched,random,1,24,0.29411764705882354,89.20000000000003,3,0.03,51,0.51,100,0.021641599163413048,2437
matched,random,1,25,0.2857142857142857,87.80000000000008,3,0.03,65,0.65,100,0.02213950514793396,2537
matched,random,1,26,0.2777777777777778,91.00000000000009,2,0.02,52,0.52,100,0.02060163637623191,2637
matched,random,1,27,0.27027027027027023,90.50000000000007,2,0.02,57,0.57,100,0.04360008186660707,2737
matched,random,1,28,0.2631578947368421,82.70000000000002,6,0.06,58,0.58,100,0.024139953101985155,2837
matched,random,1,29,0.25641025641025644,88.00000000000004,3,0.03,63,0.63,100,0.028107465300709008,2937
matched,random,1,30,0.25,88.90000000000006,3,0.03,54,0.54,100,0.024146387088112533,3037
matched,random,1,31,0.24390243902439027,89.60000000000002,3,0.03,47,0.47,100,0.02820770885795355,3137
matched,random,1,32,0.23809523809523808,89.70000000000003,3,0.03,44,0.44,100,0.03064528695307672,3237
matched,random,1,33,0.23255813953488372,92.30000000000007,1,0.01,58,0.58,100,0.023838263526558875,3337
matched,random,1,34,0.22727272727272727,91.20000000000002,2,0.02,49,0.49,100,0.018990793800912797,3437
matched,random,1,35,0.2222222222222222,91.5,2,0.02,47,0.47,100,0.01734624510165304,3537
matched,random,1,36,0.2173913043478261,90.40000000000003,3,0.03,39,0.39,100,0.02132194384932518,3637
matched,random,1,37,0.2127659574468085,86.30000000000004,4,0.04,60,0.6,100,0.021336291963234544,3737
matched,random,1,38,0.20833333333333334,92.80000000000007,1,0.01,53,0.53,100,0.01823715401813388,3837
matched,random,1,39,0.2040816326530612,87.4,4,0.04,49,0.49,100,0.020928592775017022,3937
matched,random,1,40,0.2,92.10000000000005,2,0.02,41,0.41,100,0.017514072698540984,4037
matched,random,1,41,0.19607843137254904,94.20000000000007,1,0.01,39,0.39,100,0.020017280848696827,4137
matched,random,1,42,0.1923076923076923,93.50000000000006,1,0.01,46,0.46,100,0.01928457190282643,4237
matched,random,1,43,0.18867924528301888,93.90000000000003,1,0.01,42,0.42,100,0.019070196012035013,4337
matched,random,1,44,0.18518518518518517,94.80000000000005,1,0.01,33,0.33,100,0.01858417596668005,4437
matched,random,1,45,0.18181818181818182,91.60000000000004,2,0.02,45,0.45,100,0.017259203442372383,4537
matched,random,1,46,0.17857142857142858,95.10000000000005,0,0.0,49,0.49,100,0.017834633411839603,4637
matched,random,1,47,0.17543859649122806,85.40000000000002,5,0.05,49,0.49,100,0.016950557422824204,4737
matched,random,1,48,0.1724137931034483,92.30000000000004,2,0.02,39,0.39,100,0.019755827584303914,4837
matched,random,1,49,0.1694915254237288,89.80000000000003,3,0.03,45,0.45,100,0.020023616151884197,4937
matched,random,1,50,0.16666666666666666,91.20000000000007,2,0.02,49,0.49,100,0.023963064970448613,5037
matched,random,1,51,0.1639344262295082,95.00000000000006,0,0.0,50,0.5,100,0.02655027575790882,5137
matched,random,1,52,0.16129032258064516,86.70000000000005,4,0.04,57,0.57,100,0.021610768074169756,5237
matched,random,1,53,0.15873015873015872,94.70000000000002,1,0.01,34,0.34,100,0.018370243622921407,5337
matched,random,1,54,0.15625,91.20000000000006,2,0.02,50,0.5,100,0.01752659449353814,5437
matched,random,1,55,0.15384615384615385,93.40000000000002,2,0.02,27,0.27,100,0.020474469196051358,5537
matched,random,1,56,0.15151515151515152,91.30000000000003,2,0.02,48,0.48,100,0.018267677910625935,5637
matched,random,1,57,0.14925373134328357,94.80000000000003,1,0.01,33,0.33,100,0.015105252331122756,5737
matched,random,1,58,0.14705882352941177,92.30000000000005,2,0.02,39,0.39,100,0.016252006380818786,5837
matched,random,1,59,0.14492753623188406,91.80000000000004,2,0.02,43,0.43,100,0.021085520298220216,5937
matched,random,1,60,0.14285714285714285,93.00000000000006,2,0.02,31,0.31,100,0.020309786992147565,6037
matched,random,1,61,0.14084507042253522,89.0,3,0.03,53,0.53,100,0.01797101874835789,6137
matched,random,1,62,0.1388888888888889,89.10000000000008,3,0.03,52,0.52,100,0.01791096577886492,6237
matched,random,1,63,0.136986301369863,89.50000000000003,3,0.03,47,0.47,100,0.016998081295751036,6337
matched,random,1,64,0.13513513513513511,91.50000000000007,2,0.02,46,0.46,100,0.0166102392738685,6437
matched,random,1,65,0.13333333333333333,93.10000000000005,2,0.02,31,0.31,100,0.018562284554354845,6537
matched,random,1,66,0.13157894736842105,93.60000000000005,1,0.01,44,0.44,100,0.017278791801072658,6637
matched,random,1,67,0.12987012987012986,94.10000000000004,1,0.01,40,0.4,100,0.022670173994265498,6737
matched,random,1,68,0.12820512820512822,90.80000000000007,3,0.03,33,0.33,100,0.01714966699946672,6837
matched,random,1,69,0.12658227848101264,97.10000000000002,0,0.0,29,0.29,100,0.016793078747577964,6937
matched,random,1,70,0.125,92.70000000000005,2,0.02,34,0.34,100,0.0206896868115291,7037
matched,random,1,71,0.1234567901234568,90.60000000000004,3,0.03,37,0.37,100,0.018553563696332275,7137
matched,random,1,72,0.12195121951219513,85.69999999999999,5,0.05,48,0.48,100,0.017940363395027817,7237
matched,random,1,73,0.12048192771084336,84.40000000000003,6,0.06,42,0.42,100,0.017476676017977297,7337
matched,random,1,74,0.11904761904761904,94.30000000000005,1,0.01,37,0.37,100,0.014754175348207355,7437
matched,random,1,75,0.11764705882352941,95.10000000000002,1,0.01,30,0.3,100,0.018522207760252058,7537
matched,random,1,76,0.11627906976744186,94.60000000000002,1,0.01,35,0.35,100,0.01499408605042845,7637
matched,random,1,77,0.1149425287356322,90.50000000000004,3,0.03,37,0.37,100,0.01932000388391316,7737
matched,random,1,78,0.11363636363636363,93.80000000000001,1,0.01,43,0.43,100,0.01589381923433393,7837
matched,random,1,79,0.11235955056179775,93.00000000000006,2,0.02,32,0.32,100,0.015771193262189627,7937
matched,random,1,80,0.1111111111111111,93.80000000000004,1,0.01,43,0.43,100,0.017278087036684157,8037
matched,random,1,81,0.10989010989010989,94.00000000000006,1,0.01,41,0.41,100,0.020717848027125,8137
matched,random,1,82,0.10869565217391305,92.80000000000003,2,0.02,34,0.34,100,0.015697037568315864,8237
matched,random,1,83,0.1075268817204301,96.80000000000005,0,0.0,32,0.32,100,0.016699937642551958,8337
matched,random,1,84,0.10638297872340426,94.50000000000006,1,0.01,36,0.36,100,0.015288383974693716,8437
matched,random,1,85,0.10526315789473684,95.80000000000003,1,0.01,23,0.23,100,0.016433074292726814,8537
matched,random,1,86,0.10416666666666667,96.00000000000004,0,0.0,40,0.4,100,0.021178531111218035,8637
matched,random,1,87,0.10309278350515465,96.40000000000005,0,0.0,36,0.36,100,0.0202948004193604,8737
matched,random,1,88,0.1020408163265306,94.20000000000003,1,0.01,39,0.39,100,0.01776865733321756,8837
matched,random,1,89,0.10101010101010101,92.10000000000005,2,0.02,41,0.41,100,0.016472381670027972,8937
matched,random,1,90,0.1,94.20000000000002,1,0.01,39,0.39,100,0.01419056351762265,9037
matched,random,1,91,0.09900990099009901,94.90000000000003,1,0.01,32,0.32,100,0.015547743635252118,9137
matched,random,1,92,0.09803921568627452,94.20000000000006,1,0.01,39,0.39,100,0.01511605190578848,9237
matched,random,1,93,0.0970873786407767,97.10000000000004,0,0.0,29,0.29,100,0.018263983391225338,9337
matched,random,1,94,0.09615384615384615,93.30000000000001,1,0.01,47,0.47,100,0.014766417732462287,9437
matched,random,1,95,0.09523809523809523,93.1,2,0.02,31,0.31,100,0.015832427623681724,9537
matched,random,1,96,0.09433962264150944,94.90000000000002,1,0.01,32,0.32,100,0.015643931087106468,9637
matched,random,1,97,0.09345794392523366,97.70000000000002,0,0.0,23,0.23,100,0.014095342475920916,9737
matched,random,1,98,0.09259259259259259,95.20000000000005,1,0.01,29,0.29,100,0.016016299249604345,9837
matched,random,1,99,0.09174311926605504,97.60000000000002,0,0.0,24,0.24,100,0.01477857411839068,9937
matched,random,1,100,0.09090909090909091,94.00000000000004,1,0.01,41,0.41,100,0.015324290581047536,10037
matched,random,1,101,0.0900900900900901,97.50000000000003,0,0.0,25,0.25,100,0.016081475340761243,10137
matched,random,1,102,0.08928571428571429,92.00000000000003,2,0.02,42,0.42,100,0.018121980181895196,10237
matched,random,1,103,0.08849557522123894,97.10000000000002,0,0.0,29,0.29,100,0.014945850209333002,10337
matched,random,1,104,0.08771929824561403,93.00000000000001,2,0.02,32,0.32,100,0.014217582666315138,10437
matched,random,1,105,0.08695652173913043,97.30000000000005,0,0.0,27,0.27,100,0.01885398058220744,10537
matched,random,1,106,0.08620689655172414,94.60000000000004,1,0.01,35,0.35,100,0.01458725742995739,10637
matched,random,1,107,0.08547008547008547,96.10000000000005,0,0.0,39,0.39,100,0.014761428032070398,10737
matched,random,1,108,0.0847457627118644,95.00000000000004,1,0.01,30,0.3,100,0.018780695754103363,10837
matched,random,1,109,0.08403361344537814,95.30000000000001,1,0.01,28,0.28,100,0.01691259952262044,10937
matched,random,1,110,0.08333333333333333,95.40000000000006,0,0.0,46,0.46,100,0.01267923713196069,11037
matched,random,1,111,0.08264462809917356,93.10000000000002,2,0.02,31,0.31,100,0.015050645936280489,11137
matched,random,1,112,0.0819672131147541,94.1000000000001,1,0.01,40,0.4,100,0.01670312061905861,11237
matched,random,1,113,0.08130081300813008,93.70000000000002,2,0.02,25,0.25,100,0.01367371347732842,11337
matched,random,1,114,0.08064516129032258,92.20000000000009,2,0.02,40,0.4,100,0.013934707900043577,11437
matched,random,1,115,0.08,95.50000000000003,1,0.01,25,0.25,100,0.013618452581577003,11537
matched,random,1,116,0.07936507936507936,91.80000000000004,2,0.02,44,0.44,100,0.013899740346241743,11637
matched,random,1,117,0.07874015748031496,97.90000000000002,0,0.0,21,0.21,100,0.012783853486180306,11737
matched,random,1,118,0.078125,94.50000000000004,1,0.01,36,0.36,100,0.013133296654559671,11837
matched,random,1,119,0.07751937984496124,97.00000000000006,0,0.0,30,0.3,100,0.012851338633336127,11937
matched,random,1,120,0.07692307692307693,97.00000000000003,0,0.0,30,0.3,100,0.013517335103824735,12037
matched,random,1,121,0.07633587786259542,95.90000000000006,1,0.01,22,0.22,100,0.014517935179173946,12137
matched,random,1,122,0.07575757575757576,96.50000000000003,0,0.0,35,0.35,100,0.013343646447174251,12237
matched,random,1,123,0.07518796992481203,94.80000000000008,1,0.01,33,0.33,100,0.015598483830690384,12337
matched,random,1,124,0.07462686567164178,90.60000000000001,3,0.03,37,0.37,100,0.013985264506191015,12437
matched,random,1,125,0.07407407407407407,95.50000000000004,1,0.01,25,0.25,100,0.01269805443007499,12537
matched,random,1,126,0.07352941176470588,94.80000000000004,1,0.01,33,0.33,100,0.013431791383773088,12637
matched,random,1,127,0.07299270072992702,96.90000000000006,0,0.0,31,0.31,100,0.014338260516524315,12737
matched,random,1,128,0.07246376811594203,98.10000000000005,0,0.0,19,0.19,100,0.017879496663808822,12837
matched,random,1,129,0.07194244604316546,93.60000000000002,2,0.02,25,0.25,100,0.01516204684972763,12937
matched,random,1,130,0.07142857142857142,94.20000000000006,1,0.01,39,0.39,100,0.013530379557050765,13037
matched,random,1,131,0.07092198581560284,92.20000000000003,2,0.02,40,0.4,100,0.012882198486477137,13137
matched,random,1,132,0.07042253521126761,96.90000000000005,0,0.0,31,0.31,100,0.0206667998759076,13237
matched,random,1,133,0.06993006993006992,94.90000000000005,1,0.01,32,0.32,100,0.011824712532106787,13337
matched,random,1,134,0.06944444444444445,95.00000000000003,1,0.01,31,0.31,100,0.01155186852440238,13437
matched,random,1,135,0.06896551724137931,98.50000000000003,0,0.0,15,0.15,100,0.013398565952666103,13537
matched,random,1,136,0.0684931506849315,97.00000000000006,0,0.0,30,0.3,100,0.011292417377699166,13637
matched,random,1,137,0.06802721088435375,97.00000000000004,0,0.0,30,0.3,100,0.013321248872671276,13737
matched,random,1,138,0.06756756756756756,97.10000000000005,0,0.0,29,0.29,100,0.011107874023728072,13837
matched,random,1,139,0.06711409395973154,98.00000000000004,0,0.0,20,0.2,100,0.011825485855806618,13937
matched,random,1,140,0.06666666666666667,97.00000000000007,0,0.0,30,0.3,100,0.016653621373698115,14037
matched,random,1,141,0.06622516556291391,97.0,0,0.0,30,0.3,100,0.014443259648978711,14137
matched,random,1,142,0.06578947368421052,93.90000000000003,2,0.02,23,0.23,100,0.01375907274428755,14237
matched,random,1,143,0.06535947712418301,94.00000000000001,1,0.01,41,0.41,100,0.013414952107705175,14337
matched,random,1,144,0.06493506493506493,92.50000000000006,2,0.02,37,0.37,100,0.010832795791793614,14437
matched,random,1,145,0.06451612903225806,95.60000000000004,1,0.01,25,0.25,100,0.01352483309339732,14537
matched,random,1,146,0.06410256410256411,94.50000000000006,1,0.01,36,0.36,100,0.010316580045036971,14637
matched,random,1,147,0.06369426751592357,97.80000000000003,0,0.0,22,0.22,100,0.010275696609169245,14737
matched,random,1,148,0.06329113924050632,91.70000000000002,3,0.03,26,0.26,100,0.015829260246828198,14837
matched,random,1,149,0.06289308176100629,97.40000000000005,0,0.0,26,0.26,100,0.01284699625801295,14937
matched,random,1,150,0.0625,95.70000000000005,1,0.01,24,0.24,100,0.013226342145353556,15037
matched,random,1,151,0.06211180124223602,94.60000000000007,1,0.01,34,0.34,100,0.010865797617007046,15137
matched,random,1,152,0.0617283950617284,95.30000000000004,1,0.01,28,0.28,100,0.013447822553571314,15237
matched,random,1,153,0.06134969325153374,93.00000000000004,2,0.02,32,0.32,100,0.016260723499581218,15337
matched,random,1,154,0.06097560975609757,96.30000000000007,0,0.0,37,0.37,100,0.0133464490249753,15437
matched,random,1,155,0.06060606060606061,97.20000000000002,0,0.0,28,0.28,100,0.013531552725471557,15537
matched,random,1,156,0.06024096385542168,97.70000000000002,0,0.0,23,0.23,100,0.012029292539227753,15637
matched,random,1,157,0.059880239520958084,97.00000000000006,0,0.0,30,0.3,100,0.013243514876812697,15737
matched,random,1,158,0.05952380952380952,96.90000000000003,0,0.0,31,0.31,100,0.014951988440006971,15837
matched,random,1,159,0.0591715976331361,95.90000000000003,0,0.0,41,0.41,100,0.015319201527163387,15937
matched,random,1,160,0.058823529411764705,97.80000000000001,0,0.0,22,0.22,100,0.010975302369333804,16037
matched,random,1,161,0.05847953216374269,96.20000000000006,0,0.0,38,0.38,100,0.015845435056835413,16137
matched,random,1,162,0.05813953488372093,95.30000000000003,1,0.01,28,0.28,100,0.018042108274530618,16237
matched,random,1,163,0.057803468208092484,95.20000000000002,1,0.01,29,0.29,100,0.013964583575725555,16337
matched,random,1,164,0.0574712643678161,97.00000000000006,0,0.0,30,0.3,100,0.015273263682611287,16437
matched,random,1,165,0.05714285714285714,96.19999999999999,1,0.01,19,0.19,100,0.013784347134642303,16537
matched,random,1,166,0.056818181818181816,97.60000000000002,0,0.0,24,0.24,100,0.013146430272608995,16637
matched,random,1,167,0.05649717514124294,95.50000000000004,1,0.01,25,0.25,100,0.011867971727624535,16737
matched,random,1,168,0.056179775280898875,92.20000000000002,3,0.03,21,0.21,100,0.012362878075800837,16837
matched,random,1,169,0.0558659217877095,97.40000000000005,0,0.0,26,0.26,100,0.011978199272416532,16937
matched,random,1,170,0.05555555555555555,97.10000000000002,0,0.0,29,0.29,100,0.011962711899541319,17037
matched,random,1,171,0.055248618784530384,93.30000000000005,2,0.02,29,0.29,100,0.010252341255545616,17137
matched,random,1,172,0.054945054945054944,98.20000000000002,0,0.0,18,0.18,100,0.01099766670493409,17237
matched,random,1,173,0.0546448087431694,93.80000000000001,2,0.02,24,0.24,100,0.009429102218709885,17337
matched,random,1,174,0.05434782608695653,95.80000000000003,1,0.01,23,0.23,100,0.012751324551645666,17437
matched,random,1,175,0.05405405405405406,97.4,0,0.0,26,0.26,100,0.014195576747879387,17537
matched,random,1,176,0.05376344086021505,95.60000000000002,1,0.01,25,0.25,100,0.015489911939948798,17637
matched,random,1,177,0.053475935828877004,97.70000000000005,0,0.0,23,0.23,100,0.013773215315304697,17737
matched,random,1,178,0.05319148936170213,95.40000000000002,1,0.01,26,0.26,100,0.010203193458728492,17837
matched,random,1,179,0.052910052910052914,96.4,1,0.01,17,0.17,100,0.012380623766221106,17937
matched,random,1,180,0.05263157894736842,94.30000000000004,1,0.01,37,0.37,100,0.012433762354776263,18037
matched,random,1,181,0.05235602094240837,96.10000000000002,1,0.01,19,0.19,100,0.009713656273670495,18137
matched,random,1,182,0.052083333333333336,97.80000000000004,0,0.0,22,0.22,100,0.012618953459896148,18237
matched,random,1,183,0.05181347150259067,97.50000000000003,0,0.0,25,0.25,100,0.01183652572799474,18337
matched,random,1,184,0.051546391752577324,98.0,0,0.0,20,0.2,100,0.011173396650701762,18437
matched,random,1,185,0.05128205128205128,97.30000000000001,0,0.0,27,0.27,100,0.010096919983625411,18537
matched,random,1,186,0.0510204081632653,97.50000000000004,0,0.0,25,0.25,100,0.011787290109787137,18637
matched,random,1,187,0.050761421319796954,97.50000000000003,0,0.0,25,0.25,100,0.012910839687101543,18737
matched,random,1,188,0.050505050505050504,95.80000000000001,1,0.01,23,0.23,100,0.012820849006529897,18837
matched,random,1,189,0.05025125628140704,95.00000000000003,1,0.01,31,0.31,100,0.010876572974957525,18937
matched,random,1,190,0.05,97.20000000000005,0,0.0,28,0.28,100,0.016931173116900025,19037
matched,random,1,191,0.04975124378109452,96.90000000000003,0,0.0,31,0.31,100,0.012094936007633806,19137
matched,random,1,192,0.04950495049504951,96.60000000000004,0,0.0,34,0.34,100,0.01480868597049266,19237
matched,random,1,193,0.04926108374384236,95.40000000000003,1,0.01,26,0.26,100,0.017877752990461886,19337
matched,random,1,194,0.04901960784313726,97.00000000000006,0,0.0,30,0.3,100,0.01132600950077176,19437
matched,random,1,195,0.04878048780487805,96.0,1,0.01,20,0.2,100,0.015542943147011101,19537
matched,random,1,196,0.04854368932038835,93.5,2,0.02,27,0.27,100,0.016402398985810578,19637
matched,random,1,197,0.04830917874396135,97.30000000000004,0,0.0,27,0.27,100,0.012809622972272337,19737
matched,random,1,198,0.04807692307692307,95.00000000000003,1,0.01,31,0.31,100,0.0094609129964374,19837
matched,random,1,199,0.04784688995215311,97.00000000000003,0,0.0,30,0.3,100,0.013261007755063474,19937
matched,random,2,0,1.0,62.099999999999916,15,0.15,92,0.92,100,0.13354993722326047,37
matched,random,2,1,0.9090909090909091,76.1,8,0.08,85,0.85,100,0.03350987657904625,137
matched,random,2,2,0.8333333333333334,76.5,8,0.08,82,0.82,100,0.02672652726061642,237
matched,random,2,3,0.7692307692307692,64.59999999999992,14,0.14,88,0.88,100,0.021910407952964304,337
matched,random,2,4,0.7142857142857143,76.00000000000001,8,0.08,88,0.88,100,0.02005891296081245,437
matched,random,2,5,0.6666666666666666,68.6,12,0.12,84,0.84,100,0.018179406626150012,537
matched,random,2,6,0.625,82.10000000000007,5,0.05,84,0.84,100,0.016751863704994322,637
matched,random,2,7,0.5882352941176471,77.10000000000004,8,0.08,74,0.74,100,0.016007838761433957,737
matched,random,2,8,0.5555555555555556,81.00000000000001,6,0.06,74,0.74,100,0.015249649328179658,837
matched,random,2,9,0.5263157894736842,80.80000000000003,6,0.06,77,0.77,100,0.01686009789817035,937
matched,random,2,10,0.5,74.80000000000001,9,0.09,80,0.8,100,0.019947141953743995,1037
matched,random,2,11,0.47619047619047616,81.00000000000001,6,0.06,76,0.76,100,0.018053954541683195,1137
matched,random,2,12,0.45454545454545453,81.20000000000003,6,0.06,74,0.74,100,0.016456073457375167,1237
matched,random,2,13,0.4347826086956522,83.9,5,0.05,65,0.65,100,0.017982572754845022,1337
matched,random,2,14,0.4166666666666667,81.7,6,0.06,69,0.69,100,0.01685246638022363,1437
matched,random,2,15,0.4,90.20000000000002,2,0.02,59,0.59,100,0.016043138629756867,1537
matched,random,2,16,0.3846153846153846,87.80000000000005,3,0.03,65,0.65,100,0.015986385894939302,1637
matched,random,2,17,0.37037037037037035,78.19999999999999,8,0.08,65,0.65,100,0.018077087756246328,1737
matched,random,2,18,0.35714285714285715,83.50000000000003,5,0.05,69,0.69,100,0.018392948098480702,1837
matched,random,2,19,0.3448275862068966,82.30000000000003,6,0.06,62,0.62,100,0.01844033719506115,1937
matched,random,2,20,0.3333333333333333,79.50000000000001,7,0.07,71,0.71,100,0.03063859509304166,2037
matched,random,2,21,0.3225806451612903,87.60000000000008,3,0.03,66,0.66,100,0.01741865333169699,2137
matched,random,2,22,0.3125,84.90000000000005,5,0.05,54,0.54,100,0.01712384038604796,2237
matched,random,2,23,0.30303030303030304,92.50000000000009,1,0.01,56,0.56,100,0.023564705839380622,2337
matched,random,2,24,0.29411764705882354,91.40000000000003,2,0.02,48,0.48,100,0.02131680677179247,2437
matched,random,2,25,0.2857142857142857,88.70000000000005,3,0.03,55,0.55,100,0.019888612148351966,2537
matched,random,2,26,0.2777777777777778,94.60000000000011,0,0.0,54,0.54,100,0.020717584788799287,2637
matched,random,2,27,0.27027027027027023,89.10000000000005,3,0.03,52,0.52,100,0.02036434443667531,2737
matched,random,2,28,0.2631578947368421,85.60000000000001,5,0.05,49,0.49,100,0.017563498583622276,2837
matched,random,2,29,0.25641025641025644,78.5,8,0.08,63,0.63,100,0.019467970239929855,2937
matched,random,2,30,0.25,90.40000000000003,2,0.02,57,0.57,100,0.017056123591028153,3037
matched,random,2,31,0.24390243902439027,90.10000000000005,2,0.02,61,0.61,100,0.02096298795193434,3137
matched,random,2,32,0.23809523809523808,85.90000000000005,5,0.05,46,0.46,100,0.017818600377067922,3237
matched,random,2,33,0.23255813953488372,90.00000000000006,3,0.03,42,0.42,100,0.018577171000652017,3337
matched,random,2,34,0.22727272727272727,87.40000000000006,4,0.04,50,0.5,100,0.020499265072867274,3437
matched,random,2,35,0.2222222222222222,86.10000000000004,4,0.04,62,0.62,100,0.01883100796956569,3537
matched,random,2,36,0.2173913043478261,92.50000000000003,1,0.01,55,0.55,100,0.019067829418927432,3637
matched,random,2,37,0.2127659574468085,89.60000000000008,3,0.03,47,0.47,100,0.01903030323330313,3737
matched,random,2,38,0.20833333333333334,89.70000000000002,3,0.03,46,0.46,100,0.02175386651419103,3837
matched,random,2,39,0.2040816326530612,93.30000000000003,1,0.01,48,0.48,100,0.01983208268880844,3937
matched,random,2,40,0.2,87.20000000000005,4,0.04,52,0.52,100,0.019591940157115458,4037
matched,random,2,41,0.19607843137254904,93.80000000000007,1,0.01,43,0.43,100,0.02095464101061225,4137
matched,random,2,42,0.1923076923076923,91.40000000000006,2,0.02,48,0.48,100,0.02230830681975931,4237
matched,random,2,43,0.18867924528301888,82.10000000000004,7,0.07,44,0.44,100,0.019256505658850075,4337
matched,random,2,44,0.18518518518518517,95.60000000000008,0,0.0,44,0.44,100,0.018308057030662895,4437
matched,random,2,45,0.18181818181818182,89.20000000000003,3,0.03,51,0.51,100,0.02082779011223465,4537
matched,random,2,46,0.17857142857142858,93.90000000000003,1,0.01,41,0.41,100,0.020053822440095247,4637
matched,random,2,47,0.17543859649122806,90.50000000000003,3,0.03,38,0.38,100,0.017122366474941374,4737
matched,random,2,48,0.1724137931034483,91.90000000000005,2,0.02,43,0.43,100,0.019092219714075327,4837
matched,random,2,49,0.1694915254237288,82.90000000000003,6,0.06,57,0.57,100,0.018320662952028215,4937
matched,random,2,50,0.16666666666666666,94.00000000000006,1,0.01,41,0.41,100,0.017496583643369378,5037
matched,random,2,51,0.1639344262295082,92.0,2,0.02,42,0.42,100,0.019006774490699173,5137
matched,random,2,52,0.16129032258064516,87.30000000000004,4,0.04,50,0.5,100,0.02713764049112797,5237
matched,random,2,53,0.15873015873015872,90.70000000000003,3,0.03,34,0.34,100,0.01969146085437387,5337
matched,random,2,54,0.15625,86.50000000000004,4,0.04,57,0.57,100,0.018980604577809573,5437
matched,random,2,55,0.15384615384615385,92.00000000000001,2,0.02,42,0.42,100,0.016415801346302033,5537
matched,random,2,56,0.15151515151515152,91.90000000000003,2,0.02,43,0.43,100,0.023105230117216706,5637
matched,random,2,57,0.14925373134328357,94.10000000000005,1,0.01,40,0.4,100,0.017578708669170738,5737
matched,random,2,58,0.14705882352941177,91.80000000000005,2,0.02,44,0.44,100,0.0201475829211995,5837
matched,random,2,59,0.14492753623188406,88.10000000000002,4,0.04,42,0.42,100,0.015981823303736747,5937
matched,random,2,60,0.14285714285714285,95.70000000000003,0,0.0,43,0.43,100,0.019141419650986792,6037
matched,random,2,61,0.14084507042253522,93.60000000000005,1,0.01,45,0.45,100,0.018814138947054745,6137
matched,random,2,62,0.1388888888888889,92.50000000000003,2,0.02,37,0.37,100,0.01616058627143502,6237
matched,random,2,63,0.136986301369863,89.20000000000005,3,0.03,49,0.49,100,0.025208738329820336,6337
matched,random,2,64,0.13513513513513511,91.70000000000005,2,0.02,45,0.45,100,0.018180344393476842,6437
matched,random,2,65,0.13333333333333333,90.30000000000004,3,0.03,40,0.4,100,0.016867120806127785,6537
matched,random,2,66,0.13157894736842105,92.30000000000005,2,0.02,39,0.39,100,0.016217487514950335,6637
matched,random,2,67,0.12987012987012986,89.10000000000002,4,0.04,32,0.32,100,0.02013637499883771,6737
matched,random,2,68,0.12820512820512822,95.60000000000005,0,0.0,44,0.44,100,0.01778415515087545,6837
matched,random,2,69,0.12658227848101264,92.70000000000003,2,0.02,35,0.35,100,0.017732551461085676,6937
matched,random,2,70,0.125,88.10000000000004,4,0.04,43,0.43,100,0.016555393957532943,7037
matched,random,2,71,0.1234567901234568,94.40000000000006,1,0.01,37,0.37,100,0.016831309476401657,7137
matched,random,2,72,0.12195121951219513,96.10000000000002,0,0.0,39,0.39,100,0.016931831864640118,7237
matched,random,2,73,0.12048192771084336,94.10000000000004,1,0.01,40,0.4,100,0.020570919490419327,7337
matched,random,2,74,0.11904761904761904,92.20000000000007,2,0.02,40,0.4,100,0.02049506813753396,7437
matched,random,2,75,0.11764705882352941,93.60000000000008,1,0.01,45,0.45,100,0.02057559578679502,7537
matched,random,2,76,0.11627906976744186,90.50000000000006,3,0.03,36,0.36,100,0.016263139392249285,7637
matched,random,2,77,0.1149425287356322,94.40000000000006,1,0.01,37,0.37,100,0.018361235936172306,7737
matched,random,2,78,0.11363636363636363,94.70000000000005,1,0.01,34,0.34,100,0.01881927284412086,7837
matched,random,2,79,0.11235955056179775,94.90000000000003,1,0.01,31,0.31,100,0.018927175281569363,7937
matched,random,2,80,0.1111111111111111,92.70000000000002,2,0.02,35,0.35,100,0.016790128285065292,8037
matched,random,2,81,0.10989010989010989,96.50000000000006,0,0.0,35,0.35,100,0.014984777686186135,8137
matched,random,2,82,0.10869565217391305,92.60000000000004,2,0.02,35,0.35,100,0.016184728336520494,8237
matched,random,2,83,0.1075268817204301,94.20000000000005,1,0.01,39,0.39,100,0.019207921503111722,8337
matched,random,2,84,0.10638297872340426,90.90000000000003,3,0.03,33,0.33,100,0.016202306398190557,8437
matched,random,2,85,0.10526315789473684,90.50000000000001,3,0.03,38,0.38,100,0.017942789769731463,8537
matched,random,2,86,0.10416666666666667,92.20000000000006,2,0.02,40,0.4,100,0.022145290561020374,8637
matched,random,2,87,0.10309278350515465,94.00000000000006,1,0.01,41,0.41,100,0.01597950455266982,8737
matched,random,2,88,0.1020408163265306,96.00000000000007,0,0.0,40,0.4,100,0.01794185391627252,8837
matched,random,2,89,0.10101010101010101,95.70000000000002,1,0.01,24,0.24,100,0.014892769949510694,8937
matched,random,2,90,0.1,95.20000000000003,1,0.01,29,0.29,100,0.015228181211277843,9037
matched,random,2,91,0.09900990099009901,93.60000000000002,2,0.02,26,0.26,100,0.015849086311645805,9137
matched,random,2,92,0.09803921568627452,97.10000000000005,0,0.0,29,0.29,100,0.01689234542660415,9237
matched,random,2,93,0.0970873786407767,97.00000000000006,0,0.0,30,0.3,100,0.016440702038817107,9337
matched,random,2,94,0.09615384615384615,97.40000000000003,0,0.0,26,0.26,100,0.01807579802814871,9437
matched,random,2,95,0.09523809523809523,95.60000000000002,1,0.01,25,0.25,100,0.015121428384445608,9537
matched,random,2,96,0.09433962264150944,96.90000000000006,0,0.0,31,0.31,100,0.013575834990479051,9637
matched,random,2,97,0.09345794392523366,96.80000000000007,0,0.0,32,0.32,100,0.01362968607340008,9737
matched,random,2,98,0.09259259259259259,94.90000000000003,1,0.01,32,0.32,100,0.013010824620723725,9837
matched,random,2,99,0.09174311926605504,94.90000000000003,1,0.01,32,0.32,100,0.0156642632978037,9937
matched,random,2,100,0.09090909090909091,93.20000000000003,2,0.02,30,0.3,100,0.01581720864865929,10037
matched,random,2,101,0.0900900900900901,93.30000000000001,2,0.02,29,0.29,100,0.014240558557212353,10137
matched,random,2,102,0.08928571428571429,96.50000000000003,0,0.0,35,0.35,100,0.01374429436866194,10237
matched,random,2,103,0.08849557522123894,95.30000000000003,1,0.01,28,0.28,100,0.014900092808529735,10337
matched,random,2,104,0.08771929824561403,92.80000000000004,2,0.02,34,0.34,100,0.014356930647045374,10437
matched,random,2,105,0.08695652173913043,94.8,1,0.01,33,0.33,100,0.014015283198095857,10537
matched,random,2,106,0.08620689655172414,97.30000000000001,0,0.0,27,0.27,100,0.018581561939790846,10637
matched,random,2,107,0.08547008547008547,95.10000000000004,1,0.01,30,0.3,100,0.011007077447138726,10737
matched,random,2,108,0.0847457627118644,96.80000000000001,0,0.0,32,0.32,100,0.017278989870101215,10837
matched,random,2,109,0.08403361344537814,96.30000000000003,0,0.0,37,0.37,100,0.019186069290153682,10937
matched,random,2,110,0.08333333333333333,94.90000000000002,1,0.01,32,0.32,100,0.016491538975387812,11037
matched,random,2,111,0.08264462809917356,92.30000000000004,2,0.02,39,0.39,100,0.015273234834894537,11137
matched,random,2,112,0.0819672131147541,95.20000000000005,1,0.01,29,0.29,100,0.015800206940621137,11237
matched,random,2,113,0.08130081300813008,95.20000000000003,1,0.01,29,0.29,100,0.01357865393627435,11337
matched,random,2,114,0.08064516129032258,94.10000000000005,1,0.01,40,0.4,100,0.015064896908588707,11437
matched,random,2,115,0.08,97.40000000000002,0,0.0,26,0.26,100,0.017099310378544032,11537
matched,random,2,116,0.07936507936507936,97.00000000000006,0,0.0,30,0.3,100,0.014706807667389512,11637
matched,random,2,117,0.07874015748031496,95.30000000000004,1,0.01,28,0.28,100,0.013904486722312868,11737
matched,random,2,118,0.078125,96.90000000000003,0,0.0,31,0.31,100,0.013674100630450993,11837
matched,random,2,119,0.07751937984496124,95.40000000000003,1,0.01,27,0.27,100,0.012219398855231703,11937
matched,random,2,120,0.07692307692307693,96.60000000000005,0,0.0,34,0.34,100,0.01457991243340075,12037
matched,random,2,121,0.07633587786259542,96.70000000000005,0,0.0,33,0.33,100,0.013257966940291226,12137
matched,random,2,122,0.07575757575757576,97.00000000000003,0,0.0,30,0.3,100,0.013482762789353729,12237
matched,random,2,123,0.07518796992481203,92.60000000000002,2,0.02,36,0.36,100,0.01261147452518344,12337
matched,random,2,124,0.07462686567164178,96.20000000000006,0,0.0,38,0.38,100,0.015330860815010965,12437
matched,random,2,125,0.07407407407407407,97.60000000000001,0,0.0,24,0.24,100,0.014076039870269596,12537
matched,random,2,126,0.07352941176470588,96.60000000000005,0,0.0,34,0.34,100,0.01535786846652627,12637
matched,random,2,127,0.07299270072992702,92.20000000000006,2,0.02,40,0.4,100,0.013893609545193612,12737
matched,random,2,128,0.07246376811594203,96.80000000000005,0,0.0,32,0.32,100,0.01134867181070149,12837
matched,random,2,129,0.07194244604316546,97.60000000000002,0,0.0,24,0.24,100,0.015174774765037001,12937
matched,random,2,130,0.07142857142857142,97.00000000000004,0,0.0,30,0.3,100,0.012397883138619363,13037
matched,random,2,131,0.07092198581560284,97.60000000000002,0,0.0,24,0.24,100,0.013772922502830624,13137
matched,random,2,132,0.07042253521126761,94.90000000000006,1,0.01,32,0.32,100,0.01711930489167571,13237
matched,random,2,133,0.06993006993006992,96.50000000000004,0,0.0,35,0.35,100,0.014114441573619843,13337
matched,random,2,134,0.06944444444444445,95.20000000000003,1,0.01,29,0.29,100,0.013106089690700174,13437
matched,random,2,135,0.06896551724137931,97.60000000000005,0,0.0,24,0.24,100,0.011792309982702136,13537
matched,random,2,136,0.0684931506849315,97.00000000000006,0,0.0,30,0.3,100,0.013546977671794594,13637
matched,random,2,137,0.06802721088435375,97.40000000000005,0,0.0,26,0.26,100,0.013119398248381913,13737
matched,random,2,138,0.06756756756756756,88.40000000000003,4,0.04,40,0.4,100,0.011163859278894961,13837
matched,random,2,139,0.06711409395973154,88.70000000000003,4,0.04,37,0.37,100,0.017508483082056044,13937
matched,random,2,140,0.06666666666666667,97.9,0,0.0,21,0.21,100,0.014535924792289734,14037
matched,random,2,141,0.06622516556291391,96.30000000000003,0,0.0,37,0.37,100,0.01552552465815097,14137
matched,random,2,142,0.06578947368421052,94.20000000000006,1,0.01,39,0.39,100,0.015329905753023922,14237
matched,random,2,143,0.06535947712418301,97.20000000000002,0,0.0,28,0.28,100,0.014048092989251018,14337
matched,random,2,144,0.06493506493506493,92.60000000000004,2,0.02,36,0.36,100,0.0114867480751127,14437
matched,random,2,145,0.06451612903225806,97.20000000000005,0,0.0,28,0.28,100,0.015062956258188933,14537
matched,random,2,146,0.06410256410256411,96.90000000000003,0,0.0,31,0.31,100,0.013964421171694994,14637
matched,random,2,147,0.06369426751592357,97.50000000000003,0,0.0,25,0.25,100,0.011790815806016326,14737
matched,random,2,148,0.06329113924050632,95.0,1,0.01,31,0.31,100,0.011835420751012862,14837
matched,random,2,149,0.06289308176100629,97.50000000000006,0,0.0,25,0.25,100,0.014709273707121611,14937
matched,random,2,150,0.0625,96.80000000000007,0,0.0,32,0.32,100,0.016095618796534837,15037
matched,random,2,151,0.06211180124223602,95.50000000000001,1,0.01,25,0.25,100,0.012362701334059239,15137
matched,random,2,152,0.0617283950617284,97.60000000000005,0,0.0,24,0.24,100,0.015786353442817928,15237
matched,random,2,153,0.06134969325153374,94.60000000000002,1,0.01,34,0.34,100,0.015844895597547294,15337
matched,random,2,154,0.06097560975609757,97.40000000000002,0,0.0,26,0.26,100,0.014444060972891748,15437
matched,random,2,155,0.06060606060606061,94.40000000000003,1,0.01,37,0.37,100,0.014524231278337539,15537
matched,random,2,156,0.06024096385542168,95.60000000000002,1,0.01,25,0.25,100,0.01337070342618972,15637
matched,random,2,157,0.059880239520958084,95.60000000000004,1,0.01,25,0.25,100,0.01320872682146728,15737
matched,random,2,158,0.05952380952380952,96.0,1,0.01,21,0.21,100,0.012820222433656454,15837
matched,random,2,159,0.0591715976331361,97.30000000000005,0,0.0,27,0.27,100,0.01132099299924448,15937
matched,random,2,160,0.058823529411764705,94.90000000000006,1,0.01,32,0.32,100,0.012838877197355032,16037
matched,random,2,161,0.05847953216374269,97.50000000000004,0,0.0,25,0.25,100,0.01368848279118538,16137
matched,random,2,162,0.05813953488372093,95.50000000000004,1,0.01,25,0.25,100,0.01666319919284433,16237
matched,random,2,163,0.057803468208092484,96.20000000000005,0,0.0,38,0.38,100,0.0135814437456429,16337
matched,random,2,164,0.0574712643678161,94.70000000000005,1,0.01,34,0.34,100,0.012402508053928613,16437
matched,random,2,165,0.05714285714285714,97.70000000000003,0,0.0,23,0.23,100,0.010517461837735028,16537
matched,random,2,166,0.056818181818181816,97.30000000000004,0,0.0,27,0.27,100,0.011355547662824393,16637
matched,random,2,167,0.05649717514124294,95.30000000000005,1,0.01,28,0.28,100,0.012071437584236264,16737
matched,random,2,168,0.056179775280898875,96.90000000000003,0,0.0,31,0.31,100,0.012358715045265853,16837
matched,random,2,169,0.0558659217877095,97.90000000000002,0,0.0,21,0.21,100,0.011863825563341378,16937
matched,random,2,170,0.05555555555555555,97.60000000000002,0,0.0,24,0.24,100,0.011402039127424358,17037
matched,random,2,171,0.055248618784530384,97.80000000000007,0,0.0,22,0.22,100,0.01245039511937648,17137
matched,random,2,172,0.054945054945054944,97.80000000000004,0,0.0,22,0.22,100,0.010662383986636997,17237
matched,random,2,173,0.0546448087431694,97.30000000000004,0,0.0,27,0.27,100,0.011792284296825528,17337
matched,random,2,174,0.05434782608695653,94.90000000000006,1,0.01,32,0.32,100,0.013560221693478525,17437
matched,random,2,175,0.05405405405405406,94.70000000000005,1,0.01,34,0.34,100,0.010814645658247173,17537
matched,random,2,176,0.05376344086021505,98.4,0,0.0,16,0.16,100,0.010091735357418656,17637
matched,random,2,177,0.053475935828877004,97.40000000000005,0,0.0,26,0.26,100,0.015379400518722832,17737
matched,random,2,178,0.05319148936170213,95.50000000000003,1,0.01,25,0.25,100,0.01128510429058224,17837
matched,random,2,179,0.052910052910052914,95.30000000000004,1,0.01,28,0.28,100,0.011772591234184802,17937
matched,random,2,180,0.05263157894736842,95.80000000000001,1,0.01,23,0.23,100,0.012140877286437899,18037
matched,random,2,181,0.05235602094240837,96.50000000000001,0,0.0,35,0.35,100,0.011030762165319175,18137
matched,random,2,182,0.052083333333333336,96.90000000000003,0,0.0,31,0.31,100,0.011899769366718828,18237
matched,random,2,183,0.05181347150259067,97.40000000000005,0,0.0,26,0.26,100,0.01033601694740355,18337
matched,random,2,184,0.051546391752577324,95.50000000000001,1,0.01,25,0.25,100,0.0120512405782938,18437
matched,random,2,185,0.05128205128205128,97.80000000000001,0,0.0,22,0.22,100,0.012124912769068033,18537
matched,random,2,186,0.0510204081632653,95.90000000000002,1,0.01,22,0.22,100,0.01248881478793919,18637
matched,random,2,187,0.050761421319796954,97.00000000000001,0,0.0,30,0.3,100,0.011033020126633345,18737
matched,random,2,188,0.050505050505050504,96.60000000000005,0,0.0,34,0.34,100,0.012959235599264502,18837
matched,random,2,189,0.05025125628140704,97.60000000000005,0,0.0,24,0.24,100,0.009534796262159943,18937
matched,random,2,190,0.05,95.00000000000004,1,0.01,31,0.31,100,0.013447511713020504,19037
matched,random,2,191,0.04975124378109452,97.30000000000001,0,0.0,27,0.27,100,0.011786583280190825,19137
matched,random,2,192,0.04950495049504951,95.00000000000003,1,0.01,31,0.31,100,0.010739972826559096,19237
matched,random,2,193,0.04926108374384236,96.50000000000004,1,0.01,16,0.16,100,0.011124257300980388,19337
matched,random,2,194,0.04901960784313726,93.00000000000006,2,0.02,31,0.31,100,0.01311652869451791,19437
matched,random,2,195,0.04878048780487805,89.2,4,0.04,32,0.32,100,0.01299677717499435,19537
matched,random,2,196,0.04854368932038835,93.6,2,0.02,26,0.26,100,0.012400359553284944,19637
matched,random,2,197,0.04830917874396135,96.90000000000006,0,0.0,31,0.31,100,0.012984570716507732,19737
matched,random,2,198,0.04807692307692307,97.10000000000001,0,0.0,29,0.29,100,0.010119757826905697,19837
matched,random,2,199,0.04784688995215311,96.50000000000003,0,0.0,35,0.35,100,0.011276183961890639,19937
matched,random,3,0,1.0,71.69999999999996,10,0.1,92,0.92,100,0.13435421335334713,37
matched,random,3,1,0.9090909090909091,64.29999999999993,14,0.14,89,0.89,100,0.029361931243911385,137
matched,random,3,2,0.8333333333333334,77.70000000000003,7,0.07,88,0.88,100,0.020641192393377424,237
matched,random,3,3,0.7692307692307692,84.60000000000005,4,0.04,78,0.78,100,0.01925631341524422,337
matched,random,3,4,0.7142857142857143,68.39999999999996,12,0.12,86,0.86,100,0.01844071950763464,437
matched,random,3,5,0.6666666666666666,66.99999999999996,13,0.13,83,0.83,100,0.01771404075436294,537
matched,random,3,6,0.625,76.30000000000001,8,0.08,82,0.82,100,0.014301385274156928,637
matched,random,3,7,0.5882352941176471,78.60000000000004,7,0.07,81,0.81,100,0.01477291592862457,737
matched,random,3,8,0.5555555555555556,70.59999999999997,11,0.11,84,0.84,100,0.013290702654048801,837
matched,random,3,9,0.5263157894736842,78.50000000000001,7,0.07,81,0.81,100,0.01505750731099397,937
matched,random,3,10,0.5,73.3,10,0.1,75,0.75,100,0.01639188939705491,1037
matched,random,3,11,0.47619047619047616,81.9,6,0.06,66,0.66,100,0.01890831293538213,1137
matched,random,3,12,0.45454545454545453,81.4,6,0.06,71,0.71,100,0.01825418566353619,1237
matched,random,3,13,0.4347826086956522,84.90000000000006,4,0.04,75,0.75,100,0.020195367620326577,1337
matched,random,3,14,0.4166666666666667,83.50000000000003,5,0.05,70,0.7,100,0.01891184927430004,1437
matched,random,3,15,0.4,82.00000000000003,6,0.06,66,0.66,100,0.018926130952313543,1537
matched,random,3,16,0.3846153846153846,89.30000000000004,2,0.02,69,0.69,100,0.020244855349883437,1637
matched,random,3,17,0.37037037037037035,88.70000000000003,3,0.03,56,0.56,100,0.019064561664126813,1737
matched,random,3,18,0.35714285714285715,92.50000000000007,1,0.01,56,0.56,100,0.01483548411168158,1837
matched,random,3,19,0.3448275862068966,90.30000000000007,2,0.02,59,0.59,100,0.021871970151551068,1937
matched,random,3,20,0.3333333333333333,92.40000000000009,1,0.01,57,0.57,100,0.024693256188184024,2037
matched,random,3,21,0.3225806451612903,89.90000000000005,2,0.02,63,0.63,100,0.024290020242333413,2137
matched,random,3,22,0.3125,91.10000000000008,2,0.02,51,0.51,100,0.01965432420372963,2237
matched,random,3,23,0.30303030303030304,84.10000000000005,5,0.05,63,0.63,100,0.019054434383288025,2337
matched,random,3,24,0.29411764705882354,91.10000000000005,2,0.02,51,0.51,100,0.017457396211102604,2437
matched,random,3,25,0.2857142857142857,86.50000000000003,4,0.04,58,0.58,100,0.01765887638088316,2537
matched,random,3,26,0.2777777777777778,85.30000000000004,5,0.05,52,0.52,100,0.01991968679241836,2637
matched,random,3,27,0.27027027027027023,92.20000000000005,1,0.01,59,0.59,100,0.020397308622486888,2737
matched,random,3,28,0.2631578947368421,92.10000000000008,1,0.01,60,0.6,100,0.01947709106374532,2837
matched,random,3,29,0.25641025641025644,92.90000000000005,1,0.01,52,0.52,100,0.01766994999255985,2937
matched,random,3,30,0.25,89.20000000000002,3,0.03,51,0.51,100,0.018310428108088674,3037
matched,random,3,31,0.24390243902439027,82.70000000000002,6,0.06,57,0.57,100,0.019839593791402876,3137
matched,random,3,32,0.23809523809523808,88.70000000000006,3,0.03,56,0.56,100,0.015967145152390002,3237
matched,random,3,33,0.23255813953488372,90.90000000000005,2,0.02,52,0.52,100,0.017921862537041307,3337
matched,random,3,34,0.22727272727272727,93.50000000000006,1,0.01,46,0.46,100,0.01593327016104013,3437
matched,random,3,35,0.2222222222222222,90.30000000000005,2,0.02,59,0.59,100,0.019449017466977237,3537
matched,random,3,36,0.2173913043478261,91.30000000000003,2,0.02,48,0.48,100,0.018594935573637485,3637
matched,random,3,37,0.2127659574468085,91.10000000000002,2,0.02,51,0.51,100,0.017538841501809656,3737
matched,random,3,38,0.20833333333333334,91.60000000000002,2,0.02,46,0.46,100,0.019374437895603478,3837
matched,random,3,39,0.2040816326530612,93.20000000000005,1,0.01,49,0.49,100,0.01741513720713556,3937
matched,random,3,40,0.2,85.90000000000003,5,0.05,45,0.45,100,0.01859907160047442,4037
matched,random,3,41,0.19607843137254904,82.10000000000005,7,0.07,44,0.44,100,0.01925111364107579,4137
matched,random,3,42,0.1923076923076923,90.00000000000006,3,0.03,43,0.43,100,0.028835760233923792,4237
matched,random,3,43,0.18867924528301888,91.70000000000005,2,0.02,45,0.45,100,0.032158701214939356,4337
matched,random,3,44,0.18518518518518517,90.00000000000006,3,0.03,43,0.43,100,0.024621315663680435,4437
matched,random,3,45,0.18181818181818182,85.60000000000004,5,0.05,49,0.49,100,0.020683362116105854,4537
matched,random,3,46,0.17857142857142858,96.00000000000009,0,0.0,40,0.4,100,0.018269396345131098,4637
matched,random,3,47,0.17543859649122806,91.20000000000007,2,0.02,50,0.5,100,0.018982092631049455,4737
matched,random,3,48,0.1724137931034483,89.30000000000004,3,0.03,49,0.49,100,0.017308097332715988,4837
matched,random,3,49,0.1694915254237288,89.80000000000004,3,0.03,45,0.45,100,0.018787234257906675,4937
matched,random,3,50,0.16666666666666666,90.30000000000004,3,0.03,40,0.4,100,0.02044262639712542,5037
matched,random,3,51,0.1639344262295082,94.10000000000002,1,0.01,40,0.4,100,0.02411721946671605,5137
matched,random,3,52,0.16129032258064516,92.00000000000003,2,0.02,42,0.42,100,0.016442787437699734,5237
matched,random,3,53,0.15873015873015872,94.50000000000003,1,0.01,36,0.36,100,0.016882835947908462,5337
matched,random,3,54,0.15625,91.20000000000007,2,0.02,50,0.5,100,0.019642111975699664,5437
matched,random,3,55,0.15384615384615385,90.70000000000002,2,0.02,55,0.55,100,0.016415272685699166,5537
matched,random,3,56,0.15151515151515152,91.40000000000005,2,0.02,47,0.47,100,0.01800963267683983,5637
matched,random,3,57,0.14925373134328357,97.20000000000007,0,0.0,28,0.28,100,0.016199775147251783,5737
matched,random,3,58,0.14705882352941177,92.40000000000003,2,0.02,38,0.38,100,0.01748895940836519,5837
matched,random,3,59,0.14492753623188406,90.00000000000004,3,0.03,42,0.42,100,0.014073350820690394,5937
matched,random,3,60,0.14285714285714285,92.00000000000003,2,0.02,41,0.41,100,0.014805485620163381,6037
matched,random,3,61,0.14084507042253522,91.10000000000005,2,0.02,51,0.51,100,0.01663347062189132,6137
matched,random,3,62,0.1388888888888889,95.70000000000005,0,0.0,43,0.43,100,0.015431400761008263,6237
matched,random,3,63,0.136986301369863,95.00000000000001,1,0.01,31,0.31,100,0.016056804480031134,6337
matched,random,3,64,0.13513513513513511,92.60000000000004,2,0.02,36,0.36,100,0.016991101470775902,6437
matched,random,3,65,0.13333333333333333,88.80000000000003,4,0.04,36,0.36,100,0.018018499654717742,6537
matched,random,3,66,0.13157894736842105,91.90000000000005,2,0.02,43,0.43,100,0.01551163568161428,6637
matched,random,3,67,0.12987012987012986,88.30000000000003,4,0.04,41,0.41,100,0.016638100598938763,6737
matched,random,3,68,0.12820512820512822,92.40000000000005,2,0.02,37,0.37,100,0.014460572078824042,6837
matched,random,3,69,0.12658227848101264,92.1,2,0.02,41,0.41,100,0.014999592881649733,6937
matched,random,3,70,0.125,96.80000000000003,0,0.0,32,0.32,100,0.016443090825341643,7037
matched,random,3,71,0.1234567901234568,94.20000000000002,1,0.01,39,0.39,100,0.015431089759804308,7137
matched,random,3,72,0.12195121951219513,92.90000000000003,2,0.02,32,0.32,100,0.015943792285397648,7237
matched,random,3,73,0.12048192771084336,91.70000000000005,2,0.02,45,0.45,100,0.016568405609577893,7337
matched,random,3,74,0.11904761904761904,94.40000000000003,1,0.01,37,0.37,100,0.0137620959430933,7437
matched,random,3,75,0.11764705882352941,96.80000000000003,0,0.0,32,0.32,100,0.01710692300926894,7537
matched,random,3,76,0.11627906976744186,95.50000000000003,1,0.01,25,0.25,100,0.022435290263965724,7637
matched,random,3,77,0.1149425287356322,95.70000000000007,0,0.0,43,0.43,100,0.018431433611549437,7737
matched,random,3,78,0.11363636363636363,95.70000000000005,0,0.0,43,0.43,100,0.014631998129189014,7837
matched,random,3,79,0.11235955056179775,97.9,0,0.0,21,0.21,100,0.014842116576619446,7937
matched,random,3,80,0.1111111111111111,86.10000000000005,5,0.05,44,0.44,100,0.018236336018890142,8037
matched,random,3,81,0.10989010989010989,96.30000000000004,0,0.0,37,0.37,100,0.016256579966284334,8137
matched,random,3,82,0.10869565217391305,96.80000000000001,0,0.0,32,0.32,100,0.01404695402830839,8237
matched,random,3,83,0.1075268817204301,93.90000000000006,1,0.01,42,0.42,100,0.016120446296408773,8337
matched,random,3,84,0.10638297872340426,92.80000000000004,2,0.02,34,0.34,100,0.01934802099131048,8437
matched,random,3,85,0.10526315789473684,94.90000000000002,1,0.01,32,0.32,100,0.014264062470756471,8537
matched,random,3,86,0.10416666666666667,95.10000000000004,1,0.01,30,0.3,100,0.01534352455753833,8637
matched,random,3,87,0.10309278350515465,96.9,0,0.0,31,0.31,100,0.014467193908058108,8737
matched,random,3,88,0.1020408163265306,95.10000000000004,1,0.01,30,0.3,100,0.01617823354434222,8837
matched,random,3,89,0.10101010101010101,90.60000000000008,3,0.03,36,0.36,100,0.011523116189055145,8937
matched,random,3,90,0.1,95.30000000000007,0,0.0,47,0.47,100,0.017194301490671932,9037
matched,random,3,91,0.09900990099009901,96.40000000000003,0,0.0,36,0.36,100,0.015053203408606351,9137
matched,random,3,92,0.09803921568627452,94.70000000000005,1,0.01,34,0.34,100,0.01250509784091264,9237
matched,random,3,93,0.0970873786407767,94.50000000000006,1,0.01,36,0.36,100,0.015484258113428951,9337
matched,random,3,94,0.09615384615384615,93.30000000000003,2,0.02,29,0.29,100,0.015127701186574995,9437
matched,random,3,95,0.09523809523809523,96.90000000000003,0,0.0,31,0.31,100,0.014329174500890076,9537
matched,random,3,96,0.09433962264150944,92.30000000000005,2,0.02,38,0.38,100,0.014383301101624967,9637
matched,random,3,97,0.09345794392523366,92.90000000000005,2,0.02,32,0.32,100,0.015300575322471558,9737
matched,random,3,98,0.09259259259259259,96.60000000000007,0,0.0,34,0.34,100,0.01860113658476621,9837
matched,random,3,99,0.09174311926605504,96.70000000000005,0,0.0,33,0.33,100,0.015580362207256258,9937
matched,random,3,100,0.09090909090909091,92.80000000000007,2,0.02,33,0.33,100,0.01620483847334981,10037
matched,random,3,101,0.0900900900900901,93.40000000000002,2,0.02,28,0.28,100,0.013630782375112177,10137
matched,random,3,102,0.08928571428571429,97.30000000000004,0,0.0,27,0.27,100,0.014574822653084994,10237
matched,random,3,103,0.08849557522123894,95.00000000000003,1,0.01,30,0.3,100,0.012268585660494864,10337
matched,random,3,104,0.08771929824561403,95.30000000000007,1,0.01,28,0.28,100,0.012092598991002887,10437
matched,random,3,105,0.08695652173913043,97.10000000000004,0,0.0,29,0.29,100,0.01360488563310355,10537
matched,random,3,106,0.08620689655172414,96.70000000000006,0,0.0,33,0.33,100,0.017081944048404695,10637
matched,random,3,107,0.08547008547008547,92.30000000000005,2,0.02,38,0.38,100,0.014773267819546163,10737
matched,random,3,108,0.0847457627118644,91.30000000000003,3,0.03,28,0.28,100,0.012357334308326244,10837
matched,random,3,109,0.08403361344537814,96.80000000000005,0,0.0,32,0.32,100,0.013765426138415932,10937
matched,random,3,110,0.08333333333333333,92.70000000000006,2,0.02,34,0.34,100,0.015418078326620161,11037
matched,random,3,111,0.08264462809917356,93.30000000000003,2,0.02,29,0.29,100,0.015223786188289522,11137
matched,random,3,112,0.0819672131147541,95.20000000000003,1,0.01,29,0.29,100,0.013674338161945344,11237
matched,random,3,113,0.08130081300813008,96.90000000000003,0,0.0,31,0.31,100,0.014865002920851111,11337
matched,random,3,114,0.08064516129032258,93.90000000000002,2,0.02,23,0.23,100,0.01885828415863216,11437
matched,random,3,115,0.08,94.70000000000005,1,0.01,34,0.34,100,0.012286876342259348,11537
matched,random,3,116,0.07936507936507936,92.80000000000007,2,0.02,34,0.34,100,0.012953698276542127,11637
matched,random,3,117,0.07874015748031496,96.50000000000004,0,0.0,35,0.35,100,0.012109899651259184,11737
matched,random,3,118,0.078125,93.50000000000004,2,0.02,27,0.27,100,0.014244077350012959,11837
matched,random,3,119,0.07751937984496124,90.20000000000005,3,0.03,41,0.41,100,0.01753889793064445,11937
matched,random,3,120,0.07692307692307693,94.10000000000004,1,0.01,40,0.4,100,0.014914856967516243,12037
matched,random,3,121,0.07633587786259542,96.70000000000002,0,0.0,33,0.33,100,0.01358583447523415,12137
matched,random,3,122,0.07575757575757576,96.70000000000006,0,0.0,33,0.33,100,0.013074014498852194,12237
matched,random,3,123,0.07518796992481203,96.90000000000003,0,0.0,31,0.31,100,0.012069373270496725,12337
matched,random,3,124,0.07462686567164178,94.90000000000006,1,0.01,32,0.32,100,0.0171259326627478,12437
matched,random,3,125,0.07407407407407407,96.50000000000003,0,0.0,35,0.35,100,0.012240979773923754,12537
matched,random,3,126,0.07352941176470588,97.80000000000004,0,0.0,22,0.22,100,0.013308667144738138,12637
matched,random,3,127,0.07299270072992702,95.7,1,0.01,23,0.23,100,0.013202730370685457,12737
matched,random,3,128,0.07246376811594203,97.00000000000006,0,0.0,30,0.3,100,0.0127971724094823,12837
matched,random,3,129,0.07194244604316546,90.70000000000005,3,0.03,35,0.35,100,0.014459019559435547,12937
matched,random,3,130,0.07142857142857142,97.50000000000003,0,0.0,25,0.25,100,0.014897811105474829,13037
matched,random,3,131,0.07092198581560284,97.40000000000002,0,0.0,26,0.26,100,0.015434225061908365,13137
matched,random,3,132,0.07042253521126761,97.30000000000004,0,0.0,27,0.27,100,0.014509649965912103,13237
matched,random,3,133,0.06993006993006992,97.10000000000002,0,0.0,29,0.29,100,0.012312933830544352,13337
matched,random,3,134,0.06944444444444445,92.40000000000003,2,0.02,38,0.38,100,0.010755651979707181,13437
matched,random,3,135,0.06896551724137931,97.40000000000003,0,0.0,26,0.26,100,0.014038296705111862,13537
matched,random,3,136,0.0684931506849315,94.30000000000004,1,0.01,38,0.38,100,0.011521211960352957,13637
matched,random,3,137,0.06802721088435375,97.00000000000001,0,0.0,30,0.3,100,0.012745799086987973,13737
matched,random,3,138,0.06756756756756756,97.60000000000002,0,0.0,24,0.24,100,0.01680762009229511,13837
matched,random,3,139,0.06711409395973154,97.3,0,0.0,27,0.27,100,0.01431612072046846,13937
matched,random,3,140,0.06666666666666667,97.00000000000006,0,0.0,30,0.3,100,0.013592174565419555,14037
matched,random,3,141,0.06622516556291391,96.90000000000006,0,0.0,31,0.31,100,0.013573239669203757,14137
matched,random,3,142,0.06578947368421052,95.90000000000003,1,0.01,21,0.21,100,0.013406549752689898,14237
matched,random,3,143,0.06535947712418301,96.20000000000003,1,0.01,19,0.19,100,0.010911285569891334,14337
matched,random,3,144,0.06493506493506493,91.20000000000005,3,0.03,31,0.31,100,0.010082045029848814,14437
matched,random,3,145,0.06451612903225806,91.40000000000003,3,0.03,29,0.29,100,0.011186640325468034,14537
matched,random,3,146,0.06410256410256411,93.30000000000001,2,0.02,29,0.29,100,0.013883719630539417,14637
matched,random,3,147,0.06369426751592357,97.30000000000003,0,0.0,27,0.27,100,0.012188791136723012,14737
matched,random,3,148,0.06329113924050632,97.60000000000001,0,0.0,24,0.24,100,0.014824401512742042,14837
matched,random,3,149,0.06289308176100629,98.2,0,0.0,18,0.18,100,0.017686694664880633,14937
matched,random,3,150,0.0625,93.90000000000005,2,0.02,23,0.23,100,0.013082027181517332,15037
matched,random,3,151,0.06211180124223602,96.70000000000005,0,0.0,33,0.33,100,0.014526318754069506,15137
matched,random,3,152,0.0617283950617284,97.60000000000002,0,0.0,24,0.24,100,0.010896404986269773,15237
matched,random,3,153,0.06134969325153374,97.00000000000004,0,0.0,30,0.3,100,0.01310446576680988,15337
matched,random,3,154,0.06097560975609757,97.50000000000006,0,0.0,25,0.25,100,0.012576203276403249,15437
matched,random,3,155,0.06060606060606061,97.40000000000003,0,0.0,26,0.26,100,0.013100577322766184,15537
matched,random,3,156,0.06024096385542168,93.90000000000002,2,0.02,22,0.22,100,0.013904405096545815,15637
matched,random,3,157,0.059880239520958084,97.20000000000002,0,0.0,28,0.28,100,0.01416293161921203,15737
matched,random,3,158,0.05952380952380952,97.00000000000003,0,0.0,30,0.3,100,0.012907653744332493,15837
matched,random,3,159,0.0591715976331361,96.30000000000004,1,0.01,17,0.17,100,0.010927850785665215,15937
matched,random,3,160,0.058823529411764705,97.50000000000001,0,0.0,25,0.25,100,0.0123518957500346,16037
matched,random,3,161,0.05847953216374269,98.00000000000003,0,0.0,20,0.2,100,0.010236066649667919,16137
matched,random,3,162,0.05813953488372093,97.90000000000003,0,0.0,21,0.21,100,0.011714846761897206,16237
matched,random,3,163,0.057803468208092484,95.30000000000007,1,0.01,27,0.27,100,0.015773853482678533,16337
matched,random,3,164,0.0574712643678161,98.10000000000005,0,0.0,19,0.19,100,0.011501027527265251,16437
matched,random,3,165,0.05714285714285714,97.80000000000004,0,0.0,22,0.22,100,0.013132176459766925,16537
matched,random,3,166,0.056818181818181816,95.30000000000005,1,0.01,27,0.27,100,0.014871032061055302,16637
matched,random,3,167,0.05649717514124294,91.20000000000005,3,0.03,31,0.31,100,0.013835541270673275,16737
matched,random,3,168,0.056179775280898875,97.70000000000005,0,0.0,23,0.23,100,0.01384439050219953,16837
matched,random,3,169,0.0558659217877095,96.40000000000003,1,0.01,17,0.17,100,0.011359707610681653,16937
matched,random,3,170,0.05555555555555555,96.80000000000001,0,0.0,32,0.32,100,0.010856013358570636,17037
matched,random,3,171,0.055248618784530384,94.50000000000004,1,0.01,35,0.35,100,0.011948485444299876,17137
matched,random,3,172,0.054945054945054944,94.00000000000003,2,0.02,22,0.22,100,0.01132237484678626,17237
matched,random,3,173,0.0546448087431694,97.20000000000002,0,0.0,28,0.28,100,0.009090612970758229,17337
matched,random,3,174,0.05434782608695653,93.50000000000004,2,0.02,27,0.27,100,0.01725291611161083,17437
matched,random,3,175,0.05405405405405406,90.00000000000001,4,0.04,24,0.24,100,0.015651550544425845,17537
matched,random,3,176,0.05376344086021505,95.00000000000003,1,0.01,31,0.31,100,0.01279797638533637,17637
matched,random,3,177,0.053475935828877004,96.40000000000002,0,0.0,36,0.36,100,0.011665275963023304,17737
matched,random,3,178,0.05319148936170213,95.60000000000002,1,0.01,25,0.25,100,0.012315370365977288,17837
matched,random,3,179,0.052910052910052914,93.70000000000002,2,0.02,25,0.25,100,0.012301281318068505,17937
matched,random,3,180,0.05263157894736842,95.40000000000002,1,0.01,27,0.27,100,0.009865158824250103,18037
matched,random,3,181,0.05235602094240837,97.10000000000004,0,0.0,29,0.29,100,0.010771173499524594,18137
matched,random,3,182,0.052083333333333336,96.00000000000003,1,0.01,21,0.21,100,0.0124724179552868,18237
matched,random,3,183,0.05181347150259067,94.90000000000006,1,0.01,32,0.32,100,0.011733199199661613,18337
matched,random,3,184,0.051546391752577324,95.70000000000005,1,0.01,24,0.24,100,0.012618880523368715,18437
matched,random,3,185,0.05128205128205128,95.80000000000001,1,0.01,23,0.23,100,0.011222151326946914,18537
matched,random,3,186,0.0510204081632653,97.20000000000002,0,0.0,28,0.28,100,0.01074955030810088,18637
matched,random,3,187,0.050761421319796954,94.90000000000005,1,0.01,32,0.32,100,0.011782056083902717,18737
matched,random,3,188,0.050505050505050504,96.80000000000001,0,0.0,32,0.32,100,0.012783342460170388,18837
matched,random,3,189,0.05025125628140704,97.70000000000003,0,0.0,23,0.23,100,0.0098669567797333,18937
matched,random,3,190,0.05,94.40000000000003,1,0.01,37,0.37,100,0.013840997712686659,19037
matched,random,3,191,0.04975124378109452,95.00000000000003,1,0.01,31,0.31,100,0.009421663330867887,19137
matched,random,3,192,0.04950495049504951,96.50000000000001,1,0.01,15,0.15,100,0.010375355002470315,19237
matched,random,3,193,0.04926108374384236,97.80000000000004,0,0.0,22,0.22,100,0.0096051544114016,19337
matched,random,3,194,0.04901960784313726,94.90000000000003,1,0.01,32,0.32,100,0.011361542288213969,19437
matched,random,3,195,0.04878048780487805,96.70000000000005,0,0.0,33,0.33,100,0.011334462435916065,19537
matched,random,3,196,0.04854368932038835,95.4,1,0.01,27,0.27,100,0.01292725387495011,19637
matched,random,3,197,0.04830917874396135,98.0,0,0.0,20,0.2,100,0.010376362048555165,19737
matched,random,3,198,0.04807692307692307,94.50000000000003,1,0.01,36,0.36,100,0.011473510907962918,19837
matched,random,3,199,0.04784688995215311,96.70000000000002,1,0.01,14,0.14,100,0.011221622321754695,19937
matched,random,4,0,1.0,71.79999999999997,10,0.1,91,0.91,100,0.10308701096958406,37
matched,random,4,1,0.9090909090909091,70.49999999999997,11,0.11,85,0.85,100,0.028992993235588075,137
matched,random,4,2,0.8333333333333334,70.09999999999997,11,0.11,86,0.86,100,0.024044898999854923,237
matched,random,4,3,0.7692307692307692,68.89999999999996,12,0.12,81,0.81,100,0.020474160732701422,337
matched,random,4,4,0.7142857142857143,75.80000000000001,8,0.08,89,0.89,100,0.022098713992163538,437
matched,random,4,5,0.6666666666666666,80.20000000000005,6,0.06,84,0.84,100,0.021676596067845822,537
matched,random,4,6,0.625,78.30000000000003,7,0.07,83,0.83,100,0.018461110647767783,637
matched,random,4,7,0.5882352941176471,74.1,10,0.1,64,0.64,100,0.01602629041764885,737
matched,random,4,8,0.5555555555555556,80.70000000000005,6,0.06,79,0.79,100,0.01541157958097756,837
matched,random,4,9,0.5263157894736842,82.70000000000003,5,0.05,78,0.78,100,0.021033990918658672,937
matched,random,4,10,0.5,82.50000000000004,5,0.05,80,0.8,100,0.0204710775334388,1037
matched,random,4,11,0.47619047619047616,83.60000000000005,5,0.05,69,0.69,100,0.0171715426677838,1137
matched,random,4,12,0.45454545454545453,85.50000000000003,4,0.04,69,0.69,100,0.01778871669899672,1237
matched,random,4,13,0.4347826086956522,77.80000000000001,8,0.08,69,0.69,100,0.016033426322974265,1337
matched,random,4,14,0.4166666666666667,75.0,9,0.09,76,0.76,100,0.017526169777847826,1437
matched,random,4,15,0.4,87.80000000000007,3,0.03,65,0.65,100,0.018140678517520426,1537
matched,random,4,16,0.3846153846153846,86.90000000000005,3,0.03,74,0.74,100,0.019477427657693624,1637
matched,random,4,17,0.37037037037037035,87.20000000000005,3,0.03,71,0.71,100,0.019979525147937237,1737
matched,random,4,18,0.35714285714285715,85.80000000000004,4,0.04,66,0.66,100,0.01990984293166548,1837
matched,random,4,19,0.3448275862068966,82.40000000000003,6,0.06,60,0.6,100,0.020942416451871396,1937
matched,random,4,20,0.3333333333333333,88.50000000000006,3,0.03,58,0.58,100,0.018018696289509535,2037
matched,random,4,21,0.3225806451612903,74.29999999999995,10,0.1,66,0.66,100,0.0213480219617486,2137
matched,random,4,22,0.3125,74.09999999999998,10,0.1,67,0.67,100,0.027114186147227885,2237
matched,random,4,23,0.30303030303030304,81.90000000000002,6,0.06,67,0.67,100,0.03586097593419254,2337
matched,random,4,24,0.29411764705882354,81.90000000000003,6,0.06,66,0.66,100,0.0228024466522038,2437
matched,random,4,25,0.2857142857142857,86.20000000000002,4,0.04,62,0.62,100,0.01962921571917832,2537
matched,random,4,26,0.2777777777777778,87.90000000000005,3,0.03,64,0.64,100,0.021178213441744448,2637
matched,random,4,27,0.27027027027027023,84.90000000000003,5,0.05,56,0.56,100,0.023717117132619023,2737
matched,random,4,28,0.2631578947368421,84.50000000000001,5,0.05,59,0.59,100,0.021615451332181693,2837
matched,random,4,29,0.25641025641025644,85.00000000000003,5,0.05,55,0.55,100,0.019699608068913223,2937
matched,random,4,30,0.25,92.90000000000003,1,0.01,52,0.52,100,0.017531141377985476,3037
matched,random,4,31,0.24390243902439027,83.40000000000003,6,0.06,51,0.51,100,0.022371795624494553,3137
matched,random,4,32,0.23809523809523808,86.70000000000006,4,0.04,56,0.56,100,0.019235082734376192,3237
matched,random,4,33,0.23255813953488372,92.70000000000009,1,0.01,54,0.54,100,0.022810064861550926,3337
matched,random,4,34,0.22727272727272727,90.80000000000004,2,0.02,53,0.53,100,0.021631069858558477,3437
matched,random,4,35,0.2222222222222222,95.50000000000006,0,0.0,45,0.45,100,0.027299306401982904,3537
matched,random,4,36,0.2173913043478261,89.30000000000004,3,0.03,48,0.48,100,0.022002464551478626,3637
matched,random,4,37,0.2127659574468085,92.40000000000008,1,0.01,57,0.57,100,0.020250920010730623,3737
matched,random,4,38,0.20833333333333334,86.70000000000002,5,0.05,37,0.37,100,0.01902703952975571,3837
matched,random,4,39,0.2040816326530612,93.40000000000003,1,0.01,47,0.47,100,0.023724619308486582,3937
matched,random,4,40,0.2,84.80000000000001,5,0.05,55,0.55,100,0.01899700682144612,4037
matched,random,4,41,0.19607843137254904,94.20000000000003,1,0.01,39,0.39,100,0.018030413165688514,4137
matched,random,4,42,0.1923076923076923,88.00000000000004,4,0.04,44,0.44,100,0.02368253890890628,4237
matched,random,4,43,0.18867924528301888,92.40000000000009,1,0.01,57,0.57,100,0.024048021412454545,4337
matched,random,4,44,0.18518518518518517,94.60000000000004,1,0.01,35,0.35,100,0.01903887329623103,4437
matched,random,4,45,0.18181818181818182,91.80000000000004,2,0.02,44,0.44,100,0.02231803352944553,4537
matched,random,4,46,0.17857142857142858,93.30000000000005,1,0.01,48,0.48,100,0.026227420922368766,4637
matched,random,4,47,0.17543859649122806,93.50000000000006,1,0.01,46,0.46,100,0.022519993744790554,4737
matched,random,4,48,0.1724137931034483,84.60000000000001,5,0.05,59,0.59,100,0.023820364684797823,4837
matched,random,4,49,0.1694915254237288,89.50000000000004,3,0.03,47,0.47,100,0.023722691563889384,4937
matched,random,4,50,0.16666666666666666,94.70000000000005,0,0.0,53,0.53,100,0.021875363234430553,5037
matched,random,4,51,0.1639344262295082,84.00000000000001,6,0.06,45,0.45,100,0.027847380312159657,5137
matched,random,4,52,0.16129032258064516,92.10000000000008,2,0.02,41,0.41,100,0.01655520428903401,5237
matched,random,4,53,0.15873015873015872,91.60000000000008,2,0.02,45,0.45,100,0.030303059979341924,5337
matched,random,4,54,0.15625,96.00000000000007,0,0.0,40,0.4,100,0.022809130866080524,5437
matched,random,4,55,0.15384615384615385,91.60000000000001,2,0.02,46,0.46,100,0.02596980986185372,5537
matched,random,4,56,0.15151515151515152,90.50000000000003,3,0.03,37,0.37,100,0.022440231568180025,5637
matched,random,4,57,0.14925373134328357,92.90000000000005,1,0.01,52,0.52,100,0.024716602638363838,5737
matched,random,4,58,0.14705882352941177,95.10000000000004,1,0.01,29,0.29,100,0.024879496628418565,5837
matched,random,4,59,0.14492753623188406,96.00000000000006,0,0.0,40,0.4,100,0.024233122523874044,5937
matched,random,4,60,0.14285714285714285,93.50000000000007,1,0.01,46,0.46,100,0.019483582796528936,6037
matched,random,4,61,0.14084507042253522,96.10000000000008,0,0.0,39,0.39,100,0.02431649547535926,6137
matched,random,4,62,0.1388888888888889,93.70000000000006,1,0.01,44,0.44,100,0.02163286727387458,6237
matched,random,4,63,0.136986301369863,92.30000000000003,2,0.02,39,0.39,100,0.023268306041136385,6337
matched,random,4,64,0.13513513513513511,89.70000000000007,3,0.03,46,0.46,100,0.030027898186817767,6437
matched,random,4,65,0.13333333333333333,92.40000000000006,2,0.02,38,0.38,100,0.02084100847598165,6537
matched,random,4,66,0.13157894736842105,96.80000000000004,0,0.0,32,0.32,100,0.02321912333369255,6637
matched,random,4,67,0.12987012987012986,91.90000000000002,2,0.02,42,0.42,100,0.02031312437262386,6737
matched,random,4,68,0.12820512820512822,94.40000000000003,1,0.01,37,0.37,100,0.022773047387599946,6837
matched,random,4,69,0.12658227848101264,93.60000000000005,1,0.01,45,0.45,100,0.025112262303009628,6937
matched,random,4,70,0.125,92.50000000000006,2,0.02,37,0.37,100,0.024360267515294253,7037
matched,random,4,71,0.1234567901234568,95.70000000000007,0,0.0,43,0.43,100,0.01767541312612593,7137
matched,random,4,72,0.12195121951219513,94.00000000000003,1,0.01,41,0.41,100,0.026284076441079378,7237
matched,random,4,73,0.12048192771084336,92.20000000000005,2,0.02,39,0.39,100,0.025979815386235713,7337
matched,random,4,74,0.11904761904761904,96.30000000000003,0,0.0,37,0.37,100,0.020714981467463076,7437
matched,random,4,75,0.11764705882352941,90.10000000000002,3,0.03,42,0.42,100,0.024505114988423882,7537
matched,random,4,76,0.11627906976744186,92.90000000000003,2,0.02,33,0.33,100,0.026146762082353236,7637
matched,random,4,77,0.1149425287356322,96.50000000000004,0,0.0,35,0.35,100,0.02393221582751721,7737
matched,random,4,78,0.11363636363636363,90.60000000000002,3,0.03,37,0.37,100,0.022712536775507032,7837
matched,random,4,79,0.11235955056179775,97.00000000000003,0,0.0,30,0.3,100,0.02454871307592839,7937
matched,random,4,80,0.1111111111111111,94.20000000000007,1,0.01,39,0.39,100,0.024283795612864197,8037
matched,random,4,81,0.10989010989010989,93.40000000000006,1,0.01,47,0.47,100,0.02462979592848569,8137
matched,random,4,82,0.10869565217391305,92.10000000000004,2,0.02,41,0.41,100,0.03088256579823792,8237
matched,random,4,83,0.1075268817204301,92.10000000000004,2,0.02,41,0.41,100,0.028096434995532035,8337
matched,random,4,84,0.10638297872340426,95.60000000000004,0,0.0,44,0.44,100,0.023407655828632416,8437
matched,random,4,85,0.10526315789473684,95.80000000000001,1,0.01,23,0.23,100,0.024451588476076723,8537
matched,random,4,86,0.10416666666666667,93.00000000000003,2,0.02,32,0.32,100,0.02044609501492232,8637
matched,random,4,87,0.10309278350515465,94.10000000000007,1,0.01,40,0.4,100,0.03385300596244633,8737
matched,random,4,88,0.1020408163265306,96.50000000000003,0,0.0,35,0.35,100,0.025296928356401623,8837
matched,random,4,89,0.10101010101010101,93.80000000000004,1,0.01,43,0.43,100,0.017510024579241872,8937
matched,random,4,90,0.1,94.40000000000006,1,0.01,37,0.37,100,0.026584419761784373,9037
matched,random,4,91,0.09900990099009901,92.80000000000004,2,0.02,34,0.34,100,0.049127667294815186,9137
matched,random,4,92,0.09803921568627452,97.00000000000006,0,0.0,30,0.3,100,0.036525262100622055,9237
matched,random,4,93,0.0970873786407767,96.20000000000006,0,0.0,38,0.38,100,0.022485787672922017,9337
matched,random,4,94,0.09615384615384615,94.60000000000005,1,0.01,35,0.35,100,0.017029762202873826,9437
matched,random,4,95,0.09523809523809523,94.10000000000002,1,0.01,40,0.4,100,0.02388028404675424,9537
matched,random,4,96,0.09433962264150944,89.10000000000005,3,0.03,51,0.51,100,0.049584750817157325,9637
matched,random,4,97,0.09345794392523366,94.60000000000005,1,0.01,35,0.35,100,0.045891439863480626,9737
matched,random,4,98,0.09259259259259259,88.50000000000006,4,0.04,39,0.39,100,0.02607323351316154,9837
matched,random,4,99,0.09174311926605504,92.10000000000002,2,0.02,41,0.41,100,0.04423580318223685,9937
matched,random,4,100,0.09090909090909091,94.80000000000005,1,0.01,32,0.32,100,0.02442399231251329,10037
matched,random,4,101,0.0900900900900901,94.20000000000005,1,0.01,39,0.39,100,0.03800878571346402,10137
matched,random,4,102,0.08928571428571429,91.30000000000005,2,0.02,49,0.49,100,0.023703255141153932,10237
matched,random,4,103,0.08849557522123894,95.20000000000005,1,0.01,29,0.29,100,0.014256997760385274,10337
matched,random,4,104,0.08771929824561403,92.60000000000002,2,0.02,36,0.36,100,0.024684769441373645,10437
matched,random,4,105,0.08695652173913043,96.90000000000002,0,0.0,31,0.31,100,0.025068329432979226,10537
matched,random,4,106,0.08620689655172414,95.40000000000003,1,0.01,27,0.27,100,0.023449061224237084,10637
matched,random,4,107,0.08547008547008547,94.70000000000005,1,0.01,34,0.34,100,0.0183999012876302,10737
matched,random,4,108,0.0847457627118644,97.10000000000004,0,0.0,29,0.29,100,0.016448433818295596,10837
matched,random,4,109,0.08403361344537814,94.80000000000003,1,0.01,33,0.33,100,0.016543162944726644,10937
matched,random,4,110,0.08333333333333333,95.30000000000005,1,0.01,28,0.28,100,0.02337479915469885,11037
matched,random,4,111,0.08264462809917356,96.10000000000008,0,0.0,39,0.39,100,0.01858699833508581,11137
matched,random,4,112,0.0819672131147541,94.80000000000007,1,0.01,33,0.33,100,0.022411502571776508,11237
matched,random,4,113,0.08130081300813008,95.60000000000004,0,0.0,44,0.44,100,0.01964930382091552,11337
matched,random,4,114,0.08064516129032258,95.20000000000006,1,0.01,29,0.29,100,0.01691779307089746,11437
matched,random,4,115,0.08,96.40000000000006,0,0.0,36,0.36,100,0.0172878572717309,11537
matched,random,4,116,0.07936507936507936,97.60000000000005,0,0.0,24,0.24,100,0.01257994693238288,11637
matched,random,4,117,0.07874015748031496,90.60000000000005,3,0.03,37,0.37,100,0.014455772591754795,11737
matched,random,4,118,0.078125,96.00000000000009,0,0.0,40,0.4,100,0.018606192134320736,11837
matched,random,4,119,0.07751937984496124,94.70000000000005,1,0.01,33,0.33,100,0.020031695649959148,11937
matched,random,4,120,0.07692307692307693,96.30000000000005,0,0.0,37,0.37,100,0.018114202595315872,12037
matched,random,4,121,0.07633587786259542,95.70000000000003,0,0.0,43,0.43,100,0.014540955079719425,12137
matched,random,4,122,0.07575757575757576,96.50000000000006,0,0.0,35,0.35,100,0.022918295091949405,12237
matched,random,4,123,0.07518796992481203,97.00000000000003,0,0.0,30,0.3,100,0.015323259150609374,12337
matched,random,4,124,0.07462686567164178,97.30000000000001,0,0.0,27,0.27,100,0.016409919965080916,12437
matched,random,4,125,0.07407407407407407,94.50000000000006,1,0.01,36,0.36,100,0.020046335170045494,12537
matched,random,4,126,0.07352941176470588,95.90000000000006,0,0.0,41,0.41,100,0.02317082560621202,12637
matched,random,4,127,0.07299270072992702,94.60000000000004,1,0.01,34,0.34,100,0.031153475251048803,12737
matched,random,4,128,0.07246376811594203,90.40000000000003,3,0.03,39,0.39,100,0.01698621186427772,12837
matched,random,4,129,0.07194244604316546,96.70000000000007,0,0.0,33,0.33,100,0.02517750348430127,12937
matched,random,4,130,0.07142857142857142,97.30000000000003,0,0.0,27,0.27,100,0.013935339814051985,13037
matched,random,4,131,0.07092198581560284,93.10000000000007,2,0.02,31,0.31,100,0.016646074904128907,13137
matched,random,4,132,0.07042253521126761,93.10000000000002,2,0.02,29,0.29,100,0.02585498725064099,13237
matched,random,4,133,0.06993006993006992,95.50000000000003,1,0.01,26,0.26,100,0.02335904529783875,13337
matched,random,4,134,0.06944444444444445,97.80000000000004,0,0.0,22,0.22,100,0.01239527948666364,13437
matched,random,4,135,0.06896551724137931,96.30000000000001,0,0.0,37,0.37,100,0.01755482713226229,13537
matched,random,4,136,0.0684931506849315,92.70000000000003,2,0.02,35,0.35,100,0.024380840184167026,13637
matched,random,4,137,0.06802721088435375,96.80000000000008,0,0.0,32,0.32,100,0.014624109263531864,13737
matched,random,4,138,0.06756756756756756,94.60000000000005,1,0.01,35,0.35,100,0.014693320854566991,13837
matched,random,4,139,0.06711409395973154,87.10000000000002,5,0.05,34,0.34,100,0.017328849169425665,13937
matched,random,4,140,0.06666666666666667,96.70000000000005,0,0.0,33,0.33,100,0.015082696257159113,14037
matched,random,4,141,0.06622516556291391,97.30000000000007,0,0.0,27,0.27,100,0.012437741388566792,14137
matched,random,4,142,0.06578947368421052,95.20000000000003,1,0.01,28,0.28,100,0.01420943379867822,14237
matched,random,4,143,0.06535947712418301,94.60000000000002,1,0.01,35,0.35,100,0.01503587594954297,14337
matched,random,4,144,0.06493506493506493,93.50000000000003,2,0.02,26,0.26,100,0.01421610040590167,14437
matched,random,4,145,0.06451612903225806,93.80000000000001,2,0.02,24,0.24,100,0.012773221307434142,14537
matched,random,4,146,0.06410256410256411,97.20000000000003,0,0.0,28,0.28,100,0.012120434883981943,14637
matched,random,4,147,0.06369426751592357,94.90000000000002,1,0.01,32,0.32,100,0.013414081889204682,14737
matched,random,4,148,0.06329113924050632,97.10000000000002,0,0.0,29,0.29,100,0.01633757010102272,14837
matched,random,4,149,0.06289308176100629,96.50000000000004,0,0.0,35,0.35,100,0.010014891070313751,14937
matched,random,4,150,0.0625,94.80000000000003,1,0.01,33,0.33,100,0.011489112102426589,15037
matched,random,4,151,0.06211180124223602,97.60000000000008,0,0.0,24,0.24,100,0.012151940008625389,15137
matched,random,4,152,0.0617283950617284,91.80000000000004,2,0.02,44,0.44,100,0.014945023814216257,15237
matched,random,4,153,0.06134969325153374,90.80000000000001,3,0.03,35,0.35,100,0.015135756153613329,15337
matched,random,4,154,0.06097560975609757,97.70000000000002,0,0.0,23,0.23,100,0.019555089939385654,15437
matched,random,4,155,0.06060606060606061,96.40000000000003,0,0.0,36,0.36,100,0.01642468568868935,15537
matched,random,4,156,0.06024096385542168,93.60000000000005,2,0.02,26,0.26,100,0.014282422000542283,15637
matched,random,4,157,0.059880239520958084,93.60000000000005,2,0.02,26,0.26,100,0.013145098388195038,15737
matched,random,4,158,0.05952380952380952,93.80000000000005,1,0.01,43,0.43,100,0.011857986417599022,15837
matched,random,4,159,0.0591715976331361,94.60000000000007,1,0.01,35,0.35,100,0.014381258809007704,15937
matched,random,4,160,0.058823529411764705,95.80000000000004,0,0.0,42,0.42,100,0.016191520667634903,16037
matched,random,4,161,0.05847953216374269,94.50000000000001,1,0.01,36,0.36,100,0.010344329718500377,16137
matched,random,4,162,0.05813953488372093,95.30000000000005,1,0.01,27,0.27,100,0.014617980071343482,16237
matched,random,4,163,0.057803468208092484,96.90000000000003,0,0.0,31,0.31,100,0.01200868908315897,16337
matched,random,4,164,0.0574712643678161,97.60000000000002,0,0.0,24,0.24,100,0.012073195865377783,16437
matched,random,4,165,0.05714285714285714,97.70000000000005,0,0.0,23,0.23,100,0.00976089051924646,16537
matched,random,4,166,0.056818181818181816,96.80000000000004,0,0.0,32,0.32,100,0.012718251990154385,16637
matched,random,4,167,0.05649717514124294,95.20000000000002,1,0.01,29,0.29,100,0.012841569480951876,16737
matched,random,4,168,0.056179775280898875,95.40000000000006,1,0.01,27,0.27,100,0.013468056344427168,16837
matched,random,4,169,0.0558659217877095,97.50000000000003,0,0.0,25,0.25,100,0.012126500154845416,16937
matched,random,4,170,0.05555555555555555,97.30000000000001,0,0.0,27,0.27,100,0.01117746155243367,17037
matched,random,4,171,0.055248618784530384,97.5,0,0.0,25,0.25,100,0.013926652139052748,17137
matched,random,4,172,0.054945054945054944,95.20000000000005,1,0.01,28,0.28,100,0.012705715587362647,17237
matched,random,4,173,0.0546448087431694,96.00000000000006,0,0.0,40,0.4,100,0.011213564104400576,17337
matched,random,4,174,0.05434782608695653,98.10000000000002,0,0.0,19,0.19,100,0.011041158805601298,17437
matched,random,4,175,0.05405405405405406,96.20000000000002,1,0.01,19,0.19,100,0.012980014306958765,17537
matched,random,4,176,0.05376344086021505,97.40000000000006,0,0.0,26,0.26,100,0.011795085342600941,17637
matched,random,4,177,0.053475935828877004,95.70000000000005,1,0.01,24,0.24,100,0.01161088709719479,17737
matched,random,4,178,0.05319148936170213,97.60000000000005,0,0.0,24,0.24,100,0.01116385358851403,17837
matched,random,4,179,0.052910052910052914,97.00000000000003,0,0.0,30,0.3,100,0.011281035565771163,17937
matched,random,4,180,0.05263157894736842,98.30000000000001,0,0.0,17,0.17,100,0.012970177647657693,18037
matched,random,4,181,0.05235602094240837,94.70000000000005,1,0.01,34,0.34,100,0.01093219559174031,18137
matched,random,4,182,0.052083333333333336,95.70000000000002,1,0.01,24,0.24,100,0.013284326088614762,18237
matched,random,4,183,0.05181347150259067,95.4,1,0.01,27,0.27,100,0.011200544736348093,18337
matched,random,4,184,0.051546391752577324,97.40000000000002,0,0.0,26,0.26,100,0.013757061352953315,18437
matched,random,4,185,0.05128205128205128,92.50000000000003,2,0.02,37,0.37,100,0.00989223952870816,18537
matched,random,4,186,0.0510204081632653,97.10000000000002,0,0.0,29,0.29,100,0.01235336955403909,18637
matched,random,4,187,0.050761421319796954,96.60000000000005,0,0.0,34,0.34,100,0.013051055688410997,18737
matched,random,4,188,0.050505050505050504,93.50000000000003,2,0.02,26,0.26,100,0.010075866493862122,18837
matched,random,4,189,0.05025125628140704,96.10000000000001,1,0.01,20,0.2,100,0.012456516060046852,18937
matched,random,4,190,0.05,93.5,2,0.02,26,0.26,100,0.011161498599685729,19037
matched,random,4,191,0.04975124378109452,97.90000000000003,0,0.0,21,0.21,100,0.01038761663949117,19137
matched,random,4,192,0.04950495049504951,98.30000000000004,0,0.0,17,0.17,100,0.012546763378195465,19237
matched,random,4,193,0.04926108374384236,97.70000000000002,0,0.0,23,0.23,100,0.011866346411406993,19337
matched,random,4,194,0.04901960784313726,97.70000000000002,0,0.0,23,0.23,100,0.012325925170443952,19437
matched,random,4,195,0.04878048780487805,97.30000000000004,0,0.0,27,0.27,100,0.012580851272214205,19537
matched,random,4,196,0.04854368932038835,96.30000000000004,0,0.0,37,0.37,100,0.010304476965684444,19637
matched,random,4,197,0.04830917874396135,97.20000000000002,0,0.0,28,0.28,100,0.012719347774982452,19737
matched,random,4,198,0.04807692307692307,97.60000000000002,0,0.0,24,0.24,100,0.01209972563199699,19837
matched,random,4,199,0.04784688995215311,97.00000000000003,0,0.0,30,0.3,100,0.013267885900568217,19937
matched,random,5,0,1.0,73.79999999999998,9,0.09,91,0.91,100,0.1645758848738026,37
matched,random,5,1,0.9090909090909091,66.19999999999995,13,0.13,87,0.87,100,0.02496239417232573,137
matched,random,5,2,0.8333333333333334,65.09999999999994,14,0.14,82,0.82,100,0.023893225435167552,237
matched,random,5,3,0.7692307692307692,75.7,8,0.08,91,0.91,100,0.0346840697992593,337
matched,random,5,4,0.7142857142857143,72.6,10,0.1,80,0.8,100,0.01988239833153784,437
matched,random,5,5,0.6666666666666666,80.70000000000002,6,0.06,78,0.78,100,0.0163851549429819,537
matched,random,5,6,0.625,76.7,8,0.08,80,0.8,100,0.014612606940791011,637
matched,random,5,7,0.5882352941176471,83.10000000000004,5,0.05,74,0.74,100,0.014193313159048558,737
matched,random,5,8,0.5555555555555556,88.70000000000007,2,0.02,75,0.75,100,0.015458606602624058,837
matched,random,5,9,0.5263157894736842,76.8,8,0.08,78,0.78,100,0.017825732696801422,937
matched,random,5,10,0.5,86.00000000000006,3,0.03,83,0.83,100,0.019076820728369057,1037
matched,random,5,11,0.47619047619047616,84.20000000000006,5,0.05,63,0.63,100,0.016611784086562692,1137
matched,random,5,12,0.45454545454545453,89.60000000000004,2,0.02,66,0.66,100,0.02657772366888821,1237
matched,random,5,13,0.4347826086956522,82.10000000000002,6,0.06,64,0.64,100,0.02607554371468723,1337
matched,random,5,14,0.4166666666666667,85.10000000000007,4,0.04,73,0.73,100,0.02118555816821754,1437
matched,random,5,15,0.4,81.90000000000003,6,0.06,65,0.65,100,0.019725580927915872,1537
matched,random,5,16,0.3846153846153846,85.80000000000001,4,0.04,65,0.65,100,0.015670993314124644,1637
matched,random,5,17,0.37037037037037035,84.10000000000007,5,0.05,64,0.64,100,0.018165635596960782,1737
matched,random,5,18,0.35714285714285715,88.30000000000004,3,0.03,60,0.6,100,0.017322767111472785,1837
matched,random,5,19,0.3448275862068966,88.80000000000005,3,0.03,54,0.54,100,0.01748213029000908,1937
matched,random,5,20,0.3333333333333333,80.50000000000001,7,0.07,62,0.62,100,0.021168613391928374,2037
matched,random,5,21,0.3225806451612903,78.79999999999998,8,0.08,60,0.6,100,0.015897292378358543,2137
matched,random,5,22,0.3125,78.50000000000001,8,0.08,60,0.6,100,0.018113442291505636,2237
matched,random,5,23,0.30303030303030304,82.60000000000005,6,0.06,60,0.6,100,0.01944980157073587,2337
matched,random,5,24,0.29411764705882354,87.20000000000003,4,0.04,52,0.52,100,0.019860798167064785,2437
matched,random,5,25,0.2857142857142857,86.20000000000002,4,0.04,61,0.61,100,0.01900350642390549,2537
matched,random,5,26,0.2777777777777778,81.90000000000003,7,0.07,48,0.48,100,0.020178030198439955,2637
matched,random,5,27,0.27027027027027023,91.60000000000004,2,0.02,46,0.46,100,0.022023419719189405,2737
matched,random,5,28,0.2631578947368421,91.30000000000005,2,0.02,49,0.49,100,0.01589334526564926,2837
matched,random,5,29,0.25641025641025644,90.70000000000005,2,0.02,54,0.54,100,0.019975299127399922,2937
matched,random,5,30,0.25,93.10000000000005,1,0.01,50,0.5,100,0.01573459228966385,3037
matched,random,5,31,0.24390243902439027,85.60000000000007,5,0.05,48,0.48,100,0.017146590296179057,3137
matched,random,5,32,0.23809523809523808,90.90000000000005,2,0.02,53,0.53,100,0.019356308220885694,3237
matched,random,5,33,0.23255813953488372,89.70000000000005,3,0.03,46,0.46,100,0.023004687912762164,3337
matched,random,5,34,0.22727272727272727,90.80000000000005,2,0.02,54,0.54,100,0.023026474830694497,3437
matched,random,5,35,0.2222222222222222,93.60000000000005,1,0.01,45,0.45,100,0.021718678530305624,3537
matched,random,5,36,0.2173913043478261,88.70000000000002,3,0.03,55,0.55,100,0.018827339014969767,3637
matched,random,5,37,0.2127659574468085,91.20000000000003,2,0.02,50,0.5,100,0.021503899535164236,3737
matched,random,5,38,0.20833333333333334,91.80000000000001,2,0.02,44,0.44,100,0.02175972731783986,3837
matched,random,5,39,0.2040816326530612,89.70000000000002,3,0.03,46,0.46,100,0.02066616354510188,3937
matched,random,5,40,0.2,90.80000000000001,2,0.02,54,0.54,100,0.017741582365706565,4037
matched,random,5,41,0.19607843137254904,89.90000000000002,3,0.03,44,0.44,100,0.0176647145813331,4137
matched,random,5,42,0.1923076923076923,89.40000000000005,3,0.03,49,0.49,100,0.01636982020456344,4237
matched,random,5,43,0.18867924528301888,96.20000000000007,0,0.0,38,0.38,100,0.021945808725431563,4337
matched,random,5,44,0.18518518518518517,92.30000000000005,2,0.02,39,0.39,100,0.01627675465773791,4437
matched,random,5,45,0.18181818181818182,93.70000000000005,1,0.01,44,0.44,100,0.018855965016409754,4537
matched,random,5,46,0.17857142857142858,92.00000000000004,2,0.02,42,0.42,100,0.02196358057204634,4637
matched,random,5,47,0.17543859649122806,83.70000000000002,6,0.06,47,0.47,100,0.0254533334588632,4737
matched,random,5,48,0.1724137931034483,94.80000000000004,1,0.01,33,0.33,100,0.02147357687354088,4837
matched,random,5,49,0.1694915254237288,96.40000000000006,0,0.0,36,0.36,100,0.02119940983131528,4937
matched,random,5,50,0.16666666666666666,89.80000000000001,3,0.03,45,0.45,100,0.016837332509458066,5037
matched,random,5,51,0.1639344262295082,92.10000000000001,2,0.02,41,0.41,100,0.017719446518458425,5137
matched,random,5,52,0.16129032258064516,89.9,3,0.03,43,0.43,100,0.018085889243520795,5237
matched,random,5,53,0.15873015873015872,93.50000000000004,1,0.01,45,0.45,100,0.01868770475499332,5337
matched,random,5,54,0.15625,87.90000000000003,4,0.04,45,0.45,100,0.016642679111100733,5437
matched,random,5,55,0.15384615384615385,90.10000000000005,3,0.03,42,0.42,100,0.020239536422304808,5537
matched,random,5,56,0.15151515151515152,88.10000000000002,4,0.04,42,0.42,100,0.01889509117230773,5637
matched,random,5,57,0.14925373134328357,94.10000000000007,1,0.01,40,0.4,100,0.01945929044857621,5737
matched,random,5,58,0.14705882352941177,94.60000000000008,1,0.01,35,0.35,100,0.020128397522494196,5837
matched,random,5,59,0.14492753623188406,97.00000000000003,0,0.0,30,0.3,100,0.017596091008745134,5937
matched,random,5,60,0.14285714285714285,89.40000000000005,3,0.03,48,0.48,100,0.01802010343875736,6037
matched,random,5,61,0.14084507042253522,94.40000000000003,1,0.01,37,0.37,100,0.018284476189874114,6137
matched,random,5,62,0.1388888888888889,91.00000000000001,3,0.03,33,0.33,100,0.013622867581434548,6237
matched,random,5,63,0.136986301369863,94.30000000000004,1,0.01,38,0.38,100,0.017188937640748917,6337
matched,random,5,64,0.13513513513513511,93.10000000000008,2,0.02,31,0.31,100,0.018626970369368792,6437
matched,random,5,65,0.13333333333333333,93.70000000000005,1,0.01,44,0.44,100,0.01914851545356214,6537
matched,random,5,66,0.13157894736842105,94.10000000000007,1,0.01,40,0.4,100,0.017581884083338082,6637
matched,random,5,67,0.12987012987012986,91.80000000000004,2,0.02,44,0.44,100,0.01753797826822847,6737
matched,random,5,68,0.12820512820512822,92.9,2,0.02,33,0.33,100,0.016969181010499598,6837
matched,random,5,69,0.12658227848101264,90.20000000000002,3,0.03,41,0.41,100,0.015125927780754864,6937
matched,random,5,70,0.125,94.20000000000003,1,0.01,39,0.39,100,0.016280805170536043,7037
matched,random,5,71,0.1234567901234568,95.60000000000004,0,0.0,44,0.44,100,0.01751264804508537,7137
matched,random,5,72,0.12195121951219513,92.30000000000004,2,0.02,39,0.39,100,0.017600934715010227,7237
matched,random,5,73,0.12048192771084336,86.20000000000002,5,0.05,42,0.42,100,0.018017402426339688,7337
matched,random,5,74,0.11904761904761904,96.90000000000003,0,0.0,31,0.31,100,0.01740764914546162,7437
matched,random,5,75,0.11764705882352941,94.90000000000003,1,0.01,32,0.32,100,0.019541083821095526,7537
matched,random,5,76,0.11627906976744186,94.70000000000005,1,0.01,34,0.34,100,0.019021905958652496,7637
matched,random,5,77,0.1149425287356322,95.00000000000006,1,0.01,31,0.31,100,0.01518698882777244,7737
matched,random,5,78,0.11363636363636363,94.70000000000005,1,0.01,34,0.34,100,0.01615873276721686,7837
matched,random,5,79,0.11235955056179775,90.70000000000003,3,0.03,36,0.36,100,0.015837395726703108,7937
matched,random,5,80,0.1111111111111111,92.8,2,0.02,34,0.34,100,0.014287536647170782,8037
matched,random,5,81,0.10989010989010989,90.10000000000002,3,0.03,42,0.42,100,0.016646540169604124,8137
matched,random,5,82,0.10869565217391305,93.00000000000001,2,0.02,32,0.32,100,0.016591245085000993,8237
matched,random,5,83,0.1075268817204301,96.00000000000004,0,0.0,40,0.4,100,0.016341777187772095,8337
matched,random,5,84,0.10638297872340426,94.10000000000008,1,0.01,40,0.4,100,0.01797687170561403,8437
matched,random,5,85,0.10526315789473684,94.10000000000005,1,0.01,40,0.4,100,0.013707323241978884,8537
matched,random,5,86,0.10416666666666667,95.80000000000001,1,0.01,23,0.23,100,0.016269599660299717,8637
matched,random,5,87,0.10309278350515465,91.90000000000002,3,0.03,23,0.23,100,0.016329079559072854,8737
matched,random,5,88,0.1020408163265306,97.60000000000002,0,0.0,24,0.24,100,0.01603815678972751,8837
matched,random,5,89,0.10101010101010101,96.4,0,0.0,36,0.36,100,0.014257423486560583,8937
matched,random,5,90,0.1,97.00000000000001,0,0.0,30,0.3,100,0.01661394734401256,9037
matched,random,5,91,0.09900990099009901,92.10000000000002,2,0.02,41,0.41,100,0.015514776604250073,9137
matched,random,5,92,0.09803921568627452,96.60000000000007,0,0.0,34,0.34,100,0.016745685283094645,9237
matched,random,5,93,0.0970873786407767,97.40000000000003,0,0.0,26,0.26,100,0.014106792458333075,9337
matched,random,5,94,0.09615384615384615,89.00000000000006,4,0.04,33,0.33,100,0.018930334937758742,9437
matched,random,5,95,0.09523809523809523,90.40000000000005,3,0.03,38,0.38,100,0.017039460465312004,9537
matched,random,5,96,0.09433962264150944,92.30000000000004,2,0.02,38,0.38,100,0.01395156746963039,9637
matched,random,5,97,0.09345794392523366,96.40000000000005,0,0.0,36,0.36,100,0.013812789493240416,9737
matched,random,5,98,0.09259259259259259,97.10000000000002,0,0.0,29,0.29,100,0.015978677440434696,9837
matched,random,5,99,0.09174311926605504,96.30000000000001,0,0.0,37,0.37,100,0.01640520038548857,9937
matched,random,5,100,0.09090909090909091,92.40000000000006,2,0.02,38,0.38,100,0.013677255352959036,10037
matched,random,5,101,0.0900900900900901,94.60000000000004,1,0.01,35,0.35,100,0.015235556024126708,10137
matched,random,5,102,0.08928571428571429,96.80000000000004,0,0.0,32,0.32,100,0.01429847113788128,10237
matched,random,5,103,0.08849557522123894,90.30000000000003,3,0.03,40,0.4,100,0.013775096256285906,10337
matched,random,5,104,0.08771929824561403,94.70000000000003,1,0.01,33,0.33,100,0.013676936198025942,10437
matched,random,5,105,0.08695652173913043,96.90000000000002,0,0.0,31,0.31,100,0.012833759502973408,10537
matched,random,5,106,0.08620689655172414,97.50000000000006,0,0.0,25,0.25,100,0.01532537427265197,10637
matched,random,5,107,0.08547008547008547,93.90000000000002,2,0.02,22,0.22,100,0.011820915918797255,10737
matched,random,5,108,0.0847457627118644,95.4,1,0.01,27,0.27,100,0.014737392626702785,10837
matched,random,5,109,0.08403361344537814,94.70000000000005,1,0.01,34,0.34,100,0.015488026668317617,10937
matched,random,5,110,0.08333333333333333,91.70000000000003,2,0.02,44,0.44,100,0.015415187668986618,11037
matched,random,5,111,0.08264462809917356,92.20000000000002,2,0.02,40,0.4,100,0.01443826696369797,11137
matched,random,5,112,0.0819672131147541,94.30000000000005,1,0.01,38,0.38,100,0.01537826169282198,11237
matched,random,5,113,0.08130081300813008,92.50000000000001,2,0.02,37,0.37,100,0.015739736296236515,11337
matched,random,5,114,0.08064516129032258,97.10000000000002,0,0.0,29,0.29,100,0.016776138823479413,11437
matched,random,5,115,0.08,96.80000000000007,0,0.0,32,0.32,100,0.014540178966708481,11537
matched,random,5,116,0.07936507936507936,97.80000000000004,0,0.0,22,0.22,100,0.015757515230216085,11637
matched,random,5,117,0.07874015748031496,96.70000000000002,0,0.0,33,0.33,100,0.014216435933485627,11737
matched,random,5,118,0.078125,93.9,2,0.02,23,0.23,100,0.013989281496033073,11837
matched,random,5,119,0.07751937984496124,98.20000000000003,0,0.0,18,0.18,100,0.014066326236352324,11937
matched,random,5,120,0.07692307692307693,94.50000000000006,1,0.01,36,0.36,100,0.013769239336252213,12037
matched,random,5,121,0.07633587786259542,96.10000000000005,1,0.01,20,0.2,100,0.01283080926630646,12137
matched,random,5,122,0.07575757575757576,97.4,0,0.0,26,0.26,100,0.011489169080741704,12237
matched,random,5,123,0.07518796992481203,96.80000000000007,0,0.0,32,0.32,100,0.01242447441443801,12337
matched,random,5,124,0.07462686567164178,96.30000000000004,0,0.0,37,0.37,100,0.011955786580219865,12437
matched,random,5,125,0.07407407407407407,95.40000000000003,1,0.01,27,0.27,100,0.015955342878587544,12537
matched,random,5,126,0.07352941176470588,97.50000000000003,0,0.0,25,0.25,100,0.013507111785002053,12637
matched,random,5,127,0.07299270072992702,93.80000000000003,2,0.02,24,0.24,100,0.014799458021298052,12737
matched,random,5,128,0.07246376811594203,95.20000000000003,0,0.0,48,0.48,100,0.016551638273522257,12837
matched,random,5,129,0.07194244604316546,94.70000000000002,1,0.01,34,0.34,100,0.01682472110260278,12937
matched,random,5,130,0.07142857142857142,97.80000000000003,0,0.0,22,0.22,100,0.014059754121117294,13037
matched,random,5,131,0.07092198581560284,90.50000000000003,3,0.03,38,0.38,100,0.013536612852476537,13137
matched,random,5,132,0.07042253521126761,95.20000000000002,1,0.01,28,0.28,100,0.012632408943027258,13237
matched,random,5,133,0.06993006993006992,93.90000000000002,1,0.01,42,0.42,100,0.013599227583035826,13337
matched,random,5,134,0.06944444444444445,97.4,0,0.0,26,0.26,100,0.011929316041059792,13437
matched,random,5,135,0.06896551724137931,95.50000000000003,1,0.01,26,0.26,100,0.01332374672871083,13537
matched,random,5,136,0.0684931506849315,96.60000000000005,0,0.0,34,0.34,100,0.013958637868054211,13637
matched,random,5,137,0.06802721088435375,97.60000000000007,0,0.0,24,0.24,100,0.011225399738177657,13737
matched,random,5,138,0.06756756756756756,96.60000000000004,0,0.0,34,0.34,100,0.011996497656218708,13837
matched,random,5,139,0.06711409395973154,97.30000000000008,0,0.0,27,0.27,100,0.01362642461899668,13937
matched,random,5,140,0.06666666666666667,93.30000000000004,2,0.02,28,0.28,100,0.011669958161655813,14037
matched,random,5,141,0.06622516556291391,93.80000000000004,2,0.02,23,0.23,100,0.013740381218958646,14137
matched,random,5,142,0.06578947368421052,96.10000000000004,1,0.01,20,0.2,100,0.01158933917991817,14237
matched,random,5,143,0.06535947712418301,94.10000000000004,1,0.01,40,0.4,100,0.012088131746277214,14337
matched,random,5,144,0.06493506493506493,94.90000000000003,1,0.01,32,0.32,100,0.012145914817228914,14437
matched,random,5,145,0.06451612903225806,94.40000000000005,1,0.01,37,0.37,100,0.013410420967265963,14537
matched,random,5,146,0.06410256410256411,95.30000000000004,1,0.01,28,0.28,100,0.012047108821570873,14637
matched,random,5,147,0.06369426751592357,97.10000000000005,0,0.0,29,0.29,100,0.012502233684062957,14737
matched,random,5,148,0.06329113924050632,97.40000000000006,0,0.0,26,0.26,100,0.013772225338034332,14837
matched,random,5,149,0.06289308176100629,93.10000000000007,2,0.02,31,0.31,100,0.013568080733530224,14937
matched,random,5,150,0.0625,97.30000000000007,0,0.0,27,0.27,100,0.010986648658290505,15037
matched,random,5,151,0.06211180124223602,97.20000000000005,0,0.0,28,0.28,100,0.012745488164946438,15137
matched,random,5,152,0.0617283950617284,97.9,0,0.0,21,0.21,100,0.013421041248366237,15237
matched,random,5,153,0.06134969325153374,94.30000000000007,1,0.01,38,0.38,100,0.01261824913788587,15337
matched,random,5,154,0.06097560975609757,95.40000000000003,1,0.01,26,0.26,100,0.014139849226921797,15437
matched,random,5,155,0.06060606060606061,96.00000000000003,1,0.01,21,0.21,100,0.012797600626945495,15537
matched,random,5,156,0.06024096385542168,95.50000000000004,1,0.01,26,0.26,100,0.013484605667181314,15637
matched,random,5,157,0.059880239520958084,94.70000000000002,1,0.01,34,0.34,100,0.01232045545708388,15737
matched,random,5,158,0.05952380952380952,97.80000000000004,0,0.0,22,0.22,100,0.013182359905913472,15837
matched,random,5,159,0.0591715976331361,96.00000000000006,0,0.0,40,0.4,100,0.012153379106894135,15937
matched,random,5,160,0.058823529411764705,93.30000000000001,2,0.02,29,0.29,100,0.014723214423283934,16037
matched,random,5,161,0.05847953216374269,96.70000000000005,0,0.0,33,0.33,100,0.011479901825077831,16137
matched,random,5,162,0.05813953488372093,92.6,2,0.02,36,0.36,100,0.011259491904638708,16237
matched,random,5,163,0.057803468208092484,95.50000000000003,1,0.01,26,0.26,100,0.01149451948935166,16337
matched,random,5,164,0.0574712643678161,95.70000000000005,1,0.01,24,0.24,100,0.010006096307188272,16437
matched,random,5,165,0.05714285714285714,96.60000000000004,0,0.0,34,0.34,100,0.015113767893053591,16537
matched,random,5,166,0.056818181818181816,95.40000000000003,1,0.01,27,0.27,100,0.010261293356306852,16637
matched,random,5,167,0.05649717514124294,94.80000000000004,1,0.01,33,0.33,100,0.012995071206241847,16737
matched,random,5,168,0.056179775280898875,97.9,0,0.0,21,0.21,100,0.011225241790525616,16837
matched,random,5,169,0.0558659217877095,98.20000000000003,0,0.0,18,0.18,100,0.011495833643712103,16937
matched,random,5,170,0.05555555555555555,93.90000000000002,2,0.02,23,0.23,100,0.009291238526348024,17037
matched,random,5,171,0.055248618784530384,96.30000000000008,0,0.0,37,0.37,100,0.014135574204847217,17137
matched,random,5,172,0.054945054945054944,97.00000000000003,0,0.0,30,0.3,100,0.012320278217084707,17237
matched,random,5,173,0.0546448087431694,97.30000000000004,0,0.0,27,0.27,100,0.013435751195065676,17337
matched,random,5,174,0.05434782608695653,96.70000000000002,0,0.0,33,0.33,100,0.013724896884523332,17437
matched,random,5,175,0.05405405405405406,95.20000000000005,1,0.01,28,0.28,100,0.01295608997810632,17537
matched,random,5,176,0.05376344086021505,94.10000000000004,2,0.02,20,0.2,100,0.011426104321144522,17637
matched,random,5,177,0.053475935828877004,97.70000000000005,0,0.0,23,0.23,100,0.010517866523005069,17737
matched,random,5,178,0.05319148936170213,96.00000000000003,1,0.01,21,0.21,100,0.009655722831375897,17837
matched,random,5,179,0.052910052910052914,94.20000000000005,2,0.02,19,0.19,100,0.010645969877950847,17937
matched,random,5,180,0.05263157894736842,95.30000000000007,1,0.01,28,0.28,100,0.014931275662966072,18037
matched,random,5,181,0.05235602094240837,95.40000000000002,1,0.01,27,0.27,100,0.012180733056738972,18137
matched,random,5,182,0.052083333333333336,97.20000000000005,0,0.0,28,0.28,100,0.012683239586185663,18237
matched,random,5,183,0.05181347150259067,95.30000000000001,1,0.01,28,0.28,100,0.010268200570717454,18337
matched,random,5,184,0.051546391752577324,95.40000000000003,1,0.01,27,0.27,100,0.009137994064949452,18437
matched,random,5,185,0.05128205128205128,97.20000000000005,0,0.0,28,0.28,100,0.014491385784931482,18537
matched,random,5,186,0.0510204081632653,96.80000000000003,0,0.0,32,0.32,100,0.011762000815942884,18637
matched,random,5,187,0.050761421319796954,94.80000000000004,1,0.01,32,0.32,100,0.010384469642303884,18737
matched,random,5,188,0.050505050505050504,95.30000000000004,1,0.01,28,0.28,100,0.012339568547904491,18837
matched,random,5,189,0.05025125628140704,96.90000000000003,0,0.0,31,0.31,100,0.01086910420563072,18937
matched,random,5,190,0.05,91.80000000000001,3,0.03,23,0.23,100,0.012851817035116255,19037
matched,random,5,191,0.04975124378109452,97.60000000000002,0,0.0,24,0.24,100,0.01190064160618931,19137
matched,random,5,192,0.04950495049504951,97.60000000000004,0,0.0,24,0.24,100,0.009867413472384214,19237
matched,random,5,193,0.04926108374384236,95.70000000000002,1,0.01,24,0.24,100,0.010570438229478896,19337
matched,random,5,194,0.04901960784313726,94.50000000000004,1,0.01,36,0.36,100,0.01172967342659831,19437
matched,random,5,195,0.04878048780487805,98.60000000000002,0,0.0,14,0.14,100,0.012031822956632823,19537
matched,random,5,196,0.04854368932038835,96.00000000000003,1,0.01,21,0.21,100,0.008735305473674088,19637
matched,random,5,197,0.04830917874396135,94.10000000000002,2,0.02,20,0.2,100,0.013809129474684595,19737
matched,random,5,198,0.04807692307692307,97.60000000000002,0,0.0,24,0.24,100,0.01137811214197427,19837
matched,random,5,199,0.04784688995215311,96.90000000000003,0,0.0,31,0.31,100,0.01012281205970794,19937
matched,random,6,0,1.0,72.39999999999998,10,0.1,83,0.83,100,0.12644769362098462,37
matched,random,6,1,0.9090909090909091,72.39999999999998,10,0.1,82,0.82,100,0.026316975355148316,137
matched,random,6,2,0.8333333333333334,72.30000000000001,10,0.1,86,0.86,100,0.024343765918165446,237
matched,random,6,3,0.7692307692307692,59.39999999999995,17,0.17,82,0.82,100,0.01996819445863366,337
matched,random,6,4,0.7142857142857143,70.69999999999997,11,0.11,83,0.83,100,0.01603123851120472,437
matched,random,6,5,0.6666666666666666,80.20000000000002,6,0.06,83,0.83,100,0.016708939410746096,537
matched,random,6,6,0.625,70.89999999999999,11,0.11,79,0.79,100,0.01655955675058067,637
matched,random,6,7,0.5882352941176471,77.2,8,0.08,75,0.75,100,0.016856987937353553,737
matched,random,6,8,0.5555555555555556,81.40000000000003,6,0.06,72,0.72,100,0.015440698009915649,837
matched,random,6,9,0.5263157894736842,75.10000000000002,9,0.09,76,0.76,100,0.01427793431095779,937
matched,random,6,10,0.5,83.60000000000005,5,0.05,69,0.69,100,0.01968430006876588,1037
matched,random,6,11,0.47619047619047616,85.40000000000005,4,0.04,69,0.69,100,0.033144756006076935,1137
matched,random,6,12,0.45454545454545453,83.20000000000003,5,0.05,73,0.73,100,0.01936065365560353,1237
matched,random,6,13,0.4347826086956522,80.10000000000001,7,0.07,65,0.65,100,0.017432664697989823,1337
matched,random,6,14,0.4166666666666667,79.20000000000005,7,0.07,74,0.74,100,0.01820665524341166,1437
matched,random,6,15,0.4,84.60000000000005,5,0.05,58,0.58,100,0.025183620043098928,1537
matched,random,6,16,0.3846153846153846,86.20000000000005,4,0.04,62,0.62,100,0.018706074729561806,1637
matched,random,6,17,0.37037037037037035,84.8,5,0.05,54,0.54,100,0.018773887418210507,1737
matched,random,6,18,0.35714285714285715,85.40000000000003,4,0.04,68,0.68,100,0.018350248336791993,1837
matched,random,6,19,0.3448275862068966,90.50000000000004,2,0.02,56,0.56,100,0.018984285145998002,1937
matched,random,6,20,0.3333333333333333,89.00000000000006,3,0.03,53,0.53,100,0.017776011656969785,2037
matched,random,6,21,0.3225806451612903,88.70000000000006,3,0.03,56,0.56,100,0.02337396484799683,2137
matched,random,6,22,0.3125,88.40000000000003,3,0.03,59,0.59,100,0.021696502799168228,2237
matched,random,6,23,0.30303030303030304,91.50000000000004,2,0.02,47,0.47,100,0.020591420074924826,2337
matched,random,6,24,0.29411764705882354,90.30000000000004,2,0.02,59,0.59,100,0.01868058856576681,2437
matched,random,6,25,0.2857142857142857,88.70000000000009,3,0.03,55,0.55,100,0.01830313328653574,2537
matched,random,6,26,0.2777777777777778,90.80000000000001,2,0.02,54,0.54,100,0.021125237392261624,2637
matched,random,6,27,0.27027027027027023,83.60000000000001,6,0.06,50,0.5,100,0.025051483875140546,2737
matched,random,6,28,0.2631578947368421,90.80000000000004,2,0.02,54,0.54,100,0.020257355449721216,2837
matched,random,6,29,0.25641025641025644,90.60000000000002,2,0.02,55,0.55,100,0.02247172490693629,2937
matched,random,6,30,0.25,90.80000000000001,2,0.02,53,0.53,100,0.021827336144633593,3037
matched,random,6,31,0.24390243902439027,88.20000000000005,3,0.03,61,0.61,100,0.023409435539506376,3137
matched,random,6,32,0.23809523809523808,88.80000000000005,3,0.03,55,0.55,100,0.018589487420395016,3237
matched,random,6,33,0.23255813953488372,93.70000000000006,1,0.01,44,0.44,100,0.019052858096547425,3337
matched,random,6,34,0.22727272727272727,92.90000000000005,1,0.01,52,0.52,100,0.020772040695883332,3437
matched,random,6,35,0.2222222222222222,91.40000000000003,2,0.02,48,0.48,100,0.021642303029075265,3537
matched,random,6,36,0.2173913043478261,85.00000000000006,5,0.05,55,0.55,100,0.018393879695795475,3637
matched,random,6,37,0.2127659574468085,90.00000000000004,3,0.03,43,0.43,100,0.01717138045001775,3737
matched,random,6,38,0.20833333333333334,90.10000000000004,3,0.03,42,0.42,100,0.01962838656269014,3837
matched,random,6,39,0.2040816326530612,91.40000000000006,2,0.02,48,0.48,100,0.01896612440235913,3937
matched,random,6,40,0.2,91.80000000000004,2,0.02,43,0.43,100,0.02027938552200794,4037
matched,random,6,41,0.19607843137254904,95.50000000000003,0,0.0,45,0.45,100,0.01781907835043967,4137
matched,random,6,42,0.1923076923076923,93.70000000000003,1,0.01,44,0.44,100,0.02047909869812429,4237
matched,random,6,43,0.18867924528301888,92.9,2,0.02,33,0.33,100,0.018183154221624136,4337
matched,random,6,44,0.18518518518518517,93.30000000000004,1,0.01,48,0.48,100,0.0195935816783458,4437
matched,random,6,45,0.18181818181818182,89.60000000000004,3,0.03,46,0.46,100,0.024006955288350583,4537
matched,random,6,46,0.17857142857142858,93.60000000000007,1,0.01,44,0.44,100,0.018984146737493574,4637
matched,random,6,47,0.17543859649122806,88.20000000000002,4,0.04,42,0.42,100,0.018641458288766444,4737
matched,random,6,48,0.1724137931034483,89.20000000000002,3,0.03,51,0.51,100,0.016727065495215358,4837
matched,random,6,49,0.1694915254237288,96.80000000000004,0,0.0,32,0.32,100,0.019176468225196003,4937
matched,random,6,50,0.16666666666666666,93.70000000000007,1,0.01,43,0.43,100,0.02100540978834033,5037
matched,random,6,51,0.1639344262295082,83.60000000000002,6,0.06,50,0.5,100,0.01935750193428248,5137
matched,random,6,52,0.16129032258064516,95.90000000000003,0,0.0,41,0.41,100,0.02303772496525198,5237
matched,random,6,53,0.15873015873015872,94.10000000000002,1,0.01,40,0.4,100,0.021436775969341397,5337
matched,random,6,54,0.15625,87.20000000000005,4,0.04,52,0.52,100,0.020585991903208197,5437
matched,random,6,55,0.15384615384615385,94.10000000000005,1,0.01,40,0.4,100,0.018027123687788846,5537
matched,random,6,56,0.15151515151515152,95.30000000000004,1,0.01,28,0.28,100,0.01518605237826705,5637
matched,random,6,57,0.14925373134328357,95.30000000000004,0,0.0,47,0.47,100,0.01690738514531404,5737
matched,random,6,58,0.14705882352941177,89.80000000000001,3,0.03,44,0.44,100,0.017734279576689004,5837
matched,random,6,59,0.14492753623188406,95.70000000000006,0,0.0,43,0.43,100,0.017675420404411852,5937
matched,random,6,60,0.14285714285714285,92.9,2,0.02,33,0.33,100,0.021690135668031872,6037
matched,random,6,61,0.14084507042253522,87.60000000000005,4,0.04,47,0.47,100,0.01956704892218113,6137
matched,random,6,62,0.1388888888888889,92.10000000000007,2,0.02,41,0.41,100,0.01900475882459432,6237
matched,random,6,63,0.136986301369863,95.70000000000002,0,0.0,43,0.43,100,0.018611210784874856,6337
matched,random,6,64,0.13513513513513511,95.80000000000007,0,0.0,42,0.42,100,0.022055635740980507,6437
matched,random,6,65,0.13333333333333333,92.50000000000003,2,0.02,37,0.37,100,0.0157293882034719,6537
matched,random,6,66,0.13157894736842105,92.70000000000002,2,0.02,34,0.34,100,0.017564165014773606,6637
matched,random,6,67,0.12987012987012986,90.70000000000005,3,0.03,36,0.36,100,0.019176795119419693,6737
matched,random,6,68,0.12820512820512822,90.70000000000003,3,0.03,36,0.36,100,0.020245022187009454,6837
matched,random,6,69,0.12658227848101264,96.20000000000007,0,0.0,38,0.38,100,0.019784322180785237,6937
matched,random,6,70,0.125,96.10000000000002,0,0.0,39,0.39,100,0.018912831004709005,7037
matched,random,6,71,0.1234567901234568,96.50000000000004,0,0.0,35,0.35,100,0.015596708110533654,7137
matched,random,6,72,0.12195121951219513,96.70000000000006,0,0.0,33,0.33,100,0.019006674964912235,7237
matched,random,6,73,0.12048192771084336,96.60000000000004,0,0.0,34,0.34,100,0.016486955625005066,7337
matched,random,6,74,0.11904761904761904,94.50000000000004,1,0.01,35,0.35,100,0.015546643133275211,7437
matched,random,6,75,0.11764705882352941,96.10000000000005,0,0.0,39,0.39,100,0.021792069752700628,7537
matched,random,6,76,0.11627906976744186,95.20000000000002,1,0.01,29,0.29,100,0.016685515251010655,7637
matched,random,6,77,0.1149425287356322,92.80000000000003,2,0.02,33,0.33,100,0.01689538368023932,7737
matched,random,6,78,0.11363636363636363,92.40000000000003,2,0.02,37,0.37,100,0.016891984222456812,7837
matched,random,6,79,0.11235955056179775,94.80000000000004,1,0.01,33,0.33,100,0.022934906631708146,7937
matched,random,6,80,0.1111111111111111,87.6,5,0.05,28,0.28,100,0.015886632693000138,8037
matched,random,6,81,0.10989010989010989,94.80000000000004,1,0.01,33,0.33,100,0.01986857645213604,8137
matched,random,6,82,0.10869565217391305,94.40000000000005,1,0.01,37,0.37,100,0.018454960137605666,8237
matched,random,6,83,0.1075268817204301,94.00000000000001,1,0.01,41,0.41,100,0.016785635096020997,8337
matched,random,6,84,0.10638297872340426,90.40000000000003,3,0.03,39,0.39,100,0.014534846032038331,8437
matched,random,6,85,0.10526315789473684,94.60000000000004,1,0.01,35,0.35,100,0.015171323264949023,8537
matched,random,6,86,0.10416666666666667,95.20000000000005,1,0.01,29,0.29,100,0.018365370989777148,8637
matched,random,6,87,0.10309278350515465,91.10000000000002,3,0.03,30,0.3,100,0.017646287297829986,8737
matched,random,6,88,0.1020408163265306,94.70000000000005,1,0.01,34,0.34,100,0.013947585900314152,8837
matched,random,6,89,0.10101010101010101,92.00000000000009,2,0.02,42,0.42,100,0.016903337948024275,8937
matched,random,6,90,0.1,93.4,2,0.02,28,0.28,100,0.013441613144241273,9037
matched,random,6,91,0.09900990099009901,97.30000000000005,0,0.0,27,0.27,100,0.016148194028064607,9137
matched,random,6,92,0.09803921568627452,97.40000000000006,0,0.0,26,0.26,100,0.01395514028146863,9237
matched,random,6,93,0.0970873786407767,97.20000000000003,0,0.0,28,0.28,100,0.018791064294055103,9337
matched,random,6,94,0.09615384615384615,89.39999999999998,4,0.04,30,0.3,100,0.015555696901865304,9437
matched,random,6,95,0.09523809523809523,97.00000000000001,0,0.0,30,0.3,100,0.02024573219474405,9537
matched,random,6,96,0.09433962264150944,90.90000000000003,3,0.03,33,0.33,100,0.015856148614548145,9637
matched,random,6,97,0.09345794392523366,88.40000000000003,4,0.04,39,0.39,100,0.018827938199974595,9737
matched,random,6,98,0.09259259259259259,93.50000000000003,1,0.01,45,0.45,100,0.01811120711732656,9837
matched,random,6,99,0.09174311926605504,95.20000000000005,1,0.01,29,0.29,100,0.013495025816373527,9937
matched,random,6,100,0.09090909090909091,97.40000000000003,0,0.0,26,0.26,100,0.017613174105063082,10037
matched,random,6,101,0.0900900900900901,95.00000000000003,1,0.01,31,0.31,100,0.0135150059312582,10137
matched,random,6,102,0.08928571428571429,96.50000000000003,0,0.0,35,0.35,100,0.01650988974608481,10237
matched,random,6,103,0.08849557522123894,95.80000000000004,1,0.01,23,0.23,100,0.01603038952220231,10337
matched,random,6,104,0.08771929824561403,98.10000000000002,0,0.0,19,0.19,100,0.012993752164766193,10437
matched,random,6,105,0.08695652173913043,90.70000000000005,3,0.03,35,0.35,100,0.01217848014086485,10537
matched,random,6,106,0.08620689655172414,96.50000000000006,0,0.0,35,0.35,100,0.013571681869216264,10637
matched,random,6,107,0.08547008547008547,97.30000000000001,0,0.0,27,0.27,100,0.015858302009291947,10737
matched,random,6,108,0.0847457627118644,96.90000000000003,0,0.0,31,0.31,100,0.01484092944767326,10837
matched,random,6,109,0.08403361344537814,88.70000000000003,4,0.04,36,0.36,100,0.014243526444770395,10937
matched,random,6,110,0.08333333333333333,92.20000000000003,2,0.02,39,0.39,100,0.01764927538111806,11037
matched,random,6,111,0.08264462809917356,97.00000000000004,0,0.0,30,0.3,100,0.016920275101438165,11137
matched,random,6,112,0.0819672131147541,92.50000000000001,2,0.02,37,0.37,100,0.01713142279535532,11237
matched,random,6,113,0.08130081300813008,94.90000000000003,1,0.01,32,0.32,100,0.017328524263575673,11337
matched,random,6,114,0.08064516129032258,97.4,0,0.0,26,0.26,100,0.015582946587819606,11437
matched,random,6,115,0.08,97.40000000000003,0,0.0,26,0.26,100,0.015288506764918566,11537
matched,random,6,116,0.07936507936507936,95.30000000000005,1,0.01,28,0.28,100,0.01688781242351979,11637
matched,random,6,117,0.07874015748031496,92.90000000000003,2,0.02,31,0.31,100,0.015090899881906808,11737
matched,random,6,118,0.078125,94.10000000000007,1,0.01,40,0.4,100,0.016158189619891346,11837
matched,random,6,119,0.07751937984496124,94.80000000000005,1,0.01,33,0.33,100,0.012792598134838044,11937
matched,random,6,120,0.07692307692307693,97.40000000000006,0,0.0,26,0.26,100,0.016310621085576713,12037
matched,random,6,121,0.07633587786259542,90.40000000000003,3,0.03,38,0.38,100,0.01751409662887454,12137
matched,random,6,122,0.07575757575757576,94.00000000000006,1,0.01,41,0.41,100,0.016890776148065924,12237
matched,random,6,123,0.07518796992481203,97.80000000000004,0,0.0,22,0.22,100,0.016352704390883446,12337
matched,random,6,124,0.07462686567164178,97.70000000000002,0,0.0,23,0.23,100,0.013060429238248617,12437
matched,random,6,125,0.07407407407407407,96.70000000000006,0,0.0,33,0.33,100,0.017114768112078307,12537
matched,random,6,126,0.07352941176470588,97.90000000000006,0,0.0,21,0.21,100,0.014510746570304036,12637
matched,random,6,127,0.07299270072992702,97.10000000000005,0,0.0,29,0.29,100,0.015473962845280766,12737
matched,random,6,128,0.07246376811594203,97.50000000000004,0,0.0,25,0.25,100,0.01693585327360779,12837
matched,random,6,129,0.07194244604316546,97.79999999999998,0,0.0,22,0.22,100,0.020620186794549227,12937
matched,random,6,130,0.07142857142857142,97.40000000000003,0,0.0,26,0.26,100,0.013909443807788193,13037
matched,random,6,131,0.07092198581560284,94.60000000000005,1,0.01,35,0.35,100,0.015312293325550855,13137
matched,random,6,132,0.07042253521126761,96.00000000000001,1,0.01,21,0.21,100,0.010487607712857425,13237
matched,random,6,133,0.06993006993006992,93.40000000000005,1,0.01,47,0.47,100,0.01520549544133246,13337
matched,random,6,134,0.06944444444444445,93.10000000000001,2,0.02,31,0.31,100,0.011922883645165711,13437
matched,random,6,135,0.06896551724137931,93.10000000000004,2,0.02,30,0.3,100,0.014847976053133607,13537
matched,random,6,136,0.0684931506849315,97.30000000000003,0,0.0,27,0.27,100,0.012358197611756622,13637
matched,random,6,137,0.06802721088435375,95.80000000000004,1,0.01,23,0.23,100,0.012526042996905745,13737
matched,random,6,138,0.06756756756756756,94.80000000000004,1,0.01,33,0.33,100,0.012950628362596035,13837
matched,random,6,139,0.06711409395973154,95.70000000000002,1,0.01,24,0.24,100,0.01395149000454694,13937
matched,random,6,140,0.06666666666666667,94.80000000000004,1,0.01,32,0.32,100,0.012038257922977209,14037
matched,random,6,141,0.06622516556291391,96.60000000000002,0,0.0,34,0.34,100,0.01273111479356885,14137
matched,random,6,142,0.06578947368421052,97.50000000000006,0,0.0,25,0.25,100,0.01380460090469569,14237
matched,random,6,143,0.06535947712418301,97.9,0,0.0,21,0.21,100,0.012385430810973048,14337
matched,random,6,144,0.06493506493506493,97.60000000000005,0,0.0,24,0.24,100,0.014310762011446059,14437
matched,random,6,145,0.06451612903225806,90.4,3,0.03,38,0.38,100,0.012418827968649565,14537
matched,random,6,146,0.06410256410256411,92.50000000000004,2,0.02,36,0.36,100,0.014164545279927552,14637
matched,random,6,147,0.06369426751592357,97.20000000000002,0,0.0,28,0.28,100,0.013817456783726811,14737
matched,random,6,148,0.06329113924050632,93.50000000000003,2,0.02,27,0.27,100,0.015066200946457685,14837
matched,random,6,149,0.06289308176100629,96.90000000000003,0,0.0,31,0.31,100,0.01163869665004313,14937
matched,random,6,150,0.0625,96.90000000000003,0,0.0,31,0.31,100,0.014109199871309102,15037
matched,random,6,151,0.06211180124223602,93.5,2,0.02,27,0.27,100,0.014271922232583166,15137
matched,random,6,152,0.0617283950617284,93.20000000000003,2,0.02,29,0.29,100,0.013957652561366558,15237
matched,random,6,153,0.06134969325153374,95.80000000000001,1,0.01,23,0.23,100,0.014549074256792664,15337
matched,random,6,154,0.06097560975609757,92.90000000000005,2,0.02,33,0.33,100,0.013294396898709237,15437
matched,random,6,155,0.06060606060606061,98.00000000000003,0,0.0,20,0.2,100,0.014657584386877715,15537
matched,random,6,156,0.06024096385542168,93.30000000000003,2,0.02,29,0.29,100,0.013033556118607521,15637
matched,random,6,157,0.059880239520958084,92.9,2,0.02,33,0.33,100,0.011342598015908152,15737
matched,random,6,158,0.05952380952380952,93.30000000000004,2,0.02,29,0.29,100,0.010722382217645645,15837
matched,random,6,159,0.0591715976331361,91.4,3,0.03,28,0.28,100,0.010450001272838563,15937
matched,random,6,160,0.058823529411764705,97.00000000000004,0,0.0,30,0.3,100,0.014039795794524253,16037
matched,random,6,161,0.05847953216374269,97.70000000000002,0,0.0,23,0.23,100,0.012790074874646961,16137
matched,random,6,162,0.05813953488372093,95.50000000000004,1,0.01,25,0.25,100,0.017274040416814386,16237
matched,random,6,163,0.057803468208092484,97.00000000000006,0,0.0,30,0.3,100,0.012675779592245816,16337
matched,random,6,164,0.0574712643678161,96.90000000000006,0,0.0,31,0.31,100,0.011399971123319119,16437
matched,random,6,165,0.05714285714285714,95.40000000000003,1,0.01,27,0.27,100,0.010384149230085314,16537
matched,random,6,166,0.056818181818181816,93.20000000000002,2,0.02,30,0.3,100,0.011717402162030339,16637
matched,random,6,167,0.05649717514124294,97.00000000000004,0,0.0,30,0.3,100,0.011362438509240746,16737
matched,random,6,168,0.056179775280898875,95.10000000000005,1,0.01,30,0.3,100,0.013994035203941166,16837
matched,random,6,169,0.0558659217877095,97.00000000000004,0,0.0,30,0.3,100,0.01181524263927713,16937
matched,random,6,170,0.05555555555555555,96.80000000000007,0,0.0,32,0.32,100,0.011311376160010695,17037
matched,random,6,171,0.055248618784530384,95.50000000000001,1,0.01,26,0.26,100,0.013851396953687072,17137
matched,random,6,172,0.054945054945054944,96.80000000000004,0,0.0,32,0.32,100,0.010751152066513897,17237
matched,random,6,173,0.0546448087431694,96.90000000000003,0,0.0,31,0.31,100,0.013631621645763516,17337
matched,random,6,174,0.05434782608695653,95.20000000000005,1,0.01,29,0.29,100,0.012877922621555626,17437
matched,random,6,175,0.05405405405405406,96.10000000000004,1,0.01,20,0.2,100,0.010079060173593462,17537
matched,random,6,176,0.05376344086021505,96.00000000000006,0,0.0,40,0.4,100,0.010504881488159298,17637
matched,random,6,177,0.053475935828877004,93.10000000000002,2,0.02,31,0.31,100,0.012251242282800376,17737
matched,random,6,178,0.05319148936170213,95.20000000000003,1,0.01,29,0.29,100,0.016068725099321456,17837
matched,random,6,179,0.052910052910052914,96.30000000000005,0,0.0,37,0.37,100,0.012868311777710915,17937
matched,random,6,180,0.05263157894736842,95.90000000000002,1,0.01,22,0.22,100,0.010588776492513717,18037
matched,random,6,181,0.05235602094240837,93.80000000000004,2,0.02,24,0.24,100,0.015494911181740463,18137
matched,random,6,182,0.052083333333333336,93.50000000000001,2,0.02,27,0.27,100,0.012551243300549686,18237
matched,random,6,183,0.05181347150259067,97.50000000000001,0,0.0,25,0.25,100,0.01133762871613726,18337
matched,random,6,184,0.051546391752577324,97.40000000000003,0,0.0,26,0.26,100,0.01104767939541489,18437
matched,random,6,185,0.05128205128205128,97.40000000000005,0,0.0,26,0.26,100,0.009949855688028038,18537
matched,random,6,186,0.0510204081632653,95.30000000000004,1,0.01,27,0.27,100,0.009906384535133839,18637
matched,random,6,187,0.050761421319796954,96.40000000000006,0,0.0,36,0.36,100,0.012315128948539495,18737
matched,random,6,188,0.050505050505050504,94.70000000000005,1,0.01,33,0.33,100,0.010296410594601185,18837
matched,random,6,189,0.05025125628140704,95.70000000000005,1,0.01,23,0.23,100,0.012282007876783609,18937
matched,random,6,190,0.05,97.70000000000002,0,0.0,23,0.23,100,0.009375818087719381,19037
matched,random,6,191,0.04975124378109452,95.40000000000006,1,0.01,27,0.27,100,0.01006392898503691,19137
matched,random,6,192,0.04950495049504951,97.50000000000006,0,0.0,25,0.25,100,0.010663836617022754,19237
matched,random,6,193,0.04926108374384236,95.10000000000002,1,0.01,30,0.3,100,0.010799384659621864,19337
matched,random,6,194,0.04901960784313726,95.30000000000004,1,0.01,28,0.28,100,0.01467370877508074,19437
matched,random,6,195,0.04878048780487805,93.20000000000005,2,0.02,29,0.29,100,0.0117601855751127,19537
matched,random,6,196,0.04854368932038835,93.60000000000002,2,0.02,26,0.26,100,0.011814589947462081,19637
matched,random,6,197,0.04830917874396135,97.70000000000005,0,0.0,23,0.23,100,0.01122635905398056,19737
matched,random,6,198,0.04807692307692307,97.40000000000008,0,0.0,26,0.26,100,0.008965954412706196,19837
matched,random,6,199,0.04784688995215311,95.60000000000002,1,0.01,25,0.25,100,0.011236951800528914,19937
matched,random,7,0,1.0,62.69999999999993,15,0.15,88,0.88,100,0.09249114980166023,37
matched,random,7,1,0.9090909090909091,56.699999999999925,18,0.18,88,0.88,100,0.026829792950302363,137
matched,random,7,2,0.8333333333333334,64.59999999999994,14,0.14,86,0.86,100,0.01708606873638928,237
matched,random,7,3,0.7692307692307692,68.49999999999996,12,0.12,83,0.83,100,0.014580470533110202,337
matched,random,7,4,0.7142857142857143,66.49999999999994,13,0.13,87,0.87,100,0.015288101714104415,437
matched,random,7,5,0.6666666666666666,79.9,6,0.06,86,0.86,100,0.018209016509354116,537
matched,random,7,6,0.625,73.89999999999999,9,0.09,89,0.89,100,0.01638843959197402,637
matched,random,7,7,0.5882352941176471,86.60000000000008,3,0.03,76,0.76,100,0.016778534231707453,737
matched,random,7,8,0.5555555555555556,78.19999999999999,7,0.07,83,0.83,100,0.017005791161209344,837
matched,random,7,9,0.5263157894736842,78.9,7,0.07,77,0.77,100,0.017662328965961933,937
matched,random,7,10,0.5,73.89999999999999,10,0.1,71,0.71,100,0.016466947002336384,1037
matched,random,7,11,0.47619047619047616,79.00000000000003,7,0.07,76,0.76,100,0.017329150550067424,1137
matched,random,7,12,0.45454545454545453,75.4,9,0.09,71,0.71,100,0.018169421181082727,1237
matched,random,7,13,0.4347826086956522,84.90000000000006,4,0.04,74,0.74,100,0.01823066104669124,1337
matched,random,7,14,0.4166666666666667,81.6,6,0.06,70,0.7,100,0.017112921816296877,1437
matched,random,7,15,0.4,87.20000000000005,3,0.03,71,0.71,100,0.018452160619199277,1537
matched,random,7,16,0.3846153846153846,81.00000000000003,6,0.06,75,0.75,100,0.017221280629746614,1637
matched,random,7,17,0.37037037037037035,85.10000000000008,4,0.04,72,0.72,100,0.016737755336798728,1737
matched,random,7,18,0.35714285714285715,75.89999999999998,9,0.09,69,0.69,100,0.01754875747486949,1837
matched,random,7,19,0.3448275862068966,87.30000000000005,3,0.03,69,0.69,100,0.01782496188301593,1937
matched,random,7,20,0.3333333333333333,88.20000000000005,3,0.03,61,0.61,100,0.01951432362664491,2037
matched,random,7,21,0.3225806451612903,84.70000000000002,5,0.05,57,0.57,100,0.02075158301740885,2137
matched,random,7,22,0.3125,90.50000000000007,2,0.02,57,0.57,100,0.020441383020952344,2237
matched,random,7,23,0.30303030303030304,90.10000000000005,2,0.02,61,0.61,100,0.019910251549445094,2337
matched,random,7,24,0.29411764705882354,90.30000000000007,2,0.02,59,0.59,100,0.018233532020822167,2437
matched,random,7,25,0.2857142857142857,92.60000000000005,1,0.01,55,0.55,100,0.02278674672357738,2537
matched,random,7,26,0.2777777777777778,82.0,6,0.06,66,0.66,100,0.021346763698384164,2637
matched,random,7,27,0.27027027027027023,93.30000000000004,1,0.01,48,0.48,100,0.021154808802530168,2737
matched,random,7,28,0.2631578947368421,88.00000000000007,4,0.04,43,0.43,100,0.019049738747999072,2837
matched,random,7,29,0.25641025641025644,90.60000000000005,2,0.02,56,0.56,100,0.020643760045059027,2937
matched,random,7,30,0.25,91.70000000000003,2,0.02,45,0.45,100,0.021430913452059032,3037
matched,random,7,31,0.24390243902439027,96.30000000000004,0,0.0,37,0.37,100,0.02048640181776136,3137
matched,random,7,32,0.23809523809523808,85.40000000000005,5,0.05,50,0.5,100,0.019306953623890878,3237
matched,random,7,33,0.23255813953488372,91.40000000000003,2,0.02,48,0.48,100,0.018388161375187336,3337
matched,random,7,34,0.22727272727272727,81.10000000000002,7,0.07,55,0.55,100,0.018370896051637827,3437
matched,random,7,35,0.2222222222222222,91.70000000000005,2,0.02,44,0.44,100,0.0177335159573704,3537
matched,random,7,36,0.2173913043478261,94.60000000000007,1,0.01,35,0.35,100,0.01941449521575123,3637
matched,random,7,37,0.2127659574468085,88.60000000000005,3,0.03,57,0.57,100,0.01922519909683615,3737
matched,random,7,38,0.20833333333333334,91.40000000000008,2,0.02,48,0.48,100,0.026161093646660447,3837
matched,random,7,39,0.2040816326530612,84.80000000000004,5,0.05,56,0.56,100,0.023720114529132842,3937
matched,random,7,40,0.2,87.40000000000006,4,0.04,50,0.5,100,0.01958568222820759,4037
matched,random,7,41,0.19607843137254904,87.60000000000002,4,0.04,48,0.48,100,0.017754890928044914,4137
matched,random,7,42,0.1923076923076923,92.00000000000001,2,0.02,42,0.42,100,0.019650893975049256,4237
matched,random,7,43,0.18867924528301888,93.20000000000006,1,0.01,49,0.49,100,0.018706509857438505,4337
matched,random,7,44,0.18518518518518517,87.10000000000004,4,0.04,53,0.53,100,0.018895544558763504,4437
matched,random,7,45,0.18181818181818182,89.10000000000005,3,0.03,52,0.52,100,0.018695635362528263,4537
matched,random,7,46,0.17857142857142858,96.00000000000007,0,0.0,40,0.4,100,0.018495649294927717,4637
matched,random,7,47,0.17543859649122806,91.50000000000004,2,0.02,47,0.47,100,0.017720314073376358,4737
matched,random,7,48,0.1724137931034483,87.90000000000005,4,0.04,43,0.43,100,0.020772836972028016,4837
matched,random,7,49,0.1694915254237288,95.40000000000002,0,0.0,46,0.46,100,0.02007846268825233,4937
matched,random,7,50,0.16666666666666666,91.90000000000005,2,0.02,43,0.43,100,0.018070508255623282,5037
matched,random,7,51,0.1639344262295082,94.50000000000003,1,0.01,36,0.36,100,0.01985659128986299,5137
matched,random,7,52,0.16129032258064516,93.40000000000006,1,0.01,47,0.47,100,0.02241389103233814,5237
matched,random,7,53,0.15873015873015872,87.30000000000003,4,0.04,51,0.51,100,0.02144689843058586,5337
matched,random,7,54,0.15625,94.30000000000005,1,0.01,38,0.38,100,0.019096613973379136,5437
matched,random,7,55,0.15384615384615385,93.60000000000008,1,0.01,45,0.45,100,0.02288599818944931,5537
matched,random,7,56,0.15151515151515152,89.20000000000005,3,0.03,51,0.51,100,0.019763126019388438,5637
matched,random,7,57,0.14925373134328357,91.80000000000005,2,0.02,44,0.44,100,0.020253937444649636,5737
matched,random,7,58,0.14705882352941177,93.50000000000003,1,0.01,46,0.46,100,0.015552868205122649,5837
matched,random,7,59,0.14492753623188406,91.40000000000006,2,0.02,47,0.47,100,0.01727012787014246,5937
matched,random,7,60,0.14285714285714285,93.80000000000003,1,0.01,42,0.42,100,0.017206301502883433,6037
matched,random,7,61,0.14084507042253522,91.40000000000003,2,0.02,47,0.47,100,0.02122878429479897,6137
matched,random,7,62,0.1388888888888889,94.10000000000002,1,0.01,40,0.4,100,0.017918966189026834,6237
matched,random,7,63,0.136986301369863,96.20000000000006,0,0.0,38,0.38,100,0.01944161215797067,6337
matched,random,7,64,0.13513513513513511,96.90000000000003,0,0.0,31,0.31,100,0.016636415240354835,6437
matched,random,7,65,0.13333333333333333,93.70000000000006,1,0.01,44,0.44,100,0.018644246282055976,6537
matched,random,7,66,0.13157894736842105,96.30000000000003,0,0.0,37,0.37,100,0.01638746263924986,6637
matched,random,7,67,0.12987012987012986,96.00000000000003,0,0.0,40,0.4,100,0.019829218424856663,6737
matched,random,7,68,0.12820512820512822,87.6,4,0.04,48,0.48,100,0.018086904399096965,6837
matched,random,7,69,0.12658227848101264,95.40000000000008,0,0.0,46,0.46,100,0.016362399598583578,6937
matched,random,7,70,0.125,95.10000000000005,1,0.01,30,0.3,100,0.018287072936072946,7037
matched,random,7,71,0.1234567901234568,94.40000000000002,1,0.01,36,0.36,100,0.016736025768332184,7137
matched,random,7,72,0.12195121951219513,90.70000000000005,3,0.03,36,0.36,100,0.01888332416769117,7237
matched,random,7,73,0.12048192771084336,92.70000000000002,2,0.02,35,0.35,100,0.016876635518856348,7337
matched,random,7,74,0.11904761904761904,89.70000000000005,3,0.03,46,0.46,100,0.01497230852022767,7437
matched,random,7,75,0.11764705882352941,91.2,3,0.03,31,0.31,100,0.014628831730224192,7537
matched,random,7,76,0.11627906976744186,91.30000000000004,2,0.02,49,0.49,100,0.017650913880206644,7637
matched,random,7,77,0.1149425287356322,92.00000000000006,2,0.02,42,0.42,100,0.018057339442893863,7737
matched,random,7,78,0.11363636363636363,93.80000000000005,1,0.01,42,0.42,100,0.018228944754227996,7837
matched,random,7,79,0.11235955056179775,94.8000000000001,1,0.01,33,0.33,100,0.01649005265440792,7937
matched,random,7,80,0.1111111111111111,91.10000000000005,3,0.03,32,0.32,100,0.016161047294735907,8037
matched,random,7,81,0.10989010989010989,96.20000000000003,0,0.0,38,0.38,100,0.01373347755987197,8137
matched,random,7,82,0.10869565217391305,93.30000000000004,2,0.02,29,0.29,100,0.014396045752801002,8237
matched,random,7,83,0.1075268817204301,94.00000000000003,1,0.01,41,0.41,100,0.014965865411795676,8337
matched,random,7,84,0.10638297872340426,91.70000000000006,2,0.02,45,0.45,100,0.020311479838564992,8437
matched,random,7,85,0.10526315789473684,96.40000000000003,0,0.0,36,0.36,100,0.01784108441788703,8537
matched,random,7,86,0.10416666666666667,96.70000000000002,0,0.0,33,0.33,100,0.01673494791146368,8637
matched,random,7,87,0.10309278350515465,93.00000000000001,2,0.02,32,0.32,100,0.015192081984132529,8737
matched,random,7,88,0.1020408163265306,92.90000000000005,2,0.02,32,0.32,100,0.016915409872308374,8837
matched,random,7,89,0.10101010101010101,92.40000000000005,2,0.02,38,0.38,100,0.018654178990982474,8937
matched,random,7,90,0.1,91.20000000000003,3,0.03,31,0.31,100,0.015587233901023866,9037
matched,random,7,91,0.09900990099009901,92.90000000000006,2,0.02,32,0.32,100,0.018716417234390974,9137
matched,random,7,92,0.09803921568627452,92.30000000000001,2,0.02,39,0.39,100,0.016192863662727177,9237
matched,random,7,93,0.0970873786407767,94.50000000000004,1,0.01,36,0.36,100,0.014092144067399203,9337
matched,random,7,94,0.09615384615384615,94.70000000000005,1,0.01,34,0.34,100,0.01567805909086019,9437
matched,random,7,95,0.09523809523809523,95.50000000000007,1,0.01,26,0.26,100,0.015807977984659372,9537
matched,random,7,96,0.09433962264150944,95.00000000000004,1,0.01,31,0.31,100,0.018316135075874627,9637
matched,random,7,97,0.09345794392523366,96.90000000000003,0,0.0,31,0.31,100,0.014823353411629795,9737
matched,random,7,98,0.09259259259259259,90.80000000000004,3,0.03,34,0.34,100,0.016492264829576015,9837
matched,random,7,99,0.09174311926605504,96.00000000000001,0,0.0,40,0.4,100,0.015340294023044408,9937
matched,random,7,100,0.09090909090909091,94.60000000000005,1,0.01,35,0.35,100,0.015744493152014913,10037
matched,random,7,101,0.0900900900900901,94.70000000000005,1,0.01,34,0.34,100,0.012680155849084258,10137
matched,random,7,102,0.08928571428571429,93.10000000000005,2,0.02,31,0.31,100,0.014711532876826822,10237
matched,random,7,103,0.08849557522123894,97.80000000000004,0,0.0,22,0.22,100,0.015512600746005774,10337
matched,random,7,104,0.08771929824561403,97.20000000000005,0,0.0,28,0.28,100,0.014592122165486216,10437
matched,random,7,105,0.08695652173913043,94.80000000000007,1,0.01,33,0.33,100,0.014042727970518172,10537
matched,random,7,106,0.08620689655172414,92.60000000000005,2,0.02,36,0.36,100,0.016179920807480812,10637
matched,random,7,107,0.08547008547008547,95.30000000000003,1,0.01,28,0.28,100,0.014513033619150519,10737
matched,random,7,108,0.0847457627118644,94.50000000000003,1,0.01,36,0.36,100,0.013839079146273435,10837
matched,random,7,109,0.08403361344537814,97.0,0,0.0,30,0.3,100,0.013770868312567472,10937
matched,random,7,110,0.08333333333333333,92.60000000000005,2,0.02,36,0.36,100,0.013418274750001728,11037
matched,random,7,111,0.08264462809917356,96.80000000000005,0,0.0,32,0.32,100,0.015071512660942971,11137
matched,random,7,112,0.0819672131147541,92.2,2,0.02,40,0.4,100,0.015601048455573618,11237
matched,random,7,113,0.08130081300813008,87.90000000000003,4,0.04,44,0.44,100,0.01519446408841759,11337
matched,random,7,114,0.08064516129032258,92.80000000000004,2,0.02,34,0.34,100,0.017396710021421312,11437
matched,random,7,115,0.08,96.70000000000005,0,0.0,33,0.33,100,0.018671453478746117,11537
matched,random,7,116,0.07936507936507936,94.20000000000006,1,0.01,39,0.39,100,0.015869743290822955,11637
matched,random,7,117,0.07874015748031496,95.00000000000003,1,0.01,31,0.31,100,0.01749217862263322,11737
matched,random,7,118,0.078125,96.50000000000006,0,0.0,35,0.35,100,0.013063378022052348,11837
matched,random,7,119,0.07751937984496124,96.80000000000003,0,0.0,32,0.32,100,0.017026891806162892,11937
matched,random,7,120,0.07692307692307693,93.30000000000003,2,0.02,29,0.29,100,0.017727782689034938,12037
matched,random,7,121,0.07633587786259542,88.70000000000003,4,0.04,36,0.36,100,0.017206291761249305,12137
matched,random,7,122,0.07575757575757576,95.00000000000006,1,0.01,31,0.31,100,0.016054051644168794,12237
matched,random,7,123,0.07518796992481203,93.40000000000003,2,0.02,27,0.27,100,0.01505192412994802,12337
matched,random,7,124,0.07462686567164178,95.50000000000003,1,0.01,26,0.26,100,0.014691013861447572,12437
matched,random,7,125,0.07407407407407407,96.80000000000004,0,0.0,32,0.32,100,0.01622536509297788,12537
matched,random,7,126,0.07352941176470588,92.30000000000003,2,0.02,38,0.38,100,0.011394936330616475,12637
matched,random,7,127,0.07299270072992702,96.50000000000004,0,0.0,35,0.35,100,0.013467213348485529,12737
matched,random,7,128,0.07246376811594203,92.20000000000005,2,0.02,40,0.4,100,0.014564075409434735,12837
matched,random,7,129,0.07194244604316546,92.40000000000005,2,0.02,38,0.38,100,0.01463560501113534,12937
matched,random,7,130,0.07142857142857142,97.10000000000005,0,0.0,29,0.29,100,0.015001032548025251,13037
matched,random,7,131,0.07092198581560284,94.40000000000005,1,0.01,37,0.37,100,0.013575736903585494,13137
matched,random,7,132,0.07042253521126761,96.60000000000002,0,0.0,34,0.34,100,0.014464629194699229,13237
matched,random,7,133,0.06993006993006992,96.20000000000005,0,0.0,38,0.38,100,0.013394122393801808,13337
matched,random,7,134,0.06944444444444445,97.00000000000003,0,0.0,30,0.3,100,0.012088354013394564,13437
matched,random,7,135,0.06896551724137931,97.50000000000004,0,0.0,25,0.25,100,0.013696997796650977,13537
matched,random,7,136,0.0684931506849315,96.90000000000003,0,0.0,31,0.31,100,0.013251687502488493,13637
matched,random,7,137,0.06802721088435375,97.80000000000001,0,0.0,22,0.22,100,0.010661678668111563,13737
matched,random,7,138,0.06756756756756756,97.70000000000005,0,0.0,23,0.23,100,0.013552105934359134,13837
matched,random,7,139,0.06711409395973154,94.60000000000008,1,0.01,35,0.35,100,0.016546298461034895,13937
matched,random,7,140,0.06666666666666667,97.80000000000005,0,0.0,22,0.22,100,0.012761800978332759,14037
matched,random,7,141,0.06622516556291391,95.90000000000003,0,0.0,41,0.41,100,0.015033924649469555,14137
matched,random,7,142,0.06578947368421052,95.10000000000002,1,0.01,30,0.3,100,0.01774166477378458,14237
matched,random,7,143,0.06535947712418301,96.50000000000001,0,0.0,35,0.35,100,0.013220020344015211,14337
matched,random,7,144,0.06493506493506493,95.40000000000006,1,0.01,27,0.27,100,0.019753090352751315,14437
matched,random,7,145,0.06451612903225806,96.00000000000001,1,0.01,21,0.21,100,0.012960959072224797,14537
matched,random,7,146,0.06410256410256411,98.00000000000003,0,0.0,20,0.2,100,0.01697449362371117,14637
matched,random,7,147,0.06369426751592357,96.70000000000005,0,0.0,33,0.33,100,0.014209957155399024,14737
matched,random,7,148,0.06329113924050632,94.40000000000002,1,0.01,37,0.37,100,0.013120899519417435,14837
matched,random,7,149,0.06289308176100629,95.60000000000002,1,0.01,25,0.25,100,0.013468443639576435,14937
matched,random,7,150,0.0625,91.00000000000001,3,0.03,33,0.33,100,0.012181563386693597,15037
matched,random,7,151,0.06211180124223602,94.70000000000005,1,0.01,34,0.34,100,0.013307546093128621,15137
matched,random,7,152,0.0617283950617284,97.50000000000003,0,0.0,25,0.25,100,0.012309449433814734,15237
matched,random,7,153,0.06134969325153374,94.60000000000002,1,0.01,35,0.35,100,0.017399189043790102,15337
matched,random,7,154,0.06097560975609757,94.90000000000006,1,0.01,32,0.32,100,0.013283269167877733,15437
matched,random,7,155,0.06060606060606061,96.70000000000005,0,0.0,33,0.33,100,0.012326296435203403,15537
matched,random,7,156,0.06024096385542168,94.20000000000003,1,0.01,39,0.39,100,0.011532644452527165,15637
matched,random,7,157,0.059880239520958084,94.80000000000007,0,0.0,52,0.52,100,0.013609738782979547,15737
matched,random,7,158,0.05952380952380952,92.80000000000004,2,0.02,34,0.34,100,0.015191469853743911,15837
matched,random,7,159,0.0591715976331361,95.60000000000002,1,0.01,25,0.25,100,0.01124151146505028,15937
matched,random,7,160,0.058823529411764705,97.60000000000004,0,0.0,24,0.24,100,0.010964316697791219,16037
matched,random,7,161,0.05847953216374269,95.10000000000004,1,0.01,30,0.3,100,0.013003864579368384,16137
matched,random,7,162,0.05813953488372093,98.00000000000003,0,0.0,20,0.2,100,0.012549220602959394,16237
matched,random,7,163,0.057803468208092484,95.70000000000005,1,0.01,24,0.24,100,0.011078372613992542,16337
matched,random,7,164,0.0574712643678161,92.20000000000002,3,0.03,21,0.21,100,0.010607858570292592,16437
matched,random,7,165,0.05714285714285714,97.00000000000003,0,0.0,30,0.3,100,0.011074767252430319,16537
matched,random,7,166,0.056818181818181816,97.80000000000001,0,0.0,22,0.22,100,0.01202832448296249,16637
matched,random,7,167,0.05649717514124294,95.70000000000005,1,0.01,24,0.24,100,0.015905369981192054,16737
matched,random,7,168,0.056179775280898875,93.80000000000005,1,0.01,43,0.43,100,0.013947172034531831,16837
matched,random,7,169,0.0558659217877095,93.20000000000005,2,0.02,29,0.29,100,0.015442299810238182,16937
matched,random,7,170,0.05555555555555555,96.80000000000001,0,0.0,32,0.32,100,0.013818477606400847,17037
matched,random,7,171,0.055248618784530384,96.50000000000006,0,0.0,35,0.35,100,0.012556414739228784,17137
matched,random,7,172,0.054945054945054944,96.40000000000002,0,0.0,36,0.36,100,0.01356261869892478,17237
matched,random,7,173,0.0546448087431694,93.90000000000003,2,0.02,22,0.22,100,0.0108832897990942,17337
matched,random,7,174,0.05434782608695653,93.69999999999999,2,0.02,24,0.24,100,0.012225151108577848,17437
matched,random,7,175,0.05405405405405406,97.80000000000003,0,0.0,22,0.22,100,0.013262047474272549,17537
matched,random,7,176,0.05376344086021505,98.00000000000006,0,0.0,20,0.2,100,0.015233703856356442,17637
matched,random,7,177,0.053475935828877004,97.00000000000001,0,0.0,30,0.3,100,0.012169030448421835,17737
matched,random,7,178,0.05319148936170213,95.00000000000003,1,0.01,31,0.31,100,0.010124739918392151,17837
matched,random,7,179,0.052910052910052914,96.80000000000003,0,0.0,32,0.32,100,0.01108242463786155,17937
matched,random,7,180,0.05263157894736842,95.80000000000004,1,0.01,23,0.23,100,0.010124503714032472,18037
matched,random,7,181,0.05235602094240837,95.30000000000001,1,0.01,28,0.28,100,0.01160037175519392,18137
matched,random,7,182,0.052083333333333336,95.20000000000002,1,0.01,29,0.29,100,0.013203462481033056,18237
matched,random,7,183,0.05181347150259067,96.70000000000005,0,0.0,33,0.33,100,0.011400266932323575,18337
matched,random,7,184,0.051546391752577324,97.80000000000004,0,0.0,22,0.22,100,0.010276985478121788,18437
matched,random,7,185,0.05128205128205128,94.60000000000001,1,0.01,35,0.35,100,0.013061723064165563,18537
matched,random,7,186,0.0510204081632653,95.70000000000002,1,0.01,24,0.24,100,0.013169050412252546,18637
matched,random,7,187,0.050761421319796954,98.30000000000001,0,0.0,17,0.17,100,0.012350272634066642,18737
matched,random,7,188,0.050505050505050504,95.69999999999997,1,0.01,23,0.23,100,0.009322298346087337,18837
matched,random,7,189,0.05025125628140704,96.50000000000003,0,0.0,35,0.35,100,0.013978985100984574,18937
matched,random,7,190,0.05,97.30000000000004,0,0.0,27,0.27,100,0.012161538423970341,19037
matched,random,7,191,0.04975124378109452,97.80000000000004,0,0.0,22,0.22,100,0.012971637416630983,19137
matched,random,7,192,0.04950495049504951,95.60000000000002,1,0.01,25,0.25,100,0.012452740715816616,19237
matched,random,7,193,0.04926108374384236,95.90000000000002,1,0.01,22,0.22,100,0.011073994415346533,19337
matched,random,7,194,0.04901960784313726,95.60000000000004,1,0.01,25,0.25,100,0.01160088394768536,19437
matched,random,7,195,0.04878048780487805,94.80000000000004,1,0.01,33,0.33,100,0.01059090567752719,19537
matched,random,7,196,0.04854368932038835,94.80000000000003,1,0.01,33,0.33,100,0.011037617125548422,19637
matched,random,7,197,0.04830917874396135,97.20000000000003,0,0.0,28,0.28,100,0.012702175788581372,19737
matched,random,7,198,0.04807692307692307,97.30000000000001,0,0.0,27,0.27,100,0.014928200938738883,19837
matched,random,7,199,0.04784688995215311,93.00000000000004,2,0.02,32,0.32,100,0.014905481790192425,19937
matched,random,8,0,1.0,64.89999999999993,14,0.14,84,0.84,100,0.11099026462919004,37
matched,random,8,1,0.9090909090909091,78.50000000000003,7,0.07,81,0.81,100,0.031205872287973762,137
matched,random,8,2,0.8333333333333334,70.09999999999995,11,0.11,90,0.9,100,0.02288700026459992,237
matched,random,8,3,0.7692307692307692,74.1,9,0.09,86,0.86,100,0.017947496734559535,337
matched,random,8,4,0.7142857142857143,72.69999999999999,10,0.1,83,0.83,100,0.015921038053929807,437
matched,random,8,5,0.6666666666666666,72.9,10,0.1,80,0.8,100,0.02056356058921665,537
matched,random,8,6,0.625,70.89999999999998,11,0.11,80,0.8,100,0.015996499974280595,637
matched,random,8,7,0.5882352941176471,78.9,7,0.07,76,0.76,100,0.014934132350608706,737
matched,random,8,8,0.5555555555555556,77.20000000000002,8,0.08,74,0.74,100,0.0165207303641364,837
matched,random,8,9,0.5263157894736842,83.60000000000004,5,0.05,69,0.69,100,0.015537320203147829,937
matched,random,8,10,0.5,89.20000000000006,2,0.02,70,0.7,100,0.01498043694999069,1037
matched,random,8,11,0.47619047619047616,71.59999999999998,11,0.11,75,0.75,100,0.018048834688961506,1137
matched,random,8,12,0.45454545454545453,85.50000000000001,4,0.04,68,0.68,100,0.01580419175326824,1237
matched,random,8,13,0.4347826086956522,83.00000000000003,5,0.05,75,0.75,100,0.02148824406787753,1337
matched,random,8,14,0.4166666666666667,83.90000000000005,5,0.05,66,0.66,100,0.018985550245270134,1437
matched,random,8,15,0.4,75.69999999999999,9,0.09,70,0.7,100,0.01605331029277295,1537
matched,random,8,16,0.3846153846153846,87.60000000000007,3,0.03,67,0.67,100,0.034283486846834424,1637
matched,random,8,17,0.37037037037037035,85.80000000000004,4,0.04,66,0.66,100,0.03344410211779177,1737
matched,random,8,18,0.35714285714285715,86.20000000000005,4,0.04,61,0.61,100,0.030453299721702933,1837
matched,random,8,19,0.3448275862068966,89.70000000000006,2,0.02,65,0.65,100,0.02007669151760638,1937
matched,random,8,20,0.3333333333333333,86.30000000000007,4,0.04,61,0.61,100,0.019036650927737354,2037
matched,random,8,21,0.3225806451612903,91.30000000000003,2,0.02,49,0.49,100,0.01869493316859007,2137
matched,random,8,22,0.3125,82.20000000000006,6,0.06,64,0.64,100,0.021983541049994528,2237
matched,random,8,23,0.30303030303030304,80.90000000000003,7,0.07,55,0.55,100,0.020071205287240445,2337
matched,random,8,24,0.29411764705882354,88.30000000000007,3,0.03,60,0.6,100,0.018510093009099365,2437
matched,random,8,25,0.2857142857142857,85.90000000000003,4,0.04,65,0.65,100,0.021464888947084548,2537
matched,random,8,26,0.2777777777777778,84.50000000000006,5,0.05,59,0.59,100,0.016079774615354835,2637
matched,random,8,27,0.27027027027027023,90.80000000000007,2,0.02,53,0.53,100,0.01884179687127471,2737
matched,random,8,28,0.2631578947368421,86.30000000000004,5,0.05,42,0.42,100,0.01937451522797346,2837
matched,random,8,29,0.25641025641025644,91.70000000000003,2,0.02,45,0.45,100,0.021894450671970843,2937
matched,random,8,30,0.25,93.50000000000001,1,0.01,45,0.45,100,0.02318811568431556,3037
matched,random,8,31,0.24390243902439027,88.90000000000003,3,0.03,52,0.52,100,0.022456787708215416,3137
matched,random,8,32,0.23809523809523808,91.30000000000004,2,0.02,48,0.48,100,0.020605845339596272,3237
matched,random,8,33,0.23255813953488372,84.30000000000004,5,0.05,61,0.61,100,0.018362591029144823,3337
matched,random,8,34,0.22727272727272727,89.50000000000003,3,0.03,48,0.48,100,0.017405290454626084,3437
matched,random,8,35,0.2222222222222222,85.10000000000001,5,0.05,53,0.53,100,0.018279279512353242,3537
matched,random,8,36,0.2173913043478261,92.00000000000004,2,0.02,42,0.42,100,0.016515650576911865,3637
matched,random,8,37,0.2127659574468085,91.00000000000007,2,0.02,52,0.52,100,0.01696195832453668,3737
matched,random,8,38,0.20833333333333334,86.70000000000002,4,0.04,56,0.56,100,0.016089198626577855,3837
matched,random,8,39,0.2040816326530612,92.60000000000002,2,0.02,36,0.36,100,0.019730238490737975,3937
matched,random,8,40,0.2,95.90000000000003,0,0.0,41,0.41,100,0.016982221812941133,4037
matched,random,8,41,0.19607843137254904,94.30000000000003,1,0.01,38,0.38,100,0.01588603534270078,4137
matched,random,8,42,0.1923076923076923,91.10000000000005,2,0.02,51,0.51,100,0.018479808405973016,4237
matched,random,8,43,0.18867924528301888,88.4,4,0.04,39,0.39,100,0.01793900109361857,4337
matched,random,8,44,0.18518518518518517,89.50000000000006,3,0.03,48,0.48,100,0.01952584208920598,4437
matched,random,8,45,0.18181818181818182,91.80000000000004,2,0.02,44,0.44,100,0.017161871679127215,4537
matched,random,8,46,0.17857142857142858,92.20000000000005,2,0.02,40,0.4,100,0.01572350294329226,4637
matched,random,8,47,0.17543859649122806,89.00000000000007,3,0.03,52,0.52,100,0.01822377974167466,4737
matched,random,8,48,0.1724137931034483,94.60000000000001,1,0.01,35,0.35,100,0.018081603930331768,4837
matched,random,8,49,0.1694915254237288,93.40000000000006,1,0.01,47,0.47,100,0.019163432037457823,4937
matched,random,8,50,0.16666666666666666,95.90000000000005,0,0.0,41,0.41,100,0.0204329743841663,5037
matched,random,8,51,0.1639344262295082,90.19999999999999,3,0.03,41,0.41,100,0.0192971998360008,5137
matched,random,8,52,0.16129032258064516,95.40000000000006,0,0.0,46,0.46,100,0.01790877277031541,5237
matched,random,8,53,0.15873015873015872,90.50000000000004,3,0.03,37,0.37,100,0.017823989554308355,5337
matched,random,8,54,0.15625,92.60000000000005,2,0.02,36,0.36,100,0.01728947534225881,5437
matched,random,8,55,0.15384615384615385,91.70000000000003,2,0.02,45,0.45,100,0.015990595212206245,5537
matched,random,8,56,0.15151515151515152,93.20000000000007,1,0.01,49,0.49,100,0.01945682688616216,5637
matched,random,8,57,0.14925373134328357,92.30000000000001,2,0.02,38,0.38,100,0.015339274988509715,5737
matched,random,8,58,0.14705882352941177,88.70000000000006,4,0.04,37,0.37,100,0.015361313833855092,5837
matched,random,8,59,0.14492753623188406,86.10000000000005,5,0.05,42,0.42,100,0.015081861424259841,5937
matched,random,8,60,0.14285714285714285,96.80000000000004,0,0.0,32,0.32,100,0.01948760266881436,6037
matched,random,8,61,0.14084507042253522,91.70000000000002,2,0.02,45,0.45,100,0.01847144344355911,6137
matched,random,8,62,0.1388888888888889,92.90000000000003,2,0.02,32,0.32,100,0.01573855480644852,6237
matched,random,8,63,0.136986301369863,89.90000000000006,3,0.03,43,0.43,100,0.01624057344626635,6337
matched,random,8,64,0.13513513513513511,87.90000000000003,4,0.04,45,0.45,100,0.016881998018361627,6437
matched,random,8,65,0.13333333333333333,93.90000000000003,1,0.01,41,0.41,100,0.02143755091354251,6537
matched,random,8,66,0.13157894736842105,90.60000000000002,3,0.03,37,0.37,100,0.016935228635556996,6637
matched,random,8,67,0.12987012987012986,90.60000000000005,3,0.03,37,0.37,100,0.016847939305007456,6737
matched,random,8,68,0.12820512820512822,87.70000000000002,4,0.04,47,0.47,100,0.01981667029671371,6837
matched,random,8,69,0.12658227848101264,94.00000000000003,1,0.01,41,0.41,100,0.017760388976894317,6937
matched,random,8,70,0.125,92.80000000000001,2,0.02,32,0.32,100,0.01712764936964959,7037
matched,random,8,71,0.1234567901234568,92.70000000000006,2,0.02,35,0.35,100,0.016544833965599536,7137
matched,random,8,72,0.12195121951219513,96.80000000000001,0,0.0,32,0.32,100,0.01712225316558033,7237
matched,random,8,73,0.12048192771084336,88.2,4,0.04,42,0.42,100,0.016357146822847425,7337
matched,random,8,74,0.11904761904761904,94.2000000000001,1,0.01,39,0.39,100,0.017571318596601486,7437
matched,random,8,75,0.11764705882352941,94.20000000000005,1,0.01,39,0.39,100,0.0237768483068794,7537
matched,random,8,76,0.11627906976744186,88.70000000000002,4,0.04,37,0.37,100,0.016659145671874286,7637
matched,random,8,77,0.1149425287356322,97.20000000000002,0,0.0,28,0.28,100,0.017087218714877964,7737
matched,random,8,78,0.11363636363636363,89.70000000000005,3,0.03,46,0.46,100,0.016029506833292545,7837
matched,random,8,79,0.11235955056179775,88.30000000000005,4,0.04,41,0.41,100,0.01623459130525589,7937
matched,random,8,80,0.1111111111111111,97.00000000000004,0,0.0,30,0.3,100,0.01952597009949386,8037
matched,random,8,81,0.10989010989010989,92.90000000000003,2,0.02,33,0.33,100,0.01364379019010812,8137
matched,random,8,82,0.10869565217391305,87.80000000000005,4,0.04,46,0.46,100,0.021003459780476987,8237
matched,random,8,83,0.1075268817204301,94.00000000000006,1,0.01,41,0.41,100,0.020017282404005528,8337
matched,random,8,84,0.10638297872340426,89.90000000000005,3,0.03,44,0.44,100,0.017294753063470125,8437
matched,random,8,85,0.10526315789473684,95.2,1,0.01,29,0.29,100,0.013567251954227685,8537
matched,random,8,86,0.10416666666666667,96.30000000000005,0,0.0,37,0.37,100,0.01580061016138643,8637
matched,random,8,87,0.10309278350515465,95.80000000000004,0,0.0,42,0.42,100,0.014108992228284479,8737
matched,random,8,88,0.1020408163265306,88.80000000000001,4,0.04,36,0.36,100,0.01368972250726074,8837
matched,random,8,89,0.10101010101010101,95.20000000000003,1,0.01,29,0.29,100,0.014073161920532585,8937
matched,random,8,90,0.1,94.7,1,0.01,34,0.34,100,0.015762829068116845,9037
matched,random,8,91,0.09900990099009901,96.60000000000005,0,0.0,34,0.34,100,0.016365246665664017,9137
matched,random,8,92,0.09803921568627452,90.20000000000006,3,0.03,41,0.41,100,0.019072090294212102,9237
matched,random,8,93,0.0970873786407767,94.70000000000003,1,0.01,34,0.34,100,0.01776899042073637,9337
matched,random,8,94,0.09615384615384615,95.90000000000005,0,0.0,41,0.41,100,0.016865694001317023,9437
matched,random,8,95,0.09523809523809523,95.00000000000004,1,0.01,31,0.31,100,0.01700557709671557,9537
matched,random,8,96,0.09433962264150944,95.50000000000006,0,0.0,45,0.45,100,0.014241499179042875,9637
matched,random,8,97,0.09345794392523366,94.80000000000004,1,0.01,33,0.33,100,0.014398143314756452,9737
matched,random,8,98,0.09259259259259259,92.30000000000004,2,0.02,39,0.39,100,0.017241823840886353,9837
matched,random,8,99,0.09174311926605504,92.30000000000005,2,0.02,39,0.39,100,0.01679465810302645,9937
matched,random,8,100,0.09090909090909091,97.50000000000003,0,0.0,25,0.25,100,0.015180831896141172,10037
matched,random,8,101,0.0900900900900901,93.00000000000004,2,0.02,32,0.32,100,0.014904626631177961,10137
matched,random,8,102,0.08928571428571429,94.80000000000004,1,0.01,33,0.33,100,0.016175372954458,10237
matched,random,8,103,0.08849557522123894,94.80000000000004,1,0.01,32,0.32,100,0.012571220563258975,10337
matched,random,8,104,0.08771929824561403,97.10000000000004,0,0.0,29,0.29,100,0.014597051674500108,10437
matched,random,8,105,0.08695652173913043,96.90000000000006,0,0.0,31,0.31,100,0.01709242004901171,10537
matched,random,8,106,0.08620689655172414,92.40000000000003,2,0.02,38,0.38,100,0.015573194613680244,10637
matched,random,8,107,0.08547008547008547,95.10000000000004,1,0.01,30,0.3,100,0.013753949250094592,10737
matched,random,8,108,0.0847457627118644,93.90000000000003,1,0.01,42,0.42,100,0.015022920211777091,10837
matched,random,8,109,0.08403361344537814,95.00000000000003,1,0.01,31,0.31,100,0.015910420729778708,10937
matched,random,8,110,0.08333333333333333,95.70000000000005,1,0.01,24,0.24,100,0.018633700194768607,11037
matched,random,8,111,0.08264462809917356,95.30000000000001,1,0.01,28,0.28,100,0.013091088547371328,11137
matched,random,8,112,0.0819672131147541,96.60000000000005,0,0.0,34,0.34,100,0.01965482084546238,11237
matched,random,8,113,0.08130081300813008,93.60000000000002,2,0.02,26,0.26,100,0.015430832947604358,11337
matched,random,8,114,0.08064516129032258,96.40000000000006,0,0.0,36,0.36,100,0.015609839558601379,11437
matched,random,8,115,0.08,96.60000000000005,0,0.0,34,0.34,100,0.01322116510476917,11537
matched,random,8,116,0.07936507936507936,94.60000000000005,1,0.01,35,0.35,100,0.014649557219818234,11637
matched,random,8,117,0.07874015748031496,92.70000000000003,2,0.02,35,0.35,100,0.01672900582663715,11737
matched,random,8,118,0.078125,95.60000000000002,1,0.01,25,0.25,100,0.014553521061316133,11837
matched,random,8,119,0.07751937984496124,97.60000000000001,0,0.0,24,0.24,100,0.011080242183525116,11937
matched,random,8,120,0.07692307692307693,95.40000000000003,1,0.01,27,0.27,100,0.012270179213955998,12037
matched,random,8,121,0.07633587786259542,96.50000000000003,0,0.0,35,0.35,100,0.012127596628852188,12137
matched,random,8,122,0.07575757575757576,94.00000000000003,1,0.01,40,0.4,100,0.01585909444373101,12237
matched,random,8,123,0.07518796992481203,95.20000000000005,1,0.01,28,0.28,100,0.014886029353365303,12337
matched,random,8,124,0.07462686567164178,95.40000000000003,1,0.01,27,0.27,100,0.012735693245194852,12437
matched,random,8,125,0.07407407407407407,94.30000000000005,1,0.01,38,0.38,100,0.013397161276079714,12537
matched,random,8,126,0.07352941176470588,96.40000000000005,0,0.0,36,0.36,100,0.015279722944833339,12637
matched,random,8,127,0.07299270072992702,96.80000000000004,0,0.0,32,0.32,100,0.01391137547325343,12737
matched,random,8,128,0.07246376811594203,90.80000000000003,3,0.03,34,0.34,100,0.017367974384687842,12837
matched,random,8,129,0.07194244604316546,95.50000000000003,1,0.01,26,0.26,100,0.013812004388310015,12937
matched,random,8,130,0.07142857142857142,94.90000000000006,1,0.01,32,0.32,100,0.012364849359728395,13037
matched,random,8,131,0.07092198581560284,96.70000000000005,0,0.0,33,0.33,100,0.01331947797210887,13137
matched,random,8,132,0.07042253521126761,94.80000000000004,1,0.01,33,0.33,100,0.011528320009820164,13237
matched,random,8,133,0.06993006993006992,95.70000000000005,0,0.0,43,0.43,100,0.013870879686437547,13337
matched,random,8,134,0.06944444444444445,97.60000000000002,0,0.0,24,0.24,100,0.015017914907075465,13437
matched,random,8,135,0.06896551724137931,92.70000000000002,2,0.02,35,0.35,100,0.012320404397323728,13537
matched,random,8,136,0.0684931506849315,95.10000000000002,1,0.01,30,0.3,100,0.01409604972228408,13637
matched,random,8,137,0.06802721088435375,97.40000000000005,0,0.0,26,0.26,100,0.014407302576582879,13737
matched,random,8,138,0.06756756756756756,95.70000000000005,1,0.01,24,0.24,100,0.01397891869302839,13837
matched,random,8,139,0.06711409395973154,94.70000000000005,1,0.01,34,0.34,100,0.013133380473591387,13937
matched,random,8,140,0.06666666666666667,96.70000000000003,0,0.0,33,0.33,100,0.013223927197977901,14037
matched,random,8,141,0.06622516556291391,92.40000000000003,2,0.02,38,0.38,100,0.017892137346789242,14137
matched,random,8,142,0.06578947368421052,94.80000000000001,1,0.01,33,0.33,100,0.012571346804033965,14237
matched,random,8,143,0.06535947712418301,97.60000000000005,0,0.0,24,0.24,100,0.01200822923798114,14337
matched,random,8,144,0.06493506493506493,97.30000000000004,0,0.0,27,0.27,100,0.012451368276961148,14437
matched,random,8,145,0.06451612903225806,94.90000000000003,1,0.01,31,0.31,100,0.01298119381070137,14537
matched,random,8,146,0.06410256410256411,93.10000000000004,2,0.02,31,0.31,100,0.011853175349533557,14637
matched,random,8,147,0.06369426751592357,97.00000000000003,0,0.0,30,0.3,100,0.014206977039575576,14737
matched,random,8,148,0.06329113924050632,95.70000000000003,1,0.01,24,0.24,100,0.011933527644723654,14837
matched,random,8,149,0.06289308176100629,97.20000000000005,0,0.0,28,0.28,100,0.011834128231275826,14937
matched,random,8,150,0.0625,94.60000000000001,1,0.01,35,0.35,100,0.011760024181567132,15037
matched,random,8,151,0.06211180124223602,92.30000000000004,2,0.02,39,0.39,100,0.010622869418002666,15137
matched,random,8,152,0.0617283950617284,96.00000000000006,0,0.0,40,0.4,100,0.012427780195139349,15237
matched,random,8,153,0.06134969325153374,93.00000000000003,2,0.02,32,0.32,100,0.011465279061812907,15337
matched,random,8,154,0.06097560975609757,95.30000000000001,1,0.01,28,0.28,100,0.01400891421828419,15437
matched,random,8,155,0.06060606060606061,94.70000000000005,1,0.01,34,0.34,100,0.014802306671626866,15537
matched,random,8,156,0.06024096385542168,94.20000000000005,1,0.01,39,0.39,100,0.01346166308503598,15637
matched,random,8,157,0.059880239520958084,97.90000000000002,0,0.0,21,0.21,100,0.014137527626007795,15737
matched,random,8,158,0.05952380952380952,97.20000000000005,0,0.0,28,0.28,100,0.011311860396526754,15837
matched,random,8,159,0.0591715976331361,95.40000000000005,1,0.01,27,0.27,100,0.014540863763540983,15937
matched,random,8,160,0.058823529411764705,95.30000000000004,1,0.01,28,0.28,100,0.012462995555251837,16037
matched,random,8,161,0.05847953216374269,96.90000000000009,0,0.0,31,0.31,100,0.011121529738884419,16137
matched,random,8,162,0.05813953488372093,97.30000000000003,0,0.0,27,0.27,100,0.011652737408876419,16237
matched,random,8,163,0.057803468208092484,95.10000000000002,1,0.01,30,0.3,100,0.011428562984801828,16337
matched,random,8,164,0.0574712643678161,97.2,0,0.0,28,0.28,100,0.014208645126782358,16437
matched,random,8,165,0.05714285714285714,94.90000000000003,1,0.01,32,0.32,100,0.010065991915762424,16537
matched,random,8,166,0.056818181818181816,95.10000000000005,1,0.01,30,0.3,100,0.011725842547602951,16637
matched,random,8,167,0.05649717514124294,97.50000000000003,0,0.0,25,0.25,100,0.011036096750758588,16737
matched,random,8,168,0.056179775280898875,88.40000000000002,4,0.04,40,0.4,100,0.011758423382416368,16837
matched,random,8,169,0.0558659217877095,95.50000000000004,1,0.01,26,0.26,100,0.011801680228672921,16937
matched,random,8,170,0.05555555555555555,97.20000000000005,0,0.0,28,0.28,100,0.011933698263019323,17037
matched,random,8,171,0.055248618784530384,94.50000000000003,1,0.01,36,0.36,100,0.011711150947958231,17137
matched,random,8,172,0.054945054945054944,97.10000000000002,0,0.0,29,0.29,100,0.012960993130691349,17237
matched,random,8,173,0.0546448087431694,96.60000000000005,0,0.0,34,0.34,100,0.013252797410823405,17337
matched,random,8,174,0.05434782608695653,98.20000000000002,0,0.0,18,0.18,100,0.01058087713783607,17437
matched,random,8,175,0.05405405405405406,96.60000000000004,1,0.01,15,0.15,100,0.009435685875359923,17537
matched,random,8,176,0.05376344086021505,97.90000000000003,0,0.0,21,0.21,100,0.012633888656273485,17637
matched,random,8,177,0.053475935828877004,93.7,2,0.02,24,0.24,100,0.01447922841180116,17737
matched,random,8,178,0.05319148936170213,96.70000000000007,0,0.0,33,0.33,100,0.012184032041113823,17837
matched,random,8,179,0.052910052910052914,91.70000000000005,3,0.03,26,0.26,100,0.012353300140239299,17937
matched,random,8,180,0.05263157894736842,90.90000000000005,3,0.03,33,0.33,100,0.011723951823078095,18037
matched,random,8,181,0.05235602094240837,93.20000000000005,2,0.02,29,0.29,100,0.00999046593438834,18137
matched,random,8,182,0.052083333333333336,94.70000000000005,1,0.01,34,0.34,100,0.014203648136463016,18237
matched,random,8,183,0.05181347150259067,95.40000000000002,1,0.01,27,0.27,100,0.010594885712489486,18337
matched,random,8,184,0.051546391752577324,97.20000000000003,0,0.0,28,0.28,100,0.011119454575236887,18437
matched,random,8,185,0.05128205128205128,96.90000000000002,0,0.0,31,0.31,100,0.012003705275710673,18537
matched,random,8,186,0.0510204081632653,93.20000000000007,2,0.02,30,0.3,100,0.01016557115362957,18637
matched,random,8,187,0.050761421319796954,97.50000000000003,0,0.0,25,0.25,100,0.011024164091795683,18737
matched,random,8,188,0.050505050505050504,97.50000000000003,0,0.0,25,0.25,100,0.00976542073301971,18837
matched,random,8,189,0.05025125628140704,97.6,0,0.0,24,0.24,100,0.012956301034428179,18937
matched,random,8,190,0.05,97.20000000000005,0,0.0,28,0.28,100,0.011706227518152446,19037
matched,random,8,191,0.04975124378109452,96.70000000000005,0,0.0,33,0.33,100,0.012435313751921058,19137
matched,random,8,192,0.04950495049504951,93.7,2,0.02,25,0.25,100,0.01373605645960197,19237
matched,random,8,193,0.04926108374384236,96.00000000000001,0,0.0,40,0.4,100,0.015900433021597563,19337
matched,random,8,194,0.04901960784313726,97.50000000000003,0,0.0,25,0.25,100,0.010990026467479765,19437
matched,random,8,195,0.04878048780487805,97.30000000000004,0,0.0,27,0.27,100,0.010536678761709481,19537
matched,random,8,196,0.04854368932038835,97.00000000000001,0,0.0,30,0.3,100,0.011822628267109394,19637
matched,random,8,197,0.04830917874396135,97.20000000000005,0,0.0,28,0.28,100,0.010479640576522797,19737
matched,random,8,198,0.04807692307692307,98.00000000000001,0,0.0,20,0.2,100,0.009931551348417998,19837
matched,random,8,199,0.04784688995215311,95.60000000000005,1,0.01,25,0.25,100,0.010317319929599762,19937
matched,random,9,0,1.0,62.299999999999926,15,0.15,91,0.91,100,0.18288946035947348,37
matched,random,9,1,0.9090909090909091,66.79999999999995,13,0.13,83,0.83,100,0.0333360666455701,137
matched,random,9,2,0.8333333333333334,75.69999999999999,8,0.08,89,0.89,100,0.02259757451713085,237
matched,random,9,3,0.7692307692307692,76.0,8,0.08,88,0.88,100,0.023550336519256233,337
matched,random,9,4,0.7142857142857143,76.6,8,0.08,78,0.78,100,0.017761597242206335,437
matched,random,9,5,0.6666666666666666,80.00000000000003,6,0.06,84,0.84,100,0.017555362647399306,537
matched,random,9,6,0.625,78.40000000000002,7,0.07,82,0.82,100,0.015400222926400602,637
matched,random,9,7,0.5882352941176471,80.80000000000001,6,0.06,76,0.76,100,0.01665371554903686,737
matched,random,9,8,0.5555555555555556,70.6,11,0.11,82,0.82,100,0.01479398853611201,837
matched,random,9,9,0.5263157894736842,81.2,6,0.06,73,0.73,100,0.015090856193564832,937
matched,random,9,10,0.5,80.00000000000003,6,0.06,85,0.85,100,0.01631175376009196,1037
matched,random,9,11,0.47619047619047616,86.80000000000005,3,0.03,75,0.75,100,0.039944055657833814,1137
matched,random,9,12,0.45454545454545453,88.90000000000003,2,0.02,73,0.73,100,0.02163624668493867,1237
matched,random,9,13,0.4347826086956522,82.50000000000003,5,0.05,78,0.78,100,0.01822238776832819,1337
matched,random,9,14,0.4166666666666667,78.50000000000001,8,0.08,63,0.63,100,0.01762659750878811,1437
matched,random,9,15,0.4,80.60000000000001,7,0.07,60,0.6,100,0.017933820313774048,1537
matched,random,9,16,0.3846153846153846,86.00000000000007,4,0.04,64,0.64,100,0.01857892165426165,1637
matched,random,9,17,0.37037037037037035,90.80000000000005,2,0.02,54,0.54,100,0.019421610068529844,1737
matched,random,9,18,0.35714285714285715,82.00000000000004,6,0.06,65,0.65,100,0.016871302253566683,1837
matched,random,9,19,0.3448275862068966,79.80000000000003,7,0.07,68,0.68,100,0.017318471567705274,1937
matched,random,9,20,0.3333333333333333,92.00000000000004,1,0.01,61,0.61,100,0.019794528381899,2037
matched,random,9,21,0.3225806451612903,94.30000000000007,0,0.0,57,0.57,100,0.015364474575035274,2137
matched,random,9,22,0.3125,84.30000000000001,5,0.05,62,0.62,100,0.01722851046361029,2237
matched,random,9,23,0.30303030303030304,87.20000000000003,4,0.04,51,0.51,100,0.0169896371755749,2337
matched,random,9,24,0.29411764705882354,78.30000000000003,8,0.08,62,0.62,100,0.018362381267361342,2437
matched,random,9,25,0.2857142857142857,91.60000000000008,1,0.01,65,0.65,100,0.018071673046797514,2537
matched,random,9,26,0.2777777777777778,82.80000000000004,6,0.06,56,0.56,100,0.017926373430527748,2637
matched,random,9,27,0.27027027027027023,86.40000000000003,4,0.04,60,0.6,100,0.02659423343837261,2737
matched,random,9,28,0.2631578947368421,88.00000000000004,3,0.03,62,0.62,100,0.022760683088563383,2837
matched,random,9,29,0.25641025641025644,87.4,4,0.04,50,0.5,100,0.017957905889488757,2937
matched,random,9,30,0.25,90.90000000000005,2,0.02,53,0.53,100,0.018711518272757532,3037
matched,random,9,31,0.24390243902439027,81.40000000000003,7,0.07,53,0.53,100,0.022434528404846787,3137
matched,random,9,32,0.23809523809523808,89.20000000000003,3,0.03,51,0.51,100,0.02528388492297381,3237
matched,random,9,33,0.23255813953488372,87.70000000000003,4,0.04,47,0.47,100,0.030723695149645208,3337
matched,random,9,34,0.22727272727272727,94.90000000000006,0,0.0,51,0.51,100,0.020105329612269997,3437
matched,random,9,35,0.2222222222222222,82.90000000000003,6,0.06,56,0.56,100,0.020381002174690365,3537
matched,random,9,36,0.2173913043478261,93.00000000000006,1,0.01,51,0.51,100,0.01852631411515176,3637
matched,random,9,37,0.2127659574468085,93.10000000000007,1,0.01,50,0.5,100,0.020366126727312802,3737
matched,random,9,38,0.20833333333333334,88.60000000000002,3,0.03,57,0.57,100,0.020442991307936607,3837
matched,random,9,39,0.2040816326530612,85.9,5,0.05,45,0.45,100,0.019216011753305794,3937
matched,random,9,40,0.2,95.80000000000004,0,0.0,42,0.42,100,0.018987683383747934,4037
matched,random,9,41,0.19607843137254904,89.90000000000005,3,0.03,44,0.44,100,0.018979126075282692,4137
matched,random,9,42,0.1923076923076923,88.90000000000003,3,0.03,53,0.53,100,0.02140007738955319,4237
matched,random,9,43,0.18867924528301888,89.50000000000009,3,0.03,48,0.48,100,0.018940997864119707,4337
matched,random,9,44,0.18518518518518517,89.60000000000008,3,0.03,47,0.47,100,0.016584469345398246,4437
matched,random,9,45,0.18181818181818182,90.00000000000003,3,0.03,43,0.43,100,0.017013215711340308,4537
matched,random,9,46,0.17857142857142858,88.00000000000003,4,0.04,43,0.43,100,0.019657987733371556,4637
matched,random,9,47,0.17543859649122806,94.20000000000002,1,0.01,39,0.39,100,0.017127431090921165,4737
matched,random,9,48,0.1724137931034483,91.50000000000007,2,0.02,47,0.47,100,0.018633272470906376,4837
matched,random,9,49,0.1694915254237288,91.50000000000006,2,0.02,47,0.47,100,0.016992934099398553,4937
matched,random,9,50,0.16666666666666666,96.10000000000008,0,0.0,39,0.39,100,0.01786156093236059,5037
matched,random,9,51,0.1639344262295082,90.60000000000007,3,0.03,37,0.37,100,0.015781719088554382,5137
matched,random,9,52,0.16129032258064516,94.10000000000004,1,0.01,40,0.4,100,0.017016090573742985,5237
matched,random,9,53,0.15873015873015872,94.10000000000005,1,0.01,40,0.4,100,0.01756123241968453,5337
matched,random,9,54,0.15625,97.1,0,0.0,29,0.29,100,0.014443829115480184,5437
matched,random,9,55,0.15384615384615385,96.60000000000005,0,0.0,34,0.34,100,0.015308122136630117,5537
matched,random,9,56,0.15151515151515152,91.70000000000003,2,0.02,44,0.44,100,0.02475134217645973,5637
matched,random,9,57,0.14925373134328357,91.80000000000007,2,0.02,44,0.44,100,0.019052307666279376,5737
matched,random,9,58,0.14705882352941177,87.30000000000001,4,0.04,51,0.51,100,0.01712408964522183,5837
matched,random,9,59,0.14492753623188406,91.20000000000003,2,0.02,50,0.5,100,0.017290604999288917,5937
matched,random,9,60,0.14285714285714285,92.00000000000006,2,0.02,42,0.42,100,0.01775068718008697,6037
matched,random,9,61,0.14084507042253522,92.40000000000003,2,0.02,38,0.38,100,0.018279660309199242,6137
matched,random,9,62,0.1388888888888889,92.20000000000005,2,0.02,39,0.39,100,0.021727665783837436,6237
matched,random,9,63,0.136986301369863,96.10000000000005,0,0.0,39,0.39,100,0.018156592259183525,6337
matched,random,9,64,0.13513513513513511,95.10000000000005,1,0.01,30,0.3,100,0.01972231872845441,6437
matched,random,9,65,0.13333333333333333,87.20000000000006,4,0.04,52,0.52,100,0.019411107222549618,6537
matched,random,9,66,0.13157894736842105,94.00000000000007,1,0.01,40,0.4,100,0.018814606545493006,6637
matched,random,9,67,0.12987012987012986,94.30000000000004,1,0.01,38,0.38,100,0.019978649732656777,6737
matched,random,9,68,0.12820512820512822,92.60000000000001,2,0.02,35,0.35,100,0.017403638856485486,6837
matched,random,9,69,0.12658227848101264,91.90000000000003,1,0.01,62,0.62,100,0.016841772091574968,6937
matched,random,9,70,0.125,94.20000000000005,1,0.01,39,0.39,100,0.01570245503913611,7037
matched,random,9,71,0.1234567901234568,89.60000000000007,3,0.03,46,0.46,100,0.017220889357849954,7137
matched,random,9,72,0.12195121951219513,95.20000000000007,0,0.0,48,0.48,100,0.015781389102339744,7237
matched,random,9,73,0.12048192771084336,93.00000000000003,2,0.02,31,0.31,100,0.016692040087655187,7337
matched,random,9,74,0.11904761904761904,85.30000000000001,6,0.06,31,0.31,100,0.015486549828201532,7437
matched,random,9,75,0.11764705882352941,95.50000000000003,0,0.0,45,0.45,100,0.016381296343170107,7537
matched,random,9,76,0.11627906976744186,93.00000000000003,2,0.02,32,0.32,100,0.013506767908111214,7637
matched,random,9,77,0.1149425287356322,95.10000000000004,1,0.01,30,0.3,100,0.013428684016689658,7737
matched,random,9,78,0.11363636363636363,97.10000000000007,0,0.0,29,0.29,100,0.0144587780861184,7837
matched,random,9,79,0.11235955056179775,97.50000000000003,0,0.0,25,0.25,100,0.017834823867306112,7937
matched,random,9,80,0.1111111111111111,90.50000000000003,3,0.03,38,0.38,100,0.014153893296606839,8037
matched,random,9,81,0.10989010989010989,92.50000000000006,2,0.02,37,0.37,100,0.01527470541652292,8137
matched,random,9,82,0.10869565217391305,94.90000000000003,1,0.01,32,0.32,100,0.01599963606800884,8237
matched,random,9,83,0.1075268817204301,90.80000000000003,3,0.03,35,0.35,100,0.014771723179146648,8337
matched,random,9,84,0.10638297872340426,93.70000000000007,1,0.01,44,0.44,100,0.015907213226892054,8437
matched,random,9,85,0.10526315789473684,95.70000000000002,1,0.01,24,0.24,100,0.013842232003808021,8537
matched,random,9,86,0.10416666666666667,93.70000000000005,2,0.02,24,0.24,100,0.015651317136362194,8637
matched,random,9,87,0.10309278350515465,95.70000000000007,0,0.0,43,0.43,100,0.016584244151599706,8737
matched,random,9,88,0.1020408163265306,96.40000000000005,0,0.0,36,0.36,100,0.01446908304002136,8837
matched,random,9,89,0.10101010101010101,94.00000000000006,1,0.01,41,0.41,100,0.015408595302142203,8937
matched,random,9,90,0.1,95.4,1,0.01,27,0.27,100,0.015783764021471143,9037
matched,random,9,91,0.09900990099009901,92.60000000000005,2,0.02,35,0.35,100,0.015124018881469964,9137
matched,random,9,92,0.09803921568627452,93.90000000000006,1,0.01,41,0.41,100,0.01817529011517763,9237
matched,random,9,93,0.0970873786407767,90.60000000000004,3,0.03,37,0.37,100,0.017447030930779876,9337
matched,random,9,94,0.09615384615384615,95.30000000000001,1,0.01,28,0.28,100,0.01696313087362796,9437
matched,random,9,95,0.09523809523809523,97.10000000000007,0,0.0,29,0.29,100,0.013941190168261529,9537
matched,random,9,96,0.09433962264150944,95.80000000000007,0,0.0,42,0.42,100,0.014628312780987472,9637
matched,random,9,97,0.09345794392523366,96.80000000000004,0,0.0,32,0.32,100,0.014334208089858294,9737
matched,random,9,98,0.09259259259259259,94.90000000000003,1,0.01,32,0.32,100,0.017416291455738246,9837
matched,random,9,99,0.09174311926605504,96.40000000000005,0,0.0,36,0.36,100,0.012919316818006336,9937
matched,random,9,100,0.09090909090909091,96.40000000000008,0,0.0,36,0.36,100,0.01577416103798896,10037
matched,random,9,101,0.0900900900900901,90.70000000000002,3,0.03,36,0.36,100,0.014201492988504469,10137
matched,random,9,102,0.08928571428571429,95.0,1,0.01,31,0.31,100,0.013805760317482055,10237
matched,random,9,103,0.08849557522123894,95.50000000000001,1,0.01,26,0.26,100,0.012143140072003006,10337
matched,random,9,104,0.08771929824561403,95.30000000000004,1,0.01,28,0.28,100,0.01453966774046421,10437
matched,random,9,105,0.08695652173913043,94.9,1,0.01,32,0.32,100,0.015199167360551656,10537
matched,random,9,106,0.08620689655172414,92.40000000000003,2,0.02,38,0.38,100,0.014899692186154424,10637
matched,random,9,107,0.08547008547008547,94.60000000000002,1,0.01,35,0.35,100,0.015818111854605375,10737
matched,random,9,108,0.0847457627118644,94.10000000000002,1,0.01,40,0.4,100,0.015217546629719437,10837
matched,random,9,109,0.08403361344537814,97.20000000000005,0,0.0,28,0.28,100,0.015589135880582035,10937
matched,random,9,110,0.08333333333333333,97.50000000000001,0,0.0,25,0.25,100,0.013085776739753783,11037
matched,random,9,111,0.08264462809917356,95.90000000000003,1,0.01,22,0.22,100,0.012400519736111164,11137
matched,random,9,112,0.0819672131147541,97.20000000000005,0,0.0,28,0.28,100,0.014254488833248615,11237
matched,random,9,113,0.08130081300813008,95.40000000000003,1,0.01,27,0.27,100,0.014729025629349054,11337
matched,random,9,114,0.08064516129032258,93.00000000000003,2,0.02,32,0.32,100,0.013075115694664418,11437
matched,random,9,115,0.08,94.60000000000005,1,0.01,35,0.35,100,0.016403616941533982,11537
matched,random,9,116,0.07936507936507936,97.30000000000007,0,0.0,27,0.27,100,0.015107892625965178,11637
matched,random,9,117,0.07874015748031496,96.60000000000002,0,0.0,34,0.34,100,0.013628542814403772,11737
matched,random,9,118,0.078125,92.40000000000005,2,0.02,38,0.38,100,0.015059867976233363,11837
matched,random,9,119,0.07751937984496124,97.8,0,0.0,22,0.22,100,0.013011867380701005,11937
matched,random,9,120,0.07692307692307693,95.30000000000001,1,0.01,28,0.28,100,0.014199604946188629,12037
matched,random,9,121,0.07633587786259542,97.60000000000004,0,0.0,24,0.24,100,0.014717410751618445,12137
matched,random,9,122,0.07575757575757576,97.30000000000005,0,0.0,27,0.27,100,0.016634409627877177,12237
matched,random,9,123,0.07518796992481203,94.30000000000001,1,0.01,37,0.37,100,0.014296322762966156,12337
matched,random,9,124,0.07462686567164178,93.00000000000003,2,0.02,32,0.32,100,0.014717759818304331,12437
matched,random,9,125,0.07407407407407407,97.00000000000006,0,0.0,30,0.3,100,0.0119408646132797,12537
matched,random,9,126,0.07352941176470588,97.30000000000004,0,0.0,27,0.27,100,0.013174174847081303,12637
matched,random,9,127,0.07299270072992702,96.80000000000004,0,0.0,32,0.32,100,0.013455117403063923,12737
matched,random,9,128,0.07246376811594203,95.99999999999997,1,0.01,21,0.21,100,0.011590484539046883,12837
matched,random,9,129,0.07194244604316546,96.70000000000005,0,0.0,33,0.33,100,0.012931733271107077,12937
matched,random,9,130,0.07142857142857142,95.60000000000001,1,0.01,25,0.25,100,0.01639642098452896,13037
matched,random,9,131,0.07092198581560284,91.40000000000006,3,0.03,29,0.29,100,0.013245673584751785,13137
matched,random,9,132,0.07042253521126761,90.70000000000003,3,0.03,35,0.35,100,0.014782329625450074,13237
matched,random,9,133,0.06993006993006992,95.40000000000003,1,0.01,26,0.26,100,0.012720699044875801,13337
matched,random,9,134,0.06944444444444445,93.00000000000003,2,0.02,31,0.31,100,0.013568189730867743,13437
matched,random,9,135,0.06896551724137931,93.50000000000004,2,0.02,27,0.27,100,0.012574062808416784,13537
matched,random,9,136,0.0684931506849315,95.00000000000004,1,0.01,31,0.31,100,0.014452897608280182,13637
matched,random,9,137,0.06802721088435375,97.10000000000002,0,0.0,29,0.29,100,0.01329773894045502,13737
matched,random,9,138,0.06756756756756756,94.90000000000003,1,0.01,32,0.32,100,0.013195006111636758,13837
matched,random,9,139,0.06711409395973154,95.5,1,0.01,26,0.26,100,0.015651356307789684,13937
matched,random,9,140,0.06666666666666667,92.80000000000004,2,0.02,34,0.34,100,0.011830512403976172,14037
matched,random,9,141,0.06622516556291391,95.30000000000004,1,0.01,28,0.28,100,0.014580206638202071,14137
matched,random,9,142,0.06578947368421052,96.30000000000005,0,0.0,37,0.37,100,0.014720440544188022,14237
matched,random,9,143,0.06535947712418301,97.50000000000001,0,0.0,25,0.25,100,0.012908591097220779,14337
matched,random,9,144,0.06493506493506493,93.60000000000001,2,0.02,26,0.26,100,0.012604777454398572,14437
matched,random,9,145,0.06451612903225806,94.30000000000004,1,0.01,38,0.38,100,0.013722547586075962,14537
matched,random,9,146,0.06410256410256411,95.30000000000003,1,0.01,28,0.28,100,0.010495965341106058,14637
matched,random,9,147,0.06369426751592357,96.40000000000003,0,0.0,36,0.36,100,0.014423322454094887,14737
matched,random,9,148,0.06329113924050632,97.90000000000002,0,0.0,21,0.21,100,0.01627412439789623,14837
matched,random,9,149,0.06289308176100629,96.80000000000001,0,0.0,32,0.32,100,0.010259194988757372,14937
matched,random,9,150,0.0625,92.60000000000002,2,0.02,36,0.36,100,0.01310867622261867,15037
matched,random,9,151,0.06211180124223602,93.10000000000002,2,0.02,30,0.3,100,0.011473366636782884,15137
matched,random,9,152,0.0617283950617284,95.10000000000002,1,0.01,30,0.3,100,0.015618306384421885,15237
matched,random,9,153,0.06134969325153374,94.5,1,0.01,36,0.36,100,0.015112683516927064,15337
matched,random,9,154,0.06097560975609757,97.40000000000003,0,0.0,26,0.26,100,0.012336449716240167,15437
matched,random,9,155,0.06060606060606061,97.20000000000002,0,0.0,28,0.28,100,0.012774931825697422,15537
matched,random,9,156,0.06024096385542168,93.30000000000001,2,0.02,29,0.29,100,0.011734389611519873,15637
matched,random,9,157,0.059880239520958084,95.20000000000005,1,0.01,28,0.28,100,0.010723346136510372,15737
matched,random,9,158,0.05952380952380952,96.90000000000006,0,0.0,31,0.31,100,0.012828574650920927,15837
matched,random,9,159,0.0591715976331361,94.80000000000003,1,0.01,33,0.33,100,0.01383762092795223,15937
matched,random,9,160,0.058823529411764705,98.00000000000004,0,0.0,20,0.2,100,0.011736796009354294,16037
matched,random,9,161,0.05847953216374269,93.50000000000003,2,0.02,26,0.26,100,0.01242671517189592,16137
matched,random,9,162,0.05813953488372093,96.10000000000002,1,0.01,20,0.2,100,0.012789188725873828,16237
matched,random,9,163,0.057803468208092484,97.20000000000002,0,0.0,28,0.28,100,0.014375154795125127,16337
matched,random,9,164,0.0574712643678161,93.1,2,0.02,31,0.31,100,0.014816572917625307,16437
matched,random,9,165,0.05714285714285714,97.60000000000005,0,0.0,24,0.24,100,0.011543509380426259,16537
matched,random,9,166,0.056818181818181816,94.30000000000004,2,0.02,19,0.19,100,0.012415325893089175,16637
matched,random,9,167,0.05649717514124294,97.20000000000003,0,0.0,28,0.28,100,0.011078111198730766,16737
matched,random,9,168,0.056179775280898875,95.7,1,0.01,24,0.24,100,0.01224186765961349,16837
matched,random,9,169,0.0558659217877095,95.30000000000004,1,0.01,28,0.28,100,0.011464064274914563,16937
matched,random,9,170,0.05555555555555555,95.60000000000004,1,0.01,25,0.25,100,0.012319740662351251,17037
matched,random,9,171,0.055248618784530384,92.50000000000006,2,0.02,36,0.36,100,0.013567122998647391,17137
matched,random,9,172,0.054945054945054944,96.80000000000007,0,0.0,32,0.32,100,0.012160626449622213,17237
matched,random,9,173,0.0546448087431694,94.70000000000007,1,0.01,34,0.34,100,0.011563941992353648,17337
matched,random,9,174,0.05434782608695653,94.00000000000003,2,0.02,22,0.22,100,0.012494882768951356,17437
matched,random,9,175,0.05405405405405406,94.6,1,0.01,35,0.35,100,0.011489863623864949,17537
matched,random,9,176,0.05376344086021505,97.70000000000005,0,0.0,23,0.23,100,0.010531187229789794,17637
matched,random,9,177,0.053475935828877004,95.30000000000004,1,0.01,28,0.28,100,0.009058187641203403,17737
matched,random,9,178,0.05319148936170213,98.30000000000004,0,0.0,17,0.17,100,0.009940039906650782,17837
matched,random,9,179,0.052910052910052914,98.0,0,0.0,20,0.2,100,0.012317828489467502,17937
matched,random,9,180,0.05263157894736842,96.80000000000005,0,0.0,32,0.32,100,0.009078610632568597,18037
matched,random,9,181,0.05235602094240837,95.10000000000004,1,0.01,30,0.3,100,0.012247575921937823,18137
matched,random,9,182,0.052083333333333336,96.60000000000007,0,0.0,34,0.34,100,0.012308743353933095,18237
matched,random,9,183,0.05181347150259067,97.9,0,0.0,21,0.21,100,0.015376658854074776,18337
matched,random,9,184,0.051546391752577324,95.90000000000005,1,0.01,22,0.22,100,0.011924284724518657,18437
matched,random,9,185,0.05128205128205128,93.80000000000004,2,0.02,24,0.24,100,0.011444196826778353,18537
matched,random,9,186,0.0510204081632653,94.10000000000002,1,0.01,40,0.4,100,0.016460438575595617,18637
matched,random,9,187,0.050761421319796954,96.10000000000002,1,0.01,20,0.2,100,0.012677478305995464,18737
matched,random,9,188,0.050505050505050504,97.20000000000005,0,0.0,28,0.28,100,0.010070663099177181,18837
matched,random,9,189,0.05025125628140704,93.20000000000006,2,0.02,29,0.29,100,0.011610401053912938,18937
matched,random,9,190,0.05,93.70000000000005,2,0.02,25,0.25,100,0.014089396349154413,19037
matched,random,9,191,0.04975124378109452,91.60000000000002,3,0.03,27,0.27,100,0.010740678128786384,19137
matched,random,9,192,0.04950495049504951,95.70000000000003,1,0.01,24,0.24,100,0.009801644191611558,19237
matched,random,9,193,0.04926108374384236,96.20000000000003,1,0.01,19,0.19,100,0.009760749787092208,19337
matched,random,9,194,0.04901960784313726,97.20000000000005,0,0.0,28,0.28,100,0.011174258883111179,19437
matched,random,9,195,0.04878048780487805,97.50000000000006,0,0.0,25,0.25,100,0.011250229603610933,19537
matched,random,9,196,0.04854368932038835,97.5,0,0.0,25,0.25,100,0.011927050310187043,19637
matched,random,9,197,0.04830917874396135,97.30000000000001,0,0.0,27,0.27,100,0.010060609341599048,19737
matched,random,9,198,0.04807692307692307,91.60000000000002,3,0.03,26,0.26,100,0.010925885140895843,19837
matched,random,9,199,0.04784688995215311,98.10000000000005,0,0.0,19,0.19,100,0.009003155129030348,19937
matched,random,10,0,1.0,66.09999999999994,13,0.13,90,0.9,100,0.06930305778577521,37
matched,random,10,1,0.9090909090909091,75.00000000000001,9,0.09,78,0.78,100,0.018452628306113182,137
matched,random,10,2,0.8333333333333334,72.69999999999996,10,0.1,81,0.81,100,0.01679034669417888,237
matched,random,10,3,0.7692307692307692,70.49999999999997,11,0.11,84,0.84,100,0.016862964341416955,337
matched,random,10,4,0.7142857142857143,76.30000000000001,8,0.08,85,0.85,100,0.015691478541120886,437
matched,random,10,5,0.6666666666666666,84.10000000000005,4,0.04,83,0.83,100,0.015323648648336529,537
matched,random,10,6,0.625,70.89999999999998,11,0.11,80,0.8,100,0.015123512279242277,637
matched,random,10,7,0.5882352941176471,81.10000000000004,6,0.06,75,0.75,100,0.015335024548694492,737
matched,random,10,8,0.5555555555555556,80.90000000000002,6,0.06,77,0.77,100,0.014613023661077022,837
matched,random,10,9,0.5263157894736842,86.70000000000005,3,0.03,76,0.76,100,0.01591246412601322,937
matched,random,10,10,0.5,77.0,8,0.08,77,0.77,100,0.01828727814834565,1037
matched,random,10,11,0.47619047619047616,77.90000000000003,8,0.08,69,0.69,100,0.02523379178252071,1137
matched,random,10,12,0.45454545454545453,82.90000000000003,5,0.05,76,0.76,100,0.03400634033605456,1237
matched,random,10,13,0.4347826086956522,80.4,7,0.07,63,0.63,100,0.019221137911081314,1337
matched,random,10,14,0.4166666666666667,81.90000000000003,6,0.06,66,0.66,100,0.01857180462218821,1437
matched,random,10,15,0.4,80.70000000000005,7,0.07,59,0.59,100,0.019019605396315455,1537
matched,random,10,16,0.3846153846153846,83.40000000000002,5,0.05,71,0.71,100,0.019086680095642804,1637
matched,random,10,17,0.37037037037037035,83.50000000000003,5,0.05,69,0.69,100,0.01963014849461615,1737
matched,random,10,18,0.35714285714285715,93.00000000000003,1,0.01,51,0.51,100,0.022284277444705368,1837
matched,random,10,19,0.3448275862068966,92.20000000000007,1,0.01,59,0.59,100,0.022020676136016847,1937
matched,random,10,20,0.3333333333333333,82.90000000000002,6,0.06,55,0.55,100,0.02024547480046749,2037
matched,random,10,21,0.3225806451612903,90.10000000000005,2,0.02,61,0.61,100,0.02334171040914953,2137
matched,random,10,22,0.3125,86.60000000000004,4,0.04,58,0.58,100,0.024779441002756357,2237
matched,random,10,23,0.30303030303030304,81.80000000000003,6,0.06,67,0.67,100,0.022678256630897523,2337
matched,random,10,24,0.29411764705882354,88.60000000000004,3,0.03,57,0.57,100,0.020831111697480083,2437
matched,random,10,25,0.2857142857142857,87.50000000000006,4,0.04,48,0.48,100,0.020462122154422103,2537
matched,random,10,26,0.2777777777777778,91.90000000000005,1,0.01,61,0.61,100,0.03642922087572515,2637
matched,random,10,27,0.27027027027027023,89.10000000000004,3,0.03,52,0.52,100,0.02282717983238399,2737
matched,random,10,28,0.2631578947368421,86.30000000000004,4,0.04,60,0.6,100,0.017949321921914816,2837
matched,random,10,29,0.25641025641025644,90.40000000000003,2,0.02,57,0.57,100,0.0211744800535962,2937
matched,random,10,30,0.25,90.70000000000009,2,0.02,55,0.55,100,0.018522374825552107,3037
matched,random,10,31,0.24390243902439027,91.40000000000002,2,0.02,48,0.48,100,0.01961765811778605,3137
matched,random,10,32,0.23809523809523808,88.50000000000007,3,0.03,58,0.58,100,0.01788371626287699,3237
matched,random,10,33,0.23255813953488372,93.30000000000008,1,0.01,48,0.48,100,0.0191266003344208,3337
matched,random,10,34,0.22727272727272727,90.30000000000007,2,0.02,59,0.59,100,0.024761300580576063,3437
matched,random,10,35,0.2222222222222222,88.60000000000005,3,0.03,55,0.55,100,0.02103710938245058,3537
matched,random,10,36,0.2173913043478261,89.10000000000004,3,0.03,51,0.51,100,0.018391230744309723,3637
matched,random,10,37,0.2127659574468085,93.30000000000007,1,0.01,48,0.48,100,0.01958373747766018,3737
matched,random,10,38,0.20833333333333334,89.4,3,0.03,49,0.49,100,0.023060292834416032,3837
matched,random,10,39,0.2040816326530612,96.20000000000002,0,0.0,38,0.38,100,0.021179185481742024,3937
matched,random,10,40,0.2,86.80000000000005,4,0.04,56,0.56,100,0.019054497512988745,4037
matched,random,10,41,0.19607843137254904,83.30000000000005,6,0.06,53,0.53,100,0.022717010257765652,4137
matched,random,10,42,0.1923076923076923,91.60000000000002,2,0.02,45,0.45,100,0.02120225067716092,4237
matched,random,10,43,0.18867924528301888,91.30000000000004,2,0.02,48,0.48,100,0.0238722915481776,4337
matched,random,10,44,0.18518518518518517,91.00000000000006,2,0.02,51,0.51,100,0.023424082584679127,4437
matched,random,10,45,0.18181818181818182,90.70000000000005,2,0.02,55,0.55,100,0.022633842146024107,4537
matched,random,10,46,0.17857142857142858,88.00000000000003,4,0.04,44,0.44,100,0.021885123066604138,4637
matched,random,10,47,0.17543859649122806,93.40000000000008,1,0.01,47,0.47,100,0.022558955256827176,4737
matched,random,10,48,0.1724137931034483,95.20000000000005,0,0.0,48,0.48,100,0.020285941124893726,4837
matched,random,10,49,0.1694915254237288,93.80000000000003,1,0.01,43,0.43,100,0.02505308039486408,4937
matched,random,10,50,0.16666666666666666,91.80000000000003,2,0.02,43,0.43,100,0.02495732198935002,5037
matched,random,10,51,0.1639344262295082,95.70000000000005,0,0.0,43,0.43,100,0.024387511210516095,5137
matched,random,10,52,0.16129032258064516,93.30000000000005,1,0.01,47,0.47,100,0.022855255766771734,5237
matched,random,10,53,0.15873015873015872,86.30000000000004,5,0.05,41,0.41,100,0.021582815619185566,5337
matched,random,10,54,0.15625,88.00000000000006,4,0.04,44,0.44,100,0.021933766365982592,5437
matched,random,10,55,0.15384615384615385,89.80000000000003,3,0.03,45,0.45,100,0.019986174404621124,5537
matched,random,10,56,0.15151515151515152,92.30000000000004,2,0.02,37,0.37,100,0.02578372755087912,5637
matched,random,10,57,0.14925373134328357,89.10000000000002,3,0.03,52,0.52,100,0.023694899338297545,5737
matched,random,10,58,0.14705882352941177,92.40000000000003,1,0.01,57,0.57,100,0.026073950352147223,5837
matched,random,10,59,0.14492753623188406,88.60000000000002,4,0.04,38,0.38,100,0.021614862149581315,5937
matched,random,10,60,0.14285714285714285,91.30000000000005,2,0.02,49,0.49,100,0.02377141738310456,6037
matched,random,10,61,0.14084507042253522,87.60000000000005,4,0.04,48,0.48,100,0.01841928591020405,6137
matched,random,10,62,0.1388888888888889,94.70000000000002,1,0.01,33,0.33,100,0.019144683470949532,6237
matched,random,10,63,0.136986301369863,94.10000000000004,1,0.01,40,0.4,100,0.01829229871276766,6337
matched,random,10,64,0.13513513513513511,95.90000000000003,0,0.0,41,0.41,100,0.017386646391823888,6437
matched,random,10,65,0.13333333333333333,97.20000000000002,0,0.0,28,0.28,100,0.018554751724004746,6537
matched,random,10,66,0.13157894736842105,92.10000000000002,2,0.02,41,0.41,100,0.020985865443944932,6637
matched,random,10,67,0.12987012987012986,96.60000000000005,0,0.0,34,0.34,100,0.019531381651759147,6737
matched,random,10,68,0.12820512820512822,95.10000000000004,1,0.01,30,0.3,100,0.01759294176939875,6837
matched,random,10,69,0.12658227848101264,94.90000000000003,1,0.01,32,0.32,100,0.01619784563779831,6937
matched,random,10,70,0.125,94.20000000000002,1,0.01,38,0.38,100,0.019248105329461397,7037
matched,random,10,71,0.1234567901234568,94.00000000000006,1,0.01,41,0.41,100,0.024443466821685432,7137
matched,random,10,72,0.12195121951219513,92.30000000000007,2,0.02,38,0.38,100,0.019817736498080194,7237
matched,random,10,73,0.12048192771084336,94.10000000000002,1,0.01,40,0.4,100,0.017417045645415782,7337
matched,random,10,74,0.11904761904761904,88.30000000000007,4,0.04,40,0.4,100,0.021942820157855748,7437
matched,random,10,75,0.11764705882352941,96.50000000000004,0,0.0,35,0.35,100,0.021244898615404965,7537
matched,random,10,76,0.11627906976744186,92.10000000000004,2,0.02,41,0.41,100,0.017022018334828318,7637
matched,random,10,77,0.1149425287356322,88.20000000000005,4,0.04,42,0.42,100,0.019219877510331572,7737
matched,random,10,78,0.11363636363636363,92.90000000000002,2,0.02,32,0.32,100,0.019255605526268482,7837
matched,random,10,79,0.11235955056179775,92.30000000000004,2,0.02,39,0.39,100,0.01783960106782615,7937
matched,random,10,80,0.1111111111111111,93.30000000000004,2,0.02,28,0.28,100,0.015622350657358765,8037
matched,random,10,81,0.10989010989010989,91.90000000000002,2,0.02,43,0.43,100,0.02065990788862109,8137
matched,random,10,82,0.10869565217391305,91.50000000000007,2,0.02,46,0.46,100,0.0251966842263937,8237
matched,random,10,83,0.1075268817204301,94.20000000000007,1,0.01,38,0.38,100,0.018278540894389152,8337
matched,random,10,84,0.10638297872340426,94.00000000000006,1,0.01,40,0.4,100,0.016048573958687484,8437
matched,random,10,85,0.10526315789473684,90.50000000000004,3,0.03,37,0.37,100,0.014691556971520185,8537
matched,random,10,86,0.10416666666666667,95.30000000000007,1,0.01,27,0.27,100,0.015465517179109156,8637
matched,random,10,87,0.10309278350515465,95.60000000000005,1,0.01,25,0.25,100,0.013699481305666268,8737
matched,random,10,88,0.1020408163265306,94.50000000000001,1,0.01,36,0.36,100,0.024700954016298057,8837
matched,random,10,89,0.10101010101010101,93.0,2,0.02,31,0.31,100,0.018410227568820117,8937
matched,random,10,90,0.1,93.9,2,0.02,23,0.23,100,0.013476612865924836,9037
matched,random,10,91,0.09900990099009901,96.90000000000003,0,0.0,31,0.31,100,0.015582749303430319,9137
matched,random,10,92,0.09803921568627452,93.80000000000005,1,0.01,43,0.43,100,0.014495384050533175,9237
matched,random,10,93,0.0970873786407767,97.70000000000002,0,0.0,23,0.23,100,0.014101410461589694,9337
matched,random,10,94,0.09615384615384615,96.9,0,0.0,31,0.31,100,0.012654166794382036,9437
matched,random,10,95,0.09523809523809523,95.20000000000003,1,0.01,29,0.29,100,0.017581362929195165,9537
matched,random,10,96,0.09433962264150944,97.10000000000005,0,0.0,29,0.29,100,0.019280915311537684,9637
matched,random,10,97,0.09345794392523366,95.10000000000001,1,0.01,30,0.3,100,0.013159778150729835,9737
matched,random,10,98,0.09259259259259259,92.80000000000007,2,0.02,34,0.34,100,0.0157485531270504,9837
matched,random,10,99,0.09174311926605504,91.70000000000005,2,0.02,44,0.44,100,0.02034278185106814,9937
matched,random,10,100,0.09090909090909091,96.60000000000004,0,0.0,34,0.34,100,0.01643858112860471,10037
matched,random,10,101,0.0900900900900901,95.10000000000002,1,0.01,30,0.3,100,0.015552926361560821,10137
matched,random,10,102,0.08928571428571429,94.70000000000002,1,0.01,34,0.34,100,0.015269926921464503,10237
matched,random,10,103,0.08849557522123894,90.70000000000005,3,0.03,36,0.36,100,0.01807110703550279,10337
matched,random,10,104,0.08771929824561403,95.90000000000005,0,0.0,41,0.41,100,0.015093196616508067,10437
matched,random,10,105,0.08695652173913043,94.90000000000005,1,0.01,32,0.32,100,0.015091266501694917,10537
matched,random,10,106,0.08620689655172414,90.50000000000007,3,0.03,38,0.38,100,0.012360658068209886,10637
matched,random,10,107,0.08547008547008547,97.20000000000005,0,0.0,28,0.28,100,0.01674584166612476,10737
matched,random,10,108,0.0847457627118644,97.20000000000002,0,0.0,28,0.28,100,0.015214733965694904,10837
matched,random,10,109,0.08403361344537814,96.20000000000006,0,0.0,38,0.38,100,0.015740164876915513,10937
matched,random,10,110,0.08333333333333333,94.90000000000003,1,0.01,32,0.32,100,0.012215014835819602,11037
matched,random,10,111,0.08264462809917356,93.00000000000001,2,0.02,32,0.32,100,0.014114200975745917,11137
matched,random,10,112,0.0819672131147541,94.9,1,0.01,32,0.32,100,0.013631007191725076,11237
matched,random,10,113,0.08130081300813008,95.20000000000005,1,0.01,29,0.29,100,0.017211638344451784,11337
matched,random,10,114,0.08064516129032258,91.10000000000002,3,0.03,32,0.32,100,0.014739186484366656,11437
matched,random,10,115,0.08,97.4,0,0.0,26,0.26,100,0.012443509553559124,11537
matched,random,10,116,0.07936507936507936,97.10000000000005,0,0.0,29,0.29,100,0.01299226647708565,11637
matched,random,10,117,0.07874015748031496,93.40000000000005,2,0.02,28,0.28,100,0.015046111107803881,11737
matched,random,10,118,0.078125,95.20000000000003,1,0.01,28,0.28,100,0.013434960138984025,11837
matched,random,10,119,0.07751937984496124,97.80000000000003,0,0.0,22,0.22,100,0.01300002028932795,11937
matched,random,10,120,0.07692307692307693,92.9,2,0.02,33,0.33,100,0.012260611383244396,12037
matched,random,10,121,0.07633587786259542,97.60000000000004,0,0.0,24,0.24,100,0.015448271003551782,12137
matched,random,10,122,0.07575757575757576,96.80000000000003,0,0.0,32,0.32,100,0.013637903123162686,12237
matched,random,10,123,0.07518796992481203,90.30000000000003,3,0.03,38,0.38,100,0.011783763458952308,12337
matched,random,10,124,0.07462686567164178,97.50000000000003,0,0.0,25,0.25,100,0.01304834868758917,12437
matched,random,10,125,0.07407407407407407,96.80000000000005,0,0.0,32,0.32,100,0.01250949386972934,12537
matched,random,10,126,0.07352941176470588,95.30000000000003,1,0.01,28,0.28,100,0.014389355750754475,12637
matched,random,10,127,0.07299270072992702,92.80000000000005,2,0.02,33,0.33,100,0.013354835114441813,12737
matched,random,10,128,0.07246376811594203,92.50000000000001,2,0.02,36,0.36,100,0.016215300844050942,12837
matched,random,10,129,0.07194244604316546,94.40000000000002,1,0.01,37,0.37,100,0.013383577852509916,12937
matched,random,10,130,0.07142857142857142,94.70000000000006,1,0.01,34,0.34,100,0.013139974302612245,13037
matched,random,10,131,0.07092198581560284,97.40000000000002,0,0.0,26,0.26,100,0.01308410355821252,13137
matched,random,10,132,0.07042253521126761,93.30000000000003,2,0.02,29,0.29,100,0.01604562418535352,13237
matched,random,10,133,0.06993006993006992,97.40000000000002,0,0.0,26,0.26,100,0.014817210086621345,13337
matched,random,10,134,0.06944444444444445,97.90000000000003,0,0.0,21,0.21,100,0.015564428856596351,13437
matched,random,10,135,0.06896551724137931,94.40000000000003,1,0.01,37,0.37,100,0.011957492474466562,13537
matched,random,10,136,0.0684931506849315,95.30000000000001,1,0.01,28,0.28,100,0.016566785383038223,13637
matched,random,10,137,0.06802721088435375,98.00000000000003,0,0.0,20,0.2,100,0.01932504512835294,13737
matched,random,10,138,0.06756756756756756,93.40000000000003,2,0.02,27,0.27,100,0.014467391450889409,13837
matched,random,10,139,0.06711409395973154,94.80000000000008,1,0.01,33,0.33,100,0.010951616517268122,13937
matched,random,10,140,0.06666666666666667,92.70000000000003,2,0.02,34,0.34,100,0.013098990637809038,14037
matched,random,10,141,0.06622516556291391,97.00000000000009,0,0.0,30,0.3,100,0.013617388545535505,14137
matched,random,10,142,0.06578947368421052,95.20000000000005,1,0.01,29,0.29,100,0.012698731096461415,14237
matched,random,10,143,0.06535947712418301,94.50000000000004,1,0.01,36,0.36,100,0.015319566559046507,14337
matched,random,10,144,0.06493506493506493,92.20000000000003,2,0.02,40,0.4,100,0.013753624586388468,14437
matched,random,10,145,0.06451612903225806,95.20000000000002,1,0.01,29,0.29,100,0.014154898361302912,14537
matched,random,10,146,0.06410256410256411,97.10000000000002,0,0.0,29,0.29,100,0.012990775774233044,14637
matched,random,10,147,0.06369426751592357,95.00000000000007,1,0.01,30,0.3,100,0.014179666806012393,14737
matched,random,10,148,0.06329113924050632,94.30000000000004,1,0.01,38,0.38,100,0.01586615230422467,14837
matched,random,10,149,0.06289308176100629,95.00000000000003,1,0.01,31,0.31,100,0.01318384449928999,14937
matched,random,10,150,0.0625,93.50000000000006,2,0.02,27,0.27,100,0.012611484951339662,15037
matched,random,10,151,0.06211180124223602,96.70000000000006,0,0.0,33,0.33,100,0.012885484802536666,15137
matched,random,10,152,0.0617283950617284,97.60000000000002,0,0.0,24,0.24,100,0.011868202709592879,15237
matched,random,10,153,0.06134969325153374,96.40000000000006,0,0.0,36,0.36,100,0.012727594450116158,15337
matched,random,10,154,0.06097560975609757,95.50000000000004,1,0.01,26,0.26,100,0.013484857073053717,15437
matched,random,10,155,0.06060606060606061,95.50000000000004,1,0.01,26,0.26,100,0.015153878210112453,15537
matched,random,10,156,0.06024096385542168,96.10000000000002,0,0.0,39,0.39,100,0.01154450858477503,15637
matched,random,10,157,0.059880239520958084,95.90000000000003,1,0.01,22,0.22,100,0.010420079473406077,15737
matched,random,10,158,0.05952380952380952,95.50000000000003,1,0.01,26,0.26,100,0.012827414646744728,15837
matched,random,10,159,0.0591715976331361,97.70000000000002,0,0.0,23,0.23,100,0.015095295887440442,15937
matched,random,10,160,0.058823529411764705,94.80000000000001,1,0.01,33,0.33,100,0.016041610753163696,16037
matched,random,10,161,0.05847953216374269,97.00000000000003,0,0.0,30,0.3,100,0.01891272089444101,16137
matched,random,10,162,0.05813953488372093,94.60000000000002,1,0.01,35,0.35,100,0.012909635677933693,16237
matched,random,10,163,0.057803468208092484,93.20000000000002,2,0.02,30,0.3,100,0.011202011844143272,16337
matched,random,10,164,0.0574712643678161,94.30000000000007,1,0.01,38,0.38,100,0.014948164524976165,16437
matched,random,10,165,0.05714285714285714,97.00000000000003,0,0.0,30,0.3,100,0.01326988052111119,16537
matched,random,10,166,0.056818181818181816,97.5,0,0.0,25,0.25,100,0.013628827212378382,16637
matched,random,10,167,0.05649717514124294,95.30000000000001,1,0.01,28,0.28,100,0.01270135901402682,16737
matched,random,10,168,0.056179775280898875,97.80000000000003,0,0.0,22,0.22,100,0.009895168519578874,16837
matched,random,10,169,0.0558659217877095,95.00000000000004,1,0.01,31,0.31,100,0.01014263708377257,16937
matched,random,10,170,0.05555555555555555,97.20000000000002,0,0.0,28,0.28,100,0.011537052714265883,17037
matched,random,10,171,0.055248618784530384,97.80000000000004,0,0.0,22,0.22,100,0.012754488629288971,17137
matched,random,10,172,0.054945054945054944,97.30000000000001,0,0.0,27,0.27,100,0.011308737737126649,17237
matched,random,10,173,0.0546448087431694,92.7,2,0.02,35,0.35,100,0.011135923608671874,17337
matched,random,10,174,0.05434782608695653,93.10000000000005,2,0.02,31,0.31,100,0.011300956187769771,17437
matched,random,10,175,0.05405405405405406,97.80000000000004,0,0.0,22,0.22,100,0.015255237128585578,17537
matched,random,10,176,0.05376344086021505,94.90000000000002,1,0.01,32,0.32,100,0.012805500854738057,17637
matched,random,10,177,0.053475935828877004,95.30000000000003,1,0.01,28,0.28,100,0.012561288664583116,17737
matched,random,10,178,0.05319148936170213,96.70000000000002,0,0.0,33,0.33,100,0.011560674160718917,17837
matched,random,10,179,0.052910052910052914,97.50000000000003,0,0.0,25,0.25,100,0.011171196883078665,17937
matched,random,10,180,0.05263157894736842,94.80000000000003,1,0.01,33,0.33,100,0.010014070747420192,18037
matched,random,10,181,0.05235602094240837,97.50000000000004,0,0.0,25,0.25,100,0.01206391439307481,18137
matched,random,10,182,0.052083333333333336,97.40000000000003,0,0.0,26,0.26,100,0.015598662518896163,18237
matched,random,10,183,0.05181347150259067,93.50000000000001,2,0.02,27,0.27,100,0.011941988402977586,18337
matched,random,10,184,0.051546391752577324,95.10000000000005,1,0.01,30,0.3,100,0.017032563076354562,18437
matched,random,10,185,0.05128205128205128,94.70000000000002,1,0.01,34,0.34,100,0.012409333102405072,18537
matched,random,10,186,0.0510204081632653,93.6,2,0.02,25,0.25,100,0.013798839338123798,18637
matched,random,10,187,0.050761421319796954,95.20000000000005,1,0.01,29,0.29,100,0.017365940622985365,18737
matched,random,10,188,0.050505050505050504,97.70000000000005,0,0.0,23,0.23,100,0.0132494294969365,18837
matched,random,10,189,0.05025125628140704,97.40000000000002,0,0.0,26,0.26,100,0.011281798472627997,18937
matched,random,10,190,0.05,96.70000000000003,0,0.0,33,0.33,100,0.010749192680232228,19037
matched,random,10,191,0.04975124378109452,97.90000000000006,0,0.0,21,0.21,100,0.01261311769252643,19137
matched,random,10,192,0.04950495049504951,97.30000000000007,0,0.0,27,0.27,100,0.013984939251095056,19237
matched,random,10,193,0.04926108374384236,93.70000000000005,2,0.02,23,0.23,100,0.01075073380023241,19337
matched,random,10,194,0.04901960784313726,95.4,1,0.01,27,0.27,100,0.009246362789999693,19437
matched,random,10,195,0.04878048780487805,95.80000000000003,1,0.01,22,0.22,100,0.009730165749788284,19537
matched,random,10,196,0.04854368932038835,97.80000000000001,0,0.0,22,0.22,100,0.011308463800232857,19637
matched,random,10,197,0.04830917874396135,95.80000000000004,1,0.01,23,0.23,100,0.011196224973537028,19737
matched,random,10,198,0.04807692307692307,97.7,0,0.0,23,0.23,100,0.00940568779129535,19837
matched,random,10,199,0.04784688995215311,97.80000000000005,0,0.0,22,0.22,100,0.01003136052750051,19937
