model,jammer_mode,train_seed,episode,epsilon,return,collisions,collision_rate,switches,switch_rate,steps,mean_td_mse,updates
no_dueling,sweeping,1,0,1.0,78.30000000000001,7,0.07,82,0.82,100,0.15561253235146805,37
no_dueling,sweeping,1,1,0.9090909090909091,68.59999999999997,12,0.12,83,0.83,100,0.05463018475100398,137
no_dueling,sweeping,1,2,0.8333333333333334,69.79999999999997,11,0.11,89,0.89,100,0.0323016822617501,237
no_dueling,sweeping,1,3,0.7692307692307692,72.09999999999998,10,0.1,89,0.89,100,0.019685445595532657,337
no_dueling,sweeping,1,4,0.7142857142857143,70.59999999999998,11,0.11,85,0.85,100,0.008390244063921273,437
no_dueling,sweeping,1,5,0.6666666666666666,82.20000000000003,5,0.05,81,0.81,100,0.005916955594439059,537
no_dueling,sweeping,1,6,0.625,77.10000000000004,8,0.08,76,0.76,100,0.007198832808062434,637
no_dueling,sweeping,1,7,0.5882352941176471,75.3,9,0.09,75,0.75,100,0.004545518084196374,737
no_dueling,sweeping,1,8,0.5555555555555556,75.5,9,0.09,73,0.73,100,0.005480340837966651,837
no_dueling,sweeping,1,9,0.5263157894736842,80.90000000000003,6,0.06,76,0.76,100,0.004905264395056293,937
no_dueling,sweeping,1,10,0.5,77.10000000000004,8,0.08,77,0.77,100,0.0045911475154571234,1037
no_dueling,sweeping,1,11,0.47619047619047616,68.99999999999996,12,0.12,81,0.81,100,0.005342920194379985,1137
no_dueling,sweeping,1,12,0.45454545454545453,80.6,6,0.06,78,0.78,100,0.005818432488013059,1237
no_dueling,sweeping,1,13,0.4347826086956522,73.3,10,0.1,77,0.77,100,0.0045074910996481775,1337
no_dueling,sweeping,1,14,0.4166666666666667,89.10000000000008,2,0.02,71,0.71,100,0.004990461098495871,1437
no_dueling,sweeping,1,15,0.4,83.40000000000005,5,0.05,71,0.71,100,0.007012151782400906,1537
no_dueling,sweeping,1,16,0.3846153846153846,87.40000000000006,3,0.03,69,0.69,100,0.006089467022102326,1637
no_dueling,sweeping,1,17,0.37037037037037035,83.50000000000004,5,0.05,69,0.69,100,0.008175423643551767,1737
no_dueling,sweeping,1,18,0.35714285714285715,86.70000000000006,3,0.03,75,0.75,100,0.0073156051361002025,1837
no_dueling,sweeping,1,19,0.3448275862068966,90.50000000000007,1,0.01,76,0.76,100,0.007138094743713737,1937
no_dueling,sweeping,1,20,0.3333333333333333,93.30000000000007,0,0.0,67,0.67,100,0.006768920100294054,2037
no_dueling,sweeping,1,21,0.3225806451612903,79.4,7,0.07,72,0.72,100,0.009677287240047008,2137
no_dueling,sweeping,1,22,0.3125,83.20000000000007,5,0.05,73,0.73,100,0.009286824746523053,2237
no_dueling,sweeping,1,23,0.30303030303030304,73.9,10,0.1,70,0.7,100,0.009006589169148356,2337
no_dueling,sweeping,1,24,0.29411764705882354,87.40000000000005,3,0.03,68,0.68,100,0.007035758146084845,2437
no_dueling,sweeping,1,25,0.2857142857142857,89.70000000000009,2,0.02,65,0.65,100,0.006624466960784048,2537
no_dueling,sweeping,1,26,0.2777777777777778,80.80000000000004,7,0.07,55,0.55,100,0.008311812866013497,2637
no_dueling,sweeping,1,27,0.27027027027027023,84.90000000000005,4,0.04,75,0.75,100,0.0070253208512440326,2737
no_dueling,sweeping,1,28,0.2631578947368421,89.60000000000007,2,0.02,66,0.66,100,0.007489883115049452,2837
no_dueling,sweeping,1,29,0.25641025641025644,92.90000000000008,0,0.0,71,0.71,100,0.0084755021170713,2937
no_dueling,sweeping,1,30,0.25,77.90000000000002,8,0.08,68,0.68,100,0.007908697845414281,3037
no_dueling,sweeping,1,31,0.24390243902439027,91.80000000000005,1,0.01,63,0.63,100,0.0066916569974273445,3137
no_dueling,sweeping,1,32,0.23809523809523808,86.70000000000006,3,0.03,76,0.76,100,0.008852571623865515,3237
no_dueling,sweeping,1,33,0.23255813953488372,83.60000000000001,5,0.05,69,0.69,100,0.007798382225446403,3337
no_dueling,sweeping,1,34,0.22727272727272727,91.70000000000005,1,0.01,63,0.63,100,0.00707261891104281,3437
no_dueling,sweeping,1,35,0.2222222222222222,83.90000000000003,5,0.05,65,0.65,100,0.008350937950890511,3537
no_dueling,sweeping,1,36,0.2173913043478261,83.30000000000005,5,0.05,71,0.71,100,0.007778895900119096,3637
no_dueling,sweeping,1,37,0.2127659574468085,85.50000000000004,4,0.04,67,0.67,100,0.007365106230136007,3737
no_dueling,sweeping,1,38,0.20833333333333334,87.20000000000007,3,0.03,71,0.71,100,0.00817983440356329,3837
no_dueling,sweeping,1,39,0.2040816326530612,88.20000000000005,3,0.03,59,0.59,100,0.008048983099870384,3937
no_dueling,sweeping,1,40,0.2,89.90000000000008,2,0.02,63,0.63,100,0.006423103848937899,4037
no_dueling,sweeping,1,41,0.19607843137254904,89.90000000000008,2,0.02,63,0.63,100,0.007307060789316893,4137
no_dueling,sweeping,1,42,0.1923076923076923,90.10000000000004,2,0.02,61,0.61,100,0.006053830801974982,4237
no_dueling,sweeping,1,43,0.18867924528301888,89.50000000000004,2,0.02,67,0.67,100,0.009678460517898202,4337
no_dueling,sweeping,1,44,0.18518518518518517,92.00000000000009,1,0.01,60,0.6,100,0.006525454055517912,4437
no_dueling,sweeping,1,45,0.18181818181818182,90.50000000000009,1,0.01,76,0.76,100,0.008087245584465563,4537
no_dueling,sweeping,1,46,0.17857142857142858,85.80000000000007,4,0.04,64,0.64,100,0.010690407282672822,4637
no_dueling,sweeping,1,47,0.17543859649122806,85.4,4,0.04,70,0.7,100,0.007607766904402524,4737
no_dueling,sweeping,1,48,0.1724137931034483,91.30000000000004,1,0.01,68,0.68,100,0.010117449332028627,4837
no_dueling,sweeping,1,49,0.1694915254237288,84.10000000000007,5,0.05,64,0.64,100,0.008997932651545852,4937
no_dueling,sweeping,1,50,0.16666666666666666,91.00000000000007,1,0.01,71,0.71,100,0.008050241030286998,5037
no_dueling,sweeping,1,51,0.1639344262295082,85.10000000000002,4,0.04,73,0.73,100,0.00816260470310226,5137
no_dueling,sweeping,1,52,0.16129032258064516,81.50000000000003,6,0.06,70,0.7,100,0.009423290363047272,5237
no_dueling,sweeping,1,53,0.15873015873015872,90.20000000000005,2,0.02,60,0.6,100,0.010663109743036329,5337
no_dueling,sweeping,1,54,0.15625,85.50000000000007,4,0.04,68,0.68,100,0.008851619157940149,5437
no_dueling,sweeping,1,55,0.15384615384615385,92.20000000000005,1,0.01,59,0.59,100,0.008116489395033568,5537
no_dueling,sweeping,1,56,0.15151515151515152,83.20000000000003,5,0.05,71,0.71,100,0.01091813531704247,5637
no_dueling,sweeping,1,57,0.14925373134328357,89.30000000000007,2,0.02,68,0.68,100,0.00919515835819766,5737
no_dueling,sweeping,1,58,0.14705882352941177,92.20000000000005,1,0.01,59,0.59,100,0.008292563911527395,5837
no_dueling,sweeping,1,59,0.14492753623188406,94.00000000000009,0,0.0,60,0.6,100,0.008244320629164576,5937
no_dueling,sweeping,1,60,0.14285714285714285,89.80000000000008,2,0.02,64,0.64,100,0.009247911302372814,6037
no_dueling,sweeping,1,61,0.14084507042253522,89.30000000000003,2,0.02,69,0.69,100,0.008761140606366099,6137
no_dueling,sweeping,1,62,0.1388888888888889,91.20000000000009,1,0.01,69,0.69,100,0.007187572175171226,6237
no_dueling,sweeping,1,63,0.136986301369863,81.60000000000002,6,0.06,68,0.68,100,0.007980650286190211,6337
no_dueling,sweeping,1,64,0.13513513513513511,94.00000000000007,0,0.0,60,0.6,100,0.008807717848103493,6437
no_dueling,sweeping,1,65,0.13333333333333333,92.20000000000005,1,0.01,59,0.59,100,0.007699596711900085,6537
no_dueling,sweeping,1,66,0.13157894736842105,93.30000000000011,0,0.0,67,0.67,100,0.008749666609801351,6637
no_dueling,sweeping,1,67,0.12987012987012986,86.10000000000002,4,0.04,63,0.63,100,0.007469026471953839,6737
no_dueling,sweeping,1,68,0.12820512820512822,87.90000000000002,4,0.04,45,0.45,100,0.0064024424506351355,6837
no_dueling,sweeping,1,69,0.12658227848101264,91.10000000000008,2,0.02,50,0.5,100,0.008399568432942033,6937
no_dueling,sweeping,1,70,0.125,85.90000000000005,4,0.04,64,0.64,100,0.009466236545704306,7037
no_dueling,sweeping,1,71,0.1234567901234568,88.70000000000005,3,0.03,56,0.56,100,0.009555567922070622,7137
no_dueling,sweeping,1,72,0.12195121951219513,92.40000000000003,1,0.01,57,0.57,100,0.01020388658158481,7237
no_dueling,sweeping,1,73,0.12048192771084336,91.40000000000006,1,0.01,67,0.67,100,0.008881582270842046,7337
no_dueling,sweeping,1,74,0.11904761904761904,87.90000000000005,3,0.03,64,0.64,100,0.008325773575343191,7437
no_dueling,sweeping,1,75,0.11764705882352941,95.00000000000004,0,0.0,50,0.5,100,0.006803762794006616,7537
no_dueling,sweeping,1,76,0.11627906976744186,92.20000000000003,1,0.01,59,0.59,100,0.009460562982130796,7637
no_dueling,sweeping,1,77,0.1149425287356322,88.60000000000004,3,0.03,56,0.56,100,0.007049591990653426,7737
no_dueling,sweeping,1,78,0.11363636363636363,93.50000000000009,0,0.0,65,0.65,100,0.007697473941370845,7837
no_dueling,sweeping,1,79,0.11235955056179775,90.60000000000005,2,0.02,56,0.56,100,0.007453998615965247,7937
no_dueling,sweeping,1,80,0.1111111111111111,87.80000000000004,3,0.03,65,0.65,100,0.016180990310385824,8037
no_dueling,sweeping,1,81,0.10989010989010989,90.00000000000006,2,0.02,62,0.62,100,0.008959613835904746,8137
no_dueling,sweeping,1,82,0.10869565217391305,94.60000000000007,0,0.0,54,0.54,100,0.008233914512675255,8237
no_dueling,sweeping,1,83,0.1075268817204301,92.00000000000006,1,0.01,61,0.61,100,0.008081753666047006,8337
no_dueling,sweeping,1,84,0.10638297872340426,94.90000000000008,0,0.0,51,0.51,100,0.009314249574672431,8437
no_dueling,sweeping,1,85,0.10526315789473684,94.70000000000006,0,0.0,53,0.53,100,0.010452538803219795,8537
no_dueling,sweeping,1,86,0.10416666666666667,92.5000000000001,1,0.01,56,0.56,100,0.007243138551712036,8637
no_dueling,sweeping,1,87,0.10309278350515465,90.40000000000003,2,0.02,58,0.58,100,0.008181897257454693,8737
no_dueling,sweeping,1,88,0.1020408163265306,92.50000000000004,1,0.01,56,0.56,100,0.009110795266460628,8837
no_dueling,sweeping,1,89,0.10101010101010101,84.80000000000001,5,0.05,57,0.57,100,0.008399149326141924,8937
no_dueling,sweeping,1,90,0.1,91.10000000000004,2,0.02,51,0.51,100,0.009136291830800473,9037
no_dueling,sweeping,1,91,0.09900990099009901,93.60000000000008,0,0.0,64,0.64,100,0.008414886798709631,9137
no_dueling,sweeping,1,92,0.09803921568627452,94.00000000000006,0,0.0,60,0.6,100,0.0076559681072831155,9237
no_dueling,sweeping,1,93,0.0970873786407767,89.90000000000003,3,0.03,44,0.44,100,0.006626019445247948,9337
no_dueling,sweeping,1,94,0.09615384615384615,91.80000000000007,1,0.01,63,0.63,100,0.010846689306199551,9437
no_dueling,sweeping,1,95,0.09523809523809523,90.40000000000005,2,0.02,58,0.58,100,0.010467863902449607,9537
no_dueling,sweeping,1,96,0.09433962264150944,94.30000000000008,0,0.0,57,0.57,100,0.009083624416962265,9637
no_dueling,sweeping,1,97,0.09345794392523366,94.70000000000006,0,0.0,53,0.53,100,0.010239642295055092,9737
no_dueling,sweeping,1,98,0.09259259259259259,95.20000000000005,0,0.0,48,0.48,100,0.008359379549510777,9837
no_dueling,sweeping,1,99,0.09174311926605504,93.00000000000003,1,0.01,51,0.51,100,0.009540969962254167,9937
no_dueling,sweeping,1,100,0.09090909090909091,90.80000000000005,2,0.02,54,0.54,100,0.011892858291976154,10037
no_dueling,sweeping,1,101,0.0900900900900901,92.60000000000005,1,0.01,55,0.55,100,0.007222153940238059,10137
no_dueling,sweeping,1,102,0.08928571428571429,93.20000000000005,1,0.01,49,0.49,100,0.009230125243775547,10237
no_dueling,sweeping,1,103,0.08849557522123894,92.30000000000007,1,0.01,58,0.58,100,0.011766594126820564,10337
no_dueling,sweeping,1,104,0.08771929824561403,92.70000000000005,1,0.01,54,0.54,100,0.008198953054379671,10437
no_dueling,sweeping,1,105,0.08695652173913043,93.80000000000007,1,0.01,43,0.43,100,0.008414904635865241,10537
no_dueling,sweeping,1,106,0.08620689655172414,94.90000000000006,0,0.0,51,0.51,100,0.008346123481169343,10637
no_dueling,sweeping,1,107,0.08547008547008547,94.30000000000007,0,0.0,57,0.57,100,0.00943037612363696,10737
no_dueling,sweeping,1,108,0.0847457627118644,95.20000000000006,0,0.0,48,0.48,100,0.008653055480681359,10837
no_dueling,sweeping,1,109,0.08403361344537814,93.60000000000002,1,0.01,45,0.45,100,0.008532638370525092,10937
no_dueling,sweeping,1,110,0.08333333333333333,91.40000000000005,2,0.02,48,0.48,100,0.008808804722502828,11037
no_dueling,sweeping,1,111,0.08264462809917356,90.40000000000003,2,0.02,58,0.58,100,0.010939133358187974,11137
no_dueling,sweeping,1,112,0.0819672131147541,94.0000000000001,0,0.0,60,0.6,100,0.0073474379093386236,11237
no_dueling,sweeping,1,113,0.08130081300813008,94.60000000000004,0,0.0,54,0.54,100,0.01047335758805275,11337
no_dueling,sweeping,1,114,0.08064516129032258,88.70000000000006,3,0.03,56,0.56,100,0.009796086004935206,11437
no_dueling,sweeping,1,115,0.08,93.90000000000003,1,0.01,42,0.42,100,0.0076768585992977026,11537
no_dueling,sweeping,1,116,0.07936507936507936,93.10000000000007,1,0.01,50,0.5,100,0.009877777211368084,11637
no_dueling,sweeping,1,117,0.07874015748031496,95.70000000000007,0,0.0,43,0.43,100,0.009919813610613346,11737
no_dueling,sweeping,1,118,0.078125,92.60000000000007,1,0.01,55,0.55,100,0.008498080184217542,11837
no_dueling,sweeping,1,119,0.07751937984496124,90.40000000000006,2,0.02,58,0.58,100,0.009265683754347265,11937
no_dueling,sweeping,1,120,0.07692307692307693,94.40000000000006,0,0.0,56,0.56,100,0.00763690097257495,12037
no_dueling,sweeping,1,121,0.07633587786259542,93.30000000000007,1,0.01,47,0.47,100,0.009488414870575071,12137
no_dueling,sweeping,1,122,0.07575757575757576,92.00000000000007,1,0.01,61,0.61,100,0.010606035583186894,12237
no_dueling,sweeping,1,123,0.07518796992481203,92.70000000000006,1,0.01,54,0.54,100,0.009652995015494525,12337
no_dueling,sweeping,1,124,0.07462686567164178,92.50000000000006,1,0.01,56,0.56,100,0.00880670769372955,12437
no_dueling,sweeping,1,125,0.07407407407407407,94.40000000000008,0,0.0,56,0.56,100,0.009073921733070166,12537
no_dueling,sweeping,1,126,0.07352941176470588,92.10000000000005,1,0.01,60,0.6,100,0.008018007583450526,12637
no_dueling,sweeping,1,127,0.07299270072992702,95.30000000000008,0,0.0,47,0.47,100,0.009473334837239236,12737
no_dueling,sweeping,1,128,0.07246376811594203,94.50000000000009,0,0.0,55,0.55,100,0.00803653641603887,12837
no_dueling,sweeping,1,129,0.07194244604316546,95.00000000000007,0,0.0,50,0.5,100,0.00859256754629314,12937
no_dueling,sweeping,1,130,0.07142857142857142,93.20000000000007,1,0.01,49,0.49,100,0.009558555076364428,13037
no_dueling,sweeping,1,131,0.07092198581560284,89.10000000000002,3,0.03,52,0.52,100,0.008618925733026117,13137
no_dueling,sweeping,1,132,0.07042253521126761,94.60000000000008,0,0.0,54,0.54,100,0.008518202591221779,13237
no_dueling,sweeping,1,133,0.06993006993006992,92.80000000000004,1,0.01,53,0.53,100,0.008970046527683734,13337
no_dueling,sweeping,1,134,0.06944444444444445,93.80000000000004,1,0.01,43,0.43,100,0.00722648284281604,13437
no_dueling,sweeping,1,135,0.06896551724137931,93.50000000000006,1,0.01,46,0.46,100,0.00888752021593973,13537
no_dueling,sweeping,1,136,0.0684931506849315,94.90000000000008,0,0.0,51,0.51,100,0.007194801464211195,13637
no_dueling,sweeping,1,137,0.06802721088435375,93.40000000000006,1,0.01,47,0.47,100,0.0093334088800475,13737
no_dueling,sweeping,1,138,0.06756756756756756,94.80000000000004,0,0.0,52,0.52,100,0.00858230485348031,13837
no_dueling,sweeping,1,139,0.06711409395973154,94.00000000000004,1,0.01,41,0.41,100,0.00733736410504207,13937
no_dueling,sweeping,1,140,0.06666666666666667,95.20000000000007,0,0.0,48,0.48,100,0.008140501307789236,14037
no_dueling,sweeping,1,141,0.06622516556291391,95.00000000000004,0,0.0,50,0.5,100,0.007719611979555338,14137
no_dueling,sweeping,1,142,0.06578947368421052,93.70000000000002,1,0.01,44,0.44,100,0.00889425106579438,14237
no_dueling,sweeping,1,143,0.06535947712418301,91.60000000000007,2,0.02,46,0.46,100,0.007162374560721219,14337
no_dueling,sweeping,1,144,0.06493506493506493,93.20000000000009,1,0.01,49,0.49,100,0.0073469508485868576,14437
no_dueling,sweeping,1,145,0.06451612903225806,93.90000000000002,1,0.01,42,0.42,100,0.007743632590863854,14537
no_dueling,sweeping,1,146,0.06410256410256411,93.50000000000004,1,0.01,46,0.46,100,0.008494832452852279,14637
no_dueling,sweeping,1,147,0.06369426751592357,94.90000000000003,0,0.0,51,0.51,100,0.008130409261211754,14737
no_dueling,sweeping,1,148,0.06329113924050632,90.60000000000005,2,0.02,56,0.56,100,0.009748053832445293,14837
no_dueling,sweeping,1,149,0.06289308176100629,94.10000000000007,1,0.01,40,0.4,100,0.007183290896937251,14937
no_dueling,sweeping,1,150,0.0625,93.90000000000006,0,0.0,61,0.61,100,0.008750904630869628,15037
no_dueling,sweeping,1,151,0.06211180124223602,93.60000000000007,1,0.01,45,0.45,100,0.006686353962868452,15137
no_dueling,sweeping,1,152,0.0617283950617284,92.70000000000006,1,0.01,54,0.54,100,0.008139055171050132,15237
no_dueling,sweeping,1,153,0.06134969325153374,93.00000000000004,1,0.01,51,0.51,100,0.009240239856299013,15337
no_dueling,sweeping,1,154,0.06097560975609757,93.20000000000007,1,0.01,49,0.49,100,0.009411914241500199,15437
no_dueling,sweeping,1,155,0.06060606060606061,94.8000000000001,0,0.0,52,0.52,100,0.01156056965701282,15537
no_dueling,sweeping,1,156,0.06024096385542168,91.60000000000002,2,0.02,46,0.46,100,0.01032802851870656,15637
no_dueling,sweeping,1,157,0.059880239520958084,85.60000000000004,5,0.05,49,0.49,100,0.008070483903866261,15737
no_dueling,sweeping,1,158,0.05952380952380952,92.70000000000006,1,0.01,54,0.54,100,0.009000017382204533,15837
no_dueling,sweeping,1,159,0.0591715976331361,95.20000000000007,0,0.0,48,0.48,100,0.013824911778792739,15937
no_dueling,sweeping,1,160,0.058823529411764705,92.00000000000006,2,0.02,42,0.42,100,0.009298849091865123,16037
no_dueling,sweeping,1,161,0.05847953216374269,91.20000000000005,2,0.02,50,0.5,100,0.010515485377982258,16137
no_dueling,sweeping,1,162,0.05813953488372093,88.80000000000001,3,0.03,55,0.55,100,0.008803668357431889,16237
no_dueling,sweeping,1,163,0.057803468208092484,95.50000000000003,0,0.0,45,0.45,100,0.008586482061073184,16337
no_dueling,sweeping,1,164,0.0574712643678161,92.90000000000006,1,0.01,52,0.52,100,0.010072519786190242,16437
no_dueling,sweeping,1,165,0.05714285714285714,93.70000000000003,1,0.01,44,0.44,100,0.008032440093811601,16537
no_dueling,sweeping,1,166,0.056818181818181816,94.60000000000005,0,0.0,54,0.54,100,0.0067809225991368295,16637
no_dueling,sweeping,1,167,0.05649717514124294,95.20000000000006,0,0.0,48,0.48,100,0.009871814828366042,16737
no_dueling,sweeping,1,168,0.056179775280898875,92.60000000000002,1,0.01,54,0.54,100,0.007822034892160445,16837
no_dueling,sweeping,1,169,0.0558659217877095,93.80000000000007,1,0.01,43,0.43,100,0.0070454720337875185,16937
no_dueling,sweeping,1,170,0.05555555555555555,92.50000000000004,1,0.01,56,0.56,100,0.007755993125028908,17037
no_dueling,sweeping,1,171,0.055248618784530384,95.20000000000009,0,0.0,48,0.48,100,0.0074110902263782915,17137
no_dueling,sweeping,1,172,0.054945054945054944,95.40000000000005,0,0.0,46,0.46,100,0.008646742175333202,17237
no_dueling,sweeping,1,173,0.0546448087431694,93.60000000000005,1,0.01,45,0.45,100,0.014047340534161776,17337
no_dueling,sweeping,1,174,0.05434782608695653,92.50000000000007,1,0.01,56,0.56,100,0.008599777545314283,17437
no_dueling,sweeping,1,175,0.05405405405405406,93.50000000000003,1,0.01,46,0.46,100,0.009362408884335309,17537
no_dueling,sweeping,1,176,0.05376344086021505,92.60000000000005,1,0.01,55,0.55,100,0.007508206146303565,17637
no_dueling,sweeping,1,177,0.053475935828877004,91.50000000000003,2,0.02,46,0.46,100,0.008497099687810988,17737
no_dueling,sweeping,1,178,0.05319148936170213,92.60000000000005,1,0.01,55,0.55,100,0.00960512321908027,17837
no_dueling,sweeping,1,179,0.052910052910052914,93.10000000000005,1,0.01,50,0.5,100,0.007830047141760587,17937
no_dueling,sweeping,1,180,0.05263157894736842,93.70000000000006,1,0.01,44,0.44,100,0.007807042708154768,18037
no_dueling,sweeping,1,181,0.05235602094240837,95.80000000000007,0,0.0,42,0.42,100,0.008261351597029716,18137
no_dueling,sweeping,1,182,0.052083333333333336,93.40000000000006,1,0.01,47,0.47,100,0.009313868454191833,18237
no_dueling,sweeping,1,183,0.05181347150259067,94.90000000000006,0,0.0,51,0.51,100,0.0076936359982937574,18337
no_dueling,sweeping,1,184,0.051546391752577324,95.40000000000008,0,0.0,46,0.46,100,0.007332418828736991,18437
no_dueling,sweeping,1,185,0.05128205128205128,95.60000000000004,0,0.0,44,0.44,100,0.008300444551277906,18537
no_dueling,sweeping,1,186,0.0510204081632653,96.30000000000004,0,0.0,37,0.37,100,0.006342044165357948,18637
no_dueling,sweeping,1,187,0.050761421319796954,95.70000000000005,0,0.0,43,0.43,100,0.007865528245456516,18737
no_dueling,sweeping,1,188,0.050505050505050504,95.90000000000003,0,0.0,41,0.41,100,0.013266988852992654,18837
no_dueling,sweeping,1,189,0.05025125628140704,94.20000000000003,1,0.01,39,0.39,100,0.006201267295982689,18937
no_dueling,sweeping,1,190,0.05,96.10000000000008,0,0.0,39,0.39,100,0.012368605516385286,19037
no_dueling,sweeping,1,191,0.04975124378109452,95.70000000000006,0,0.0,43,0.43,100,0.007532505043782294,19137
no_dueling,sweeping,1,192,0.04950495049504951,96.40000000000005,0,0.0,36,0.36,100,0.007885026996955275,19237
no_dueling,sweeping,1,193,0.04926108374384236,92.10000000000007,2,0.02,41,0.41,100,0.009040981926955283,19337
no_dueling,sweeping,1,194,0.04901960784313726,95.20000000000005,0,0.0,48,0.48,100,0.008887834397610277,19437
no_dueling,sweeping,1,195,0.04878048780487805,96.00000000000004,0,0.0,40,0.4,100,0.006920255289878696,19537
no_dueling,sweeping,1,196,0.04854368932038835,95.40000000000006,0,0.0,46,0.46,100,0.009810495149577037,19637
no_dueling,sweeping,1,197,0.04830917874396135,93.90000000000006,1,0.01,42,0.42,100,0.006328697842545808,19737
no_dueling,sweeping,1,198,0.04807692307692307,93.80000000000007,1,0.01,43,0.43,100,0.007390951786655933,19837
no_dueling,sweeping,1,199,0.04784688995215311,95.40000000000003,0,0.0,46,0.46,100,0.008319542412646114,19937
no_dueling,sweeping,2,0,1.0,75.60000000000002,8,0.08,92,0.92,100,0.15681710310683056,37
no_dueling,sweeping,2,1,0.9090909090909091,72.09999999999997,10,0.1,87,0.87,100,0.04009777393192053,137
no_dueling,sweeping,2,2,0.8333333333333334,66.59999999999994,13,0.13,84,0.84,100,0.05213441401720047,237
no_dueling,sweeping,2,3,0.7692307692307692,75.60000000000004,8,0.08,91,0.91,100,0.03734930505976081,337
no_dueling,sweeping,2,4,0.7142857142857143,77.60000000000002,7,0.07,90,0.9,100,0.020184970195405185,437
no_dueling,sweeping,2,5,0.6666666666666666,76.0,8,0.08,88,0.88,100,0.009351570238359273,537
no_dueling,sweeping,2,6,0.625,76.60000000000001,8,0.08,82,0.82,100,0.008263712120242416,637
no_dueling,sweeping,2,7,0.5882352941176471,72.49999999999997,10,0.1,84,0.84,100,0.004718008500058204,737
no_dueling,sweeping,2,8,0.5555555555555556,74.8,9,0.09,80,0.8,100,0.004204445262439549,837
no_dueling,sweeping,2,9,0.5263157894736842,86.70000000000003,3,0.03,76,0.76,100,0.005839648980181664,937
no_dueling,sweeping,2,10,0.5,80.80000000000004,6,0.06,78,0.78,100,0.0034486073849257083,1037
no_dueling,sweeping,2,11,0.47619047619047616,76.70000000000002,8,0.08,80,0.8,100,0.0045455425139516595,1137
no_dueling,sweeping,2,12,0.45454545454545453,83.30000000000004,5,0.05,71,0.71,100,0.005374149975832552,1237
no_dueling,sweeping,2,13,0.4347826086956522,84.30000000000003,4,0.04,78,0.78,100,0.0072016073577105995,1337
no_dueling,sweeping,2,14,0.4166666666666667,83.90000000000006,5,0.05,66,0.66,100,0.004786491405684501,1437
no_dueling,sweeping,2,15,0.4,87.40000000000003,3,0.03,69,0.69,100,0.0061252811853773894,1537
no_dueling,sweeping,2,16,0.3846153846153846,79.2,7,0.07,72,0.72,100,0.006206668030936271,1637
no_dueling,sweeping,2,17,0.37037037037037035,89.50000000000006,2,0.02,67,0.67,100,0.006349494806490838,1737
no_dueling,sweeping,2,18,0.35714285714285715,80.70000000000003,6,0.06,76,0.76,100,0.015174086140468716,1837
no_dueling,sweeping,2,19,0.3448275862068966,77.19999999999999,8,0.08,75,0.75,100,0.010986917240079492,1937
no_dueling,sweeping,2,20,0.3333333333333333,85.00000000000004,4,0.04,74,0.74,100,0.00740244559943676,2037
no_dueling,sweeping,2,21,0.3225806451612903,86.70000000000006,3,0.03,76,0.76,100,0.005511082946322858,2137
no_dueling,sweeping,2,22,0.3125,85.40000000000006,4,0.04,70,0.7,100,0.006985135367140174,2237
no_dueling,sweeping,2,23,0.30303030303030304,86.90000000000008,3,0.03,74,0.74,100,0.004649054920300841,2337
no_dueling,sweeping,2,24,0.29411764705882354,87.10000000000004,3,0.03,72,0.72,100,0.011214506323449313,2437
no_dueling,sweeping,2,25,0.2857142857142857,86.50000000000006,3,0.03,78,0.78,100,0.013120978116057813,2537
no_dueling,sweeping,2,26,0.2777777777777778,88.9000000000001,2,0.02,73,0.73,100,0.009095151817891747,2637
no_dueling,sweeping,2,27,0.27027027027027023,77.4,8,0.08,74,0.74,100,0.010070846632588655,2737
no_dueling,sweeping,2,28,0.2631578947368421,92.10000000000005,1,0.01,60,0.6,100,0.011136893643997609,2837
no_dueling,sweeping,2,29,0.25641025641025644,87.00000000000004,3,0.03,73,0.73,100,0.007860672154929488,2937
no_dueling,sweeping,2,30,0.25,84.90000000000005,4,0.04,74,0.74,100,0.009558795741759241,3037
no_dueling,sweeping,2,31,0.24390243902439027,84.10000000000004,5,0.05,62,0.62,100,0.008349977571051569,3137
no_dueling,sweeping,2,32,0.23809523809523808,85.80000000000004,4,0.04,65,0.65,100,0.007568888813257218,3237
no_dueling,sweeping,2,33,0.23255813953488372,89.20000000000006,2,0.02,70,0.7,100,0.007864032716024667,3337
no_dueling,sweeping,2,34,0.22727272727272727,87.50000000000007,3,0.03,68,0.68,100,0.009256904465146362,3437
no_dueling,sweeping,2,35,0.2222222222222222,81.80000000000003,6,0.06,66,0.66,100,0.008978814468719065,3537
no_dueling,sweeping,2,36,0.2173913043478261,87.00000000000006,3,0.03,73,0.73,100,0.010260775254573673,3637
no_dueling,sweeping,2,37,0.2127659574468085,90.50000000000007,1,0.01,76,0.76,100,0.01023352070711553,3737
no_dueling,sweeping,2,38,0.20833333333333334,83.50000000000003,5,0.05,69,0.69,100,0.007372633959166705,3837
no_dueling,sweeping,2,39,0.2040816326530612,91.80000000000007,1,0.01,62,0.62,100,0.009656425763387233,3937
no_dueling,sweeping,2,40,0.2,91.2000000000001,1,0.01,69,0.69,100,0.008213425460271538,4037
no_dueling,sweeping,2,41,0.19607843137254904,89.20000000000006,2,0.02,69,0.69,100,0.00836280030431226,4137
no_dueling,sweeping,2,42,0.1923076923076923,88.00000000000006,3,0.03,61,0.61,100,0.007635748034808785,4237
no_dueling,sweeping,2,43,0.18867924528301888,88.20000000000005,3,0.03,60,0.6,100,0.01106509035686031,4337
no_dueling,sweeping,2,44,0.18518518518518517,91.40000000000008,1,0.01,67,0.67,100,0.008610245902091265,4437
no_dueling,sweeping,2,45,0.18181818181818182,89.30000000000007,2,0.02,68,0.68,100,0.009095587071496993,4537
no_dueling,sweeping,2,46,0.17857142857142858,85.80000000000005,4,0.04,64,0.64,100,0.009568914256524294,4637
no_dueling,sweeping,2,47,0.17543859649122806,91.40000000000006,1,0.01,67,0.67,100,0.008240001185331493,4737
no_dueling,sweeping,2,48,0.1724137931034483,88.60000000000005,3,0.03,57,0.57,100,0.009689335585571826,4837
no_dueling,sweeping,2,49,0.1694915254237288,90.20000000000002,2,0.02,59,0.59,100,0.008691324084065855,4937
no_dueling,sweeping,2,50,0.16666666666666666,89.10000000000007,2,0.02,70,0.7,100,0.008440068585332482,5037
no_dueling,sweeping,2,51,0.1639344262295082,93.20000000000009,0,0.0,68,0.68,100,0.011637008581310511,5137
no_dueling,sweeping,2,52,0.16129032258064516,87.70000000000006,3,0.03,66,0.66,100,0.0096336058084853,5237
no_dueling,sweeping,2,53,0.15873015873015872,91.50000000000007,1,0.01,66,0.66,100,0.008401776778046042,5337
no_dueling,sweeping,2,54,0.15625,89.40000000000006,2,0.02,68,0.68,100,0.0077881340659223496,5437
no_dueling,sweeping,2,55,0.15384615384615385,90.40000000000003,2,0.02,58,0.58,100,0.00966403195168823,5537
no_dueling,sweeping,2,56,0.15151515151515152,92.00000000000006,1,0.01,60,0.6,100,0.00981060101184994,5637
no_dueling,sweeping,2,57,0.14925373134328357,91.40000000000006,1,0.01,67,0.67,100,0.009115003575570881,5737
no_dueling,sweeping,2,58,0.14705882352941177,94.40000000000006,0,0.0,56,0.56,100,0.009858568469062447,5837
no_dueling,sweeping,2,59,0.14492753623188406,85.50000000000003,4,0.04,69,0.69,100,0.008074694687966257,5937
no_dueling,sweeping,2,60,0.14285714285714285,89.20000000000007,2,0.02,69,0.69,100,0.012875592880882324,6037
no_dueling,sweeping,2,61,0.14084507042253522,91.50000000000006,1,0.01,66,0.66,100,0.009628066497389226,6137
no_dueling,sweeping,2,62,0.1388888888888889,94.10000000000007,0,0.0,59,0.59,100,0.007703562022652477,6237
no_dueling,sweeping,2,63,0.136986301369863,88.30000000000004,3,0.03,59,0.59,100,0.01149619255680591,6337
no_dueling,sweeping,2,64,0.13513513513513511,91.70000000000006,1,0.01,64,0.64,100,0.008954470362514257,6437
no_dueling,sweeping,2,65,0.13333333333333333,92.10000000000008,1,0.01,60,0.6,100,0.008374591739848256,6537
no_dueling,sweeping,2,66,0.13157894736842105,88.40000000000003,3,0.03,58,0.58,100,0.01021099547157064,6637
no_dueling,sweeping,2,67,0.12987012987012986,90.00000000000006,2,0.02,62,0.62,100,0.010448933918960393,6737
no_dueling,sweeping,2,68,0.12820512820512822,91.50000000000007,1,0.01,66,0.66,100,0.009362099296413361,6837
no_dueling,sweeping,2,69,0.12658227848101264,92.20000000000007,1,0.01,59,0.59,100,0.009793143700808287,6937
no_dueling,sweeping,2,70,0.125,93.50000000000006,0,0.0,65,0.65,100,0.010251136885490269,7037
no_dueling,sweeping,2,71,0.1234567901234568,90.90000000000008,2,0.02,52,0.52,100,0.009160810790490359,7137
no_dueling,sweeping,2,72,0.12195121951219513,93.50000000000007,0,0.0,65,0.65,100,0.00803991727065295,7237
no_dueling,sweeping,2,73,0.12048192771084336,86.00000000000003,4,0.04,63,0.63,100,0.008833365093450993,7337
no_dueling,sweeping,2,74,0.11904761904761904,92.10000000000002,1,0.01,60,0.6,100,0.012840015897527337,7437
no_dueling,sweeping,2,75,0.11764705882352941,91.60000000000005,1,0.01,65,0.65,100,0.01008599521126598,7537
no_dueling,sweeping,2,76,0.11627906976744186,89.30000000000007,2,0.02,69,0.69,100,0.015389205561950803,7637
no_dueling,sweeping,2,77,0.1149425287356322,94.10000000000007,0,0.0,59,0.59,100,0.011705464753322303,7737
no_dueling,sweeping,2,78,0.11363636363636363,87.80000000000005,3,0.03,63,0.63,100,0.01305182145209983,7837
no_dueling,sweeping,2,79,0.11235955056179775,92.30000000000007,1,0.01,57,0.57,100,0.012423920114524662,7937
no_dueling,sweeping,2,80,0.1111111111111111,90.30000000000004,2,0.02,59,0.59,100,0.011636695628985762,8037
no_dueling,sweeping,2,81,0.10989010989010989,88.40000000000003,3,0.03,59,0.59,100,0.010592198793310671,8137
no_dueling,sweeping,2,82,0.10869565217391305,91.10000000000007,2,0.02,51,0.51,100,0.01150746498722583,8237
no_dueling,sweeping,2,83,0.1075268817204301,90.40000000000008,2,0.02,58,0.58,100,0.00813628576695919,8337
no_dueling,sweeping,2,84,0.10638297872340426,87.80000000000005,3,0.03,65,0.65,100,0.010806432887911797,8437
no_dueling,sweeping,2,85,0.10526315789473684,89.60000000000002,2,0.02,66,0.66,100,0.00774732806487009,8537
no_dueling,sweeping,2,86,0.10416666666666667,88.90000000000003,3,0.03,54,0.54,100,0.00878689628560096,8637
no_dueling,sweeping,2,87,0.10309278350515465,95.40000000000005,0,0.0,46,0.46,100,0.011152742316480726,8737
no_dueling,sweeping,2,88,0.1020408163265306,85.60000000000005,4,0.04,68,0.68,100,0.010443010213784874,8837
no_dueling,sweeping,2,89,0.10101010101010101,92.2000000000001,1,0.01,59,0.59,100,0.012533675362356007,8937
no_dueling,sweeping,2,90,0.1,90.30000000000004,2,0.02,57,0.57,100,0.009280335551593452,9037
no_dueling,sweeping,2,91,0.09900990099009901,94.60000000000005,0,0.0,54,0.54,100,0.007807919776532799,9137
no_dueling,sweeping,2,92,0.09803921568627452,92.00000000000003,1,0.01,60,0.6,100,0.010476113625336438,9237
no_dueling,sweeping,2,93,0.0970873786407767,94.40000000000006,0,0.0,56,0.56,100,0.008960223053582012,9337
no_dueling,sweeping,2,94,0.09615384615384615,93.10000000000005,1,0.01,50,0.5,100,0.008739682587329298,9437
no_dueling,sweeping,2,95,0.09523809523809523,93.90000000000005,0,0.0,61,0.61,100,0.01190893798135221,9537
no_dueling,sweeping,2,96,0.09433962264150944,91.30000000000008,1,0.01,68,0.68,100,0.0097286129090935,9637
no_dueling,sweeping,2,97,0.09345794392523366,94.20000000000006,0,0.0,58,0.58,100,0.010212133028544486,9737
no_dueling,sweeping,2,98,0.09259259259259259,86.00000000000004,4,0.04,64,0.64,100,0.01016845369944349,9837
no_dueling,sweeping,2,99,0.09174311926605504,88.80000000000004,3,0.03,54,0.54,100,0.01074185331352055,9937
no_dueling,sweeping,2,100,0.09090909090909091,92.30000000000007,1,0.01,58,0.58,100,0.010035019367933273,10037
no_dueling,sweeping,2,101,0.0900900900900901,94.70000000000005,0,0.0,53,0.53,100,0.010287463562563062,10137
no_dueling,sweeping,2,102,0.08928571428571429,89.90000000000005,2,0.02,63,0.63,100,0.01096575187984854,10237
no_dueling,sweeping,2,103,0.08849557522123894,93.50000000000004,1,0.01,46,0.46,100,0.009601992841344326,10337
no_dueling,sweeping,2,104,0.08771929824561403,94.70000000000006,0,0.0,53,0.53,100,0.009176058596931397,10437
no_dueling,sweeping,2,105,0.08695652173913043,94.50000000000006,0,0.0,55,0.55,100,0.009633805609773845,10537
no_dueling,sweeping,2,106,0.08620689655172414,91.40000000000006,2,0.02,48,0.48,100,0.00953497959766537,10637
no_dueling,sweeping,2,107,0.08547008547008547,92.70000000000005,1,0.01,54,0.54,100,0.007634282037615776,10737
no_dueling,sweeping,2,108,0.0847457627118644,94.90000000000006,0,0.0,51,0.51,100,0.009253554535098374,10837
no_dueling,sweeping,2,109,0.08403361344537814,94.90000000000006,0,0.0,51,0.51,100,0.009003189038485288,10937
no_dueling,sweeping,2,110,0.08333333333333333,95.90000000000005,0,0.0,41,0.41,100,0.011195934985298663,11037
no_dueling,sweeping,2,111,0.08264462809917356,93.90000000000009,0,0.0,61,0.61,100,0.010747823724523186,11137
no_dueling,sweeping,2,112,0.0819672131147541,92.40000000000006,1,0.01,57,0.57,100,0.008074893222656102,11237
no_dueling,sweeping,2,113,0.08130081300813008,95.00000000000006,0,0.0,50,0.5,100,0.008692632978782058,11337
no_dueling,sweeping,2,114,0.08064516129032258,95.30000000000008,0,0.0,47,0.47,100,0.00947651184629649,11437
no_dueling,sweeping,2,115,0.08,92.30000000000005,1,0.01,58,0.58,100,0.011946720369160176,11537
no_dueling,sweeping,2,116,0.07936507936507936,92.20000000000005,1,0.01,59,0.59,100,0.010228975117206574,11637
no_dueling,sweeping,2,117,0.07874015748031496,93.10000000000004,1,0.01,50,0.5,100,0.009453484006226063,11737
no_dueling,sweeping,2,118,0.078125,94.60000000000005,0,0.0,54,0.54,100,0.008325722406152637,11837
no_dueling,sweeping,2,119,0.07751937984496124,92.9,1,0.01,52,0.52,100,0.009296542629599572,11937
no_dueling,sweeping,2,120,0.07692307692307693,93.50000000000009,1,0.01,46,0.46,100,0.009062324927654117,12037
no_dueling,sweeping,2,121,0.07633587786259542,93.10000000000004,1,0.01,50,0.5,100,0.009830446857959032,12137
no_dueling,sweeping,2,122,0.07575757575757576,88.70000000000005,3,0.03,56,0.56,100,0.01037804834311828,12237
no_dueling,sweeping,2,123,0.07518796992481203,93.10000000000005,1,0.01,49,0.49,100,0.009914137437008322,12337
no_dueling,sweeping,2,124,0.07462686567164178,94.80000000000005,0,0.0,52,0.52,100,0.007878378760069608,12437
no_dueling,sweeping,2,125,0.07407407407407407,92.90000000000005,1,0.01,52,0.52,100,0.00824127024738118,12537
no_dueling,sweeping,2,126,0.07352941176470588,90.50000000000004,2,0.02,57,0.57,100,0.010476847898680718,12637
no_dueling,sweeping,2,127,0.07299270072992702,94.40000000000006,0,0.0,56,0.56,100,0.008329892731271684,12737
no_dueling,sweeping,2,128,0.07246376811594203,93.30000000000005,1,0.01,48,0.48,100,0.009238871275447308,12837
no_dueling,sweeping,2,129,0.07194244604316546,93.40000000000008,1,0.01,47,0.47,100,0.010767545974813402,12937
no_dueling,sweeping,2,130,0.07142857142857142,93.10000000000002,1,0.01,50,0.5,100,0.007557581693399698,13037
no_dueling,sweeping,2,131,0.07092198581560284,92.40000000000003,2,0.02,38,0.38,100,0.0064183914451859895,13137
no_dueling,sweeping,2,132,0.07042253521126761,89.20000000000006,3,0.03,51,0.51,100,0.010305689638480544,13237
no_dueling,sweeping,2,133,0.06993006993006992,91.00000000000006,2,0.02,52,0.52,100,0.008217748042661698,13337
no_dueling,sweeping,2,134,0.06944444444444445,94.50000000000009,0,0.0,55,0.55,100,0.008784314980730415,13437
no_dueling,sweeping,2,135,0.06896551724137931,95.00000000000006,0,0.0,50,0.5,100,0.010797759077977389,13537
no_dueling,sweeping,2,136,0.0684931506849315,93.00000000000006,1,0.01,51,0.51,100,0.009365171417593956,13637
no_dueling,sweeping,2,137,0.06802721088435375,95.30000000000005,0,0.0,47,0.47,100,0.007403443118091673,13737
no_dueling,sweeping,2,138,0.06756756756756756,94.40000000000006,0,0.0,56,0.56,100,0.01208540745312348,13837
no_dueling,sweeping,2,139,0.06711409395973154,92.70000000000003,1,0.01,54,0.54,100,0.009827107544988395,13937
no_dueling,sweeping,2,140,0.06666666666666667,93.40000000000006,1,0.01,47,0.47,100,0.008801278714090586,14037
no_dueling,sweeping,2,141,0.06622516556291391,95.10000000000008,0,0.0,49,0.49,100,0.008754826076328754,14137
no_dueling,sweeping,2,142,0.06578947368421052,94.40000000000008,0,0.0,56,0.56,100,0.010754379108548165,14237
no_dueling,sweeping,2,143,0.06535947712418301,90.60000000000011,2,0.02,56,0.56,100,0.010385518309194595,14337
no_dueling,sweeping,2,144,0.06493506493506493,91.50000000000009,2,0.02,47,0.47,100,0.008085807533934713,14437
no_dueling,sweeping,2,145,0.06451612903225806,94.40000000000006,0,0.0,56,0.56,100,0.008501879693940282,14537
no_dueling,sweeping,2,146,0.06410256410256411,91.50000000000009,2,0.02,47,0.47,100,0.009266546037979424,14637
no_dueling,sweeping,2,147,0.06369426751592357,93.20000000000007,1,0.01,49,0.49,100,0.008023618231527507,14737
no_dueling,sweeping,2,148,0.06329113924050632,90.40000000000003,2,0.02,57,0.57,100,0.0068662123964168134,14837
no_dueling,sweeping,2,149,0.06289308176100629,93.10000000000002,1,0.01,50,0.5,100,0.008859802146907896,14937
no_dueling,sweeping,2,150,0.0625,93.30000000000007,1,0.01,48,0.48,100,0.007327931595500559,15037
no_dueling,sweeping,2,151,0.06211180124223602,93.40000000000005,1,0.01,47,0.47,100,0.009784889512229712,15137
no_dueling,sweeping,2,152,0.0617283950617284,95.30000000000005,0,0.0,47,0.47,100,0.0075404959451407195,15237
no_dueling,sweeping,2,153,0.06134969325153374,91.90000000000003,2,0.02,43,0.43,100,0.00770936255576089,15337
no_dueling,sweeping,2,154,0.06097560975609757,95.00000000000006,0,0.0,50,0.5,100,0.007456411730963737,15437
no_dueling,sweeping,2,155,0.06060606060606061,95.00000000000007,0,0.0,50,0.5,100,0.009523981844540685,15537
no_dueling,sweeping,2,156,0.06024096385542168,91.80000000000004,2,0.02,44,0.44,100,0.007803799568209797,15637
no_dueling,sweeping,2,157,0.059880239520958084,94.80000000000004,0,0.0,52,0.52,100,0.008529731705784797,15737
no_dueling,sweeping,2,158,0.05952380952380952,95.00000000000004,0,0.0,50,0.5,100,0.007488472717814148,15837
no_dueling,sweeping,2,159,0.0591715976331361,95.70000000000005,0,0.0,43,0.43,100,0.012222451926209032,15937
no_dueling,sweeping,2,160,0.058823529411764705,91.50000000000006,2,0.02,46,0.46,100,0.008921519622672349,16037
no_dueling,sweeping,2,161,0.05847953216374269,95.3000000000001,0,0.0,47,0.47,100,0.008020764072425664,16137
no_dueling,sweeping,2,162,0.05813953488372093,92.60000000000007,1,0.01,55,0.55,100,0.009915431325789542,16237
no_dueling,sweeping,2,163,0.057803468208092484,92.30000000000004,1,0.01,58,0.58,100,0.010352004303131252,16337
no_dueling,sweeping,2,164,0.0574712643678161,92.10000000000007,1,0.01,60,0.6,100,0.008848561353515834,16437
no_dueling,sweeping,2,165,0.05714285714285714,93.60000000000005,1,0.01,45,0.45,100,0.00855517061194405,16537
no_dueling,sweeping,2,166,0.056818181818181816,94.70000000000007,0,0.0,53,0.53,100,0.007921538131777197,16637
no_dueling,sweeping,2,167,0.05649717514124294,93.30000000000004,1,0.01,48,0.48,100,0.009168553245253862,16737
no_dueling,sweeping,2,168,0.056179775280898875,91.50000000000001,2,0.02,47,0.47,100,0.007338813201058656,16837
no_dueling,sweeping,2,169,0.0558659217877095,93.00000000000006,1,0.01,51,0.51,100,0.009683159380219877,16937
no_dueling,sweeping,2,170,0.05555555555555555,93.10000000000005,1,0.01,50,0.5,100,0.007933679185807705,17037
no_dueling,sweeping,2,171,0.055248618784530384,95.60000000000008,0,0.0,44,0.44,100,0.008202704389113934,17137
no_dueling,sweeping,2,172,0.054945054945054944,93.90000000000008,0,0.0,61,0.61,100,0.009720927076414228,17237
no_dueling,sweeping,2,173,0.0546448087431694,95.40000000000006,0,0.0,46,0.46,100,0.009928281279280781,17337
no_dueling,sweeping,2,174,0.05434782608695653,94.70000000000006,0,0.0,53,0.53,100,0.007389703330118209,17437
no_dueling,sweeping,2,175,0.05405405405405406,94.70000000000005,0,0.0,53,0.53,100,0.007721750938799232,17537
no_dueling,sweeping,2,176,0.05376344086021505,95.10000000000007,0,0.0,49,0.49,100,0.007217021379619837,17637
no_dueling,sweeping,2,177,0.053475935828877004,95.40000000000008,0,0.0,46,0.46,100,0.008972521687392146,17737
no_dueling,sweeping,2,178,0.05319148936170213,93.80000000000007,0,0.0,62,0.62,100,0.010278432141058147,17837
no_dueling,sweeping,2,179,0.052910052910052914,95.10000000000004,0,0.0,49,0.49,100,0.00993757380405441,17937
no_dueling,sweeping,2,180,0.05263157894736842,93.30000000000004,1,0.01,48,0.48,100,0.009760591867379844,18037
no_dueling,sweeping,2,181,0.05235602094240837,95.60000000000005,0,0.0,44,0.44,100,0.007857084032148123,18137
no_dueling,sweeping,2,182,0.052083333333333336,95.60000000000008,0,0.0,44,0.44,100,0.0076405860227532684,18237
no_dueling,sweeping,2,183,0.05181347150259067,90.70000000000007,2,0.02,55,0.55,100,0.0076026925654150545,18337
no_dueling,sweeping,2,184,0.051546391752577324,95.00000000000009,0,0.0,50,0.5,100,0.006876571250613779,18437
no_dueling,sweeping,2,185,0.05128205128205128,95.20000000000005,0,0.0,48,0.48,100,0.008204357244540005,18537
no_dueling,sweeping,2,186,0.0510204081632653,91.50000000000003,2,0.02,47,0.47,100,0.007890051191207021,18637
no_dueling,sweeping,2,187,0.050761421319796954,95.9,0,0.0,41,0.41,100,0.007374424268491566,18737
no_dueling,sweeping,2,188,0.050505050505050504,94.20000000000003,1,0.01,39,0.39,100,0.00685285409912467,18837
no_dueling,sweeping,2,189,0.05025125628140704,93.40000000000003,1,0.01,47,0.47,100,0.007633687092456967,18937
no_dueling,sweeping,2,190,0.05,91.80000000000003,2,0.02,44,0.44,100,0.006783529522363096,19037
no_dueling,sweeping,2,191,0.04975124378109452,95.90000000000006,0,0.0,41,0.41,100,0.0079869753587991,19137
no_dueling,sweeping,2,192,0.04950495049504951,93.60000000000002,1,0.01,45,0.45,100,0.007276427079923451,19237
no_dueling,sweeping,2,193,0.04926108374384236,95.40000000000003,0,0.0,46,0.46,100,0.0093269864609465,19337
no_dueling,sweeping,2,194,0.04901960784313726,92.30000000000004,2,0.02,39,0.39,100,0.00878511178540066,19437
no_dueling,sweeping,2,195,0.04878048780487805,95.90000000000005,0,0.0,41,0.41,100,0.010494815914426,19537
no_dueling,sweeping,2,196,0.04854368932038835,91.60000000000008,2,0.02,45,0.45,100,0.010808422677218914,19637
no_dueling,sweeping,2,197,0.04830917874396135,92.90000000000005,1,0.01,52,0.52,100,0.009780372977256774,19737
no_dueling,sweeping,2,198,0.04807692307692307,95.40000000000005,0,0.0,46,0.46,100,0.007959355290513486,19837
no_dueling,sweeping,2,199,0.04784688995215311,93.20000000000005,1,0.01,49,0.49,100,0.009522990053519607,19937
no_dueling,sweeping,3,0,1.0,63.99999999999993,14,0.14,92,0.92,100,0.20167092213759552,37
no_dueling,sweeping,3,1,0.9090909090909091,72.19999999999999,10,0.1,86,0.86,100,0.054818211067467926,137
no_dueling,sweeping,3,2,0.8333333333333334,68.29999999999995,12,0.12,88,0.88,100,0.025583741050213576,237
no_dueling,sweeping,3,3,0.7692307692307692,62.79999999999993,15,0.15,84,0.84,100,0.015052291974425315,337
no_dueling,sweeping,3,4,0.7142857142857143,76.9,8,0.08,79,0.79,100,0.009021892338059842,437
no_dueling,sweeping,3,5,0.6666666666666666,86.00000000000007,3,0.03,81,0.81,100,0.007283300126437098,537
no_dueling,sweeping,3,6,0.625,70.39999999999999,11,0.11,85,0.85,100,0.005518867892678827,637
no_dueling,sweeping,3,7,0.5882352941176471,82.00000000000003,5,0.05,85,0.85,100,0.00580733890645206,737
no_dueling,sweeping,3,8,0.5555555555555556,82.40000000000003,5,0.05,80,0.8,100,0.005189804574474693,837
no_dueling,sweeping,3,9,0.5263157894736842,75.8,8,0.08,88,0.88,100,0.005728281289339066,937
no_dueling,sweeping,3,10,0.5,84.30000000000004,4,0.04,81,0.81,100,0.005097246097866446,1037
no_dueling,sweeping,3,11,0.47619047619047616,79.00000000000004,7,0.07,77,0.77,100,0.005081626456230879,1137
no_dueling,sweeping,3,12,0.45454545454545453,82.20000000000002,5,0.05,81,0.81,100,0.009215256662573666,1237
no_dueling,sweeping,3,13,0.4347826086956522,77.00000000000003,8,0.08,77,0.77,100,0.006189459743909538,1337
no_dueling,sweeping,3,14,0.4166666666666667,86.90000000000006,3,0.03,74,0.74,100,0.006440160830970853,1437
no_dueling,sweeping,3,15,0.4,82.70000000000002,5,0.05,77,0.77,100,0.007315716939046979,1537
no_dueling,sweeping,3,16,0.3846153846153846,79.4,7,0.07,72,0.72,100,0.006565763510297984,1637
no_dueling,sweeping,3,17,0.37037037037037035,90.60000000000008,1,0.01,74,0.74,100,0.006538507482036948,1737
no_dueling,sweeping,3,18,0.35714285714285715,85.70000000000005,4,0.04,67,0.67,100,0.008356882503721862,1837
no_dueling,sweeping,3,19,0.3448275862068966,82.40000000000002,5,0.05,80,0.8,100,0.008115077328402548,1937
no_dueling,sweeping,3,20,0.3333333333333333,83.40000000000003,5,0.05,71,0.71,100,0.007551697923336178,2037
no_dueling,sweeping,3,21,0.3225806451612903,81.70000000000002,6,0.06,69,0.69,100,0.006857242591213435,2137
no_dueling,sweeping,3,22,0.3125,83.40000000000005,5,0.05,69,0.69,100,0.007000060309655965,2237
no_dueling,sweeping,3,23,0.30303030303030304,80.90000000000003,6,0.06,77,0.77,100,0.006476569797378033,2337
no_dueling,sweeping,3,24,0.29411764705882354,89.40000000000003,2,0.02,68,0.68,100,0.006436813019681722,2437
no_dueling,sweeping,3,25,0.2857142857142857,89.30000000000004,2,0.02,68,0.68,100,0.007913929817732424,2537
no_dueling,sweeping,3,26,0.2777777777777778,88.40000000000005,3,0.03,58,0.58,100,0.006141374888829887,2637
no_dueling,sweeping,3,27,0.27027027027027023,83.00000000000003,5,0.05,74,0.74,100,0.006908159540034831,2737
no_dueling,sweeping,3,28,0.2631578947368421,79.30000000000003,7,0.07,74,0.74,100,0.00755895292153582,2837
no_dueling,sweeping,3,29,0.25641025641025644,90.80000000000008,1,0.01,73,0.73,100,0.009493811905849725,2937
no_dueling,sweeping,3,30,0.25,90.70000000000005,1,0.01,74,0.74,100,0.00983537090709433,3037
no_dueling,sweeping,3,31,0.24390243902439027,86.10000000000005,4,0.04,63,0.63,100,0.008073381464928388,3137
no_dueling,sweeping,3,32,0.23809523809523808,83.20000000000005,5,0.05,73,0.73,100,0.008560072532854974,3237
no_dueling,sweeping,3,33,0.23255813953488372,88.10000000000005,3,0.03,62,0.62,100,0.010375312333926558,3337
no_dueling,sweeping,3,34,0.22727272727272727,93.60000000000005,0,0.0,64,0.64,100,0.008325227559544146,3437
no_dueling,sweeping,3,35,0.2222222222222222,91.30000000000007,1,0.01,68,0.68,100,0.009454932250082492,3537
no_dueling,sweeping,3,36,0.2173913043478261,91.60000000000008,1,0.01,65,0.65,100,0.008460682416334749,3637
no_dueling,sweeping,3,37,0.2127659574468085,89.30000000000004,2,0.02,69,0.69,100,0.009494231382850557,3737
no_dueling,sweeping,3,38,0.20833333333333334,89.90000000000003,2,0.02,63,0.63,100,0.008173224728088825,3837
no_dueling,sweeping,3,39,0.2040816326530612,88.00000000000003,3,0.03,62,0.62,100,0.009028670447878539,3937
no_dueling,sweeping,3,40,0.2,92.10000000000005,1,0.01,60,0.6,100,0.006601673678960651,4037
no_dueling,sweeping,3,41,0.19607843137254904,92.00000000000011,1,0.01,61,0.61,100,0.008373134562280029,4137
no_dueling,sweeping,3,42,0.1923076923076923,87.70000000000009,3,0.03,66,0.66,100,0.008925929768010973,4237
no_dueling,sweeping,3,43,0.18867924528301888,91.30000000000007,1,0.01,68,0.68,100,0.010530956410802901,4337
no_dueling,sweeping,3,44,0.18518518518518517,87.60000000000007,3,0.03,67,0.67,100,0.009144537653774022,4437
no_dueling,sweeping,3,45,0.18181818181818182,84.10000000000002,5,0.05,63,0.63,100,0.008772771800868212,4537
no_dueling,sweeping,3,46,0.17857142857142858,83.50000000000006,5,0.05,70,0.7,100,0.010280538394581526,4637
no_dueling,sweeping,3,47,0.17543859649122806,87.90000000000006,3,0.03,64,0.64,100,0.008124144377652555,4737
no_dueling,sweeping,3,48,0.1724137931034483,81.60000000000001,6,0.06,68,0.68,100,0.010556137836538255,4837
no_dueling,sweeping,3,49,0.1694915254237288,91.80000000000007,1,0.01,63,0.63,100,0.009476472586393357,4937
no_dueling,sweeping,3,50,0.16666666666666666,91.20000000000007,1,0.01,68,0.68,100,0.009139995493460446,5037
no_dueling,sweeping,3,51,0.1639344262295082,87.40000000000006,3,0.03,68,0.68,100,0.007552465370390564,5137
no_dueling,sweeping,3,52,0.16129032258064516,92.50000000000006,1,0.01,56,0.56,100,0.009307804580312223,5237
no_dueling,sweeping,3,53,0.15873015873015872,93.5000000000001,0,0.0,65,0.65,100,0.010050744959153235,5337
no_dueling,sweeping,3,54,0.15625,93.90000000000006,0,0.0,61,0.61,100,0.011228144839406014,5437
no_dueling,sweeping,3,55,0.15384615384615385,89.80000000000007,2,0.02,63,0.63,100,0.008789683780632914,5537
no_dueling,sweeping,3,56,0.15151515151515152,79.50000000000003,7,0.07,72,0.72,100,0.007474673967808485,5637
no_dueling,sweeping,3,57,0.14925373134328357,92.70000000000006,1,0.01,54,0.54,100,0.008820333760231733,5737
no_dueling,sweeping,3,58,0.14705882352941177,93.3000000000001,0,0.0,67,0.67,100,0.00826722984900698,5837
no_dueling,sweeping,3,59,0.14492753623188406,89.80000000000005,2,0.02,64,0.64,100,0.009921897142194212,5937
no_dueling,sweeping,3,60,0.14285714285714285,93.6000000000001,0,0.0,64,0.64,100,0.00901209953473881,6037
no_dueling,sweeping,3,61,0.14084507042253522,92.00000000000006,1,0.01,61,0.61,100,0.008887323839589954,6137
no_dueling,sweeping,3,62,0.1388888888888889,89.00000000000006,3,0.03,53,0.53,100,0.010443584793247283,6237
no_dueling,sweeping,3,63,0.136986301369863,89.3000000000001,2,0.02,69,0.69,100,0.009162288587540389,6337
no_dueling,sweeping,3,64,0.13513513513513511,87.5,3,0.03,68,0.68,100,0.009995836378075183,6437
no_dueling,sweeping,3,65,0.13333333333333333,87.80000000000005,3,0.03,65,0.65,100,0.008200228726491333,6537
no_dueling,sweeping,3,66,0.13157894736842105,87.60000000000005,3,0.03,67,0.67,100,0.007697387512307614,6637
no_dueling,sweeping,3,67,0.12987012987012986,87.20000000000007,3,0.03,71,0.71,100,0.008678788035176695,6737
no_dueling,sweeping,3,68,0.12820512820512822,89.90000000000006,2,0.02,63,0.63,100,0.0074781767069362105,6837
no_dueling,sweeping,3,69,0.12658227848101264,93.70000000000005,0,0.0,63,0.63,100,0.008534545020665973,6937
no_dueling,sweeping,3,70,0.125,92.6000000000001,1,0.01,55,0.55,100,0.010432530732359738,7037
no_dueling,sweeping,3,71,0.1234567901234568,94.10000000000005,0,0.0,59,0.59,100,0.011507531707175077,7137
no_dueling,sweeping,3,72,0.12195121951219513,93.50000000000007,0,0.0,65,0.65,100,0.010210464634001255,7237
no_dueling,sweeping,3,73,0.12048192771084336,91.50000000000003,1,0.01,66,0.66,100,0.01167755467351526,7337
no_dueling,sweeping,3,74,0.11904761904761904,95.20000000000007,0,0.0,48,0.48,100,0.009588605333119631,7437
no_dueling,sweeping,3,75,0.11764705882352941,94.60000000000007,0,0.0,54,0.54,100,0.007839821490924805,7537
no_dueling,sweeping,3,76,0.11627906976744186,93.70000000000007,0,0.0,63,0.63,100,0.01027076750760898,7637
no_dueling,sweeping,3,77,0.1149425287356322,86.60000000000004,4,0.04,58,0.58,100,0.009372108799871057,7737
no_dueling,sweeping,3,78,0.11363636363636363,89.90000000000003,2,0.02,63,0.63,100,0.007058298294432461,7837
no_dueling,sweeping,3,79,0.11235955056179775,94.60000000000007,0,0.0,54,0.54,100,0.009042351683601737,7937
no_dueling,sweeping,3,80,0.1111111111111111,92.00000000000009,1,0.01,61,0.61,100,0.011563381764572113,8037
no_dueling,sweeping,3,81,0.10989010989010989,90.70000000000006,2,0.02,55,0.55,100,0.009324118082877248,8137
no_dueling,sweeping,3,82,0.10869565217391305,88.80000000000001,3,0.03,53,0.53,100,0.010238551488146185,8237
no_dueling,sweeping,3,83,0.1075268817204301,90.00000000000007,2,0.02,62,0.62,100,0.010377339231781661,8337
no_dueling,sweeping,3,84,0.10638297872340426,90.40000000000005,2,0.02,58,0.58,100,0.008282922660000622,8437
no_dueling,sweeping,3,85,0.10526315789473684,87.50000000000004,3,0.03,68,0.68,100,0.012085907929576933,8537
no_dueling,sweeping,3,86,0.10416666666666667,94.90000000000008,0,0.0,51,0.51,100,0.010492549145128578,8637
no_dueling,sweeping,3,87,0.10309278350515465,94.10000000000005,0,0.0,59,0.59,100,0.011019691389519722,8737
no_dueling,sweeping,3,88,0.1020408163265306,94.20000000000009,0,0.0,58,0.58,100,0.009707799379248172,8837
no_dueling,sweeping,3,89,0.10101010101010101,88.50000000000006,3,0.03,57,0.57,100,0.008852952851448208,8937
no_dueling,sweeping,3,90,0.1,91.80000000000007,1,0.01,63,0.63,100,0.011570220994763077,9037
no_dueling,sweeping,3,91,0.09900990099009901,88.30000000000005,3,0.03,59,0.59,100,0.009400998579803855,9137
no_dueling,sweeping,3,92,0.09803921568627452,90.40000000000003,2,0.02,58,0.58,100,0.009515550178475678,9237
no_dueling,sweeping,3,93,0.0970873786407767,92.40000000000006,1,0.01,57,0.57,100,0.008497781525366009,9337
no_dueling,sweeping,3,94,0.09615384615384615,89.90000000000006,2,0.02,63,0.63,100,0.010516941356472671,9437
no_dueling,sweeping,3,95,0.09523809523809523,90.30000000000004,2,0.02,59,0.59,100,0.008730736374855042,9537
no_dueling,sweeping,3,96,0.09433962264150944,92.10000000000005,1,0.01,59,0.59,100,0.008792491275817155,9637
no_dueling,sweeping,3,97,0.09345794392523366,91.30000000000008,1,0.01,67,0.67,100,0.008582769443746656,9737
no_dueling,sweeping,3,98,0.09259259259259259,94.20000000000007,0,0.0,58,0.58,100,0.009200937228742987,9837
no_dueling,sweeping,3,99,0.09174311926605504,92.00000000000004,1,0.01,61,0.61,100,0.009502338953316211,9937
no_dueling,sweeping,3,100,0.09090909090909091,92.80000000000007,1,0.01,53,0.53,100,0.008700078576803208,10037
no_dueling,sweeping,3,101,0.0900900900900901,86.50000000000004,4,0.04,59,0.59,100,0.009639823196921497,10137
no_dueling,sweeping,3,102,0.08928571428571429,91.30000000000005,2,0.02,48,0.48,100,0.009196901647374033,10237
no_dueling,sweeping,3,103,0.08849557522123894,92.60000000000004,1,0.01,54,0.54,100,0.0104850680870004,10337
no_dueling,sweeping,3,104,0.08771929824561403,90.20000000000007,2,0.02,59,0.59,100,0.009071499756537378,10437
no_dueling,sweeping,3,105,0.08695652173913043,94.1000000000001,0,0.0,59,0.59,100,0.009950257325544953,10537
no_dueling,sweeping,3,106,0.08620689655172414,91.80000000000008,1,0.01,63,0.63,100,0.009057176695205272,10637
no_dueling,sweeping,3,107,0.08547008547008547,88.20000000000005,3,0.03,60,0.6,100,0.01117883127182722,10737
no_dueling,sweeping,3,108,0.0847457627118644,90.50000000000006,2,0.02,57,0.57,100,0.008612217558547854,10837
no_dueling,sweeping,3,109,0.08403361344537814,94.70000000000005,0,0.0,53,0.53,100,0.01145429626107216,10937
no_dueling,sweeping,3,110,0.08333333333333333,92.50000000000009,1,0.01,56,0.56,100,0.008509587703738362,11037
no_dueling,sweeping,3,111,0.08264462809917356,94.0000000000001,0,0.0,60,0.6,100,0.007550689263734966,11137
no_dueling,sweeping,3,112,0.0819672131147541,88.70000000000005,3,0.03,55,0.55,100,0.0075053791352547704,11237
no_dueling,sweeping,3,113,0.08130081300813008,93.30000000000003,1,0.01,48,0.48,100,0.007717091201338917,11337
no_dueling,sweeping,3,114,0.08064516129032258,92.60000000000002,1,0.01,55,0.55,100,0.009184410008601844,11437
no_dueling,sweeping,3,115,0.08,92.60000000000007,1,0.01,55,0.55,100,0.008522274256683886,11537
no_dueling,sweeping,3,116,0.07936507936507936,93.10000000000005,1,0.01,50,0.5,100,0.011710661824326962,11637
no_dueling,sweeping,3,117,0.07874015748031496,92.50000000000004,1,0.01,56,0.56,100,0.008931530660483987,11737
no_dueling,sweeping,3,118,0.078125,94.60000000000007,0,0.0,54,0.54,100,0.008550001662224532,11837
no_dueling,sweeping,3,119,0.07751937984496124,94.30000000000005,0,0.0,57,0.57,100,0.009980036532506347,11937
no_dueling,sweeping,3,120,0.07692307692307693,92.60000000000004,1,0.01,54,0.54,100,0.013098687259480357,12037
no_dueling,sweeping,3,121,0.07633587786259542,92.30000000000008,1,0.01,58,0.58,100,0.011590551459230483,12137
no_dueling,sweeping,3,122,0.07575757575757576,92.3000000000001,1,0.01,58,0.58,100,0.007061997035052627,12237
no_dueling,sweeping,3,123,0.07518796992481203,90.10000000000005,2,0.02,60,0.6,100,0.011140551897697151,12337
no_dueling,sweeping,3,124,0.07462686567164178,92.30000000000007,1,0.01,58,0.58,100,0.007693343013525009,12437
no_dueling,sweeping,3,125,0.07407407407407407,94.50000000000006,0,0.0,55,0.55,100,0.010221047936938702,12537
no_dueling,sweeping,3,126,0.07352941176470588,94.80000000000005,0,0.0,52,0.52,100,0.010102027044631541,12637
no_dueling,sweeping,3,127,0.07299270072992702,93.90000000000006,0,0.0,61,0.61,100,0.010195306625682861,12737
no_dueling,sweeping,3,128,0.07246376811594203,89.90000000000003,3,0.03,43,0.43,100,0.01013618563534692,12837
no_dueling,sweeping,3,129,0.07194244604316546,93.50000000000006,0,0.0,65,0.65,100,0.010371678206138314,12937
no_dueling,sweeping,3,130,0.07142857142857142,93.30000000000005,1,0.01,48,0.48,100,0.0105425995006226,13037
no_dueling,sweeping,3,131,0.07092198581560284,88.40000000000003,3,0.03,58,0.58,100,0.011013289189431816,13137
no_dueling,sweeping,3,132,0.07042253521126761,89.00000000000004,3,0.03,52,0.52,100,0.008385807166341692,13237
no_dueling,sweeping,3,133,0.06993006993006992,94.50000000000006,0,0.0,55,0.55,100,0.01311148650245741,13337
no_dueling,sweeping,3,134,0.06944444444444445,92.80000000000003,1,0.01,53,0.53,100,0.011487065923865884,13437
no_dueling,sweeping,3,135,0.06896551724137931,94.70000000000012,0,0.0,53,0.53,100,0.010711819012649358,13537
no_dueling,sweeping,3,136,0.0684931506849315,95.10000000000005,0,0.0,49,0.49,100,0.007204681735020131,13637
no_dueling,sweeping,3,137,0.06802721088435375,93.50000000000003,1,0.01,46,0.46,100,0.0083560197125189,13737
no_dueling,sweeping,3,138,0.06756756756756756,94.90000000000009,0,0.0,51,0.51,100,0.008514603367075324,13837
no_dueling,sweeping,3,139,0.06711409395973154,94.10000000000005,0,0.0,59,0.59,100,0.010376570620574057,13937
no_dueling,sweeping,3,140,0.06666666666666667,91.00000000000006,2,0.02,52,0.52,100,0.008792943633161486,14037
no_dueling,sweeping,3,141,0.06622516556291391,92.80000000000004,1,0.01,53,0.53,100,0.013596554060932249,14137
no_dueling,sweeping,3,142,0.06578947368421052,92.20000000000005,1,0.01,58,0.58,100,0.01063902092166245,14237
no_dueling,sweeping,3,143,0.06535947712418301,93.40000000000003,1,0.01,47,0.47,100,0.007449316021520645,14337
no_dueling,sweeping,3,144,0.06493506493506493,92.40000000000006,1,0.01,57,0.57,100,0.00985430106986314,14437
no_dueling,sweeping,3,145,0.06451612903225806,90.1000000000001,2,0.02,61,0.61,100,0.009111491672229022,14537
no_dueling,sweeping,3,146,0.06410256410256411,92.40000000000002,1,0.01,57,0.57,100,0.009151099177543073,14637
no_dueling,sweeping,3,147,0.06369426751592357,94.10000000000004,1,0.01,40,0.4,100,0.008913214148487896,14737
no_dueling,sweeping,3,148,0.06329113924050632,95.20000000000005,0,0.0,48,0.48,100,0.008385098557919263,14837
no_dueling,sweeping,3,149,0.06289308176100629,95.10000000000005,0,0.0,49,0.49,100,0.010079864680301398,14937
no_dueling,sweeping,3,150,0.0625,90.90000000000003,2,0.02,52,0.52,100,0.00765028057154268,15037
no_dueling,sweeping,3,151,0.06211180124223602,92.20000000000003,1,0.01,59,0.59,100,0.009188240487128496,15137
no_dueling,sweeping,3,152,0.0617283950617284,92.80000000000007,1,0.01,53,0.53,100,0.008722552645485849,15237
no_dueling,sweeping,3,153,0.06134969325153374,85.10000000000002,5,0.05,53,0.53,100,0.010250146621838213,15337
no_dueling,sweeping,3,154,0.06097560975609757,94.70000000000007,0,0.0,53,0.53,100,0.010050694169476628,15437
no_dueling,sweeping,3,155,0.06060606060606061,92.30000000000005,1,0.01,58,0.58,100,0.011838012028019875,15537
no_dueling,sweeping,3,156,0.06024096385542168,95.30000000000005,0,0.0,47,0.47,100,0.011114141878206283,15637
no_dueling,sweeping,3,157,0.059880239520958084,94.60000000000008,0,0.0,54,0.54,100,0.011908275480382145,15737
no_dueling,sweeping,3,158,0.05952380952380952,90.60000000000004,2,0.02,56,0.56,100,0.01170036599971354,15837
no_dueling,sweeping,3,159,0.0591715976331361,95.40000000000005,0,0.0,46,0.46,100,0.009245413409080356,15937
no_dueling,sweeping,3,160,0.058823529411764705,93.00000000000006,1,0.01,51,0.51,100,0.007908182893879711,16037
no_dueling,sweeping,3,161,0.05847953216374269,93.70000000000002,1,0.01,44,0.44,100,0.008771769308950753,16137
no_dueling,sweeping,3,162,0.05813953488372093,95.90000000000005,0,0.0,41,0.41,100,0.008474862286821008,16237
no_dueling,sweeping,3,163,0.057803468208092484,94.50000000000007,0,0.0,55,0.55,100,0.009748138142749668,16337
no_dueling,sweeping,3,164,0.0574712643678161,92.70000000000005,1,0.01,54,0.54,100,0.011831118916161358,16437
no_dueling,sweeping,3,165,0.05714285714285714,95.30000000000005,0,0.0,47,0.47,100,0.010136607063468545,16537
no_dueling,sweeping,3,166,0.056818181818181816,95.50000000000007,0,0.0,45,0.45,100,0.009299460770562292,16637
no_dueling,sweeping,3,167,0.05649717514124294,93.20000000000005,1,0.01,49,0.49,100,0.00937845915555954,16737
no_dueling,sweeping,3,168,0.056179775280898875,92.30000000000008,1,0.01,58,0.58,100,0.00997754097916186,16837
no_dueling,sweeping,3,169,0.0558659217877095,93.20000000000006,1,0.01,48,0.48,100,0.011044642454944551,16937
no_dueling,sweeping,3,170,0.05555555555555555,95.50000000000004,0,0.0,45,0.45,100,0.009293473821599037,17037
no_dueling,sweeping,3,171,0.055248618784530384,92.60000000000007,1,0.01,55,0.55,100,0.008070843161549419,17137
no_dueling,sweeping,3,172,0.054945054945054944,95.40000000000008,0,0.0,46,0.46,100,0.009502528477460146,17237
no_dueling,sweeping,3,173,0.0546448087431694,92.80000000000004,1,0.01,53,0.53,100,0.01120792678091675,17337
no_dueling,sweeping,3,174,0.05434782608695653,96.00000000000007,0,0.0,40,0.4,100,0.008775695052463561,17437
no_dueling,sweeping,3,175,0.05405405405405406,90.60000000000007,2,0.02,55,0.55,100,0.010290697566233575,17537
no_dueling,sweeping,3,176,0.05376344086021505,94.80000000000007,0,0.0,52,0.52,100,0.010093593811616302,17637
no_dueling,sweeping,3,177,0.053475935828877004,93.00000000000009,1,0.01,51,0.51,100,0.010107966978102923,17737
no_dueling,sweeping,3,178,0.05319148936170213,94.20000000000006,0,0.0,58,0.58,100,0.00964116299757734,17837
no_dueling,sweeping,3,179,0.052910052910052914,94.50000000000009,0,0.0,55,0.55,100,0.0092898935591802,17937
no_dueling,sweeping,3,180,0.05263157894736842,90.80000000000004,2,0.02,54,0.54,100,0.011527461344376206,18037
no_dueling,sweeping,3,181,0.05235602094240837,91.20000000000005,2,0.02,49,0.49,100,0.007706772452220321,18137
no_dueling,sweeping,3,182,0.052083333333333336,92.20000000000005,1,0.01,59,0.59,100,0.009071802736725658,18237
no_dueling,sweeping,3,183,0.05181347150259067,92.80000000000007,1,0.01,52,0.52,100,0.011585529148578643,18337
no_dueling,sweeping,3,184,0.051546391752577324,92.50000000000003,1,0.01,56,0.56,100,0.010031610527075827,18437
no_dueling,sweeping,3,185,0.05128205128205128,94.50000000000007,0,0.0,55,0.55,100,0.008916378163266927,18537
no_dueling,sweeping,3,186,0.0510204081632653,94.50000000000006,0,0.0,55,0.55,100,0.00986484206514433,18637
no_dueling,sweeping,3,187,0.050761421319796954,93.80000000000007,1,0.01,43,0.43,100,0.008751617206726223,18737
no_dueling,sweeping,3,188,0.050505050505050504,95.30000000000005,0,0.0,47,0.47,100,0.011639496851712465,18837
no_dueling,sweeping,3,189,0.05025125628140704,93.10000000000005,1,0.01,50,0.5,100,0.009664425866212696,18937
no_dueling,sweeping,3,190,0.05,92.50000000000006,1,0.01,56,0.56,100,0.008643803182058036,19037
no_dueling,sweeping,3,191,0.04975124378109452,89.90000000000003,3,0.03,44,0.44,100,0.007266140652354806,19137
no_dueling,sweeping,3,192,0.04950495049504951,95.20000000000006,0,0.0,48,0.48,100,0.008890408095903695,19237
no_dueling,sweeping,3,193,0.04926108374384236,94.80000000000005,0,0.0,52,0.52,100,0.008663501169066876,19337
no_dueling,sweeping,3,194,0.04901960784313726,93.70000000000009,0,0.0,63,0.63,100,0.009021371563430875,19437
no_dueling,sweeping,3,195,0.04878048780487805,92.80000000000005,1,0.01,53,0.53,100,0.007578398655168712,19537
no_dueling,sweeping,3,196,0.04854368932038835,93.30000000000004,1,0.01,48,0.48,100,0.008789717394392937,19637
no_dueling,sweeping,3,197,0.04830917874396135,95.70000000000005,0,0.0,43,0.43,100,0.007286908752284944,19737
no_dueling,sweeping,3,198,0.04807692307692307,90.70000000000003,2,0.02,54,0.54,100,0.010074542209040374,19837
no_dueling,sweeping,3,199,0.04784688995215311,94.10000000000004,0,0.0,59,0.59,100,0.012268482707440853,19937
no_dueling,sweeping,4,0,1.0,71.79999999999997,10,0.1,91,0.91,100,0.2180343746534876,37
no_dueling,sweeping,4,1,0.9090909090909091,85.30000000000008,3,0.03,87,0.87,100,0.0635851621069014,137
no_dueling,sweeping,4,2,0.8333333333333334,73.79999999999998,9,0.09,91,0.91,100,0.043127353191375735,237
no_dueling,sweeping,4,3,0.7692307692307692,76.39999999999999,8,0.08,83,0.83,100,0.029682185668498277,337
no_dueling,sweeping,4,4,0.7142857142857143,69.89999999999998,11,0.11,92,0.92,100,0.011108442912809552,437
no_dueling,sweeping,4,5,0.6666666666666666,77.80000000000001,7,0.07,87,0.87,100,0.008546272355597467,537
no_dueling,sweeping,4,6,0.625,74.29999999999998,9,0.09,83,0.83,100,0.008221911243163049,637
no_dueling,sweeping,4,7,0.5882352941176471,79.30000000000003,7,0.07,72,0.72,100,0.007815688480623067,737
no_dueling,sweeping,4,8,0.5555555555555556,76.80000000000001,8,0.08,80,0.8,100,0.00783231556415558,837
no_dueling,sweeping,4,9,0.5263157894736842,82.20000000000002,5,0.05,83,0.83,100,0.00420688814483583,937
no_dueling,sweeping,4,10,0.5,80.90000000000002,6,0.06,77,0.77,100,0.004467342047719285,1037
no_dueling,sweeping,4,11,0.47619047619047616,82.40000000000002,5,0.05,80,0.8,100,0.004960138828027994,1137
no_dueling,sweeping,4,12,0.45454545454545453,85.10000000000005,4,0.04,73,0.73,100,0.0066433803224936125,1237
no_dueling,sweeping,4,13,0.4347826086956522,80.50000000000006,6,0.06,81,0.81,100,0.008227331289090216,1337
no_dueling,sweeping,4,14,0.4166666666666667,86.70000000000007,3,0.03,76,0.76,100,0.0051737514464184646,1437
no_dueling,sweeping,4,15,0.4,83.10000000000005,5,0.05,74,0.74,100,0.005391810163855553,1537
no_dueling,sweeping,4,16,0.3846153846153846,81.40000000000003,6,0.06,72,0.72,100,0.00650244504911825,1637
no_dueling,sweeping,4,17,0.37037037037037035,86.20000000000005,3,0.03,80,0.8,100,0.007725011531729251,1737
no_dueling,sweeping,4,18,0.35714285714285715,82.30000000000005,5,0.05,82,0.82,100,0.0070295339170843366,1837
no_dueling,sweeping,4,19,0.3448275862068966,83.00000000000006,5,0.05,75,0.75,100,0.0061386907752603295,1937
no_dueling,sweeping,4,20,0.3333333333333333,84.10000000000005,5,0.05,64,0.64,100,0.006596583209466189,2037
no_dueling,sweeping,4,21,0.3225806451612903,75.7,9,0.09,72,0.72,100,0.006920152972452342,2137
no_dueling,sweeping,4,22,0.3125,88.40000000000006,2,0.02,78,0.78,100,0.006705252937972545,2237
no_dueling,sweeping,4,23,0.30303030303030304,85.30000000000003,4,0.04,70,0.7,100,0.0061494310060516,2337
no_dueling,sweeping,4,24,0.29411764705882354,86.00000000000009,3,0.03,82,0.82,100,0.008462120944168419,2437
no_dueling,sweeping,4,25,0.2857142857142857,87.30000000000004,3,0.03,70,0.7,100,0.009036854333244264,2537
no_dueling,sweeping,4,26,0.2777777777777778,89.30000000000004,2,0.02,69,0.69,100,0.007867350203450769,2637
no_dueling,sweeping,4,27,0.27027027027027023,83.80000000000004,5,0.05,67,0.67,100,0.007532027838751673,2737
no_dueling,sweeping,4,28,0.2631578947368421,83.00000000000001,5,0.05,75,0.75,100,0.00945247481111437,2837
no_dueling,sweeping,4,29,0.25641025641025644,91.20000000000007,1,0.01,69,0.69,100,0.005805285128299147,2937
no_dueling,sweeping,4,30,0.25,85.80000000000004,4,0.04,66,0.66,100,0.006648289139848202,3037
no_dueling,sweeping,4,31,0.24390243902439027,89.00000000000009,2,0.02,72,0.72,100,0.007628244608640671,3137
no_dueling,sweeping,4,32,0.23809523809523808,82.70000000000003,5,0.05,78,0.78,100,0.007220713084097952,3237
no_dueling,sweeping,4,33,0.23255813953488372,91.50000000000006,1,0.01,66,0.66,100,0.008429640554822981,3337
no_dueling,sweeping,4,34,0.22727272727272727,86.50000000000006,4,0.04,59,0.59,100,0.006523495893925428,3437
no_dueling,sweeping,4,35,0.2222222222222222,92.20000000000006,1,0.01,58,0.58,100,0.008470005316194146,3537
no_dueling,sweeping,4,36,0.2173913043478261,86.20000000000007,3,0.03,80,0.8,100,0.008380055706948043,3637
no_dueling,sweeping,4,37,0.2127659574468085,87.80000000000007,3,0.03,65,0.65,100,0.006598653648979962,3737
no_dueling,sweeping,4,38,0.20833333333333334,88.10000000000007,3,0.03,62,0.62,100,0.009237828224431723,3837
no_dueling,sweeping,4,39,0.2040816326530612,91.50000000000006,1,0.01,66,0.66,100,0.008292704485356808,3937
no_dueling,sweeping,4,40,0.2,88.90000000000008,2,0.02,72,0.72,100,0.0074437768803909425,4037
no_dueling,sweeping,4,41,0.19607843137254904,91.00000000000007,1,0.01,70,0.7,100,0.008439734517596663,4137
no_dueling,sweeping,4,42,0.1923076923076923,93.9000000000001,0,0.0,61,0.61,100,0.008224213763605803,4237
no_dueling,sweeping,4,43,0.18867924528301888,87.80000000000008,3,0.03,64,0.64,100,0.007851085909642279,4337
no_dueling,sweeping,4,44,0.18518518518518517,88.50000000000004,3,0.03,58,0.58,100,0.008645256333984434,4437
no_dueling,sweeping,4,45,0.18181818181818182,87.00000000000006,3,0.03,73,0.73,100,0.007296124144922942,4537
no_dueling,sweeping,4,46,0.17857142857142858,91.10000000000005,1,0.01,70,0.7,100,0.009528900829609483,4637
no_dueling,sweeping,4,47,0.17543859649122806,85.80000000000007,4,0.04,66,0.66,100,0.009847395224496722,4737
no_dueling,sweeping,4,48,0.1724137931034483,89.00000000000004,2,0.02,72,0.72,100,0.007946118377149106,4837
no_dueling,sweeping,4,49,0.1694915254237288,88.30000000000003,3,0.03,59,0.59,100,0.007789522144012153,4937
no_dueling,sweeping,4,50,0.16666666666666666,88.20000000000005,3,0.03,60,0.6,100,0.010345417652279138,5037
no_dueling,sweeping,4,51,0.1639344262295082,86.30000000000001,4,0.04,61,0.61,100,0.00909548436757177,5137
no_dueling,sweeping,4,52,0.16129032258064516,93.00000000000009,1,0.01,51,0.51,100,0.006511845893692225,5237
no_dueling,sweeping,4,53,0.15873015873015872,89.20000000000007,2,0.02,70,0.7,100,0.009902828745543957,5337
no_dueling,sweeping,4,54,0.15625,93.40000000000006,0,0.0,66,0.66,100,0.010983605897054076,5437
no_dueling,sweeping,4,55,0.15384615384615385,91.60000000000011,1,0.01,65,0.65,100,0.01286179237999022,5537
no_dueling,sweeping,4,56,0.15151515151515152,90.00000000000003,2,0.02,62,0.62,100,0.008588498660828918,5637
no_dueling,sweeping,4,57,0.14925373134328357,86.40000000000005,4,0.04,60,0.6,100,0.009291474157944322,5737
no_dueling,sweeping,4,58,0.14705882352941177,92.80000000000007,1,0.01,53,0.53,100,0.008970677102915943,5837
no_dueling,sweeping,4,59,0.14492753623188406,92.70000000000005,0,0.0,73,0.73,100,0.008442297792062164,5937
no_dueling,sweeping,4,60,0.14285714285714285,91.70000000000006,1,0.01,63,0.63,100,0.0074007082125172015,6037
no_dueling,sweeping,4,61,0.14084507042253522,93.40000000000008,0,0.0,66,0.66,100,0.00818474369123578,6137
no_dueling,sweeping,4,62,0.1388888888888889,86.70000000000005,3,0.03,75,0.75,100,0.010480750906281174,6237
no_dueling,sweeping,4,63,0.136986301369863,90.30000000000007,2,0.02,59,0.59,100,0.0074472107458859686,6337
no_dueling,sweeping,4,64,0.13513513513513511,83.30000000000001,5,0.05,72,0.72,100,0.00824445639271289,6437
no_dueling,sweeping,4,65,0.13333333333333333,92.50000000000007,1,0.01,55,0.55,100,0.008885015619453042,6537
no_dueling,sweeping,4,66,0.13157894736842105,92.70000000000005,1,0.01,54,0.54,100,0.007121956895571202,6637
no_dueling,sweeping,4,67,0.12987012987012986,89.80000000000005,2,0.02,64,0.64,100,0.007874097565654666,6737
no_dueling,sweeping,4,68,0.12820512820512822,90.60000000000005,2,0.02,56,0.56,100,0.010713575386907905,6837
no_dueling,sweeping,4,69,0.12658227848101264,82.20000000000005,6,0.06,64,0.64,100,0.009643458188511431,6937
no_dueling,sweeping,4,70,0.125,88.70000000000007,3,0.03,55,0.55,100,0.008855002736672758,7037
no_dueling,sweeping,4,71,0.1234567901234568,94.50000000000006,0,0.0,55,0.55,100,0.00818942521000281,7137
no_dueling,sweeping,4,72,0.12195121951219513,92.20000000000007,1,0.01,59,0.59,100,0.008952571297995746,7237
no_dueling,sweeping,4,73,0.12048192771084336,89.20000000000007,2,0.02,70,0.7,100,0.008475934157613664,7337
no_dueling,sweeping,4,74,0.11904761904761904,92.10000000000008,1,0.01,60,0.6,100,0.009904775999020786,7437
no_dueling,sweeping,4,75,0.11764705882352941,84.50000000000003,5,0.05,60,0.6,100,0.008236036684829742,7537
no_dueling,sweeping,4,76,0.11627906976744186,92.10000000000007,1,0.01,60,0.6,100,0.008217843058519065,7637
no_dueling,sweeping,4,77,0.1149425287356322,90.40000000000006,2,0.02,58,0.58,100,0.00904463071608916,7737
no_dueling,sweeping,4,78,0.11363636363636363,90.40000000000002,2,0.02,58,0.58,100,0.008315050844103097,7837
no_dueling,sweeping,4,79,0.11235955056179775,92.30000000000007,1,0.01,58,0.58,100,0.00843343960819766,7937
no_dueling,sweeping,4,80,0.1111111111111111,94.10000000000007,0,0.0,59,0.59,100,0.009136071084067226,8037
no_dueling,sweeping,4,81,0.10989010989010989,94.00000000000007,0,0.0,60,0.6,100,0.008575386723969132,8137
no_dueling,sweeping,4,82,0.10869565217391305,89.80000000000008,2,0.02,63,0.63,100,0.007860392497386784,8237
no_dueling,sweeping,4,83,0.1075268817204301,89.90000000000003,2,0.02,62,0.62,100,0.007971019486431032,8337
no_dueling,sweeping,4,84,0.10638297872340426,94.50000000000006,0,0.0,55,0.55,100,0.007603482599370182,8437
no_dueling,sweeping,4,85,0.10526315789473684,93.00000000000003,0,0.0,70,0.7,100,0.0075939083634875715,8537
no_dueling,sweeping,4,86,0.10416666666666667,93.00000000000006,1,0.01,51,0.51,100,0.0072993463114835325,8637
no_dueling,sweeping,4,87,0.10309278350515465,94.70000000000009,0,0.0,53,0.53,100,0.008361947806552052,8737
no_dueling,sweeping,4,88,0.1020408163265306,86.10000000000005,4,0.04,63,0.63,100,0.007961538780946284,8837
no_dueling,sweeping,4,89,0.10101010101010101,93.60000000000007,0,0.0,64,0.64,100,0.01368311992380768,8937
no_dueling,sweeping,4,90,0.1,92.50000000000006,1,0.01,56,0.56,100,0.010962001653388143,9037
no_dueling,sweeping,4,91,0.09900990099009901,88.90000000000003,3,0.03,54,0.54,100,0.008965364191681147,9137
no_dueling,sweeping,4,92,0.09803921568627452,90.90000000000009,2,0.02,53,0.53,100,0.01058616338763386,9237
no_dueling,sweeping,4,93,0.0970873786407767,90.80000000000004,2,0.02,54,0.54,100,0.008818780994042754,9337
no_dueling,sweeping,4,94,0.09615384615384615,92.90000000000006,1,0.01,52,0.52,100,0.006738173321355134,9437
no_dueling,sweeping,4,95,0.09523809523809523,94.80000000000004,0,0.0,52,0.52,100,0.007554316986352205,9537
no_dueling,sweeping,4,96,0.09433962264150944,92.70000000000006,1,0.01,54,0.54,100,0.007819361158180983,9637
no_dueling,sweeping,4,97,0.09345794392523366,94.80000000000007,0,0.0,52,0.52,100,0.007240809726063162,9737
no_dueling,sweeping,4,98,0.09259259259259259,91.30000000000004,2,0.02,49,0.49,100,0.010178618980571628,9837
no_dueling,sweeping,4,99,0.09174311926605504,94.50000000000007,0,0.0,55,0.55,100,0.008029140739236027,9937
no_dueling,sweeping,4,100,0.09090909090909091,92.6000000000001,1,0.01,55,0.55,100,0.01007573671406135,10037
no_dueling,sweeping,4,101,0.0900900900900901,91.00000000000004,2,0.02,51,0.51,100,0.00968745855614543,10137
no_dueling,sweeping,4,102,0.08928571428571429,85.80000000000001,4,0.04,65,0.65,100,0.00916206548223272,10237
no_dueling,sweeping,4,103,0.08849557522123894,90.90000000000006,2,0.02,53,0.53,100,0.009813157415483147,10337
no_dueling,sweeping,4,104,0.08771929824561403,88.20000000000003,3,0.03,61,0.61,100,0.012679453669115902,10437
no_dueling,sweeping,4,105,0.08695652173913043,90.40000000000005,2,0.02,58,0.58,100,0.01031580098439008,10537
no_dueling,sweeping,4,106,0.08620689655172414,92.70000000000007,1,0.01,54,0.54,100,0.012545227170921863,10637
no_dueling,sweeping,4,107,0.08547008547008547,88.10000000000007,3,0.03,61,0.61,100,0.010659644256811589,10737
no_dueling,sweeping,4,108,0.0847457627118644,92.10000000000008,1,0.01,60,0.6,100,0.009564176083076746,10837
no_dueling,sweeping,4,109,0.08403361344537814,90.90000000000006,2,0.02,53,0.53,100,0.011653358184266835,10937
no_dueling,sweeping,4,110,0.08333333333333333,94.60000000000008,0,0.0,54,0.54,100,0.010969853515271098,11037
no_dueling,sweeping,4,111,0.08264462809917356,92.30000000000005,1,0.01,57,0.57,100,0.010850907620042562,11137
no_dueling,sweeping,4,112,0.0819672131147541,91.20000000000005,2,0.02,50,0.5,100,0.011662780204787851,11237
no_dueling,sweeping,4,113,0.08130081300813008,92.60000000000002,1,0.01,55,0.55,100,0.009360372736118734,11337
no_dueling,sweeping,4,114,0.08064516129032258,92.70000000000007,1,0.01,54,0.54,100,0.013068869207054377,11437
no_dueling,sweeping,4,115,0.08,94.40000000000006,0,0.0,56,0.56,100,0.012928673448041082,11537
no_dueling,sweeping,4,116,0.07936507936507936,94.80000000000004,0,0.0,52,0.52,100,0.01163777151145041,11637
no_dueling,sweeping,4,117,0.07874015748031496,92.60000000000004,1,0.01,55,0.55,100,0.011046543968841433,11737
no_dueling,sweeping,4,118,0.078125,95.20000000000003,0,0.0,48,0.48,100,0.010963406236842275,11837
no_dueling,sweeping,4,119,0.07751937984496124,90.90000000000003,2,0.02,53,0.53,100,0.008490043429192155,11937
no_dueling,sweeping,4,120,0.07692307692307693,92.60000000000002,1,0.01,55,0.55,100,0.010861527267843485,12037
no_dueling,sweeping,4,121,0.07633587786259542,90.40000000000003,2,0.02,58,0.58,100,0.01009988515637815,12137
no_dueling,sweeping,4,122,0.07575757575757576,95.40000000000006,0,0.0,46,0.46,100,0.010384743998292834,12237
no_dueling,sweeping,4,123,0.07518796992481203,95.50000000000007,0,0.0,45,0.45,100,0.013095879964530467,12337
no_dueling,sweeping,4,124,0.07462686567164178,93.40000000000006,1,0.01,47,0.47,100,0.010417856820859016,12437
no_dueling,sweeping,4,125,0.07407407407407407,91.50000000000006,1,0.01,65,0.65,100,0.010389905746560544,12537
no_dueling,sweeping,4,126,0.07352941176470588,90.10000000000008,2,0.02,61,0.61,100,0.011998135063331574,12637
no_dueling,sweeping,4,127,0.07299270072992702,91.80000000000007,2,0.02,44,0.44,100,0.012380627882666886,12737
no_dueling,sweeping,4,128,0.07246376811594203,92.50000000000009,1,0.01,55,0.55,100,0.010567206162959338,12837
no_dueling,sweeping,4,129,0.07194244604316546,94.80000000000005,0,0.0,52,0.52,100,0.011838111022952943,12937
no_dueling,sweeping,4,130,0.07142857142857142,95.00000000000006,0,0.0,50,0.5,100,0.014189176764339208,13037
no_dueling,sweeping,4,131,0.07092198581560284,91.90000000000006,1,0.01,62,0.62,100,0.012899845470674336,13137
no_dueling,sweeping,4,132,0.07042253521126761,91.10000000000004,2,0.02,51,0.51,100,0.010786401592195034,13237
no_dueling,sweeping,4,133,0.06993006993006992,90.90000000000003,2,0.02,53,0.53,100,0.010095397185068578,13337
no_dueling,sweeping,4,134,0.06944444444444445,93.60000000000005,1,0.01,45,0.45,100,0.010334760565310717,13437
no_dueling,sweeping,4,135,0.06896551724137931,92.80000000000007,1,0.01,53,0.53,100,0.009264906132593752,13537
no_dueling,sweeping,4,136,0.0684931506849315,91.00000000000006,2,0.02,52,0.52,100,0.008329656876157969,13637
no_dueling,sweeping,4,137,0.06802721088435375,92.40000000000008,1,0.01,57,0.57,100,0.015092406319454313,13737
no_dueling,sweeping,4,138,0.06756756756756756,95.00000000000006,0,0.0,50,0.5,100,0.010533423558808864,13837
no_dueling,sweeping,4,139,0.06711409395973154,92.70000000000005,1,0.01,54,0.54,100,0.008752208156511187,13937
no_dueling,sweeping,4,140,0.06666666666666667,94.80000000000005,0,0.0,52,0.52,100,0.007526947990991175,14037
no_dueling,sweeping,4,141,0.06622516556291391,94.00000000000006,0,0.0,60,0.6,100,0.0078113222145475445,14137
no_dueling,sweeping,4,142,0.06578947368421052,95.90000000000006,0,0.0,41,0.41,100,0.012316448367200791,14237
no_dueling,sweeping,4,143,0.06535947712418301,89.60000000000005,3,0.03,47,0.47,100,0.013086023083887994,14337
no_dueling,sweeping,4,144,0.06493506493506493,93.20000000000006,1,0.01,49,0.49,100,0.009770610788837075,14437
no_dueling,sweeping,4,145,0.06451612903225806,94.20000000000007,0,0.0,58,0.58,100,0.012314808927476406,14537
no_dueling,sweeping,4,146,0.06410256410256411,91.60000000000007,1,0.01,65,0.65,100,0.008076779840048403,14637
no_dueling,sweeping,4,147,0.06369426751592357,94.40000000000006,0,0.0,56,0.56,100,0.009912118217907846,14737
no_dueling,sweeping,4,148,0.06329113924050632,93.20000000000005,1,0.01,49,0.49,100,0.012047209551092238,14837
no_dueling,sweeping,4,149,0.06289308176100629,90.50000000000003,2,0.02,57,0.57,100,0.012191288624890148,14937
no_dueling,sweeping,4,150,0.0625,92.20000000000005,1,0.01,59,0.59,100,0.013851964385248721,15037
no_dueling,sweeping,4,151,0.06211180124223602,89.20000000000007,3,0.03,51,0.51,100,0.00905799302039668,15137
no_dueling,sweeping,4,152,0.0617283950617284,88.90000000000006,3,0.03,54,0.54,100,0.008974662376567721,15237
no_dueling,sweeping,4,153,0.06134969325153374,90.50000000000003,2,0.02,57,0.57,100,0.009820546321570874,15337
no_dueling,sweeping,4,154,0.06097560975609757,94.70000000000005,0,0.0,53,0.53,100,0.009268872835673393,15437
no_dueling,sweeping,4,155,0.06060606060606061,91.00000000000001,2,0.02,51,0.51,100,0.009373954322654754,15537
no_dueling,sweeping,4,156,0.06024096385542168,93.30000000000007,1,0.01,48,0.48,100,0.0072115229396149515,15637
no_dueling,sweeping,4,157,0.059880239520958084,95.20000000000005,0,0.0,48,0.48,100,0.007117495993152261,15737
no_dueling,sweeping,4,158,0.05952380952380952,90.60000000000002,2,0.02,55,0.55,100,0.009753638049587607,15837
no_dueling,sweeping,4,159,0.0591715976331361,93.00000000000007,1,0.01,51,0.51,100,0.009688043571077287,15937
no_dueling,sweeping,4,160,0.058823529411764705,92.40000000000006,1,0.01,57,0.57,100,0.008453406246844678,16037
no_dueling,sweeping,4,161,0.05847953216374269,94.90000000000008,0,0.0,51,0.51,100,0.007343701238278299,16137
no_dueling,sweeping,4,162,0.05813953488372093,93.00000000000006,1,0.01,51,0.51,100,0.007586756609380245,16237
no_dueling,sweeping,4,163,0.057803468208092484,94.90000000000006,0,0.0,51,0.51,100,0.008515276676043869,16337
no_dueling,sweeping,4,164,0.0574712643678161,94.80000000000005,0,0.0,52,0.52,100,0.00933059532660991,16437
no_dueling,sweeping,4,165,0.05714285714285714,91.00000000000007,2,0.02,52,0.52,100,0.013078458015806973,16537
no_dueling,sweeping,4,166,0.056818181818181816,95.40000000000003,0,0.0,46,0.46,100,0.008780150909442454,16637
no_dueling,sweeping,4,167,0.05649717514124294,93.60000000000004,1,0.01,45,0.45,100,0.008271048876922578,16737
no_dueling,sweeping,4,168,0.056179775280898875,93.70000000000005,1,0.01,44,0.44,100,0.009336596177890897,16837
no_dueling,sweeping,4,169,0.0558659217877095,94.30000000000008,0,0.0,57,0.57,100,0.007655994459055364,16937
no_dueling,sweeping,4,170,0.05555555555555555,94.90000000000008,0,0.0,51,0.51,100,0.007473194058984518,17037
no_dueling,sweeping,4,171,0.055248618784530384,94.90000000000003,0,0.0,51,0.51,100,0.012514586374163628,17137
no_dueling,sweeping,4,172,0.054945054945054944,92.80000000000005,1,0.01,53,0.53,100,0.008746976663824171,17237
no_dueling,sweeping,4,173,0.0546448087431694,94.90000000000006,0,0.0,51,0.51,100,0.009117400825489312,17337
no_dueling,sweeping,4,174,0.05434782608695653,95.70000000000006,0,0.0,43,0.43,100,0.0070861927303485575,17437
no_dueling,sweeping,4,175,0.05405405405405406,93.00000000000007,1,0.01,51,0.51,100,0.00810667654266581,17537
no_dueling,sweeping,4,176,0.05376344086021505,95.50000000000007,0,0.0,45,0.45,100,0.00794348913244903,17637
no_dueling,sweeping,4,177,0.053475935828877004,91.20000000000003,2,0.02,50,0.5,100,0.007408295429777354,17737
no_dueling,sweeping,4,178,0.05319148936170213,91.30000000000007,2,0.02,49,0.49,100,0.006563584248069674,17837
no_dueling,sweeping,4,179,0.052910052910052914,91.40000000000005,2,0.02,47,0.47,100,0.008157155644148588,17937
no_dueling,sweeping,4,180,0.05263157894736842,95.60000000000007,0,0.0,44,0.44,100,0.007533289035782218,18037
no_dueling,sweeping,4,181,0.05235602094240837,95.00000000000007,0,0.0,50,0.5,100,0.008023863697890193,18137
no_dueling,sweeping,4,182,0.052083333333333336,95.00000000000006,0,0.0,50,0.5,100,0.008580992077477277,18237
no_dueling,sweeping,4,183,0.05181347150259067,95.20000000000005,0,0.0,48,0.48,100,0.006626980842556804,18337
no_dueling,sweeping,4,184,0.051546391752577324,95.30000000000003,0,0.0,47,0.47,100,0.008775658677332104,18437
no_dueling,sweeping,4,185,0.05128205128205128,95.30000000000007,0,0.0,47,0.47,100,0.008381510055623948,18537
no_dueling,sweeping,4,186,0.0510204081632653,92.20000000000007,1,0.01,59,0.59,100,0.008758124520536512,18637
no_dueling,sweeping,4,187,0.050761421319796954,93.50000000000006,1,0.01,46,0.46,100,0.0073488983209244905,18737
no_dueling,sweeping,4,188,0.050505050505050504,93.50000000000006,1,0.01,46,0.46,100,0.007406386297661811,18837
no_dueling,sweeping,4,189,0.05025125628140704,95.30000000000007,0,0.0,47,0.47,100,0.008504952951334417,18937
no_dueling,sweeping,4,190,0.05,95.30000000000005,0,0.0,47,0.47,100,0.007758523689117283,19037
no_dueling,sweeping,4,191,0.04975124378109452,95.40000000000005,0,0.0,46,0.46,100,0.00988818410318345,19137
no_dueling,sweeping,4,192,0.04950495049504951,94.40000000000006,0,0.0,56,0.56,100,0.009377755348104984,19237
no_dueling,sweeping,4,193,0.04926108374384236,92.50000000000007,1,0.01,56,0.56,100,0.008810318014584482,19337
no_dueling,sweeping,4,194,0.04901960784313726,93.80000000000004,1,0.01,43,0.43,100,0.006610614401288331,19437
no_dueling,sweeping,4,195,0.04878048780487805,95.30000000000005,0,0.0,47,0.47,100,0.0071007787482813,19537
no_dueling,sweeping,4,196,0.04854368932038835,95.00000000000007,0,0.0,50,0.5,100,0.005635127816349268,19637
no_dueling,sweeping,4,197,0.04830917874396135,91.20000000000003,2,0.02,50,0.5,100,0.007873210429679603,19737
no_dueling,sweeping,4,198,0.04807692307692307,96.20000000000003,0,0.0,38,0.38,100,0.00824749950086698,19837
no_dueling,sweeping,4,199,0.04784688995215311,94.20000000000003,1,0.01,39,0.39,100,0.009753100373782218,19937
no_dueling,sweeping,5,0,1.0,68.09999999999994,12,0.12,91,0.91,100,0.21543327608221285,37
no_dueling,sweeping,5,1,0.9090909090909091,60.89999999999993,16,0.16,84,0.84,100,0.07297276975587011,137
no_dueling,sweeping,5,2,0.8333333333333334,74.6,9,0.09,81,0.81,100,0.051878548227250576,237
no_dueling,sweeping,5,3,0.7692307692307692,83.60000000000005,4,0.04,88,0.88,100,0.027396307568997146,337
no_dueling,sweeping,5,4,0.7142857142857143,66.69999999999996,13,0.13,81,0.81,100,0.02677392982877791,437
no_dueling,sweeping,5,5,0.6666666666666666,76.3,8,0.08,83,0.83,100,0.01268232976552099,537
no_dueling,sweeping,5,6,0.625,77.8,7,0.07,88,0.88,100,0.005989635505247861,637
no_dueling,sweeping,5,7,0.5882352941176471,82.20000000000002,5,0.05,82,0.82,100,0.0047169478866271675,737
no_dueling,sweeping,5,8,0.5555555555555556,84.50000000000004,4,0.04,79,0.79,100,0.0038996993959881363,837
no_dueling,sweeping,5,9,0.5263157894736842,84.80000000000005,4,0.04,76,0.76,100,0.005166845647618174,937
no_dueling,sweeping,5,10,0.5,80.70000000000003,6,0.06,79,0.79,100,0.004809066591551527,1037
no_dueling,sweeping,5,11,0.47619047619047616,84.40000000000006,4,0.04,79,0.79,100,0.005602370512206107,1137
no_dueling,sweeping,5,12,0.45454545454545453,84.60000000000005,4,0.04,77,0.77,100,0.0052700277138501405,1237
no_dueling,sweeping,5,13,0.4347826086956522,89.20000000000003,2,0.02,70,0.7,100,0.005478748625610024,1337
no_dueling,sweeping,5,14,0.4166666666666667,89.40000000000005,2,0.02,67,0.67,100,0.005798080719541758,1437
no_dueling,sweeping,5,15,0.4,83.30000000000003,5,0.05,72,0.72,100,0.006606768860947341,1537
no_dueling,sweeping,5,16,0.3846153846153846,84.70000000000005,4,0.04,77,0.77,100,0.0059426807123236355,1637
no_dueling,sweeping,5,17,0.37037037037037035,84.50000000000006,4,0.04,77,0.77,100,0.007094305139034986,1737
no_dueling,sweeping,5,18,0.35714285714285715,82.30000000000003,5,0.05,82,0.82,100,0.0067362796724773945,1837
no_dueling,sweeping,5,19,0.3448275862068966,86.00000000000004,4,0.04,64,0.64,100,0.005222962638363242,1937
no_dueling,sweeping,5,20,0.3333333333333333,89.80000000000007,1,0.01,83,0.83,100,0.008655652774032206,2037
no_dueling,sweeping,5,21,0.3225806451612903,82.40000000000002,5,0.05,81,0.81,100,0.008073695085477084,2137
no_dueling,sweeping,5,22,0.3125,80.20000000000003,6,0.06,83,0.83,100,0.008333919730503112,2237
no_dueling,sweeping,5,23,0.30303030303030304,89.70000000000005,2,0.02,65,0.65,100,0.0063068565237335865,2337
no_dueling,sweeping,5,24,0.29411764705882354,88.80000000000007,2,0.02,74,0.74,100,0.007215295932255685,2437
no_dueling,sweeping,5,25,0.2857142857142857,90.50000000000009,1,0.01,76,0.76,100,0.006728827124461532,2537
no_dueling,sweeping,5,26,0.2777777777777778,91.60000000000005,1,0.01,65,0.65,100,0.006402354829479009,2637
no_dueling,sweeping,5,27,0.27027027027027023,82.60000000000005,5,0.05,79,0.79,100,0.008233915453311057,2737
no_dueling,sweeping,5,28,0.2631578947368421,86.20000000000005,3,0.03,81,0.81,100,0.009263755141291767,2837
no_dueling,sweeping,5,29,0.25641025641025644,83.10000000000005,5,0.05,74,0.74,100,0.01201321952510625,2937
no_dueling,sweeping,5,30,0.25,88.30000000000007,2,0.02,78,0.78,100,0.009494976452551783,3037
no_dueling,sweeping,5,31,0.24390243902439027,88.50000000000007,2,0.02,77,0.77,100,0.008915411862544716,3137
no_dueling,sweeping,5,32,0.23809523809523808,93.70000000000009,0,0.0,63,0.63,100,0.008911072297487409,3237
no_dueling,sweeping,5,33,0.23255813953488372,81.80000000000004,6,0.06,68,0.68,100,0.008108680723235012,3337
no_dueling,sweeping,5,34,0.22727272727272727,86.70000000000007,3,0.03,76,0.76,100,0.008932858244515956,3437
no_dueling,sweeping,5,35,0.2222222222222222,87.30000000000003,3,0.03,70,0.7,100,0.00785002525197342,3537
no_dueling,sweeping,5,36,0.2173913043478261,89.30000000000007,2,0.02,69,0.69,100,0.00645544956671074,3637
no_dueling,sweeping,5,37,0.2127659574468085,88.80000000000004,2,0.02,74,0.74,100,0.009001602828502655,3737
no_dueling,sweeping,5,38,0.20833333333333334,91.50000000000006,1,0.01,66,0.66,100,0.008858068014960736,3837
no_dueling,sweeping,5,39,0.2040816326530612,84.80000000000004,4,0.04,75,0.75,100,0.009598648420069366,3937
no_dueling,sweeping,5,40,0.2,91.60000000000008,1,0.01,65,0.65,100,0.007792388256639242,4037
no_dueling,sweeping,5,41,0.19607843137254904,89.40000000000003,2,0.02,66,0.66,100,0.008959845888894051,4137
no_dueling,sweeping,5,42,0.1923076923076923,91.20000000000007,1,0.01,69,0.69,100,0.010631903724279254,4237
no_dueling,sweeping,5,43,0.18867924528301888,83.60000000000004,5,0.05,69,0.69,100,0.010058302716352045,4337
no_dueling,sweeping,5,44,0.18518518518518517,93.6000000000001,0,0.0,64,0.64,100,0.007707691483665258,4437
no_dueling,sweeping,5,45,0.18181818181818182,87.50000000000006,3,0.03,68,0.68,100,0.010207118152175098,4537
no_dueling,sweeping,5,46,0.17857142857142858,88.70000000000005,2,0.02,75,0.75,100,0.007851111043710262,4637
no_dueling,sweeping,5,47,0.17543859649122806,89.60000000000005,2,0.02,66,0.66,100,0.011137506868690252,4737
no_dueling,sweeping,5,48,0.1724137931034483,89.00000000000006,2,0.02,71,0.71,100,0.010185536839999258,4837
no_dueling,sweeping,5,49,0.1694915254237288,93.20000000000006,0,0.0,68,0.68,100,0.008832959602586924,4937
no_dueling,sweeping,5,50,0.16666666666666666,83.40000000000005,5,0.05,71,0.71,100,0.008935029432177544,5037
no_dueling,sweeping,5,51,0.1639344262295082,89.90000000000005,2,0.02,63,0.63,100,0.009055579919368029,5137
no_dueling,sweeping,5,52,0.16129032258064516,94.00000000000009,0,0.0,60,0.6,100,0.008393921684473752,5237
no_dueling,sweeping,5,53,0.15873015873015872,92.00000000000003,1,0.01,61,0.61,100,0.008312928073573858,5337
no_dueling,sweeping,5,54,0.15625,91.40000000000008,1,0.01,67,0.67,100,0.008499185827095062,5437
no_dueling,sweeping,5,55,0.15384615384615385,87.50000000000004,3,0.03,68,0.68,100,0.00779462750768289,5537
no_dueling,sweeping,5,56,0.15151515151515152,93.60000000000008,0,0.0,64,0.64,100,0.008558386887889355,5637
no_dueling,sweeping,5,57,0.14925373134328357,89.70000000000006,2,0.02,65,0.65,100,0.007531855062115938,5737
no_dueling,sweeping,5,58,0.14705882352941177,87.30000000000005,3,0.03,69,0.69,100,0.008203413151204587,5837
no_dueling,sweeping,5,59,0.14492753623188406,90.00000000000009,2,0.02,61,0.61,100,0.00908302425639704,5937
no_dueling,sweeping,5,60,0.14285714285714285,93.30000000000007,0,0.0,67,0.67,100,0.00851438867393881,6037
no_dueling,sweeping,5,61,0.14084507042253522,89.30000000000005,3,0.03,50,0.5,100,0.008328390163369477,6137
no_dueling,sweeping,5,62,0.1388888888888889,85.60000000000002,4,0.04,67,0.67,100,0.008477273499593138,6237
no_dueling,sweeping,5,63,0.136986301369863,92.90000000000005,1,0.01,51,0.51,100,0.00768719722982496,6337
no_dueling,sweeping,5,64,0.13513513513513511,92.10000000000007,1,0.01,60,0.6,100,0.008991330487187952,6437
no_dueling,sweeping,5,65,0.13333333333333333,90.10000000000011,2,0.02,61,0.61,100,0.007831228547729552,6537
no_dueling,sweeping,5,66,0.13157894736842105,92.00000000000009,1,0.01,61,0.61,100,0.00998637214070186,6637
no_dueling,sweeping,5,67,0.12987012987012986,91.50000000000003,1,0.01,66,0.66,100,0.008287992533296347,6737
no_dueling,sweeping,5,68,0.12820512820512822,90.20000000000003,2,0.02,60,0.6,100,0.009465636932291091,6837
no_dueling,sweeping,5,69,0.12658227848101264,94.60000000000004,0,0.0,54,0.54,100,0.008458089046180249,6937
no_dueling,sweeping,5,70,0.125,89.60000000000007,2,0.02,66,0.66,100,0.0109586059814319,7037
no_dueling,sweeping,5,71,0.1234567901234568,89.60000000000004,2,0.02,66,0.66,100,0.010289979968219995,7137
no_dueling,sweeping,5,72,0.12195121951219513,85.90000000000005,4,0.04,64,0.64,100,0.009265184169635177,7237
no_dueling,sweeping,5,73,0.12048192771084336,86.60000000000002,4,0.04,58,0.58,100,0.008702761447057127,7337
no_dueling,sweeping,5,74,0.11904761904761904,92.7000000000001,0,0.0,73,0.73,100,0.01000404120888561,7437
no_dueling,sweeping,5,75,0.11764705882352941,91.90000000000006,1,0.01,62,0.62,100,0.007879023731220514,7537
no_dueling,sweeping,5,76,0.11627906976744186,92.30000000000004,1,0.01,58,0.58,100,0.008275145047809929,7637
no_dueling,sweeping,5,77,0.1149425287356322,92.20000000000003,1,0.01,59,0.59,100,0.009649138865061104,7737
no_dueling,sweeping,5,78,0.11363636363636363,90.40000000000008,2,0.02,58,0.58,100,0.008314373947214335,7837
no_dueling,sweeping,5,79,0.11235955056179775,92.30000000000004,1,0.01,58,0.58,100,0.00906427594833076,7937
no_dueling,sweeping,5,80,0.1111111111111111,91.40000000000008,1,0.01,67,0.67,100,0.012018268050160258,8037
no_dueling,sweeping,5,81,0.10989010989010989,87.60000000000004,4,0.04,48,0.48,100,0.007348595575895161,8137
no_dueling,sweeping,5,82,0.10869565217391305,93.70000000000007,0,0.0,63,0.63,100,0.009435627129860222,8237
no_dueling,sweeping,5,83,0.1075268817204301,92.70000000000005,1,0.01,54,0.54,100,0.00846848351182416,8337
no_dueling,sweeping,5,84,0.10638297872340426,92.90000000000005,1,0.01,52,0.52,100,0.011548954509198666,8437
no_dueling,sweeping,5,85,0.10526315789473684,89.40000000000008,2,0.02,68,0.68,100,0.008269736240617932,8537
no_dueling,sweeping,5,86,0.10416666666666667,89.80000000000004,2,0.02,64,0.64,100,0.009010948874056339,8637
no_dueling,sweeping,5,87,0.10309278350515465,94.60000000000011,0,0.0,54,0.54,100,0.009869286715984344,8737
no_dueling,sweeping,5,88,0.1020408163265306,93.10000000000005,1,0.01,50,0.5,100,0.0073280525230802595,8837
no_dueling,sweeping,5,89,0.10101010101010101,90.10000000000004,2,0.02,61,0.61,100,0.008457959920633584,8937
no_dueling,sweeping,5,90,0.1,94.50000000000007,0,0.0,55,0.55,100,0.008338173001538962,9037
no_dueling,sweeping,5,91,0.09900990099009901,92.90000000000005,1,0.01,52,0.52,100,0.009958598618395627,9137
no_dueling,sweeping,5,92,0.09803921568627452,90.40000000000006,2,0.02,58,0.58,100,0.009465218731202185,9237
no_dueling,sweeping,5,93,0.0970873786407767,93.00000000000007,1,0.01,51,0.51,100,0.009015862811356783,9337
no_dueling,sweeping,5,94,0.09615384615384615,92.60000000000008,1,0.01,55,0.55,100,0.00942327655153349,9437
no_dueling,sweeping,5,95,0.09523809523809523,94.80000000000005,0,0.0,52,0.52,100,0.00862009675707668,9537
no_dueling,sweeping,5,96,0.09433962264150944,90.60000000000005,2,0.02,56,0.56,100,0.009836437129415572,9637
no_dueling,sweeping,5,97,0.09345794392523366,88.10000000000005,3,0.03,62,0.62,100,0.010451877820305527,9737
no_dueling,sweeping,5,98,0.09259259259259259,93.30000000000007,1,0.01,48,0.48,100,0.008589793446008116,9837
no_dueling,sweeping,5,99,0.09174311926605504,91.00000000000004,2,0.02,52,0.52,100,0.00917811841936782,9937
no_dueling,sweeping,5,100,0.09090909090909091,94.60000000000005,0,0.0,54,0.54,100,0.01056681906338781,10037
no_dueling,sweeping,5,101,0.0900900900900901,95.10000000000005,0,0.0,49,0.49,100,0.012013544833753258,10137
no_dueling,sweeping,5,102,0.08928571428571429,90.30000000000004,2,0.02,59,0.59,100,0.00806918655289337,10237
no_dueling,sweeping,5,103,0.08849557522123894,91.30000000000008,1,0.01,68,0.68,100,0.010955894938670099,10337
no_dueling,sweeping,5,104,0.08771929824561403,91.8000000000001,1,0.01,63,0.63,100,0.008627110314555465,10437
no_dueling,sweeping,5,105,0.08695652173913043,95.40000000000006,0,0.0,46,0.46,100,0.010723710735328495,10537
no_dueling,sweeping,5,106,0.08620689655172414,94.60000000000008,0,0.0,54,0.54,100,0.013670089966617525,10637
no_dueling,sweeping,5,107,0.08547008547008547,93.20000000000005,1,0.01,49,0.49,100,0.008962728215847164,10737
no_dueling,sweeping,5,108,0.0847457627118644,92.60000000000005,1,0.01,55,0.55,100,0.008923606309108436,10837
no_dueling,sweeping,5,109,0.08403361344537814,88.90000000000003,3,0.03,54,0.54,100,0.009986062934622168,10937
no_dueling,sweeping,5,110,0.08333333333333333,91.20000000000009,1,0.01,69,0.69,100,0.009300723150372505,11037
no_dueling,sweeping,5,111,0.08264462809917356,86.00000000000003,4,0.04,63,0.63,100,0.008960459753870964,11137
no_dueling,sweeping,5,112,0.0819672131147541,92.60000000000005,1,0.01,55,0.55,100,0.01165873823221773,11237
no_dueling,sweeping,5,113,0.08130081300813008,94.60000000000008,0,0.0,54,0.54,100,0.008580345907248557,11337
no_dueling,sweeping,5,114,0.08064516129032258,95.00000000000006,0,0.0,50,0.5,100,0.008663090041372924,11437
no_dueling,sweeping,5,115,0.08,90.30000000000007,2,0.02,59,0.59,100,0.009455303943250329,11537
no_dueling,sweeping,5,116,0.07936507936507936,94.70000000000005,0,0.0,53,0.53,100,0.009537351946346462,11637
no_dueling,sweeping,5,117,0.07874015748031496,92.00000000000007,1,0.01,61,0.61,100,0.007884229449555278,11737
no_dueling,sweeping,5,118,0.078125,89.70000000000003,2,0.02,65,0.65,100,0.010070580011233687,11837
no_dueling,sweeping,5,119,0.07751937984496124,95.70000000000003,0,0.0,43,0.43,100,0.009563820683397353,11937
no_dueling,sweeping,5,120,0.07692307692307693,88.30000000000008,3,0.03,59,0.59,100,0.008246866301633418,12037
no_dueling,sweeping,5,121,0.07633587786259542,95.00000000000006,0,0.0,50,0.5,100,0.00848092242376879,12137
no_dueling,sweeping,5,122,0.07575757575757576,93.30000000000007,1,0.01,48,0.48,100,0.010214604809880257,12237
no_dueling,sweeping,5,123,0.07518796992481203,94.50000000000006,0,0.0,55,0.55,100,0.01052224900573492,12337
no_dueling,sweeping,5,124,0.07462686567164178,93.60000000000002,1,0.01,45,0.45,100,0.008638418056070804,12437
no_dueling,sweeping,5,125,0.07407407407407407,91.60000000000008,1,0.01,65,0.65,100,0.007880877028219402,12537
no_dueling,sweeping,5,126,0.07352941176470588,92.30000000000007,1,0.01,58,0.58,100,0.008747747207526118,12637
no_dueling,sweeping,5,127,0.07299270072992702,91.30000000000008,2,0.02,49,0.49,100,0.008478532214649021,12737
no_dueling,sweeping,5,128,0.07246376811594203,94.40000000000006,0,0.0,56,0.56,100,0.008913986410479992,12837
no_dueling,sweeping,5,129,0.07194244604316546,93.00000000000007,1,0.01,51,0.51,100,0.010159078119322658,12937
no_dueling,sweeping,5,130,0.07142857142857142,92.40000000000005,1,0.01,57,0.57,100,0.008561958754435182,13037
no_dueling,sweeping,5,131,0.07092198581560284,90.80000000000003,2,0.02,53,0.53,100,0.008016515963245183,13137
no_dueling,sweeping,5,132,0.07042253521126761,95.40000000000006,0,0.0,46,0.46,100,0.007289093164727092,13237
no_dueling,sweeping,5,133,0.06993006993006992,86.90000000000003,4,0.04,55,0.55,100,0.00894716332666576,13337
no_dueling,sweeping,5,134,0.06944444444444445,95.00000000000006,0,0.0,50,0.5,100,0.008711564661934972,13437
no_dueling,sweeping,5,135,0.06896551724137931,94.90000000000006,0,0.0,51,0.51,100,0.0096268561296165,13537
no_dueling,sweeping,5,136,0.0684931506849315,95.90000000000002,0,0.0,41,0.41,100,0.011014649060089142,13637
no_dueling,sweeping,5,137,0.06802721088435375,93.00000000000009,1,0.01,51,0.51,100,0.01526115145534277,13737
no_dueling,sweeping,5,138,0.06756756756756756,91.30000000000007,2,0.02,49,0.49,100,0.010451264788862318,13837
no_dueling,sweeping,5,139,0.06711409395973154,90.60000000000005,2,0.02,56,0.56,100,0.010413560681045056,13937
no_dueling,sweeping,5,140,0.06666666666666667,92.60000000000007,1,0.01,54,0.54,100,0.007618016705382615,14037
no_dueling,sweeping,5,141,0.06622516556291391,91.10000000000008,2,0.02,49,0.49,100,0.0086907954281196,14137
no_dueling,sweeping,5,142,0.06578947368421052,94.50000000000006,0,0.0,55,0.55,100,0.009800588758662344,14237
no_dueling,sweeping,5,143,0.06535947712418301,93.40000000000006,1,0.01,47,0.47,100,0.006678179299924523,14337
no_dueling,sweeping,5,144,0.06493506493506493,93.90000000000006,0,0.0,61,0.61,100,0.008193214845377952,14437
no_dueling,sweeping,5,145,0.06451612903225806,95.20000000000007,0,0.0,48,0.48,100,0.009818683497142046,14537
no_dueling,sweeping,5,146,0.06410256410256411,94.60000000000005,0,0.0,54,0.54,100,0.009814658230170607,14637
no_dueling,sweeping,5,147,0.06369426751592357,95.50000000000003,0,0.0,45,0.45,100,0.008585866736248136,14737
no_dueling,sweeping,5,148,0.06329113924050632,95.20000000000007,0,0.0,48,0.48,100,0.010090743689797819,14837
no_dueling,sweeping,5,149,0.06289308176100629,93.30000000000003,1,0.01,48,0.48,100,0.00772032662993297,14937
no_dueling,sweeping,5,150,0.0625,92.80000000000004,1,0.01,53,0.53,100,0.009542150960769505,15037
no_dueling,sweeping,5,151,0.06211180124223602,92.90000000000006,1,0.01,52,0.52,100,0.0083045793347992,15137
no_dueling,sweeping,5,152,0.0617283950617284,95.40000000000006,0,0.0,46,0.46,100,0.011554048846010119,15237
no_dueling,sweeping,5,153,0.06134969325153374,93.20000000000007,1,0.01,49,0.49,100,0.011440970283001662,15337
no_dueling,sweeping,5,154,0.06097560975609757,93.00000000000006,1,0.01,50,0.5,100,0.009698725221678615,15437
no_dueling,sweeping,5,155,0.06060606060606061,94.70000000000005,0,0.0,53,0.53,100,0.010733992643654346,15537
no_dueling,sweeping,5,156,0.06024096385542168,95.70000000000002,0,0.0,43,0.43,100,0.008005246557295322,15637
no_dueling,sweeping,5,157,0.059880239520958084,94.90000000000005,0,0.0,51,0.51,100,0.007456663365010172,15737
no_dueling,sweeping,5,158,0.05952380952380952,95.70000000000005,0,0.0,43,0.43,100,0.009839065342675894,15837
no_dueling,sweeping,5,159,0.0591715976331361,95.60000000000002,0,0.0,44,0.44,100,0.01476561268325895,15937
no_dueling,sweeping,5,160,0.058823529411764705,94.60000000000008,0,0.0,54,0.54,100,0.00939290804322809,16037
no_dueling,sweeping,5,161,0.05847953216374269,94.90000000000005,0,0.0,51,0.51,100,0.010459238546900451,16137
no_dueling,sweeping,5,162,0.05813953488372093,90.60000000000002,2,0.02,56,0.56,100,0.010209553982131183,16237
no_dueling,sweeping,5,163,0.057803468208092484,95.30000000000003,0,0.0,47,0.47,100,0.010835965755395591,16337
no_dueling,sweeping,5,164,0.0574712643678161,93.80000000000008,1,0.01,43,0.43,100,0.00757977900095284,16437
no_dueling,sweeping,5,165,0.05714285714285714,91.00000000000004,2,0.02,52,0.52,100,0.008740175203420221,16537
no_dueling,sweeping,5,166,0.056818181818181816,91.70000000000003,2,0.02,45,0.45,100,0.00943673511268571,16637
no_dueling,sweeping,5,167,0.05649717514124294,90.30000000000005,2,0.02,59,0.59,100,0.011027381597086787,16737
no_dueling,sweeping,5,168,0.056179775280898875,94.00000000000006,0,0.0,60,0.6,100,0.00912745671113953,16837
no_dueling,sweeping,5,169,0.0558659217877095,95.00000000000006,0,0.0,50,0.5,100,0.008351591974496841,16937
no_dueling,sweeping,5,170,0.05555555555555555,93.80000000000005,1,0.01,43,0.43,100,0.00704673363128677,17037
no_dueling,sweeping,5,171,0.055248618784530384,93.60000000000002,1,0.01,45,0.45,100,0.007250578098464757,17137
no_dueling,sweeping,5,172,0.054945054945054944,93.70000000000006,1,0.01,44,0.44,100,0.007913704183883964,17237
no_dueling,sweeping,5,173,0.0546448087431694,95.90000000000006,0,0.0,41,0.41,100,0.008905136270914226,17337
no_dueling,sweeping,5,174,0.05434782608695653,94.10000000000005,1,0.01,40,0.4,100,0.008661766916047782,17437
no_dueling,sweeping,5,175,0.05405405405405406,91.10000000000005,2,0.02,51,0.51,100,0.00972315747756511,17537
no_dueling,sweeping,5,176,0.05376344086021505,93.70000000000006,1,0.01,44,0.44,100,0.009196937554515899,17637
no_dueling,sweeping,5,177,0.053475935828877004,91.50000000000006,2,0.02,47,0.47,100,0.00906510411761701,17737
no_dueling,sweeping,5,178,0.05319148936170213,95.60000000000002,0,0.0,44,0.44,100,0.00834808538435027,17837
no_dueling,sweeping,5,179,0.052910052910052914,93.50000000000009,1,0.01,45,0.45,100,0.0076664963318035005,17937
no_dueling,sweeping,5,180,0.05263157894736842,93.80000000000004,1,0.01,43,0.43,100,0.008101484561339021,18037
no_dueling,sweeping,5,181,0.05235602094240837,92.80000000000005,1,0.01,53,0.53,100,0.008417211535852403,18137
no_dueling,sweeping,5,182,0.052083333333333336,95.90000000000005,0,0.0,41,0.41,100,0.00785769066074863,18237
no_dueling,sweeping,5,183,0.05181347150259067,96.60000000000005,0,0.0,34,0.34,100,0.007603437474463135,18337
no_dueling,sweeping,5,184,0.051546391752577324,95.10000000000004,0,0.0,49,0.49,100,0.008452985782641918,18437
no_dueling,sweeping,5,185,0.05128205128205128,95.70000000000006,0,0.0,43,0.43,100,0.008492511755321175,18537
no_dueling,sweeping,5,186,0.0510204081632653,94.80000000000007,0,0.0,52,0.52,100,0.0067669355985708534,18637
no_dueling,sweeping,5,187,0.050761421319796954,93.70000000000003,1,0.01,44,0.44,100,0.01041534900199622,18737
no_dueling,sweeping,5,188,0.050505050505050504,96.50000000000003,0,0.0,35,0.35,100,0.007908129326533526,18837
no_dueling,sweeping,5,189,0.05025125628140704,94.50000000000006,0,0.0,55,0.55,100,0.009591912226751447,18937
no_dueling,sweeping,5,190,0.05,95.10000000000007,0,0.0,49,0.49,100,0.007569164197193458,19037
no_dueling,sweeping,5,191,0.04975124378109452,93.50000000000007,1,0.01,46,0.46,100,0.008842052202671766,19137
no_dueling,sweeping,5,192,0.04950495049504951,96.10000000000002,0,0.0,39,0.39,100,0.006876784658525139,19237
no_dueling,sweeping,5,193,0.04926108374384236,95.30000000000004,0,0.0,47,0.47,100,0.010908906373661011,19337
no_dueling,sweeping,5,194,0.04901960784313726,95.30000000000007,0,0.0,47,0.47,100,0.009035113959107548,19437
no_dueling,sweeping,5,195,0.04878048780487805,90.90000000000005,2,0.02,53,0.53,100,0.009121159561909736,19537
no_dueling,sweeping,5,196,0.04854368932038835,95.40000000000005,0,0.0,46,0.46,100,0.00849565556505695,19637
no_dueling,sweeping,5,197,0.04830917874396135,94.90000000000003,0,0.0,51,0.51,100,0.008383693438954651,19737
no_dueling,sweeping,5,198,0.04807692307692307,95.60000000000004,0,0.0,44,0.44,100,0.009126363086979837,19837
no_dueling,sweeping,5,199,0.04784688995215311,95.50000000000003,0,0.0,45,0.45,100,0.007612341919448227,19937
no_dueling,sweeping,6,0,1.0,68.69999999999997,12,0.12,83,0.83,100,0.20024696636844325,37
no_dueling,sweeping,6,1,0.9090909090909091,63.29999999999994,15,0.15,80,0.8,100,0.057225223733112215,137
no_dueling,sweeping,6,2,0.8333333333333334,71.79999999999997,10,0.1,92,0.92,100,0.02566624503582716,237
no_dueling,sweeping,6,3,0.7692307692307692,74.60000000000001,9,0.09,83,0.83,100,0.01568437064997852,337
no_dueling,sweeping,6,4,0.7142857142857143,78.00000000000001,7,0.07,87,0.87,100,0.008070802092552185,437
no_dueling,sweeping,6,5,0.6666666666666666,75.0,9,0.09,79,0.79,100,0.006405258006416261,537
no_dueling,sweeping,6,6,0.625,72.6,10,0.1,82,0.82,100,0.004233359422069043,637
no_dueling,sweeping,6,7,0.5882352941176471,86.20000000000003,3,0.03,81,0.81,100,0.005034112907014787,737
no_dueling,sweeping,6,8,0.5555555555555556,89.20000000000006,2,0.02,70,0.7,100,0.005636195817496628,837
no_dueling,sweeping,6,9,0.5263157894736842,81.40000000000003,6,0.06,72,0.72,100,0.005413278222549707,937
no_dueling,sweeping,6,10,0.5,88.60000000000007,2,0.02,75,0.75,100,0.005598243058193475,1037
no_dueling,sweeping,6,11,0.47619047619047616,79.40000000000005,7,0.07,73,0.73,100,0.005695467670448124,1137
no_dueling,sweeping,6,12,0.45454545454545453,79.00000000000004,7,0.07,75,0.75,100,0.006832803615834564,1237
no_dueling,sweeping,6,13,0.4347826086956522,78.70000000000005,7,0.07,80,0.8,100,0.007936091851443053,1337
no_dueling,sweeping,6,14,0.4166666666666667,88.80000000000005,2,0.02,74,0.74,100,0.007878229273483157,1437
no_dueling,sweeping,6,15,0.4,87.80000000000007,2,0.02,83,0.83,100,0.006160322413779795,1537
no_dueling,sweeping,6,16,0.3846153846153846,75.2,9,0.09,76,0.76,100,0.01780599059071392,1637
no_dueling,sweeping,6,17,0.37037037037037035,87.20000000000005,3,0.03,71,0.71,100,0.012184292394667864,1737
no_dueling,sweeping,6,18,0.35714285714285715,80.10000000000001,6,0.06,84,0.84,100,0.009021958420053124,1837
no_dueling,sweeping,6,19,0.3448275862068966,88.90000000000006,2,0.02,73,0.73,100,0.008001816950272769,1937
no_dueling,sweeping,6,20,0.3333333333333333,84.80000000000005,4,0.04,74,0.74,100,0.008728331385646016,2037
no_dueling,sweeping,6,21,0.3225806451612903,85.10000000000005,4,0.04,73,0.73,100,0.008797108239959925,2137
no_dueling,sweeping,6,22,0.3125,80.50000000000004,6,0.06,81,0.81,100,0.009506061936262996,2237
no_dueling,sweeping,6,23,0.30303030303030304,89.90000000000006,2,0.02,62,0.62,100,0.008091455672401935,2337
no_dueling,sweeping,6,24,0.29411764705882354,87.30000000000007,3,0.03,70,0.7,100,0.005848914114758372,2437
no_dueling,sweeping,6,25,0.2857142857142857,77.60000000000005,8,0.08,71,0.71,100,0.006098500625230372,2537
no_dueling,sweeping,6,26,0.2777777777777778,91.90000000000006,1,0.01,61,0.61,100,0.0072834751103073355,2637
no_dueling,sweeping,6,27,0.27027027027027023,93.40000000000009,0,0.0,66,0.66,100,0.006447684299200773,2737
no_dueling,sweeping,6,28,0.2631578947368421,86.80000000000005,3,0.03,75,0.75,100,0.005887787544634193,2837
no_dueling,sweeping,6,29,0.25641025641025644,87.50000000000006,3,0.03,68,0.68,100,0.006289620797615498,2937
no_dueling,sweeping,6,30,0.25,87.30000000000007,3,0.03,68,0.68,100,0.007910029501654208,3037
no_dueling,sweeping,6,31,0.24390243902439027,87.10000000000005,3,0.03,72,0.72,100,0.007633071227464825,3137
no_dueling,sweeping,6,32,0.23809523809523808,86.30000000000005,3,0.03,80,0.8,100,0.007159343718085438,3237
no_dueling,sweeping,6,33,0.23255813953488372,82.4,6,0.06,61,0.61,100,0.010612558843567967,3337
no_dueling,sweeping,6,34,0.22727272727272727,89.40000000000005,2,0.02,67,0.67,100,0.007590221993159503,3437
no_dueling,sweeping,6,35,0.2222222222222222,92.40000000000008,1,0.01,57,0.57,100,0.008539953134022654,3537
no_dueling,sweeping,6,36,0.2173913043478261,88.20000000000006,3,0.03,61,0.61,100,0.007988970645237714,3637
no_dueling,sweeping,6,37,0.2127659574468085,92.30000000000007,1,0.01,58,0.58,100,0.007722968750167638,3737
no_dueling,sweeping,6,38,0.20833333333333334,89.50000000000006,2,0.02,67,0.67,100,0.008056922010146081,3837
no_dueling,sweeping,6,39,0.2040816326530612,86.30000000000005,4,0.04,61,0.61,100,0.007623910375405103,3937
no_dueling,sweeping,6,40,0.2,92.70000000000007,1,0.01,54,0.54,100,0.006836443727370352,4037
no_dueling,sweeping,6,41,0.19607843137254904,89.40000000000008,2,0.02,67,0.67,100,0.010595676591619849,4137
no_dueling,sweeping,6,42,0.1923076923076923,79.80000000000001,7,0.07,69,0.69,100,0.008771270948927849,4237
no_dueling,sweeping,6,43,0.18867924528301888,92.80000000000005,1,0.01,52,0.52,100,0.0072719493787735704,4337
no_dueling,sweeping,6,44,0.18518518518518517,90.40000000000005,2,0.02,58,0.58,100,0.007727142302319408,4437
no_dueling,sweeping,6,45,0.18181818181818182,89.30000000000007,2,0.02,68,0.68,100,0.008386451683472842,4537
no_dueling,sweeping,6,46,0.17857142857142858,93.6000000000001,0,0.0,64,0.64,100,0.011305129146203399,4637
no_dueling,sweeping,6,47,0.17543859649122806,89.40000000000005,2,0.02,68,0.68,100,0.008380616651847958,4737
no_dueling,sweeping,6,48,0.1724137931034483,89.40000000000005,2,0.02,68,0.68,100,0.007997999454382808,4837
no_dueling,sweeping,6,49,0.1694915254237288,94.50000000000004,0,0.0,55,0.55,100,0.007690535208676011,4937
no_dueling,sweeping,6,50,0.16666666666666666,89.20000000000006,2,0.02,69,0.69,100,0.008871789022814483,5037
no_dueling,sweeping,6,51,0.1639344262295082,85.60000000000005,4,0.04,68,0.68,100,0.00953941241838038,5137
no_dueling,sweeping,6,52,0.16129032258064516,88.40000000000005,3,0.03,59,0.59,100,0.008692310843616723,5237
no_dueling,sweeping,6,53,0.15873015873015872,94.80000000000008,0,0.0,52,0.52,100,0.008219889476895332,5337
no_dueling,sweeping,6,54,0.15625,85.80000000000004,4,0.04,66,0.66,100,0.007468121580313891,5437
no_dueling,sweeping,6,55,0.15384615384615385,92.60000000000007,1,0.01,54,0.54,100,0.009360637348145247,5537
no_dueling,sweeping,6,56,0.15151515151515152,92.80000000000004,1,0.01,53,0.53,100,0.008370751996990293,5637
no_dueling,sweeping,6,57,0.14925373134328357,92.40000000000006,1,0.01,56,0.56,100,0.007314981883391738,5737
no_dueling,sweeping,6,58,0.14705882352941177,88.30000000000001,3,0.03,60,0.6,100,0.01006908446084708,5837
no_dueling,sweeping,6,59,0.14492753623188406,89.70000000000005,2,0.02,65,0.65,100,0.009416137975640594,5937
no_dueling,sweeping,6,60,0.14285714285714285,92.20000000000005,1,0.01,59,0.59,100,0.009361788891255855,6037
no_dueling,sweeping,6,61,0.14084507042253522,84.30000000000004,5,0.05,61,0.61,100,0.00690227336017415,6137
no_dueling,sweeping,6,62,0.1388888888888889,89.80000000000007,2,0.02,64,0.64,100,0.007588551740627736,6237
no_dueling,sweeping,6,63,0.136986301369863,94.00000000000009,0,0.0,60,0.6,100,0.0076983289164491,6337
no_dueling,sweeping,6,64,0.13513513513513511,91.80000000000005,1,0.01,63,0.63,100,0.007731597614474594,6437
no_dueling,sweeping,6,65,0.13333333333333333,93.00000000000009,0,0.0,70,0.7,100,0.008656477550975978,6537
no_dueling,sweeping,6,66,0.13157894736842105,90.70000000000005,2,0.02,55,0.55,100,0.009380615917034447,6637
no_dueling,sweeping,6,67,0.12987012987012986,91.80000000000007,1,0.01,62,0.62,100,0.009101574718952178,6737
no_dueling,sweeping,6,68,0.12820512820512822,92.30000000000007,1,0.01,58,0.58,100,0.008953957264311611,6837
no_dueling,sweeping,6,69,0.12658227848101264,94.40000000000009,0,0.0,56,0.56,100,0.007698292087297887,6937
no_dueling,sweeping,6,70,0.125,94.50000000000007,0,0.0,55,0.55,100,0.010430894060991704,7037
no_dueling,sweeping,6,71,0.1234567901234568,91.90000000000006,1,0.01,62,0.62,100,0.011093075722455978,7137
no_dueling,sweeping,6,72,0.12195121951219513,90.10000000000004,2,0.02,61,0.61,100,0.008361065625213087,7237
no_dueling,sweeping,6,73,0.12048192771084336,94.70000000000006,0,0.0,53,0.53,100,0.00780604632338509,7337
no_dueling,sweeping,6,74,0.11904761904761904,90.80000000000004,2,0.02,54,0.54,100,0.008467400560621173,7437
no_dueling,sweeping,6,75,0.11764705882352941,92.40000000000008,1,0.01,57,0.57,100,0.008373534795828164,7537
no_dueling,sweeping,6,76,0.11627906976744186,93.30000000000007,1,0.01,48,0.48,100,0.008178395570721477,7637
no_dueling,sweeping,6,77,0.1149425287356322,95.30000000000003,0,0.0,47,0.47,100,0.007508087747264653,7737
no_dueling,sweeping,6,78,0.11363636363636363,93.60000000000008,0,0.0,64,0.64,100,0.007639357165899128,7837
no_dueling,sweeping,6,79,0.11235955056179775,90.70000000000007,2,0.02,55,0.55,100,0.00901732390280813,7937
no_dueling,sweeping,6,80,0.1111111111111111,93.00000000000006,1,0.01,51,0.51,100,0.00927730661816895,8037
no_dueling,sweeping,6,81,0.10989010989010989,90.70000000000003,2,0.02,55,0.55,100,0.007746396576985717,8137
no_dueling,sweeping,6,82,0.10869565217391305,93.00000000000006,1,0.01,51,0.51,100,0.006830436896998435,8237
no_dueling,sweeping,6,83,0.1075268817204301,91.00000000000006,2,0.02,52,0.52,100,0.008652621905785054,8337
no_dueling,sweeping,6,84,0.10638297872340426,86.10000000000004,4,0.04,62,0.62,100,0.008205779776908458,8437
no_dueling,sweeping,6,85,0.10526315789473684,90.20000000000002,2,0.02,59,0.59,100,0.009972481462173164,8537
no_dueling,sweeping,6,86,0.10416666666666667,91.90000000000002,1,0.01,62,0.62,100,0.008537072490435093,8637
no_dueling,sweeping,6,87,0.10309278350515465,92.10000000000008,1,0.01,60,0.6,100,0.007986324760131537,8737
no_dueling,sweeping,6,88,0.1020408163265306,95.00000000000006,0,0.0,50,0.5,100,0.006708860225044191,8837
no_dueling,sweeping,6,89,0.10101010101010101,94.70000000000005,0,0.0,53,0.53,100,0.008126828924287111,8937
no_dueling,sweeping,6,90,0.1,92.30000000000007,1,0.01,57,0.57,100,0.011620707525871694,9037
no_dueling,sweeping,6,91,0.09900990099009901,92.40000000000008,1,0.01,57,0.57,100,0.008869135230779647,9137
no_dueling,sweeping,6,92,0.09803921568627452,92.60000000000002,1,0.01,55,0.55,100,0.007568094730377197,9237
no_dueling,sweeping,6,93,0.0970873786407767,93.70000000000005,1,0.01,44,0.44,100,0.009850828130729496,9337
no_dueling,sweeping,6,94,0.09615384615384615,90.50000000000007,2,0.02,57,0.57,100,0.009412410149816424,9437
no_dueling,sweeping,6,95,0.09523809523809523,94.30000000000007,0,0.0,57,0.57,100,0.009693899306003005,9537
no_dueling,sweeping,6,96,0.09433962264150944,94.40000000000006,0,0.0,56,0.56,100,0.009981180699542165,9637
no_dueling,sweeping,6,97,0.09345794392523366,92.30000000000003,1,0.01,58,0.58,100,0.011959546087309718,9737
no_dueling,sweeping,6,98,0.09259259259259259,84.20000000000002,5,0.05,62,0.62,100,0.009042254160158336,9837
no_dueling,sweeping,6,99,0.09174311926605504,92.10000000000008,1,0.01,59,0.59,100,0.008600885907653719,9937
no_dueling,sweeping,6,100,0.09090909090909091,95.30000000000007,0,0.0,47,0.47,100,0.008020042809657752,10037
no_dueling,sweeping,6,101,0.0900900900900901,92.80000000000008,1,0.01,53,0.53,100,0.008218716082628816,10137
no_dueling,sweeping,6,102,0.08928571428571429,92.60000000000005,1,0.01,55,0.55,100,0.007321611060760915,10237
no_dueling,sweeping,6,103,0.08849557522123894,95.80000000000004,0,0.0,42,0.42,100,0.008695476166903972,10337
no_dueling,sweeping,6,104,0.08771929824561403,89.80000000000004,3,0.03,45,0.45,100,0.007745254030451179,10437
no_dueling,sweeping,6,105,0.08695652173913043,88.70000000000005,3,0.03,55,0.55,100,0.008889527474530041,10537
no_dueling,sweeping,6,106,0.08620689655172414,94.80000000000011,0,0.0,52,0.52,100,0.007875825301744044,10637
no_dueling,sweeping,6,107,0.08547008547008547,96.40000000000003,0,0.0,36,0.36,100,0.009003665514755994,10737
no_dueling,sweeping,6,108,0.0847457627118644,95.10000000000005,0,0.0,49,0.49,100,0.01012737312586978,10837
no_dueling,sweeping,6,109,0.08403361344537814,92.20000000000006,1,0.01,59,0.59,100,0.00940151757793501,10937
no_dueling,sweeping,6,110,0.08333333333333333,94.80000000000008,0,0.0,52,0.52,100,0.010426744893193245,11037
no_dueling,sweeping,6,111,0.08264462809917356,94.90000000000006,0,0.0,51,0.51,100,0.009100735788233578,11137
no_dueling,sweeping,6,112,0.0819672131147541,94.30000000000004,0,0.0,57,0.57,100,0.008270602507982403,11237
no_dueling,sweeping,6,113,0.08130081300813008,92.40000000000009,1,0.01,57,0.57,100,0.008150710284244269,11337
no_dueling,sweeping,6,114,0.08064516129032258,95.60000000000007,0,0.0,44,0.44,100,0.007032254345249385,11437
no_dueling,sweeping,6,115,0.08,94.60000000000005,0,0.0,54,0.54,100,0.007739572518039495,11537
no_dueling,sweeping,6,116,0.07936507936507936,95.40000000000006,0,0.0,46,0.46,100,0.0066510098101571205,11637
no_dueling,sweeping,6,117,0.07874015748031496,94.80000000000007,0,0.0,52,0.52,100,0.008108451585285366,11737
no_dueling,sweeping,6,118,0.078125,94.50000000000006,0,0.0,55,0.55,100,0.007723541534505785,11837
no_dueling,sweeping,6,119,0.07751937984496124,94.90000000000006,0,0.0,51,0.51,100,0.007377639899495989,11937
no_dueling,sweeping,6,120,0.07692307692307693,93.10000000000004,1,0.01,49,0.49,100,0.00788714030990377,12037
no_dueling,sweeping,6,121,0.07633587786259542,91.10000000000007,2,0.02,51,0.51,100,0.009782592172268779,12137
no_dueling,sweeping,6,122,0.07575757575757576,92.80000000000004,1,0.01,52,0.52,100,0.008379753399640321,12237
no_dueling,sweeping,6,123,0.07518796992481203,91.30000000000007,2,0.02,48,0.48,100,0.009030697820708155,12337
no_dueling,sweeping,6,124,0.07462686567164178,95.10000000000005,0,0.0,49,0.49,100,0.006774727350566536,12437
no_dueling,sweeping,6,125,0.07407407407407407,95.30000000000007,0,0.0,47,0.47,100,0.010227687945589424,12537
no_dueling,sweeping,6,126,0.07352941176470588,93.10000000000008,1,0.01,50,0.5,100,0.01173391206888482,12637
no_dueling,sweeping,6,127,0.07299270072992702,94.80000000000007,0,0.0,52,0.52,100,0.009115410808008165,12737
no_dueling,sweeping,6,128,0.07246376811594203,95.30000000000004,0,0.0,47,0.47,100,0.009332470716908575,12837
no_dueling,sweeping,6,129,0.07194244604316546,93.70000000000007,1,0.01,44,0.44,100,0.008274901451077312,12937
no_dueling,sweeping,6,130,0.07142857142857142,93.40000000000008,1,0.01,47,0.47,100,0.0063827124214731155,13037
no_dueling,sweeping,6,131,0.07092198581560284,94.50000000000009,0,0.0,55,0.55,100,0.008364396046381443,13137
no_dueling,sweeping,6,132,0.07042253521126761,92.10000000000008,1,0.01,60,0.6,100,0.008281097207218409,13237
no_dueling,sweeping,6,133,0.06993006993006992,89.30000000000004,3,0.03,50,0.5,100,0.007312981500290334,13337
no_dueling,sweeping,6,134,0.06944444444444445,94.80000000000004,0,0.0,52,0.52,100,0.008438275679945945,13437
no_dueling,sweeping,6,135,0.06896551724137931,93.80000000000004,1,0.01,43,0.43,100,0.008047902500256896,13537
no_dueling,sweeping,6,136,0.0684931506849315,93.40000000000003,1,0.01,47,0.47,100,0.007502131278160959,13637
no_dueling,sweeping,6,137,0.06802721088435375,95.70000000000005,0,0.0,43,0.43,100,0.010131376036442817,13737
no_dueling,sweeping,6,138,0.06756756756756756,95.10000000000008,0,0.0,49,0.49,100,0.010883843963965774,13837
no_dueling,sweeping,6,139,0.06711409395973154,95.50000000000006,0,0.0,45,0.45,100,0.007584201649297029,13937
no_dueling,sweeping,6,140,0.06666666666666667,94.30000000000007,0,0.0,57,0.57,100,0.008111304766498507,14037
no_dueling,sweeping,6,141,0.06622516556291391,94.70000000000005,0,0.0,53,0.53,100,0.00914456661324948,14137
no_dueling,sweeping,6,142,0.06578947368421052,95.70000000000005,0,0.0,43,0.43,100,0.008071775685530157,14237
no_dueling,sweeping,6,143,0.06535947712418301,95.60000000000008,0,0.0,44,0.44,100,0.007351789432577789,14337
no_dueling,sweeping,6,144,0.06493506493506493,91.10000000000005,2,0.02,51,0.51,100,0.00798166441731155,14437
no_dueling,sweeping,6,145,0.06451612903225806,95.30000000000004,0,0.0,47,0.47,100,0.008527237817179411,14537
no_dueling,sweeping,6,146,0.06410256410256411,90.90000000000003,2,0.02,53,0.53,100,0.010466371579095721,14637
no_dueling,sweeping,6,147,0.06369426751592357,94.70000000000006,0,0.0,53,0.53,100,0.010578078301623463,14737
no_dueling,sweeping,6,148,0.06329113924050632,90.60000000000005,2,0.02,56,0.56,100,0.007696317152585834,14837
no_dueling,sweeping,6,149,0.06289308176100629,94.80000000000005,0,0.0,52,0.52,100,0.008005059824790805,14937
no_dueling,sweeping,6,150,0.0625,93.20000000000005,1,0.01,49,0.49,100,0.008694720370694995,15037
no_dueling,sweeping,6,151,0.06211180124223602,93.10000000000005,1,0.01,50,0.5,100,0.007651025098748505,15137
no_dueling,sweeping,6,152,0.0617283950617284,94.80000000000007,0,0.0,52,0.52,100,0.006960923720616847,15237
no_dueling,sweeping,6,153,0.06134969325153374,95.00000000000004,0,0.0,50,0.5,100,0.007428916031494736,15337
no_dueling,sweeping,6,154,0.06097560975609757,89.50000000000003,3,0.03,47,0.47,100,0.007517670134548098,15437
no_dueling,sweeping,6,155,0.06060606060606061,95.80000000000005,0,0.0,42,0.42,100,0.009602166279219091,15537
no_dueling,sweeping,6,156,0.06024096385542168,92.80000000000005,1,0.01,53,0.53,100,0.009235041963402182,15637
no_dueling,sweeping,6,157,0.059880239520958084,92.30000000000005,1,0.01,58,0.58,100,0.010265920022502541,15737
no_dueling,sweeping,6,158,0.05952380952380952,91.20000000000005,2,0.02,50,0.5,100,0.007430445395875722,15837
no_dueling,sweeping,6,159,0.0591715976331361,93.50000000000006,1,0.01,46,0.46,100,0.006058367062360048,15937
no_dueling,sweeping,6,160,0.058823529411764705,93.80000000000004,1,0.01,43,0.43,100,0.008539187463466078,16037
no_dueling,sweeping,6,161,0.05847953216374269,94.50000000000007,0,0.0,55,0.55,100,0.007840012148953975,16137
no_dueling,sweeping,6,162,0.05813953488372093,94.90000000000005,0,0.0,51,0.51,100,0.00781594443367794,16237
no_dueling,sweeping,6,163,0.057803468208092484,90.00000000000006,3,0.03,43,0.43,100,0.008695248160511255,16337
no_dueling,sweeping,6,164,0.0574712643678161,95.70000000000005,0,0.0,43,0.43,100,0.007987275819759816,16437
no_dueling,sweeping,6,165,0.05714285714285714,95.50000000000007,0,0.0,45,0.45,100,0.007044625519774854,16537
no_dueling,sweeping,6,166,0.056818181818181816,95.40000000000008,0,0.0,46,0.46,100,0.009869580194354056,16637
no_dueling,sweeping,6,167,0.05649717514124294,93.40000000000006,1,0.01,47,0.47,100,0.00752049223985523,16737
no_dueling,sweeping,6,168,0.056179775280898875,92.60000000000007,1,0.01,55,0.55,100,0.007756189147476107,16837
no_dueling,sweeping,6,169,0.0558659217877095,89.20000000000003,3,0.03,51,0.51,100,0.00948042162694037,16937
no_dueling,sweeping,6,170,0.05555555555555555,91.70000000000003,2,0.02,45,0.45,100,0.008131416698452085,17037
no_dueling,sweeping,6,171,0.055248618784530384,95.30000000000004,0,0.0,47,0.47,100,0.00824623321648687,17137
no_dueling,sweeping,6,172,0.054945054945054944,95.60000000000005,0,0.0,44,0.44,100,0.007086139509920031,17237
no_dueling,sweeping,6,173,0.0546448087431694,93.60000000000008,1,0.01,45,0.45,100,0.008254425479099154,17337
no_dueling,sweeping,6,174,0.05434782608695653,93.50000000000004,1,0.01,46,0.46,100,0.00758635058067739,17437
no_dueling,sweeping,6,175,0.05405405405405406,95.60000000000008,0,0.0,44,0.44,100,0.006341824983246624,17537
no_dueling,sweeping,6,176,0.05376344086021505,94.50000000000007,0,0.0,55,0.55,100,0.009107051389291883,17637
no_dueling,sweeping,6,177,0.053475935828877004,94.00000000000004,1,0.01,41,0.41,100,0.006925692521035671,17737
no_dueling,sweeping,6,178,0.05319148936170213,93.20000000000005,1,0.01,49,0.49,100,0.0075760166719555854,17837
no_dueling,sweeping,6,179,0.052910052910052914,91.30000000000004,2,0.02,49,0.49,100,0.007306919377297163,17937
no_dueling,sweeping,6,180,0.05263157894736842,95.40000000000005,0,0.0,46,0.46,100,0.007570929965004325,18037
no_dueling,sweeping,6,181,0.05235602094240837,93.70000000000005,1,0.01,44,0.44,100,0.007714946807827801,18137
no_dueling,sweeping,6,182,0.052083333333333336,95.90000000000006,0,0.0,41,0.41,100,0.007333341229241341,18237
no_dueling,sweeping,6,183,0.05181347150259067,95.80000000000005,0,0.0,42,0.42,100,0.009049265389330685,18337
no_dueling,sweeping,6,184,0.051546391752577324,93.30000000000008,1,0.01,48,0.48,100,0.007469283245736733,18437
no_dueling,sweeping,6,185,0.05128205128205128,92.60000000000005,1,0.01,55,0.55,100,0.008827419343870133,18537
no_dueling,sweeping,6,186,0.0510204081632653,90.20000000000005,2,0.02,59,0.59,100,0.007897541336715221,18637
no_dueling,sweeping,6,187,0.050761421319796954,95.10000000000007,0,0.0,49,0.49,100,0.0074746781191788614,18737
no_dueling,sweeping,6,188,0.050505050505050504,95.20000000000006,0,0.0,48,0.48,100,0.007049464117735624,18837
no_dueling,sweeping,6,189,0.05025125628140704,95.30000000000005,0,0.0,47,0.47,100,0.007849768043961376,18937
no_dueling,sweeping,6,190,0.05,92.90000000000005,1,0.01,52,0.52,100,0.012328043633606284,19037
no_dueling,sweeping,6,191,0.04975124378109452,95.40000000000009,0,0.0,46,0.46,100,0.006402349341660738,19137
no_dueling,sweeping,6,192,0.04950495049504951,95.40000000000002,0,0.0,46,0.46,100,0.010928173968568444,19237
no_dueling,sweeping,6,193,0.04926108374384236,91.30000000000007,2,0.02,49,0.49,100,0.016664092601276933,19337
no_dueling,sweeping,6,194,0.04901960784313726,95.40000000000006,0,0.0,46,0.46,100,0.008450567799154669,19437
no_dueling,sweeping,6,195,0.04878048780487805,94.80000000000007,0,0.0,52,0.52,100,0.009623828500043601,19537
no_dueling,sweeping,6,196,0.04854368932038835,94.70000000000009,0,0.0,53,0.53,100,0.007990664311219007,19637
no_dueling,sweeping,6,197,0.04830917874396135,95.50000000000006,0,0.0,45,0.45,100,0.010225838355254382,19737
no_dueling,sweeping,6,198,0.04807692307692307,93.70000000000005,1,0.01,44,0.44,100,0.007935320907272399,19837
no_dueling,sweeping,6,199,0.04784688995215311,93.80000000000007,1,0.01,43,0.43,100,0.01031290934421122,19937
no_dueling,sweeping,7,0,1.0,64.39999999999993,14,0.14,88,0.88,100,0.22039010476421667,37
no_dueling,sweeping,7,1,0.9090909090909091,82.00000000000004,5,0.05,85,0.85,100,0.07148019723594189,137
no_dueling,sweeping,7,2,0.8333333333333334,74.0,9,0.09,89,0.89,100,0.034912256607785824,237
no_dueling,sweeping,7,3,0.7692307692307692,70.39999999999998,11,0.11,83,0.83,100,0.03401479830034077,337
no_dueling,sweeping,7,4,0.7142857142857143,79.70000000000003,6,0.06,88,0.88,100,0.018343550860881807,437
no_dueling,sweeping,7,5,0.6666666666666666,74.79999999999997,9,0.09,81,0.81,100,0.009695345177315176,537
no_dueling,sweeping,7,6,0.625,83.50000000000004,4,0.04,88,0.88,100,0.005957953201141208,637
no_dueling,sweeping,7,7,0.5882352941176471,82.00000000000004,5,0.05,85,0.85,100,0.00490508476505056,737
no_dueling,sweeping,7,8,0.5555555555555556,66.89999999999995,13,0.13,84,0.84,100,0.004521016317885369,837
no_dueling,sweeping,7,9,0.5263157894736842,78.5,7,0.07,82,0.82,100,0.005699314933735877,937
no_dueling,sweeping,7,10,0.5,78.90000000000003,7,0.07,75,0.75,100,0.0047105354187078775,1037
no_dueling,sweeping,7,11,0.47619047619047616,80.80000000000004,6,0.06,78,0.78,100,0.004728965276153758,1137
no_dueling,sweeping,7,12,0.45454545454545453,83.00000000000004,5,0.05,75,0.75,100,0.004739138493314385,1237
no_dueling,sweeping,7,13,0.4347826086956522,82.00000000000001,5,0.05,85,0.85,100,0.004907000043895096,1337
no_dueling,sweeping,7,14,0.4166666666666667,82.80000000000001,5,0.05,77,0.77,100,0.007045739910099655,1437
no_dueling,sweeping,7,15,0.4,82.50000000000004,5,0.05,80,0.8,100,0.008657077644020319,1537
no_dueling,sweeping,7,16,0.3846153846153846,78.80000000000003,7,0.07,79,0.79,100,0.007445893727708608,1637
no_dueling,sweeping,7,17,0.37037037037037035,80.50000000000003,6,0.06,80,0.8,100,0.007770949995610863,1737
no_dueling,sweeping,7,18,0.35714285714285715,87.20000000000005,3,0.03,71,0.71,100,0.0069877717341296375,1837
no_dueling,sweeping,7,19,0.3448275862068966,90.70000000000009,1,0.01,74,0.74,100,0.006556780156679451,1937
no_dueling,sweeping,7,20,0.3333333333333333,86.70000000000006,3,0.03,76,0.76,100,0.006071681282483041,2037
no_dueling,sweeping,7,21,0.3225806451612903,84.40000000000002,4,0.04,79,0.79,100,0.008063118623103946,2137
no_dueling,sweeping,7,22,0.3125,87.10000000000002,3,0.03,72,0.72,100,0.006476803647819907,2237
no_dueling,sweeping,7,23,0.30303030303030304,85.00000000000006,4,0.04,73,0.73,100,0.007745874871034175,2337
no_dueling,sweeping,7,24,0.29411764705882354,81.30000000000003,6,0.06,73,0.73,100,0.007153661483898759,2437
no_dueling,sweeping,7,25,0.2857142857142857,87.00000000000004,3,0.03,73,0.73,100,0.007326628505252302,2537
no_dueling,sweeping,7,26,0.2777777777777778,81.40000000000002,6,0.06,71,0.71,100,0.00615548336179927,2637
no_dueling,sweeping,7,27,0.27027027027027023,81.40000000000002,6,0.06,71,0.71,100,0.008269071411341429,2737
no_dueling,sweeping,7,28,0.2631578947368421,82.60000000000005,6,0.06,59,0.59,100,0.007683128078933805,2837
no_dueling,sweeping,7,29,0.25641025641025644,86.70000000000003,4,0.04,57,0.57,100,0.007701707822270691,2937
no_dueling,sweeping,7,30,0.25,83.90000000000003,5,0.05,65,0.65,100,0.007899685415904968,3037
no_dueling,sweeping,7,31,0.24390243902439027,89.7000000000001,2,0.02,64,0.64,100,0.006530320215970278,3137
no_dueling,sweeping,7,32,0.23809523809523808,85.20000000000002,4,0.04,72,0.72,100,0.007047932306304574,3237
no_dueling,sweeping,7,33,0.23255813953488372,87.60000000000005,3,0.03,67,0.67,100,0.008238921617157757,3337
no_dueling,sweeping,7,34,0.22727272727272727,83.20000000000005,5,0.05,72,0.72,100,0.008640083973295987,3437
no_dueling,sweeping,7,35,0.2222222222222222,91.70000000000005,1,0.01,64,0.64,100,0.010229795293416827,3537
no_dueling,sweeping,7,36,0.2173913043478261,87.90000000000005,3,0.03,64,0.64,100,0.007279883823357523,3637
no_dueling,sweeping,7,37,0.2127659574468085,89.60000000000008,2,0.02,66,0.66,100,0.007521979375742376,3737
no_dueling,sweeping,7,38,0.20833333333333334,93.70000000000013,0,0.0,63,0.63,100,0.008388662540819497,3837
no_dueling,sweeping,7,39,0.2040816326530612,88.00000000000003,3,0.03,63,0.63,100,0.009180311809759588,3937
no_dueling,sweeping,7,40,0.2,89.00000000000009,2,0.02,72,0.72,100,0.008995478569995613,4037
no_dueling,sweeping,7,41,0.19607843137254904,87.60000000000005,3,0.03,67,0.67,100,0.012964642099104822,4137
no_dueling,sweeping,7,42,0.1923076923076923,91.10000000000007,2,0.02,51,0.51,100,0.010598623710684478,4237
no_dueling,sweeping,7,43,0.18867924528301888,91.30000000000007,1,0.01,68,0.68,100,0.009066690623294562,4337
no_dueling,sweeping,7,44,0.18518518518518517,92.20000000000005,1,0.01,59,0.59,100,0.010215563299134374,4437
no_dueling,sweeping,7,45,0.18181818181818182,87.70000000000005,3,0.03,66,0.66,100,0.007756449559237808,4537
no_dueling,sweeping,7,46,0.17857142857142858,88.20000000000005,3,0.03,61,0.61,100,0.008437068993225693,4637
no_dueling,sweeping,7,47,0.17543859649122806,88.00000000000003,3,0.03,63,0.63,100,0.008960806485265493,4737
no_dueling,sweeping,7,48,0.1724137931034483,94.1000000000001,0,0.0,59,0.59,100,0.008006516708992422,4837
no_dueling,sweeping,7,49,0.1694915254237288,94.50000000000006,0,0.0,55,0.55,100,0.012025283065158874,4937
no_dueling,sweeping,7,50,0.16666666666666666,86.20000000000005,4,0.04,62,0.62,100,0.008552958371583373,5037
no_dueling,sweeping,7,51,0.1639344262295082,89.40000000000005,3,0.03,49,0.49,100,0.005934299901127815,5137
no_dueling,sweeping,7,52,0.16129032258064516,88.10000000000005,3,0.03,62,0.62,100,0.008384011250454933,5237
no_dueling,sweeping,7,53,0.15873015873015872,90.10000000000002,2,0.02,61,0.61,100,0.00901296129450202,5337
no_dueling,sweeping,7,54,0.15625,87.60000000000002,4,0.04,48,0.48,100,0.008060818368103356,5437
no_dueling,sweeping,7,55,0.15384615384615385,88.80000000000008,3,0.03,54,0.54,100,0.008513191351667046,5537
no_dueling,sweeping,7,56,0.15151515151515152,89.90000000000006,2,0.02,63,0.63,100,0.009263097140938044,5637
no_dueling,sweeping,7,57,0.14925373134328357,91.70000000000005,2,0.02,45,0.45,100,0.009038941918406635,5737
no_dueling,sweeping,7,58,0.14705882352941177,93.60000000000008,0,0.0,64,0.64,100,0.007619051733054221,5837
no_dueling,sweeping,7,59,0.14492753623188406,92.40000000000006,1,0.01,57,0.57,100,0.0074486445845104755,5937
no_dueling,sweeping,7,60,0.14285714285714285,91.20000000000006,2,0.02,50,0.5,100,0.008038129594642668,6037
no_dueling,sweeping,7,61,0.14084507042253522,89.30000000000005,3,0.03,50,0.5,100,0.006967981297057122,6137
no_dueling,sweeping,7,62,0.1388888888888889,94.90000000000003,0,0.0,51,0.51,100,0.009614081985782832,6237
no_dueling,sweeping,7,63,0.136986301369863,90.90000000000006,2,0.02,53,0.53,100,0.00986801415681839,6337
no_dueling,sweeping,7,64,0.13513513513513511,90.90000000000002,2,0.02,53,0.53,100,0.009335412792861462,6437
no_dueling,sweeping,7,65,0.13333333333333333,91.10000000000004,2,0.02,51,0.51,100,0.007836599035654217,6537
no_dueling,sweeping,7,66,0.13157894736842105,90.70000000000005,2,0.02,54,0.54,100,0.010075065731070936,6637
no_dueling,sweeping,7,67,0.12987012987012986,92.50000000000007,1,0.01,56,0.56,100,0.009618557556532323,6737
no_dueling,sweeping,7,68,0.12820512820512822,93.90000000000003,0,0.0,61,0.61,100,0.010007759425789117,6837
no_dueling,sweeping,7,69,0.12658227848101264,92.60000000000008,1,0.01,55,0.55,100,0.00814126547658816,6937
no_dueling,sweeping,7,70,0.125,91.50000000000004,2,0.02,47,0.47,100,0.009540507970377803,7037
no_dueling,sweeping,7,71,0.1234567901234568,90.90000000000006,2,0.02,52,0.52,100,0.009520523953251541,7137
no_dueling,sweeping,7,72,0.12195121951219513,92.50000000000006,1,0.01,56,0.56,100,0.008421813861932605,7237
no_dueling,sweeping,7,73,0.12048192771084336,94.50000000000006,0,0.0,55,0.55,100,0.008143227980472147,7337
no_dueling,sweeping,7,74,0.11904761904761904,90.80000000000004,2,0.02,52,0.52,100,0.009989414997398853,7437
no_dueling,sweeping,7,75,0.11764705882352941,93.30000000000004,1,0.01,48,0.48,100,0.009377973049413412,7537
no_dueling,sweeping,7,76,0.11627906976744186,87.80000000000004,3,0.03,65,0.65,100,0.008000978413037955,7637
no_dueling,sweeping,7,77,0.1149425287356322,84.50000000000003,5,0.05,60,0.6,100,0.00822697842027992,7737
no_dueling,sweeping,7,78,0.11363636363636363,92.40000000000009,1,0.01,56,0.56,100,0.006926424531266093,7837
no_dueling,sweeping,7,79,0.11235955056179775,95.30000000000004,0,0.0,47,0.47,100,0.0076128156133927405,7937
no_dueling,sweeping,7,80,0.1111111111111111,93.20000000000002,1,0.01,48,0.48,100,0.009712419183924794,8037
no_dueling,sweeping,7,81,0.10989010989010989,94.00000000000006,1,0.01,41,0.41,100,0.008747443333268165,8137
no_dueling,sweeping,7,82,0.10869565217391305,91.00000000000003,2,0.02,51,0.51,100,0.014114857758395374,8237
no_dueling,sweeping,7,83,0.1075268817204301,91.40000000000003,2,0.02,48,0.48,100,0.010276332958601414,8337
no_dueling,sweeping,7,84,0.10638297872340426,91.90000000000005,1,0.01,62,0.62,100,0.008192865657620133,8437
no_dueling,sweeping,7,85,0.10526315789473684,90.80000000000005,2,0.02,54,0.54,100,0.00855828874045983,8537
no_dueling,sweeping,7,86,0.10416666666666667,93.10000000000005,1,0.01,50,0.5,100,0.00870484480401501,8637
no_dueling,sweeping,7,87,0.10309278350515465,93.10000000000005,1,0.01,50,0.5,100,0.008025084515102207,8737
no_dueling,sweeping,7,88,0.1020408163265306,92.6000000000001,1,0.01,55,0.55,100,0.00998446500627324,8837
no_dueling,sweeping,7,89,0.10101010101010101,85.90000000000003,4,0.04,65,0.65,100,0.008780887371394784,8937
no_dueling,sweeping,7,90,0.1,94.7000000000001,0,0.0,53,0.53,100,0.011261320891790091,9037
no_dueling,sweeping,7,91,0.09900990099009901,95.40000000000009,0,0.0,46,0.46,100,0.007846444807946683,9137
no_dueling,sweeping,7,92,0.09803921568627452,88.80000000000004,3,0.03,54,0.54,100,0.010473264614120126,9237
no_dueling,sweeping,7,93,0.0970873786407767,86.50000000000003,4,0.04,59,0.59,100,0.011620313785970211,9337
no_dueling,sweeping,7,94,0.09615384615384615,92.90000000000006,1,0.01,52,0.52,100,0.01186118292156607,9437
no_dueling,sweeping,7,95,0.09523809523809523,95.3000000000001,0,0.0,47,0.47,100,0.010501063044648618,9537
no_dueling,sweeping,7,96,0.09433962264150944,91.90000000000008,1,0.01,62,0.62,100,0.00985023364657536,9637
no_dueling,sweeping,7,97,0.09345794392523366,94.4000000000001,0,0.0,56,0.56,100,0.009931283991318197,9737
no_dueling,sweeping,7,98,0.09259259259259259,93.00000000000006,1,0.01,51,0.51,100,0.009928403261583299,9837
no_dueling,sweeping,7,99,0.09174311926605504,92.80000000000004,1,0.01,53,0.53,100,0.009792071066331119,9937
no_dueling,sweeping,7,100,0.09090909090909091,90.40000000000006,2,0.02,58,0.58,100,0.00988790747243911,10037
no_dueling,sweeping,7,101,0.0900900900900901,88.30000000000003,3,0.03,59,0.59,100,0.010399818383157254,10137
no_dueling,sweeping,7,102,0.08928571428571429,92.50000000000007,1,0.01,56,0.56,100,0.00879274724982679,10237
no_dueling,sweeping,7,103,0.08849557522123894,95.50000000000006,0,0.0,45,0.45,100,0.008187266199383885,10337
no_dueling,sweeping,7,104,0.08771929824561403,94.50000000000007,0,0.0,55,0.55,100,0.008600558154284954,10437
no_dueling,sweeping,7,105,0.08695652173913043,90.50000000000006,2,0.02,57,0.57,100,0.009269279197324067,10537
no_dueling,sweeping,7,106,0.08620689655172414,95.10000000000007,0,0.0,49,0.49,100,0.008058428743388503,10637
no_dueling,sweeping,7,107,0.08547008547008547,93.60000000000005,1,0.01,45,0.45,100,0.008183995604049414,10737
no_dueling,sweeping,7,108,0.0847457627118644,92.80000000000004,1,0.01,53,0.53,100,0.0084116231626831,10837
no_dueling,sweeping,7,109,0.08403361344537814,95.50000000000006,0,0.0,45,0.45,100,0.00818889807909727,10937
no_dueling,sweeping,7,110,0.08333333333333333,95.00000000000003,0,0.0,50,0.5,100,0.007853704411536456,11037
no_dueling,sweeping,7,111,0.08264462809917356,93.60000000000008,1,0.01,45,0.45,100,0.00722750456770882,11137
no_dueling,sweeping,7,112,0.0819672131147541,92.80000000000007,1,0.01,53,0.53,100,0.011315843381453305,11237
no_dueling,sweeping,7,113,0.08130081300813008,91.20000000000005,2,0.02,49,0.49,100,0.008074502176605165,11337
no_dueling,sweeping,7,114,0.08064516129032258,95.10000000000008,0,0.0,49,0.49,100,0.0073264115606434645,11437
no_dueling,sweeping,7,115,0.08,89.30000000000003,3,0.03,50,0.5,100,0.0066766857448965315,11537
no_dueling,sweeping,7,116,0.07936507936507936,92.80000000000004,1,0.01,53,0.53,100,0.009599483965430408,11637
no_dueling,sweeping,7,117,0.07874015748031496,90.30000000000004,2,0.02,59,0.59,100,0.010656340811401606,11737
no_dueling,sweeping,7,118,0.078125,94.20000000000007,0,0.0,58,0.58,100,0.008747147985268384,11837
no_dueling,sweeping,7,119,0.07751937984496124,93.20000000000006,1,0.01,49,0.49,100,0.008924889811314642,11937
no_dueling,sweeping,7,120,0.07692307692307693,92.70000000000007,1,0.01,54,0.54,100,0.008155727307312191,12037
no_dueling,sweeping,7,121,0.07633587786259542,92.20000000000006,1,0.01,59,0.59,100,0.008385808053426445,12137
no_dueling,sweeping,7,122,0.07575757575757576,92.70000000000006,1,0.01,54,0.54,100,0.007659374631475657,12237
no_dueling,sweeping,7,123,0.07518796992481203,93.40000000000003,1,0.01,47,0.47,100,0.0070598936127498745,12337
no_dueling,sweeping,7,124,0.07462686567164178,95.40000000000005,0,0.0,46,0.46,100,0.007239129890222102,12437
no_dueling,sweeping,7,125,0.07407407407407407,92.20000000000005,2,0.02,40,0.4,100,0.0066340358508750795,12537
no_dueling,sweeping,7,126,0.07352941176470588,93.20000000000007,1,0.01,49,0.49,100,0.007462398689240217,12637
no_dueling,sweeping,7,127,0.07299270072992702,92.70000000000007,1,0.01,54,0.54,100,0.00920167589560151,12737
no_dueling,sweeping,7,128,0.07246376811594203,94.80000000000005,0,0.0,52,0.52,100,0.008613630486652256,12837
no_dueling,sweeping,7,129,0.07194244604316546,95.70000000000006,0,0.0,43,0.43,100,0.009226809991523623,12937
no_dueling,sweeping,7,130,0.07142857142857142,91.40000000000003,2,0.02,48,0.48,100,0.008277098541148007,13037
no_dueling,sweeping,7,131,0.07092198581560284,86.60000000000005,4,0.04,58,0.58,100,0.010501624080352484,13137
no_dueling,sweeping,7,132,0.07042253521126761,92.90000000000006,1,0.01,52,0.52,100,0.008267402686178683,13237
no_dueling,sweeping,7,133,0.06993006993006992,93.00000000000006,1,0.01,51,0.51,100,0.00848074686480686,13337
no_dueling,sweeping,7,134,0.06944444444444445,95.60000000000005,0,0.0,44,0.44,100,0.007040420782286674,13437
no_dueling,sweeping,7,135,0.06896551724137931,95.00000000000004,0,0.0,50,0.5,100,0.008443739707581699,13537
no_dueling,sweeping,7,136,0.0684931506849315,93.00000000000004,1,0.01,51,0.51,100,0.008876249149907381,13637
no_dueling,sweeping,7,137,0.06802721088435375,95.40000000000005,0,0.0,46,0.46,100,0.008908490110188723,13737
no_dueling,sweeping,7,138,0.06756756756756756,94.80000000000007,0,0.0,52,0.52,100,0.007225696831010282,13837
no_dueling,sweeping,7,139,0.06711409395973154,95.10000000000005,0,0.0,49,0.49,100,0.007481026567984372,13937
no_dueling,sweeping,7,140,0.06666666666666667,95.20000000000003,0,0.0,48,0.48,100,0.007937656005378813,14037
no_dueling,sweeping,7,141,0.06622516556291391,93.70000000000005,1,0.01,43,0.43,100,0.008406097933184356,14137
no_dueling,sweeping,7,142,0.06578947368421052,94.90000000000005,0,0.0,51,0.51,100,0.00972482047509402,14237
no_dueling,sweeping,7,143,0.06535947712418301,92.90000000000005,1,0.01,52,0.52,100,0.00875034336000681,14337
no_dueling,sweeping,7,144,0.06493506493506493,95.10000000000007,0,0.0,49,0.49,100,0.009131005266681314,14437
no_dueling,sweeping,7,145,0.06451612903225806,91.80000000000005,2,0.02,44,0.44,100,0.007671951791271567,14537
no_dueling,sweeping,7,146,0.06410256410256411,95.30000000000007,0,0.0,47,0.47,100,0.007650025435723364,14637
no_dueling,sweeping,7,147,0.06369426751592357,95.20000000000007,0,0.0,48,0.48,100,0.00837878076825291,14737
no_dueling,sweeping,7,148,0.06329113924050632,93.60000000000008,1,0.01,45,0.45,100,0.006140393207315356,14837
no_dueling,sweeping,7,149,0.06289308176100629,96.50000000000006,0,0.0,35,0.35,100,0.007862006197683513,14937
no_dueling,sweeping,7,150,0.0625,92.20000000000005,1,0.01,59,0.59,100,0.008952991282567381,15037
no_dueling,sweeping,7,151,0.06211180124223602,94.80000000000005,0,0.0,52,0.52,100,0.00910050463862717,15137
no_dueling,sweeping,7,152,0.0617283950617284,90.40000000000006,2,0.02,58,0.58,100,0.008445000848732889,15237
no_dueling,sweeping,7,153,0.06134969325153374,93.70000000000005,1,0.01,44,0.44,100,0.008410117556340992,15337
no_dueling,sweeping,7,154,0.06097560975609757,95.50000000000007,0,0.0,45,0.45,100,0.009071775167249142,15437
no_dueling,sweeping,7,155,0.06060606060606061,94.30000000000003,1,0.01,38,0.38,100,0.009069261262193323,15537
no_dueling,sweeping,7,156,0.06024096385542168,93.50000000000006,1,0.01,45,0.45,100,0.006837218729779124,15637
no_dueling,sweeping,7,157,0.059880239520958084,94.70000000000007,0,0.0,53,0.53,100,0.008054407220333815,15737
no_dueling,sweeping,7,158,0.05952380952380952,95.50000000000004,0,0.0,45,0.45,100,0.006976479168515653,15837
no_dueling,sweeping,7,159,0.0591715976331361,93.60000000000005,1,0.01,44,0.44,100,0.007255314299836755,15937
no_dueling,sweeping,7,160,0.058823529411764705,95.80000000000003,0,0.0,42,0.42,100,0.009840417644008994,16037
no_dueling,sweeping,7,161,0.05847953216374269,95.00000000000009,0,0.0,50,0.5,100,0.007618786231614649,16137
no_dueling,sweeping,7,162,0.05813953488372093,93.40000000000003,1,0.01,46,0.46,100,0.009264632931444795,16237
no_dueling,sweeping,7,163,0.057803468208092484,95.40000000000003,0,0.0,46,0.46,100,0.008736606973689049,16337
no_dueling,sweeping,7,164,0.0574712643678161,92.20000000000005,2,0.02,40,0.4,100,0.007113092546351254,16437
no_dueling,sweeping,7,165,0.05714285714285714,93.50000000000004,1,0.01,46,0.46,100,0.007138954047113657,16537
no_dueling,sweeping,7,166,0.056818181818181816,96.30000000000007,0,0.0,37,0.37,100,0.008843312552198768,16637
no_dueling,sweeping,7,167,0.05649717514124294,93.20000000000006,1,0.01,49,0.49,100,0.00786847019335255,16737
no_dueling,sweeping,7,168,0.056179775280898875,95.20000000000005,0,0.0,48,0.48,100,0.006855952427722514,16837
no_dueling,sweeping,7,169,0.0558659217877095,93.00000000000004,1,0.01,51,0.51,100,0.008181512053124607,16937
no_dueling,sweeping,7,170,0.05555555555555555,93.80000000000005,1,0.01,43,0.43,100,0.007766940607689321,17037
no_dueling,sweeping,7,171,0.055248618784530384,93.90000000000003,1,0.01,42,0.42,100,0.007689164595212787,17137
no_dueling,sweeping,7,172,0.054945054945054944,89.60000000000002,3,0.03,47,0.47,100,0.007944392752833665,17237
no_dueling,sweeping,7,173,0.0546448087431694,96.00000000000006,0,0.0,40,0.4,100,0.006842968002893031,17337
no_dueling,sweeping,7,174,0.05434782608695653,95.60000000000005,0,0.0,44,0.44,100,0.011358346904162318,17437
no_dueling,sweeping,7,175,0.05405405405405406,96.30000000000004,0,0.0,37,0.37,100,0.0070176709000952546,17537
no_dueling,sweeping,7,176,0.05376344086021505,94.20000000000003,1,0.01,39,0.39,100,0.007526551275514066,17637
no_dueling,sweeping,7,177,0.053475935828877004,95.60000000000004,0,0.0,44,0.44,100,0.00749015252571553,17737
no_dueling,sweeping,7,178,0.05319148936170213,96.10000000000002,0,0.0,39,0.39,100,0.009237932686228306,17837
no_dueling,sweeping,7,179,0.052910052910052914,93.80000000000005,1,0.01,43,0.43,100,0.00839962342288345,17937
no_dueling,sweeping,7,180,0.05263157894736842,94.20000000000005,1,0.01,39,0.39,100,0.00623469540849328,18037
no_dueling,sweeping,7,181,0.05235602094240837,94.40000000000003,1,0.01,37,0.37,100,0.006535478143487126,18137
no_dueling,sweeping,7,182,0.052083333333333336,93.80000000000005,1,0.01,43,0.43,100,0.012162565754260867,18237
no_dueling,sweeping,7,183,0.05181347150259067,93.90000000000006,1,0.01,42,0.42,100,0.006041794202756137,18337
no_dueling,sweeping,7,184,0.051546391752577324,94.30000000000005,1,0.01,38,0.38,100,0.007042320824693888,18437
no_dueling,sweeping,7,185,0.05128205128205128,95.10000000000005,0,0.0,49,0.49,100,0.007711519908625632,18537
no_dueling,sweeping,7,186,0.0510204081632653,96.20000000000003,0,0.0,38,0.38,100,0.007028685549739748,18637
no_dueling,sweeping,7,187,0.050761421319796954,95.40000000000006,0,0.0,46,0.46,100,0.00710638657445088,18737
no_dueling,sweeping,7,188,0.050505050505050504,95.30000000000007,0,0.0,47,0.47,100,0.007475513974204659,18837
no_dueling,sweeping,7,189,0.05025125628140704,94.10000000000002,1,0.01,40,0.4,100,0.007924753581173718,18937
no_dueling,sweeping,7,190,0.05,93.50000000000004,1,0.01,46,0.46,100,0.008176853891927748,19037
no_dueling,sweeping,7,191,0.04975124378109452,94.40000000000006,1,0.01,37,0.37,100,0.008152809531893582,19137
no_dueling,sweeping,7,192,0.04950495049504951,93.50000000000003,1,0.01,45,0.45,100,0.0075974037242122,19237
no_dueling,sweeping,7,193,0.04926108374384236,89.70000000000003,3,0.03,46,0.46,100,0.007020298079587519,19337
no_dueling,sweeping,7,194,0.04901960784313726,93.00000000000007,1,0.01,51,0.51,100,0.007505276820156723,19437
no_dueling,sweeping,7,195,0.04878048780487805,91.20000000000002,2,0.02,50,0.5,100,0.008181666946038604,19537
no_dueling,sweeping,7,196,0.04854368932038835,95.90000000000003,0,0.0,41,0.41,100,0.008761455046478659,19637
no_dueling,sweeping,7,197,0.04830917874396135,95.70000000000007,0,0.0,43,0.43,100,0.006039994731545448,19737
no_dueling,sweeping,7,198,0.04807692307692307,94.60000000000002,1,0.01,34,0.34,100,0.006527713071554899,19837
no_dueling,sweeping,7,199,0.04784688995215311,92.10000000000005,2,0.02,41,0.41,100,0.007470903678331524,19937
no_dueling,sweeping,8,0,1.0,78.10000000000001,7,0.07,84,0.84,100,0.17920528870780725,37
no_dueling,sweeping,8,1,0.9090909090909091,76.90000000000002,8,0.08,79,0.79,100,0.05644622640684247,137
no_dueling,sweeping,8,2,0.8333333333333334,73.79999999999998,9,0.09,90,0.9,100,0.03891571370884776,237
no_dueling,sweeping,8,3,0.7692307692307692,72.10000000000001,10,0.1,89,0.89,100,0.020123484125360847,337
no_dueling,sweeping,8,4,0.7142857142857143,76.40000000000002,8,0.08,83,0.83,100,0.00891775448806584,437
no_dueling,sweeping,8,5,0.6666666666666666,82.10000000000004,5,0.05,84,0.84,100,0.007281367536634207,537
no_dueling,sweeping,8,6,0.625,74.3,9,0.09,84,0.84,100,0.004434848227538169,637
no_dueling,sweeping,8,7,0.5882352941176471,90.10000000000005,1,0.01,80,0.8,100,0.00372875664033927,737
no_dueling,sweeping,8,8,0.5555555555555556,84.40000000000003,4,0.04,79,0.79,100,0.0065323111694306135,837
no_dueling,sweeping,8,9,0.5263157894736842,82.70000000000005,5,0.05,76,0.76,100,0.0054878797428682445,937
no_dueling,sweeping,8,10,0.5,78.79999999999998,7,0.07,78,0.78,100,0.005792217454873025,1037
no_dueling,sweeping,8,11,0.47619047619047616,82.20000000000003,5,0.05,80,0.8,100,0.004581544373650104,1137
no_dueling,sweeping,8,12,0.45454545454545453,77.6,8,0.08,71,0.71,100,0.00649026884464547,1237
no_dueling,sweeping,8,13,0.4347826086956522,76.60000000000001,8,0.08,82,0.82,100,0.005821730906609446,1337
no_dueling,sweeping,8,14,0.4166666666666667,82.70000000000002,5,0.05,77,0.77,100,0.006612553456798196,1437
no_dueling,sweeping,8,15,0.4,86.90000000000006,3,0.03,74,0.74,100,0.0047514355392195284,1537
no_dueling,sweeping,8,16,0.3846153846153846,75.2,9,0.09,75,0.75,100,0.007058050571940839,1637
no_dueling,sweeping,8,17,0.37037037037037035,74.7,9,0.09,82,0.82,100,0.008244941150769592,1737
no_dueling,sweeping,8,18,0.35714285714285715,83.50000000000006,5,0.05,70,0.7,100,0.005708700595423579,1837
no_dueling,sweeping,8,19,0.3448275862068966,77.19999999999997,8,0.08,75,0.75,100,0.008799002498853951,1937
no_dueling,sweeping,8,20,0.3333333333333333,83.20000000000007,5,0.05,73,0.73,100,0.006187401940114796,2037
no_dueling,sweeping,8,21,0.3225806451612903,89.80000000000005,2,0.02,63,0.63,100,0.00500722536817193,2137
no_dueling,sweeping,8,22,0.3125,82.30000000000003,6,0.06,63,0.63,100,0.005948036490008235,2237
no_dueling,sweeping,8,23,0.30303030303030304,85.10000000000005,4,0.04,72,0.72,100,0.007307610006537288,2337
no_dueling,sweeping,8,24,0.29411764705882354,84.90000000000005,4,0.04,75,0.75,100,0.009801047313958406,2437
no_dueling,sweeping,8,25,0.2857142857142857,88.90000000000005,2,0.02,73,0.73,100,0.009066345882602037,2537
no_dueling,sweeping,8,26,0.2777777777777778,87.60000000000004,3,0.03,67,0.67,100,0.009479123840574175,2637
no_dueling,sweeping,8,27,0.27027027027027023,87.80000000000004,3,0.03,64,0.64,100,0.010057374527677894,2737
no_dueling,sweeping,8,28,0.2631578947368421,89.40000000000005,2,0.02,68,0.68,100,0.00954465792980045,2837
no_dueling,sweeping,8,29,0.25641025641025644,89.80000000000004,2,0.02,64,0.64,100,0.007087026555091143,2937
no_dueling,sweeping,8,30,0.25,90.20000000000005,2,0.02,60,0.6,100,0.00612286961870268,3037
no_dueling,sweeping,8,31,0.24390243902439027,91.10000000000007,1,0.01,70,0.7,100,0.007494970366824418,3137
no_dueling,sweeping,8,32,0.23809523809523808,84.00000000000004,5,0.05,65,0.65,100,0.007342871217988431,3237
no_dueling,sweeping,8,33,0.23255813953488372,83.70000000000005,5,0.05,66,0.66,100,0.007946209243964403,3337
no_dueling,sweeping,8,34,0.22727272727272727,89.40000000000008,2,0.02,68,0.68,100,0.007800907823257148,3437
no_dueling,sweeping,8,35,0.2222222222222222,94.10000000000005,0,0.0,59,0.59,100,0.007588757160119712,3537
no_dueling,sweeping,8,36,0.2173913043478261,91.80000000000007,1,0.01,63,0.63,100,0.00919390746857971,3637
no_dueling,sweeping,8,37,0.2127659574468085,88.20000000000006,3,0.03,61,0.61,100,0.007332864131312817,3737
no_dueling,sweeping,8,38,0.20833333333333334,85.20000000000005,4,0.04,71,0.71,100,0.008670344422571362,3837
no_dueling,sweeping,8,39,0.2040816326530612,88.20000000000006,3,0.03,60,0.6,100,0.009434015117585659,3937
no_dueling,sweeping,8,40,0.2,89.00000000000006,3,0.03,50,0.5,100,0.01016515210736543,4037
no_dueling,sweeping,8,41,0.19607843137254904,86.90000000000002,4,0.04,55,0.55,100,0.010767738225404173,4137
no_dueling,sweeping,8,42,0.1923076923076923,88.30000000000004,3,0.03,60,0.6,100,0.008690465274266899,4237
no_dueling,sweeping,8,43,0.18867924528301888,88.20000000000005,3,0.03,61,0.61,100,0.01298688247334212,4337
no_dueling,sweeping,8,44,0.18518518518518517,89.40000000000005,2,0.02,67,0.67,100,0.010758836665190756,4437
no_dueling,sweeping,8,45,0.18181818181818182,94.00000000000006,0,0.0,60,0.6,100,0.009713303125463426,4537
no_dueling,sweeping,8,46,0.17857142857142858,88.20000000000005,3,0.03,61,0.61,100,0.011469800537452102,4637
no_dueling,sweeping,8,47,0.17543859649122806,88.60000000000008,3,0.03,57,0.57,100,0.008869460872374476,4737
no_dueling,sweeping,8,48,0.1724137931034483,88.20000000000002,3,0.03,61,0.61,100,0.008987052673473954,4837
no_dueling,sweeping,8,49,0.1694915254237288,89.70000000000007,2,0.02,65,0.65,100,0.010965309841558336,4937
no_dueling,sweeping,8,50,0.16666666666666666,89.50000000000006,2,0.02,67,0.67,100,0.009580980464816093,5037
no_dueling,sweeping,8,51,0.1639344262295082,89.80000000000007,2,0.02,63,0.63,100,0.010246526561677455,5137
no_dueling,sweeping,8,52,0.16129032258064516,92.10000000000004,1,0.01,60,0.6,100,0.012913058227859438,5237
no_dueling,sweeping,8,53,0.15873015873015872,91.90000000000006,1,0.01,61,0.61,100,0.01155080389464274,5337
no_dueling,sweeping,8,54,0.15625,94.80000000000004,0,0.0,52,0.52,100,0.011213012386579067,5437
no_dueling,sweeping,8,55,0.15384615384615385,92.3000000000001,1,0.01,58,0.58,100,0.008610447752289474,5537
no_dueling,sweeping,8,56,0.15151515151515152,90.8000000000001,2,0.02,54,0.54,100,0.008825811902061104,5637
no_dueling,sweeping,8,57,0.14925373134328357,90.50000000000006,2,0.02,57,0.57,100,0.008903198335319757,5737
no_dueling,sweeping,8,58,0.14705882352941177,93.70000000000006,0,0.0,63,0.63,100,0.0112416856829077,5837
no_dueling,sweeping,8,59,0.14492753623188406,88.10000000000005,3,0.03,62,0.62,100,0.009725153269246221,5937
no_dueling,sweeping,8,60,0.14285714285714285,92.60000000000001,1,0.01,55,0.55,100,0.008095015196595341,6037
no_dueling,sweeping,8,61,0.14084507042253522,92.00000000000007,1,0.01,61,0.61,100,0.010339898152742534,6137
no_dueling,sweeping,8,62,0.1388888888888889,94.10000000000005,0,0.0,59,0.59,100,0.011402439139783383,6237
no_dueling,sweeping,8,63,0.136986301369863,81.60000000000005,6,0.06,70,0.7,100,0.013447888516820968,6337
no_dueling,sweeping,8,64,0.13513513513513511,91.90000000000005,1,0.01,62,0.62,100,0.012790945635642856,6437
no_dueling,sweeping,8,65,0.13333333333333333,84.10000000000005,5,0.05,64,0.64,100,0.009456382510252296,6537
no_dueling,sweeping,8,66,0.13157894736842105,90.60000000000005,2,0.02,56,0.56,100,0.00853115773992613,6637
no_dueling,sweeping,8,67,0.12987012987012986,91.40000000000006,1,0.01,67,0.67,100,0.010993340881541372,6737
no_dueling,sweeping,8,68,0.12820512820512822,92.40000000000006,1,0.01,57,0.57,100,0.010476662528235465,6837
no_dueling,sweeping,8,69,0.12658227848101264,90.80000000000001,2,0.02,54,0.54,100,0.010066363068763167,6937
no_dueling,sweeping,8,70,0.125,90.20000000000007,2,0.02,59,0.59,100,0.008876594128087162,7037
no_dueling,sweeping,8,71,0.1234567901234568,89.40000000000003,2,0.02,68,0.68,100,0.012655964100267737,7137
no_dueling,sweeping,8,72,0.12195121951219513,90.40000000000003,2,0.02,58,0.58,100,0.012116525308229029,7237
no_dueling,sweeping,8,73,0.12048192771084336,88.20000000000005,3,0.03,61,0.61,100,0.010163099076598882,7337
no_dueling,sweeping,8,74,0.11904761904761904,90.80000000000007,2,0.02,54,0.54,100,0.012732450338080525,7437
no_dueling,sweeping,8,75,0.11764705882352941,88.40000000000003,3,0.03,58,0.58,100,0.010928863335866481,7537
no_dueling,sweeping,8,76,0.11627906976744186,90.60000000000005,2,0.02,56,0.56,100,0.011344058576505632,7637
no_dueling,sweeping,8,77,0.1149425287356322,92.70000000000002,1,0.01,54,0.54,100,0.013597205877304078,7737
no_dueling,sweeping,8,78,0.11363636363636363,90.70000000000007,2,0.02,55,0.55,100,0.01059630365576595,7837
no_dueling,sweeping,8,79,0.11235955056179775,94.20000000000005,0,0.0,58,0.58,100,0.01303564477711916,7937
no_dueling,sweeping,8,80,0.1111111111111111,91.80000000000004,2,0.02,44,0.44,100,0.01251984788570553,8037
no_dueling,sweeping,8,81,0.10989010989010989,90.50000000000003,2,0.02,57,0.57,100,0.010796326140407472,8137
no_dueling,sweeping,8,82,0.10869565217391305,90.90000000000008,2,0.02,53,0.53,100,0.015108792781829835,8237
no_dueling,sweeping,8,83,0.1075268817204301,92.90000000000006,1,0.01,52,0.52,100,0.009004819567780941,8337
no_dueling,sweeping,8,84,0.10638297872340426,90.20000000000003,2,0.02,60,0.6,100,0.011091127265244723,8437
no_dueling,sweeping,8,85,0.10526315789473684,93.60000000000002,1,0.01,45,0.45,100,0.00893503569997847,8537
no_dueling,sweeping,8,86,0.10416666666666667,90.60000000000005,2,0.02,56,0.56,100,0.009900316584389657,8637
no_dueling,sweeping,8,87,0.10309278350515465,90.30000000000007,2,0.02,59,0.59,100,0.013740614566486328,8737
no_dueling,sweeping,8,88,0.1020408163265306,95.00000000000009,0,0.0,50,0.5,100,0.007995456093922257,8837
no_dueling,sweeping,8,89,0.10101010101010101,89.40000000000003,3,0.03,49,0.49,100,0.009036301055457443,8937
no_dueling,sweeping,8,90,0.1,89.60000000000002,3,0.03,46,0.46,100,0.01277199614327401,9037
no_dueling,sweeping,8,91,0.09900990099009901,93.00000000000004,1,0.01,50,0.5,100,0.009755670223385096,9137
no_dueling,sweeping,8,92,0.09803921568627452,94.70000000000007,0,0.0,53,0.53,100,0.011460281428880989,9237
no_dueling,sweeping,8,93,0.0970873786407767,92.70000000000007,1,0.01,54,0.54,100,0.010114198906812817,9337
no_dueling,sweeping,8,94,0.09615384615384615,95.40000000000006,0,0.0,46,0.46,100,0.012449727468192577,9437
no_dueling,sweeping,8,95,0.09523809523809523,91.00000000000006,2,0.02,51,0.51,100,0.010798577908426523,9537
no_dueling,sweeping,8,96,0.09433962264150944,94.20000000000007,0,0.0,58,0.58,100,0.01417345022317022,9637
no_dueling,sweeping,8,97,0.09345794392523366,94.50000000000004,0,0.0,55,0.55,100,0.010785526332911103,9737
no_dueling,sweeping,8,98,0.09259259259259259,92.80000000000005,1,0.01,53,0.53,100,0.011332342643290758,9837
no_dueling,sweeping,8,99,0.09174311926605504,93.30000000000003,1,0.01,48,0.48,100,0.01031898650340736,9937
no_dueling,sweeping,8,100,0.09090909090909091,95.60000000000007,0,0.0,44,0.44,100,0.009459100621752441,10037
no_dueling,sweeping,8,101,0.0900900900900901,94.70000000000006,0,0.0,53,0.53,100,0.00967012825421989,10137
no_dueling,sweeping,8,102,0.08928571428571429,94.70000000000007,0,0.0,53,0.53,100,0.011590011208318174,10237
no_dueling,sweeping,8,103,0.08849557522123894,86.70000000000006,4,0.04,57,0.57,100,0.008268983967136592,10337
no_dueling,sweeping,8,104,0.08771929824561403,92.70000000000003,1,0.01,54,0.54,100,0.009049225286580621,10437
no_dueling,sweeping,8,105,0.08695652173913043,94.70000000000005,0,0.0,53,0.53,100,0.009126899987459183,10537
no_dueling,sweeping,8,106,0.08620689655172414,91.90000000000006,1,0.01,62,0.62,100,0.010611363928765058,10637
no_dueling,sweeping,8,107,0.08547008547008547,88.30000000000005,3,0.03,60,0.6,100,0.011953313888516276,10737
no_dueling,sweeping,8,108,0.0847457627118644,92.80000000000005,1,0.01,53,0.53,100,0.009089995983522385,10837
no_dueling,sweeping,8,109,0.08403361344537814,94.60000000000005,0,0.0,54,0.54,100,0.01025510965846479,10937
no_dueling,sweeping,8,110,0.08333333333333333,92.80000000000005,1,0.01,53,0.53,100,0.008571043997071683,11037
no_dueling,sweeping,8,111,0.08264462809917356,93.40000000000003,1,0.01,47,0.47,100,0.008156042704358697,11137
no_dueling,sweeping,8,112,0.0819672131147541,93.20000000000005,1,0.01,49,0.49,100,0.010076823804993182,11237
no_dueling,sweeping,8,113,0.08130081300813008,92.30000000000007,1,0.01,58,0.58,100,0.014254364408552647,11337
no_dueling,sweeping,8,114,0.08064516129032258,93.10000000000005,1,0.01,50,0.5,100,0.009119623324368149,11437
no_dueling,sweeping,8,115,0.08,90.90000000000006,2,0.02,53,0.53,100,0.010927117597311735,11537
no_dueling,sweeping,8,116,0.07936507936507936,92.80000000000003,1,0.01,53,0.53,100,0.010313262508716434,11637
no_dueling,sweeping,8,117,0.07874015748031496,95.00000000000004,0,0.0,50,0.5,100,0.008799464616458863,11737
no_dueling,sweeping,8,118,0.078125,95.10000000000005,0,0.0,49,0.49,100,0.010226007369346916,11837
no_dueling,sweeping,8,119,0.07751937984496124,95.30000000000005,0,0.0,47,0.47,100,0.011295389700680971,11937
no_dueling,sweeping,8,120,0.07692307692307693,94.00000000000006,0,0.0,60,0.6,100,0.011045271861366928,12037
no_dueling,sweeping,8,121,0.07633587786259542,95.20000000000007,0,0.0,48,0.48,100,0.009742760923691094,12137
no_dueling,sweeping,8,122,0.07575757575757576,88.80000000000005,3,0.03,55,0.55,100,0.012414239561185241,12237
no_dueling,sweeping,8,123,0.07518796992481203,93.00000000000006,1,0.01,51,0.51,100,0.010143053845968097,12337
no_dueling,sweeping,8,124,0.07462686567164178,95.80000000000004,0,0.0,42,0.42,100,0.008604672881774604,12437
no_dueling,sweeping,8,125,0.07407407407407407,91.20000000000007,2,0.02,49,0.49,100,0.008979311417788268,12537
no_dueling,sweeping,8,126,0.07352941176470588,94.40000000000006,0,0.0,56,0.56,100,0.010587124852463603,12637
no_dueling,sweeping,8,127,0.07299270072992702,93.00000000000009,1,0.01,51,0.51,100,0.01169333298690617,12737
no_dueling,sweeping,8,128,0.07246376811594203,92.20000000000007,1,0.01,59,0.59,100,0.013357977154664696,12837
no_dueling,sweeping,8,129,0.07194244604316546,93.50000000000007,1,0.01,46,0.46,100,0.007493141808081419,12937
no_dueling,sweeping,8,130,0.07142857142857142,92.70000000000005,1,0.01,54,0.54,100,0.010770156406797468,13037
no_dueling,sweeping,8,131,0.07092198581560284,95.20000000000007,0,0.0,48,0.48,100,0.00930920923827216,13137
no_dueling,sweeping,8,132,0.07042253521126761,90.60000000000002,2,0.02,56,0.56,100,0.010007403269410133,13237
no_dueling,sweeping,8,133,0.06993006993006992,91.30000000000007,2,0.02,49,0.49,100,0.012562022812198847,13337
no_dueling,sweeping,8,134,0.06944444444444445,95.20000000000006,0,0.0,48,0.48,100,0.010939936980139463,13437
no_dueling,sweeping,8,135,0.06896551724137931,95.10000000000005,0,0.0,49,0.49,100,0.008358877666760236,13537
no_dueling,sweeping,8,136,0.0684931506849315,92.90000000000005,1,0.01,52,0.52,100,0.01104883869877085,13637
no_dueling,sweeping,8,137,0.06802721088435375,94.00000000000009,0,0.0,60,0.6,100,0.0097237333888188,13737
no_dueling,sweeping,8,138,0.06756756756756756,92.40000000000006,1,0.01,56,0.56,100,0.012765242194291204,13837
no_dueling,sweeping,8,139,0.06711409395973154,93.90000000000006,0,0.0,61,0.61,100,0.011284568882547318,13937
no_dueling,sweeping,8,140,0.06666666666666667,89.60000000000005,3,0.03,47,0.47,100,0.011418855567462742,14037
no_dueling,sweeping,8,141,0.06622516556291391,93.10000000000008,1,0.01,50,0.5,100,0.008580665804911404,14137
no_dueling,sweeping,8,142,0.06578947368421052,92.90000000000005,1,0.01,52,0.52,100,0.009760516507085412,14237
no_dueling,sweeping,8,143,0.06535947712418301,94.80000000000005,0,0.0,52,0.52,100,0.01106676146388054,14337
no_dueling,sweeping,8,144,0.06493506493506493,93.50000000000004,1,0.01,46,0.46,100,0.012331752863246948,14437
no_dueling,sweeping,8,145,0.06451612903225806,92.70000000000007,1,0.01,54,0.54,100,0.007669352064840496,14537
no_dueling,sweeping,8,146,0.06410256410256411,93.50000000000006,1,0.01,46,0.46,100,0.008904093005694448,14637
no_dueling,sweeping,8,147,0.06369426751592357,95.30000000000007,0,0.0,47,0.47,100,0.009561459480319173,14737
no_dueling,sweeping,8,148,0.06329113924050632,94.00000000000007,1,0.01,41,0.41,100,0.011428967316169292,14837
no_dueling,sweeping,8,149,0.06289308176100629,95.50000000000006,0,0.0,45,0.45,100,0.008218894444871694,14937
no_dueling,sweeping,8,150,0.0625,94.0,1,0.01,41,0.41,100,0.010805741725489497,15037
no_dueling,sweeping,8,151,0.06211180124223602,93.50000000000004,1,0.01,46,0.46,100,0.009287735377438367,15137
no_dueling,sweeping,8,152,0.0617283950617284,95.70000000000005,0,0.0,43,0.43,100,0.009904204974882305,15237
no_dueling,sweeping,8,153,0.06134969325153374,95.00000000000009,0,0.0,50,0.5,100,0.009327856365125627,15337
no_dueling,sweeping,8,154,0.06097560975609757,93.70000000000005,1,0.01,44,0.44,100,0.008443260046187789,15437
no_dueling,sweeping,8,155,0.06060606060606061,95.00000000000006,0,0.0,50,0.5,100,0.008607668704353272,15537
no_dueling,sweeping,8,156,0.06024096385542168,93.20000000000002,1,0.01,49,0.49,100,0.007673253561370075,15637
no_dueling,sweeping,8,157,0.059880239520958084,94.10000000000007,0,0.0,59,0.59,100,0.00861038014292717,15737
no_dueling,sweeping,8,158,0.05952380952380952,95.60000000000005,0,0.0,44,0.44,100,0.00988096476532519,15837
no_dueling,sweeping,8,159,0.0591715976331361,94.80000000000008,0,0.0,52,0.52,100,0.01248229895485565,15937
no_dueling,sweeping,8,160,0.058823529411764705,93.80000000000007,1,0.01,43,0.43,100,0.0070895624230615795,16037
no_dueling,sweeping,8,161,0.05847953216374269,95.20000000000005,0,0.0,48,0.48,100,0.00806751205585897,16137
no_dueling,sweeping,8,162,0.05813953488372093,91.70000000000003,2,0.02,45,0.45,100,0.011072902576997876,16237
no_dueling,sweeping,8,163,0.057803468208092484,95.10000000000005,0,0.0,49,0.49,100,0.01026788574643433,16337
no_dueling,sweeping,8,164,0.0574712643678161,94.90000000000005,0,0.0,51,0.51,100,0.008426861050538718,16437
no_dueling,sweeping,8,165,0.05714285714285714,93.10000000000005,1,0.01,50,0.5,100,0.010933948277961463,16537
no_dueling,sweeping,8,166,0.056818181818181816,94.90000000000003,0,0.0,51,0.51,100,0.01096007827669382,16637
no_dueling,sweeping,8,167,0.05649717514124294,93.00000000000004,1,0.01,51,0.51,100,0.012720670874696225,16737
no_dueling,sweeping,8,168,0.056179775280898875,92.80000000000005,1,0.01,53,0.53,100,0.009867920060642063,16837
no_dueling,sweeping,8,169,0.0558659217877095,93.60000000000004,1,0.01,44,0.44,100,0.008287692158482969,16937
no_dueling,sweeping,8,170,0.05555555555555555,94.10000000000002,1,0.01,40,0.4,100,0.0057332732970826325,17037
no_dueling,sweeping,8,171,0.055248618784530384,91.00000000000001,2,0.02,52,0.52,100,0.007387017083819955,17137
no_dueling,sweeping,8,172,0.054945054945054944,95.00000000000007,0,0.0,50,0.5,100,0.0105434241425246,17237
no_dueling,sweeping,8,173,0.0546448087431694,88.90000000000006,3,0.03,54,0.54,100,0.008272699718363584,17337
no_dueling,sweeping,8,174,0.05434782608695653,96.00000000000003,0,0.0,40,0.4,100,0.007460753186605871,17437
no_dueling,sweeping,8,175,0.05405405405405406,93.40000000000005,1,0.01,47,0.47,100,0.009958967817947268,17537
no_dueling,sweeping,8,176,0.05376344086021505,95.90000000000005,0,0.0,41,0.41,100,0.008908497297670692,17637
no_dueling,sweeping,8,177,0.053475935828877004,90.30000000000004,2,0.02,59,0.59,100,0.009559693932533263,17737
no_dueling,sweeping,8,178,0.05319148936170213,91.80000000000004,2,0.02,43,0.43,100,0.008385522111784666,17837
no_dueling,sweeping,8,179,0.052910052910052914,94.60000000000005,0,0.0,54,0.54,100,0.009558674914296716,17937
no_dueling,sweeping,8,180,0.05263157894736842,93.40000000000005,1,0.01,47,0.47,100,0.008717630761675537,18037
no_dueling,sweeping,8,181,0.05235602094240837,94.20000000000006,1,0.01,39,0.39,100,0.006186385951004922,18137
no_dueling,sweeping,8,182,0.052083333333333336,95.30000000000007,0,0.0,47,0.47,100,0.007545412715990097,18237
no_dueling,sweeping,8,183,0.05181347150259067,94.30000000000004,1,0.01,38,0.38,100,0.006877315344754606,18337
no_dueling,sweeping,8,184,0.051546391752577324,95.60000000000005,0,0.0,44,0.44,100,0.010869895198848099,18437
no_dueling,sweeping,8,185,0.05128205128205128,92.00000000000004,2,0.02,42,0.42,100,0.00957549462094903,18537
no_dueling,sweeping,8,186,0.0510204081632653,89.70000000000009,3,0.03,46,0.46,100,0.007366890390403569,18637
no_dueling,sweeping,8,187,0.050761421319796954,95.90000000000003,0,0.0,41,0.41,100,0.009880277181509882,18737
no_dueling,sweeping,8,188,0.050505050505050504,96.00000000000006,0,0.0,40,0.4,100,0.008729186883429066,18837
no_dueling,sweeping,8,189,0.05025125628140704,96.10000000000007,0,0.0,39,0.39,100,0.010690623961854726,18937
no_dueling,sweeping,8,190,0.05,96.20000000000006,0,0.0,38,0.38,100,0.009373158109374344,19037
no_dueling,sweeping,8,191,0.04975124378109452,95.70000000000006,0,0.0,43,0.43,100,0.008621719998773187,19137
no_dueling,sweeping,8,192,0.04950495049504951,91.50000000000003,2,0.02,47,0.47,100,0.007686437391676008,19237
no_dueling,sweeping,8,193,0.04926108374384236,96.80000000000004,0,0.0,32,0.32,100,0.00893803569022566,19337
no_dueling,sweeping,8,194,0.04901960784313726,93.20000000000006,1,0.01,49,0.49,100,0.008489658923354,19437
no_dueling,sweeping,8,195,0.04878048780487805,95.60000000000002,0,0.0,44,0.44,100,0.008043540178332477,19537
no_dueling,sweeping,8,196,0.04854368932038835,95.60000000000002,0,0.0,44,0.44,100,0.007136029782705009,19637
no_dueling,sweeping,8,197,0.04830917874396135,96.00000000000006,0,0.0,40,0.4,100,0.009617840603459627,19737
no_dueling,sweeping,8,198,0.04807692307692307,93.90000000000005,1,0.01,42,0.42,100,0.008322504751849919,19837
no_dueling,sweeping,8,199,0.04784688995215311,94.70000000000006,0,0.0,53,0.53,100,0.00918293893802911,19937
no_dueling,sweeping,9,0,1.0,64.19999999999992,14,0.14,91,0.91,100,0.17477703144824183,37
no_dueling,sweeping,9,1,0.9090909090909091,80.50000000000001,6,0.06,81,0.81,100,0.0578583818487823,137
no_dueling,sweeping,9,2,0.8333333333333334,69.79999999999997,11,0.11,92,0.92,100,0.0750407949462533,237
no_dueling,sweeping,9,3,0.7692307692307692,69.59999999999995,11,0.11,93,0.93,100,0.024452256308868527,337
no_dueling,sweeping,9,4,0.7142857142857143,74.7,9,0.09,77,0.77,100,0.013118572998791933,437
no_dueling,sweeping,9,5,0.6666666666666666,76.2,8,0.08,86,0.86,100,0.007867615341674537,537
no_dueling,sweeping,9,6,0.625,86.00000000000004,3,0.03,83,0.83,100,0.005010436638258398,637
no_dueling,sweeping,9,7,0.5882352941176471,77.80000000000001,7,0.07,88,0.88,100,0.004999184189364314,737
no_dueling,sweeping,9,8,0.5555555555555556,70.99999999999997,11,0.11,80,0.8,100,0.003604783285409212,837
no_dueling,sweeping,9,9,0.5263157894736842,72.69999999999996,10,0.1,80,0.8,100,0.003625622143736109,937
no_dueling,sweeping,9,10,0.5,83.90000000000008,4,0.04,85,0.85,100,0.0037162290920969097,1037
no_dueling,sweeping,9,11,0.47619047619047616,86.60000000000007,3,0.03,77,0.77,100,0.0048714219010435045,1137
no_dueling,sweeping,9,12,0.45454545454545453,83.30000000000003,5,0.05,72,0.72,100,0.005687480217311532,1237
no_dueling,sweeping,9,13,0.4347826086956522,76.90000000000002,8,0.08,77,0.77,100,0.007261274873744696,1337
no_dueling,sweeping,9,14,0.4166666666666667,82.10000000000004,5,0.05,84,0.84,100,0.005943370752502233,1437
no_dueling,sweeping,9,15,0.4,78.90000000000002,7,0.07,78,0.78,100,0.006011559502221644,1537
no_dueling,sweeping,9,16,0.3846153846153846,84.80000000000008,4,0.04,76,0.76,100,0.00766686269082129,1637
no_dueling,sweeping,9,17,0.37037037037037035,85.10000000000004,4,0.04,72,0.72,100,0.008450448205694556,1737
no_dueling,sweeping,9,18,0.35714285714285715,85.20000000000002,4,0.04,72,0.72,100,0.006334760354366154,1837
no_dueling,sweeping,9,19,0.3448275862068966,83.10000000000005,5,0.05,74,0.74,100,0.007904656808823346,1937
no_dueling,sweeping,9,20,0.3333333333333333,79.30000000000003,7,0.07,74,0.74,100,0.007266168531496078,2037
no_dueling,sweeping,9,21,0.3225806451612903,86.80000000000005,3,0.03,75,0.75,100,0.006290292087942362,2137
no_dueling,sweeping,9,22,0.3125,84.80000000000003,4,0.04,76,0.76,100,0.010323573206551372,2237
no_dueling,sweeping,9,23,0.30303030303030304,83.30000000000001,5,0.05,72,0.72,100,0.007930765065830202,2337
no_dueling,sweeping,9,24,0.29411764705882354,90.20000000000009,1,0.01,79,0.79,100,0.009961355458945036,2437
no_dueling,sweeping,9,25,0.2857142857142857,90.60000000000008,1,0.01,75,0.75,100,0.00836151571245864,2537
no_dueling,sweeping,9,26,0.2777777777777778,84.70000000000006,4,0.04,77,0.77,100,0.008685477441176773,2637
no_dueling,sweeping,9,27,0.27027027027027023,91.30000000000007,1,0.01,68,0.68,100,0.00996823432855308,2737
no_dueling,sweeping,9,28,0.2631578947368421,83.00000000000003,5,0.05,74,0.74,100,0.008552710579242557,2837
no_dueling,sweeping,9,29,0.25641025641025644,87.70000000000003,3,0.03,66,0.66,100,0.00738058164017275,2937
no_dueling,sweeping,9,30,0.25,87.40000000000002,3,0.03,69,0.69,100,0.008305686481762678,3037
no_dueling,sweeping,9,31,0.24390243902439027,92.10000000000005,1,0.01,60,0.6,100,0.008391461856663228,3137
no_dueling,sweeping,9,32,0.23809523809523808,84.30000000000004,5,0.05,62,0.62,100,0.007696663944516331,3237
no_dueling,sweeping,9,33,0.23255813953488372,86.20000000000005,4,0.04,62,0.62,100,0.008274894698988646,3337
no_dueling,sweeping,9,34,0.22727272727272727,92.60000000000004,1,0.01,54,0.54,100,0.009010387687012553,3437
no_dueling,sweeping,9,35,0.2222222222222222,81.60000000000005,6,0.06,69,0.69,100,0.008546041529625655,3537
no_dueling,sweeping,9,36,0.2173913043478261,90.10000000000007,2,0.02,60,0.6,100,0.009417235502041876,3637
no_dueling,sweeping,9,37,0.2127659574468085,89.70000000000007,2,0.02,64,0.64,100,0.01032546763541177,3737
no_dueling,sweeping,9,38,0.20833333333333334,83.80000000000004,5,0.05,67,0.67,100,0.008248117938637733,3837
no_dueling,sweeping,9,39,0.2040816326530612,87.80000000000005,3,0.03,65,0.65,100,0.007902326472103595,3937
no_dueling,sweeping,9,40,0.2,89.70000000000005,2,0.02,65,0.65,100,0.009257867531850934,4037
no_dueling,sweeping,9,41,0.19607843137254904,93.70000000000006,0,0.0,63,0.63,100,0.009478304130025208,4137
no_dueling,sweeping,9,42,0.1923076923076923,88.00000000000007,3,0.03,63,0.63,100,0.007784318886697292,4237
no_dueling,sweeping,9,43,0.18867924528301888,89.80000000000005,2,0.02,64,0.64,100,0.00965101271867752,4337
no_dueling,sweeping,9,44,0.18518518518518517,88.30000000000005,3,0.03,60,0.6,100,0.009730861557181924,4437
no_dueling,sweeping,9,45,0.18181818181818182,87.10000000000004,3,0.03,71,0.71,100,0.009265508325770498,4537
no_dueling,sweeping,9,46,0.17857142857142858,85.70000000000005,4,0.04,67,0.67,100,0.008723891633562743,4637
no_dueling,sweeping,9,47,0.17543859649122806,92.60000000000002,1,0.01,55,0.55,100,0.009887460395693779,4737
no_dueling,sweeping,9,48,0.1724137931034483,87.60000000000005,3,0.03,66,0.66,100,0.008278622191864997,4837
no_dueling,sweeping,9,49,0.1694915254237288,89.80000000000004,2,0.02,64,0.64,100,0.008319637712556869,4937
no_dueling,sweeping,9,50,0.16666666666666666,92.10000000000005,1,0.01,60,0.6,100,0.007733880542218685,5037
no_dueling,sweeping,9,51,0.1639344262295082,90.90000000000006,2,0.02,53,0.53,100,0.008230545460246503,5137
no_dueling,sweeping,9,52,0.16129032258064516,89.90000000000009,2,0.02,63,0.63,100,0.009053109891247003,5237
no_dueling,sweeping,9,53,0.15873015873015872,88.50000000000004,3,0.03,58,0.58,100,0.010082739994395525,5337
no_dueling,sweeping,9,54,0.15625,90.40000000000006,2,0.02,58,0.58,100,0.010539967878721655,5437
no_dueling,sweeping,9,55,0.15384615384615385,92.20000000000009,1,0.01,59,0.59,100,0.009062685305252671,5537
no_dueling,sweeping,9,56,0.15151515151515152,88.30000000000004,3,0.03,59,0.59,100,0.009724744237028063,5637
no_dueling,sweeping,9,57,0.14925373134328357,89.90000000000005,2,0.02,63,0.63,100,0.008878927952609956,5737
no_dueling,sweeping,9,58,0.14705882352941177,93.30000000000007,0,0.0,67,0.67,100,0.010558206224814057,5837
no_dueling,sweeping,9,59,0.14492753623188406,87.70000000000006,3,0.03,66,0.66,100,0.009224748213309795,5937
no_dueling,sweeping,9,60,0.14285714285714285,88.10000000000005,3,0.03,61,0.61,100,0.009865403939038515,6037
no_dueling,sweeping,9,61,0.14084507042253522,92.80000000000004,1,0.01,53,0.53,100,0.009962209961377083,6137
no_dueling,sweeping,9,62,0.1388888888888889,90.20000000000005,2,0.02,60,0.6,100,0.011959798349998892,6237
no_dueling,sweeping,9,63,0.136986301369863,94.40000000000005,0,0.0,56,0.56,100,0.009667723812162876,6337
no_dueling,sweeping,9,64,0.13513513513513511,89.10000000000007,3,0.03,52,0.52,100,0.009277076635044068,6437
no_dueling,sweeping,9,65,0.13333333333333333,85.60000000000005,4,0.04,68,0.68,100,0.010753502633888275,6537
no_dueling,sweeping,9,66,0.13157894736842105,92.90000000000006,1,0.01,52,0.52,100,0.010671416148543358,6637
no_dueling,sweeping,9,67,0.12987012987012986,90.30000000000005,2,0.02,59,0.59,100,0.009921804782934487,6737
no_dueling,sweeping,9,68,0.12820512820512822,93.30000000000004,1,0.01,48,0.48,100,0.00962528564268723,6837
no_dueling,sweeping,9,69,0.12658227848101264,88.70000000000002,3,0.03,56,0.56,100,0.010504066753201187,6937
no_dueling,sweeping,9,70,0.125,92.40000000000006,1,0.01,56,0.56,100,0.007659928046632558,7037
no_dueling,sweeping,9,71,0.1234567901234568,92.20000000000005,1,0.01,59,0.59,100,0.00939829353010282,7137
no_dueling,sweeping,9,72,0.12195121951219513,93.30000000000008,1,0.01,48,0.48,100,0.011989725260064006,7237
no_dueling,sweeping,9,73,0.12048192771084336,93.70000000000005,0,0.0,63,0.63,100,0.013149512400850653,7337
no_dueling,sweeping,9,74,0.11904761904761904,86.70000000000003,4,0.04,57,0.57,100,0.00957812014967203,7437
no_dueling,sweeping,9,75,0.11764705882352941,92.90000000000006,1,0.01,52,0.52,100,0.009723205817863345,7537
no_dueling,sweeping,9,76,0.11627906976744186,94.00000000000006,0,0.0,60,0.6,100,0.009887753752991557,7637
no_dueling,sweeping,9,77,0.1149425287356322,93.50000000000007,1,0.01,46,0.46,100,0.008422018140554427,7737
no_dueling,sweeping,9,78,0.11363636363636363,92.50000000000007,1,0.01,56,0.56,100,0.009772576387040316,7837
no_dueling,sweeping,9,79,0.11235955056179775,94.80000000000004,0,0.0,52,0.52,100,0.009391643188428134,7937
no_dueling,sweeping,9,80,0.1111111111111111,85.80000000000004,4,0.04,66,0.66,100,0.009274404859170318,8037
no_dueling,sweeping,9,81,0.10989010989010989,91.10000000000004,2,0.02,51,0.51,100,0.010944976697210222,8137
no_dueling,sweeping,9,82,0.10869565217391305,92.20000000000007,1,0.01,59,0.59,100,0.008920134413056075,8237
no_dueling,sweeping,9,83,0.1075268817204301,94.50000000000004,0,0.0,55,0.55,100,0.009909249925985932,8337
no_dueling,sweeping,9,84,0.10638297872340426,92.30000000000008,1,0.01,57,0.57,100,0.009000431788153946,8437
no_dueling,sweeping,9,85,0.10526315789473684,95.10000000000005,0,0.0,49,0.49,100,0.008924131221137941,8537
no_dueling,sweeping,9,86,0.10416666666666667,93.70000000000006,0,0.0,63,0.63,100,0.010638722002040595,8637
no_dueling,sweeping,9,87,0.10309278350515465,93.50000000000007,1,0.01,46,0.46,100,0.0069633792410604654,8737
no_dueling,sweeping,9,88,0.1020408163265306,93.10000000000005,1,0.01,50,0.5,100,0.01118423780426383,8837
no_dueling,sweeping,9,89,0.10101010101010101,92.40000000000006,1,0.01,57,0.57,100,0.009757718294858933,8937
no_dueling,sweeping,9,90,0.1,93.10000000000007,1,0.01,49,0.49,100,0.009283663053065539,9037
no_dueling,sweeping,9,91,0.09900990099009901,87.00000000000003,4,0.04,54,0.54,100,0.007469840301200748,9137
no_dueling,sweeping,9,92,0.09803921568627452,90.70000000000007,2,0.02,55,0.55,100,0.009979846752248705,9237
no_dueling,sweeping,9,93,0.0970873786407767,90.90000000000006,2,0.02,52,0.52,100,0.009661928934510797,9337
no_dueling,sweeping,9,94,0.09615384615384615,92.50000000000006,1,0.01,56,0.56,100,0.009074817707296462,9437
no_dueling,sweeping,9,95,0.09523809523809523,89.70000000000005,2,0.02,65,0.65,100,0.011160435266792773,9537
no_dueling,sweeping,9,96,0.09433962264150944,94.90000000000006,0,0.0,51,0.51,100,0.008557255661580712,9637
no_dueling,sweeping,9,97,0.09345794392523366,89.70000000000002,3,0.03,46,0.46,100,0.01003413757076487,9737
no_dueling,sweeping,9,98,0.09259259259259259,91.10000000000007,2,0.02,50,0.5,100,0.008956173500046134,9837
no_dueling,sweeping,9,99,0.09174311926605504,94.80000000000004,0,0.0,52,0.52,100,0.00906881389208138,9937
no_dueling,sweeping,9,100,0.09090909090909091,94.90000000000006,0,0.0,51,0.51,100,0.00905558051308617,10037
no_dueling,sweeping,9,101,0.0900900900900901,93.90000000000003,1,0.01,42,0.42,100,0.009039549850858747,10137
no_dueling,sweeping,9,102,0.08928571428571429,93.80000000000004,1,0.01,43,0.43,100,0.0074113201466389,10237
no_dueling,sweeping,9,103,0.08849557522123894,94.70000000000009,0,0.0,53,0.53,100,0.008972506159916521,10337
no_dueling,sweeping,9,104,0.08771929824561403,90.10000000000002,2,0.02,61,0.61,100,0.012874981383793055,10437
no_dueling,sweeping,9,105,0.08695652173913043,92.90000000000006,1,0.01,52,0.52,100,0.009330571284517647,10537
no_dueling,sweeping,9,106,0.08620689655172414,91.00000000000006,2,0.02,52,0.52,100,0.008635980281978846,10637
no_dueling,sweeping,9,107,0.08547008547008547,95.20000000000005,0,0.0,48,0.48,100,0.007782025176566094,10737
no_dueling,sweeping,9,108,0.0847457627118644,91.90000000000005,1,0.01,62,0.62,100,0.012139920159243048,10837
no_dueling,sweeping,9,109,0.08403361344537814,93.00000000000006,1,0.01,51,0.51,100,0.009283081348985433,10937
no_dueling,sweeping,9,110,0.08333333333333333,95.40000000000003,0,0.0,46,0.46,100,0.012773028931114823,11037
no_dueling,sweeping,9,111,0.08264462809917356,90.00000000000006,2,0.02,62,0.62,100,0.011156207639724016,11137
no_dueling,sweeping,9,112,0.0819672131147541,92.50000000000006,1,0.01,55,0.55,100,0.008197491262108088,11237
no_dueling,sweeping,9,113,0.08130081300813008,92.20000000000009,1,0.01,59,0.59,100,0.008789404791314155,11337
no_dueling,sweeping,9,114,0.08064516129032258,90.50000000000007,2,0.02,57,0.57,100,0.010086939772590994,11437
no_dueling,sweeping,9,115,0.08,90.80000000000005,2,0.02,54,0.54,100,0.008934601016808302,11537
no_dueling,sweeping,9,116,0.07936507936507936,92.70000000000006,1,0.01,54,0.54,100,0.010978279898408801,11637
no_dueling,sweeping,9,117,0.07874015748031496,95.00000000000006,0,0.0,50,0.5,100,0.010858584484085441,11737
no_dueling,sweeping,9,118,0.078125,94.70000000000005,0,0.0,53,0.53,100,0.010301200111862273,11837
no_dueling,sweeping,9,119,0.07751937984496124,94.00000000000004,1,0.01,41,0.41,100,0.010757673936896027,11937
no_dueling,sweeping,9,120,0.07692307692307693,94.80000000000004,0,0.0,52,0.52,100,0.01164235086645931,12037
no_dueling,sweeping,9,121,0.07633587786259542,94.70000000000009,0,0.0,53,0.53,100,0.010364351887255907,12137
no_dueling,sweeping,9,122,0.07575757575757576,95.10000000000005,0,0.0,49,0.49,100,0.007769184454809874,12237
no_dueling,sweeping,9,123,0.07518796992481203,91.40000000000003,2,0.02,48,0.48,100,0.008518218734534457,12337
no_dueling,sweeping,9,124,0.07462686567164178,96.00000000000003,0,0.0,40,0.4,100,0.011007368566934019,12437
no_dueling,sweeping,9,125,0.07407407407407407,94.20000000000005,0,0.0,58,0.58,100,0.013850265825167298,12537
no_dueling,sweeping,9,126,0.07352941176470588,95.20000000000006,0,0.0,48,0.48,100,0.010746197365224362,12637
no_dueling,sweeping,9,127,0.07299270072992702,93.00000000000007,1,0.01,51,0.51,100,0.008636633371934295,12737
no_dueling,sweeping,9,128,0.07246376811594203,95.60000000000005,0,0.0,44,0.44,100,0.010946464342996478,12837
no_dueling,sweeping,9,129,0.07194244604316546,93.30000000000004,1,0.01,48,0.48,100,0.012931829739827663,12937
no_dueling,sweeping,9,130,0.07142857142857142,93.90000000000005,1,0.01,42,0.42,100,0.009457739666104317,13037
no_dueling,sweeping,9,131,0.07092198581560284,95.00000000000004,0,0.0,50,0.5,100,0.009447035270277411,13137
no_dueling,sweeping,9,132,0.07042253521126761,92.30000000000008,1,0.01,58,0.58,100,0.013886452508158982,13237
no_dueling,sweeping,9,133,0.06993006993006992,93.80000000000008,0,0.0,62,0.62,100,0.009843565542250871,13337
no_dueling,sweeping,9,134,0.06944444444444445,94.70000000000006,0,0.0,53,0.53,100,0.010089334722142667,13437
no_dueling,sweeping,9,135,0.06896551724137931,95.90000000000002,0,0.0,41,0.41,100,0.010568322334438562,13537
no_dueling,sweeping,9,136,0.0684931506849315,95.50000000000007,0,0.0,45,0.45,100,0.008265967997722327,13637
no_dueling,sweeping,9,137,0.06802721088435375,95.10000000000007,0,0.0,49,0.49,100,0.00767635612282902,13737
no_dueling,sweeping,9,138,0.06756756756756756,93.40000000000006,1,0.01,47,0.47,100,0.011159749783109874,13837
no_dueling,sweeping,9,139,0.06711409395973154,91.40000000000006,2,0.02,48,0.48,100,0.010347156983334571,13937
no_dueling,sweeping,9,140,0.06666666666666667,94.20000000000005,1,0.01,39,0.39,100,0.007391092465259135,14037
no_dueling,sweeping,9,141,0.06622516556291391,95.3000000000001,0,0.0,47,0.47,100,0.010328140906058252,14137
no_dueling,sweeping,9,142,0.06578947368421052,92.60000000000008,1,0.01,55,0.55,100,0.012089333818294109,14237
no_dueling,sweeping,9,143,0.06535947712418301,95.30000000000005,0,0.0,47,0.47,100,0.010842783111147582,14337
no_dueling,sweeping,9,144,0.06493506493506493,96.20000000000005,0,0.0,38,0.38,100,0.008688347828574479,14437
no_dueling,sweeping,9,145,0.06451612903225806,89.00000000000004,3,0.03,52,0.52,100,0.011988053289242089,14537
no_dueling,sweeping,9,146,0.06410256410256411,94.60000000000008,0,0.0,54,0.54,100,0.007196839950047433,14637
no_dueling,sweeping,9,147,0.06369426751592357,93.10000000000005,1,0.01,50,0.5,100,0.0073843715223483744,14737
no_dueling,sweeping,9,148,0.06329113924050632,93.80000000000004,1,0.01,43,0.43,100,0.010177161055617034,14837
no_dueling,sweeping,9,149,0.06289308176100629,93.40000000000003,1,0.01,47,0.47,100,0.010153181368950754,14937
no_dueling,sweeping,9,150,0.0625,94.70000000000005,0,0.0,53,0.53,100,0.011637567922007293,15037
no_dueling,sweeping,9,151,0.06211180124223602,93.00000000000003,1,0.01,51,0.51,100,0.008266489896923303,15137
no_dueling,sweeping,9,152,0.0617283950617284,91.60000000000004,2,0.02,46,0.46,100,0.008212704681791366,15237
no_dueling,sweeping,9,153,0.06134969325153374,95.70000000000005,0,0.0,43,0.43,100,0.010216206477489323,15337
no_dueling,sweeping,9,154,0.06097560975609757,95.90000000000005,0,0.0,41,0.41,100,0.008027517809532583,15437
no_dueling,sweeping,9,155,0.06060606060606061,95.10000000000005,0,0.0,49,0.49,100,0.009399175557773561,15537
no_dueling,sweeping,9,156,0.06024096385542168,93.60000000000005,1,0.01,45,0.45,100,0.00945182680618018,15637
no_dueling,sweeping,9,157,0.059880239520958084,94.40000000000005,0,0.0,56,0.56,100,0.009344166861847043,15737
no_dueling,sweeping,9,158,0.05952380952380952,92.90000000000003,1,0.01,52,0.52,100,0.0077692158822901545,15837
no_dueling,sweeping,9,159,0.0591715976331361,88.90000000000005,3,0.03,54,0.54,100,0.00846090355888009,15937
no_dueling,sweeping,9,160,0.058823529411764705,92.90000000000006,1,0.01,52,0.52,100,0.008422012771479786,16037
no_dueling,sweeping,9,161,0.05847953216374269,94.90000000000006,0,0.0,51,0.51,100,0.0076196574163623155,16137
no_dueling,sweeping,9,162,0.05813953488372093,91.60000000000005,2,0.02,45,0.45,100,0.007359238325152546,16237
no_dueling,sweeping,9,163,0.057803468208092484,95.80000000000004,0,0.0,42,0.42,100,0.006772540858946741,16337
no_dueling,sweeping,9,164,0.0574712643678161,95.40000000000003,0,0.0,46,0.46,100,0.008528060091193765,16437
no_dueling,sweeping,9,165,0.05714285714285714,95.70000000000007,0,0.0,43,0.43,100,0.008826070944778622,16537
no_dueling,sweeping,9,166,0.056818181818181816,93.70000000000005,1,0.01,44,0.44,100,0.008946206928230822,16637
no_dueling,sweeping,9,167,0.05649717514124294,96.00000000000007,0,0.0,40,0.4,100,0.007715151177253574,16737
no_dueling,sweeping,9,168,0.056179775280898875,95.00000000000006,0,0.0,50,0.5,100,0.007413071021437645,16837
no_dueling,sweeping,9,169,0.0558659217877095,90.60000000000005,2,0.02,55,0.55,100,0.009499508184380829,16937
no_dueling,sweeping,9,170,0.05555555555555555,94.30000000000007,1,0.01,38,0.38,100,0.009126457751262933,17037
no_dueling,sweeping,9,171,0.055248618784530384,92.70000000000005,1,0.01,54,0.54,100,0.007402856631670147,17137
no_dueling,sweeping,9,172,0.054945054945054944,94.30000000000008,0,0.0,57,0.57,100,0.009804634775500745,17237
no_dueling,sweeping,9,173,0.0546448087431694,93.80000000000004,1,0.01,43,0.43,100,0.008632239336147905,17337
no_dueling,sweeping,9,174,0.05434782608695653,93.10000000000005,1,0.01,50,0.5,100,0.00898290127515793,17437
no_dueling,sweeping,9,175,0.05405405405405406,94.30000000000004,0,0.0,57,0.57,100,0.009537368675228208,17537
no_dueling,sweeping,9,176,0.05376344086021505,90.30000000000004,3,0.03,39,0.39,100,0.0069787711114622656,17637
no_dueling,sweeping,9,177,0.053475935828877004,93.20000000000005,1,0.01,49,0.49,100,0.00852044551866129,17737
no_dueling,sweeping,9,178,0.05319148936170213,95.50000000000009,0,0.0,45,0.45,100,0.006894924263469875,17837
no_dueling,sweeping,9,179,0.052910052910052914,93.70000000000003,1,0.01,44,0.44,100,0.009884638267103583,17937
no_dueling,sweeping,9,180,0.05263157894736842,95.40000000000003,0,0.0,46,0.46,100,0.009669215865433217,18037
no_dueling,sweeping,9,181,0.05235602094240837,95.70000000000006,0,0.0,43,0.43,100,0.007270249119028449,18137
no_dueling,sweeping,9,182,0.052083333333333336,96.60000000000004,0,0.0,34,0.34,100,0.0064310224237851795,18237
no_dueling,sweeping,9,183,0.05181347150259067,96.60000000000002,0,0.0,34,0.34,100,0.00861729697789997,18337
no_dueling,sweeping,9,184,0.051546391752577324,90.70000000000006,2,0.02,55,0.55,100,0.008448971721809357,18437
no_dueling,sweeping,9,185,0.05128205128205128,94.90000000000006,0,0.0,51,0.51,100,0.00806974214501679,18537
no_dueling,sweeping,9,186,0.0510204081632653,95.60000000000004,0,0.0,44,0.44,100,0.007596659215632826,18637
no_dueling,sweeping,9,187,0.050761421319796954,95.10000000000007,0,0.0,49,0.49,100,0.008062957322690635,18737
no_dueling,sweeping,9,188,0.050505050505050504,96.30000000000004,0,0.0,37,0.37,100,0.008690780673641712,18837
no_dueling,sweeping,9,189,0.05025125628140704,95.60000000000008,0,0.0,44,0.44,100,0.006874098321422935,18937
no_dueling,sweeping,9,190,0.05,93.90000000000005,1,0.01,42,0.42,100,0.009805407342500985,19037
no_dueling,sweeping,9,191,0.04975124378109452,94.7000000000001,0,0.0,53,0.53,100,0.00794699757359922,19137
no_dueling,sweeping,9,192,0.04950495049504951,94.80000000000005,0,0.0,52,0.52,100,0.010573191761504858,19237
no_dueling,sweeping,9,193,0.04926108374384236,95.60000000000005,0,0.0,44,0.44,100,0.006940382334869355,19337
no_dueling,sweeping,9,194,0.04901960784313726,95.40000000000003,0,0.0,46,0.46,100,0.011075533633120358,19437
no_dueling,sweeping,9,195,0.04878048780487805,92.50000000000003,2,0.02,37,0.37,100,0.006906786995241419,19537
no_dueling,sweeping,9,196,0.04854368932038835,94.20000000000007,0,0.0,58,0.58,100,0.009898775804322213,19637
no_dueling,sweeping,9,197,0.04830917874396135,92.00000000000003,2,0.02,42,0.42,100,0.008813196690753103,19737
no_dueling,sweeping,9,198,0.04807692307692307,93.10000000000005,1,0.01,50,0.5,100,0.007902356942649931,19837
no_dueling,sweeping,9,199,0.04784688995215311,95.00000000000006,0,0.0,50,0.5,100,0.007648387339431792,19937
no_dueling,sweeping,10,0,1.0,75.8,8,0.08,90,0.9,100,0.16622673921488426,37
no_dueling,sweeping,10,1,0.9090909090909091,80.70000000000005,6,0.06,78,0.78,100,0.054494765028357504,137
no_dueling,sweeping,10,2,0.8333333333333334,58.999999999999936,17,0.17,85,0.85,100,0.03606213804334402,237
no_dueling,sweeping,10,3,0.7692307692307692,72.39999999999999,10,0.1,86,0.86,100,0.023775905584916473,337
no_dueling,sweeping,10,4,0.7142857142857143,72.39999999999998,10,0.1,84,0.84,100,0.009475933951325715,437
no_dueling,sweeping,10,5,0.6666666666666666,74.0,9,0.09,88,0.88,100,0.010643609249964357,537
no_dueling,sweeping,10,6,0.625,82.30000000000001,5,0.05,80,0.8,100,0.007076772579457611,637
no_dueling,sweeping,10,7,0.5882352941176471,80.10000000000001,6,0.06,83,0.83,100,0.004281899280613288,737
no_dueling,sweeping,10,8,0.5555555555555556,69.19999999999996,12,0.12,80,0.8,100,0.00516777835553512,837
no_dueling,sweeping,10,9,0.5263157894736842,80.70000000000003,6,0.06,78,0.78,100,0.0036244955100119113,937
no_dueling,sweeping,10,10,0.5,74.89999999999999,9,0.09,80,0.8,100,0.00373235200997442,1037
no_dueling,sweeping,10,11,0.47619047619047616,83.70000000000006,4,0.04,87,0.87,100,0.004040467324666679,1137
no_dueling,sweeping,10,12,0.45454545454545453,78.5,7,0.07,81,0.81,100,0.009746760607231408,1237
no_dueling,sweeping,10,13,0.4347826086956522,78.3,7,0.07,84,0.84,100,0.006521942022955045,1337
no_dueling,sweeping,10,14,0.4166666666666667,82.40000000000005,5,0.05,79,0.79,100,0.006455335877835751,1437
no_dueling,sweeping,10,15,0.4,87.30000000000005,3,0.03,70,0.7,100,0.006700540785677731,1537
no_dueling,sweeping,10,16,0.3846153846153846,82.80000000000005,5,0.05,77,0.77,100,0.00798547615064308,1637
no_dueling,sweeping,10,17,0.37037037037037035,79.39999999999999,7,0.07,72,0.72,100,0.004732053326442838,1737
no_dueling,sweeping,10,18,0.35714285714285715,88.60000000000002,2,0.02,76,0.76,100,0.006854364825412631,1837
no_dueling,sweeping,10,19,0.3448275862068966,88.20000000000007,2,0.02,80,0.8,100,0.006919423604849726,1937
no_dueling,sweeping,10,20,0.3333333333333333,89.60000000000005,2,0.02,65,0.65,100,0.0055988347064703705,2037
no_dueling,sweeping,10,21,0.3225806451612903,86.60000000000004,3,0.03,77,0.77,100,0.006099910419434309,2137
no_dueling,sweeping,10,22,0.3125,86.60000000000002,3,0.03,77,0.77,100,0.007134263091720641,2237
no_dueling,sweeping,10,23,0.30303030303030304,80.90000000000003,6,0.06,76,0.76,100,0.006201274013146758,2337
no_dueling,sweeping,10,24,0.29411764705882354,80.70000000000005,6,0.06,78,0.78,100,0.010379633121192455,2437
no_dueling,sweeping,10,25,0.2857142857142857,86.90000000000003,3,0.03,72,0.72,100,0.009067768787499517,2537
no_dueling,sweeping,10,26,0.2777777777777778,79.00000000000001,7,0.07,76,0.76,100,0.009140212354250252,2637
no_dueling,sweeping,10,27,0.27027027027027023,91.00000000000007,1,0.01,71,0.71,100,0.010716909912880511,2737
no_dueling,sweeping,10,28,0.2631578947368421,79.90000000000003,7,0.07,67,0.67,100,0.0104604163300246,2837
no_dueling,sweeping,10,29,0.25641025641025644,86.30000000000005,3,0.03,80,0.8,100,0.00867302292957902,2937
no_dueling,sweeping,10,30,0.25,89.10000000000005,2,0.02,70,0.7,100,0.008161981054581702,3037
no_dueling,sweeping,10,31,0.24390243902439027,89.80000000000007,2,0.02,64,0.64,100,0.007170278173871339,3137
no_dueling,sweeping,10,32,0.23809523809523808,87.30000000000004,3,0.03,70,0.7,100,0.007157372424844652,3237
no_dueling,sweeping,10,33,0.23255813953488372,85.10000000000007,4,0.04,72,0.72,100,0.007715061937924475,3337
no_dueling,sweeping,10,34,0.22727272727272727,86.80000000000007,3,0.03,75,0.75,100,0.009637630991637707,3437
no_dueling,sweeping,10,35,0.2222222222222222,88.80000000000008,2,0.02,74,0.74,100,0.007945389633532614,3537
no_dueling,sweeping,10,36,0.2173913043478261,87.80000000000004,3,0.03,63,0.63,100,0.010042955791577697,3637
no_dueling,sweeping,10,37,0.2127659574468085,89.50000000000006,2,0.02,67,0.67,100,0.007184441550634801,3737
no_dueling,sweeping,10,38,0.20833333333333334,90.00000000000007,2,0.02,62,0.62,100,0.009034974977839737,3837
no_dueling,sweeping,10,39,0.2040816326530612,82.40000000000003,6,0.06,60,0.6,100,0.007621422526426613,3937
no_dueling,sweeping,10,40,0.2,81.20000000000002,6,0.06,73,0.73,100,0.009090343280695379,4037
no_dueling,sweeping,10,41,0.19607843137254904,86.80000000000005,3,0.03,75,0.75,100,0.00902729223947972,4137
no_dueling,sweeping,10,42,0.1923076923076923,85.50000000000003,4,0.04,65,0.65,100,0.00897761361906305,4237
no_dueling,sweeping,10,43,0.18867924528301888,86.90000000000009,3,0.03,73,0.73,100,0.0076375043950974945,4337
no_dueling,sweeping,10,44,0.18518518518518517,89.20000000000006,2,0.02,70,0.7,100,0.0075048477551899855,4437
no_dueling,sweeping,10,45,0.18181818181818182,84.10000000000007,5,0.05,62,0.62,100,0.00810273055685684,4537
no_dueling,sweeping,10,46,0.17857142857142858,87.50000000000006,3,0.03,68,0.68,100,0.009523193878121674,4637
no_dueling,sweeping,10,47,0.17543859649122806,88.60000000000005,2,0.02,76,0.76,100,0.007995587296318264,4737
no_dueling,sweeping,10,48,0.1724137931034483,83.20000000000002,5,0.05,72,0.72,100,0.00674844243330881,4837
no_dueling,sweeping,10,49,0.1694915254237288,89.50000000000006,2,0.02,67,0.67,100,0.005698208755347878,4937
no_dueling,sweeping,10,50,0.16666666666666666,91.70000000000007,1,0.01,64,0.64,100,0.0070572970691137014,5037
no_dueling,sweeping,10,51,0.1639344262295082,94.10000000000005,0,0.0,59,0.59,100,0.008259998529683798,5137
no_dueling,sweeping,10,52,0.16129032258064516,89.80000000000005,2,0.02,64,0.64,100,0.0073746511060744525,5237
no_dueling,sweeping,10,53,0.15873015873015872,88.40000000000008,3,0.03,59,0.59,100,0.00684678471647203,5337
no_dueling,sweeping,10,54,0.15625,91.50000000000006,1,0.01,66,0.66,100,0.0068247693940065805,5437
no_dueling,sweeping,10,55,0.15384615384615385,91.70000000000006,1,0.01,64,0.64,100,0.009567887806333601,5537
no_dueling,sweeping,10,56,0.15151515151515152,91.90000000000005,1,0.01,62,0.62,100,0.008434387594461442,5637
no_dueling,sweeping,10,57,0.14925373134328357,89.90000000000005,2,0.02,63,0.63,100,0.007225514687597752,5737
no_dueling,sweeping,10,58,0.14705882352941177,88.90000000000006,2,0.02,73,0.73,100,0.00804693536600098,5837
no_dueling,sweeping,10,59,0.14492753623188406,89.90000000000006,2,0.02,63,0.63,100,0.008047219053842126,5937
no_dueling,sweeping,10,60,0.14285714285714285,92.50000000000009,1,0.01,56,0.56,100,0.007977942603174597,6037
no_dueling,sweeping,10,61,0.14084507042253522,89.40000000000006,2,0.02,68,0.68,100,0.007056217410136015,6137
no_dueling,sweeping,10,62,0.1388888888888889,93.50000000000009,0,0.0,65,0.65,100,0.008389954902231694,6237
no_dueling,sweeping,10,63,0.136986301369863,92.50000000000006,1,0.01,56,0.56,100,0.008526582373306155,6337
no_dueling,sweeping,10,64,0.13513513513513511,92.70000000000007,1,0.01,54,0.54,100,0.008964673466980457,6437
no_dueling,sweeping,10,65,0.13333333333333333,92.10000000000008,1,0.01,60,0.6,100,0.008460219688713551,6537
no_dueling,sweeping,10,66,0.13157894736842105,87.20000000000005,3,0.03,69,0.69,100,0.00804665609728545,6637
no_dueling,sweeping,10,67,0.12987012987012986,86.00000000000004,4,0.04,64,0.64,100,0.007259818869642914,6737
no_dueling,sweeping,10,68,0.12820512820512822,94.70000000000009,0,0.0,53,0.53,100,0.007598892864771187,6837
no_dueling,sweeping,10,69,0.12658227848101264,93.00000000000009,0,0.0,70,0.7,100,0.009723858232609928,6937
no_dueling,sweeping,10,70,0.125,92.90000000000008,1,0.01,52,0.52,100,0.006685338204260915,7037
no_dueling,sweeping,10,71,0.1234567901234568,88.70000000000005,3,0.03,56,0.56,100,0.0075836488581262525,7137
no_dueling,sweeping,10,72,0.12195121951219513,85.90000000000005,4,0.04,64,0.64,100,0.008968371790833771,7237
no_dueling,sweeping,10,73,0.12048192771084336,91.10000000000005,2,0.02,51,0.51,100,0.009126101969741285,7337
no_dueling,sweeping,10,74,0.11904761904761904,90.10000000000008,2,0.02,61,0.61,100,0.009049754536245019,7437
no_dueling,sweeping,10,75,0.11764705882352941,94.70000000000007,0,0.0,53,0.53,100,0.008801098410040141,7537
no_dueling,sweeping,10,76,0.11627906976744186,91.80000000000007,1,0.01,63,0.63,100,0.009080592573154718,7637
no_dueling,sweeping,10,77,0.1149425287356322,92.70000000000005,1,0.01,54,0.54,100,0.007989856114145369,7737
no_dueling,sweeping,10,78,0.11363636363636363,94.90000000000006,0,0.0,51,0.51,100,0.007508664461784065,7837
no_dueling,sweeping,10,79,0.11235955056179775,88.80000000000005,3,0.03,55,0.55,100,0.009800265494268387,7937
no_dueling,sweeping,10,80,0.1111111111111111,93.90000000000008,0,0.0,61,0.61,100,0.010174654691945761,8037
no_dueling,sweeping,10,81,0.10989010989010989,88.60000000000002,3,0.03,57,0.57,100,0.007788447802886367,8137
no_dueling,sweeping,10,82,0.10869565217391305,92.70000000000007,1,0.01,54,0.54,100,0.011955274941865355,8237
no_dueling,sweeping,10,83,0.1075268817204301,92.60000000000008,1,0.01,55,0.55,100,0.009072935970034451,8337
no_dueling,sweeping,10,84,0.10638297872340426,89.70000000000005,2,0.02,64,0.64,100,0.009215520564466714,8437
no_dueling,sweeping,10,85,0.10526315789473684,88.60000000000005,3,0.03,57,0.57,100,0.008560819858685136,8537
no_dueling,sweeping,10,86,0.10416666666666667,92.00000000000004,2,0.02,41,0.41,100,0.008379797285888344,8637
no_dueling,sweeping,10,87,0.10309278350515465,91.40000000000006,2,0.02,48,0.48,100,0.00878795251250267,8737
no_dueling,sweeping,10,88,0.1020408163265306,91.80000000000001,2,0.02,44,0.44,100,0.006511302993167192,8837
no_dueling,sweeping,10,89,0.10101010101010101,87.00000000000004,4,0.04,53,0.53,100,0.00839757903246209,8937
no_dueling,sweeping,10,90,0.1,95.00000000000006,0,0.0,50,0.5,100,0.008837808077223598,9037
no_dueling,sweeping,10,91,0.09900990099009901,96.00000000000006,0,0.0,40,0.4,100,0.00924504240276292,9137
no_dueling,sweeping,10,92,0.09803921568627452,92.70000000000007,1,0.01,54,0.54,100,0.008984260987490415,9237
no_dueling,sweeping,10,93,0.0970873786407767,95.20000000000005,0,0.0,48,0.48,100,0.008388341693207622,9337
no_dueling,sweeping,10,94,0.09615384615384615,93.80000000000007,1,0.01,43,0.43,100,0.007634660208132118,9437
no_dueling,sweeping,10,95,0.09523809523809523,95.60000000000002,0,0.0,44,0.44,100,0.008678894685581327,9537
no_dueling,sweeping,10,96,0.09433962264150944,93.30000000000005,1,0.01,48,0.48,100,0.009014755873940884,9637
no_dueling,sweeping,10,97,0.09345794392523366,91.60000000000008,1,0.01,64,0.64,100,0.01047628135420382,9737
no_dueling,sweeping,10,98,0.09259259259259259,92.60000000000002,1,0.01,55,0.55,100,0.007629784690216183,9837
no_dueling,sweeping,10,99,0.09174311926605504,91.60000000000005,2,0.02,46,0.46,100,0.009427725677378476,9937
no_dueling,sweeping,10,100,0.09090909090909091,92.60000000000005,1,0.01,55,0.55,100,0.010281224343925715,10037
no_dueling,sweeping,10,101,0.0900900900900901,93.30000000000004,1,0.01,48,0.48,100,0.009024918132927268,10137
no_dueling,sweeping,10,102,0.08928571428571429,92.60000000000005,1,0.01,55,0.55,100,0.008832236230373382,10237
no_dueling,sweeping,10,103,0.08849557522123894,91.50000000000009,1,0.01,66,0.66,100,0.008597071473486722,10337
no_dueling,sweeping,10,104,0.08771929824561403,93.20000000000007,1,0.01,49,0.49,100,0.009024005196988583,10437
no_dueling,sweeping,10,105,0.08695652173913043,95.20000000000006,0,0.0,48,0.48,100,0.010336610570084304,10537
no_dueling,sweeping,10,106,0.08620689655172414,93.00000000000007,1,0.01,51,0.51,100,0.008955387510359286,10637
no_dueling,sweeping,10,107,0.08547008547008547,95.30000000000005,0,0.0,47,0.47,100,0.008244678294286132,10737
no_dueling,sweeping,10,108,0.0847457627118644,94.90000000000006,0,0.0,51,0.51,100,0.009481596492696554,10837
no_dueling,sweeping,10,109,0.08403361344537814,94.60000000000007,0,0.0,54,0.54,100,0.008482520889956505,10937
no_dueling,sweeping,10,110,0.08333333333333333,88.60000000000004,3,0.03,57,0.57,100,0.007063200471457094,11037
no_dueling,sweeping,10,111,0.08264462809917356,92.40000000000009,1,0.01,57,0.57,100,0.00945013756165281,11137
no_dueling,sweeping,10,112,0.0819672131147541,94.80000000000007,0,0.0,52,0.52,100,0.007238698282744736,11237
no_dueling,sweeping,10,113,0.08130081300813008,92.30000000000007,1,0.01,58,0.58,100,0.009103620238602162,11337
no_dueling,sweeping,10,114,0.08064516129032258,92.30000000000007,1,0.01,58,0.58,100,0.008880212183576076,11437
no_dueling,sweeping,10,115,0.08,90.60000000000005,2,0.02,56,0.56,100,0.01055404479149729,11537
no_dueling,sweeping,10,116,0.07936507936507936,94.60000000000005,0,0.0,54,0.54,100,0.008167211594991387,11637
no_dueling,sweeping,10,117,0.07874015748031496,93.00000000000006,1,0.01,51,0.51,100,0.008838388898875565,11737
no_dueling,sweeping,10,118,0.078125,93.60000000000002,1,0.01,45,0.45,100,0.007449471070431173,11837
no_dueling,sweeping,10,119,0.07751937984496124,95.90000000000003,0,0.0,41,0.41,100,0.0079623325006105,11937
no_dueling,sweeping,10,120,0.07692307692307693,87.40000000000005,4,0.04,50,0.5,100,0.009488095981068909,12037
no_dueling,sweeping,10,121,0.07633587786259542,95.10000000000007,0,0.0,49,0.49,100,0.008694306956604123,12137
no_dueling,sweeping,10,122,0.07575757575757576,92.30000000000007,1,0.01,58,0.58,100,0.010084310823585838,12237
no_dueling,sweeping,10,123,0.07518796992481203,92.30000000000004,1,0.01,58,0.58,100,0.00974369100993499,12337
no_dueling,sweeping,10,124,0.07462686567164178,95.30000000000005,0,0.0,47,0.47,100,0.007992750441189855,12437
no_dueling,sweeping,10,125,0.07407407407407407,92.90000000000006,1,0.01,52,0.52,100,0.00943982700118795,12537
no_dueling,sweeping,10,126,0.07352941176470588,95.30000000000007,0,0.0,47,0.47,100,0.008458350950386375,12637
no_dueling,sweeping,10,127,0.07299270072992702,91.10000000000005,2,0.02,49,0.49,100,0.00846616989467293,12737
no_dueling,sweeping,10,128,0.07246376811594203,88.90000000000005,3,0.03,54,0.54,100,0.008046293994411827,12837
no_dueling,sweeping,10,129,0.07194244604316546,94.90000000000005,0,0.0,51,0.51,100,0.008304509776644408,12937
no_dueling,sweeping,10,130,0.07142857142857142,93.00000000000006,1,0.01,51,0.51,100,0.007210216126404703,13037
no_dueling,sweeping,10,131,0.07092198581560284,93.40000000000005,1,0.01,47,0.47,100,0.008133537285029888,13137
no_dueling,sweeping,10,132,0.07042253521126761,89.10000000000004,3,0.03,51,0.51,100,0.008821425046771764,13237
no_dueling,sweeping,10,133,0.06993006993006992,95.20000000000005,0,0.0,48,0.48,100,0.008397001419216394,13337
no_dueling,sweeping,10,134,0.06944444444444445,91.50000000000006,2,0.02,47,0.47,100,0.009637636826373636,13437
no_dueling,sweeping,10,135,0.06896551724137931,89.10000000000002,3,0.03,51,0.51,100,0.008270488167181612,13537
no_dueling,sweeping,10,136,0.0684931506849315,91.60000000000005,2,0.02,46,0.46,100,0.007192944686394185,13637
no_dueling,sweeping,10,137,0.06802721088435375,96.20000000000005,0,0.0,38,0.38,100,0.008384345637168736,13737
no_dueling,sweeping,10,138,0.06756756756756756,94.30000000000008,0,0.0,57,0.57,100,0.0097385433036834,13837
no_dueling,sweeping,10,139,0.06711409395973154,95.30000000000007,0,0.0,47,0.47,100,0.013701219791546464,13937
no_dueling,sweeping,10,140,0.06666666666666667,94.10000000000008,0,0.0,59,0.59,100,0.009705380357336252,14037
no_dueling,sweeping,10,141,0.06622516556291391,90.80000000000008,2,0.02,53,0.53,100,0.00876530922949314,14137
no_dueling,sweeping,10,142,0.06578947368421052,88.60000000000004,3,0.03,56,0.56,100,0.01655653031542897,14237
no_dueling,sweeping,10,143,0.06535947712418301,95.50000000000004,0,0.0,45,0.45,100,0.009050232395529746,14337
no_dueling,sweeping,10,144,0.06493506493506493,93.50000000000004,1,0.01,46,0.46,100,0.00925306549994275,14437
no_dueling,sweeping,10,145,0.06451612903225806,94.90000000000005,0,0.0,51,0.51,100,0.009908461903687566,14537
no_dueling,sweeping,10,146,0.06410256410256411,93.80000000000004,1,0.01,43,0.43,100,0.008303242463152855,14637
no_dueling,sweeping,10,147,0.06369426751592357,89.50000000000006,3,0.03,45,0.45,100,0.009116983015555889,14737
no_dueling,sweeping,10,148,0.06329113924050632,91.20000000000005,2,0.02,49,0.49,100,0.006743726544082165,14837
no_dueling,sweeping,10,149,0.06289308176100629,90.00000000000003,2,0.02,62,0.62,100,0.008506166702136397,14937
no_dueling,sweeping,10,150,0.0625,93.60000000000008,1,0.01,45,0.45,100,0.010816103820689022,15037
no_dueling,sweeping,10,151,0.06211180124223602,94.40000000000006,0,0.0,56,0.56,100,0.010234127670992165,15137
no_dueling,sweeping,10,152,0.0617283950617284,94.20000000000003,0,0.0,58,0.58,100,0.009066053431015462,15237
no_dueling,sweeping,10,153,0.06134969325153374,93.50000000000006,1,0.01,46,0.46,100,0.007108440713491291,15337
no_dueling,sweeping,10,154,0.06097560975609757,93.00000000000006,1,0.01,51,0.51,100,0.008178933521267027,15437
no_dueling,sweeping,10,155,0.06060606060606061,90.90000000000009,2,0.02,53,0.53,100,0.008446907987818122,15537
no_dueling,sweeping,10,156,0.06024096385542168,95.10000000000008,0,0.0,49,0.49,100,0.010679040015675127,15637
no_dueling,sweeping,10,157,0.059880239520958084,93.30000000000004,1,0.01,48,0.48,100,0.009618201809935271,15737
no_dueling,sweeping,10,158,0.05952380952380952,94.70000000000006,0,0.0,53,0.53,100,0.008471983317285776,15837
no_dueling,sweeping,10,159,0.0591715976331361,95.50000000000006,0,0.0,45,0.45,100,0.007721361303701997,15937
no_dueling,sweeping,10,160,0.058823529411764705,93.30000000000004,1,0.01,48,0.48,100,0.007717124670743942,16037
no_dueling,sweeping,10,161,0.05847953216374269,95.80000000000004,0,0.0,42,0.42,100,0.007549500826280564,16137
no_dueling,sweeping,10,162,0.05813953488372093,92.60000000000008,1,0.01,55,0.55,100,0.009577408800832927,16237
no_dueling,sweeping,10,163,0.057803468208092484,94.40000000000002,1,0.01,37,0.37,100,0.0061184037011116745,16337
no_dueling,sweeping,10,164,0.0574712643678161,93.20000000000007,1,0.01,49,0.49,100,0.009406340420246124,16437
no_dueling,sweeping,10,165,0.05714285714285714,96.50000000000004,0,0.0,35,0.35,100,0.008654253908898681,16537
no_dueling,sweeping,10,166,0.056818181818181816,95.40000000000006,0,0.0,46,0.46,100,0.0093674037582241,16637
no_dueling,sweeping,10,167,0.05649717514124294,92.90000000000006,1,0.01,52,0.52,100,0.009372053139377385,16737
no_dueling,sweeping,10,168,0.056179775280898875,95.90000000000006,0,0.0,41,0.41,100,0.00751234247814864,16837
no_dueling,sweeping,10,169,0.0558659217877095,95.40000000000006,0,0.0,46,0.46,100,0.007728025573305786,16937
no_dueling,sweeping,10,170,0.05555555555555555,95.40000000000008,0,0.0,46,0.46,100,0.008635649306233973,17037
no_dueling,sweeping,10,171,0.055248618784530384,95.20000000000006,0,0.0,48,0.48,100,0.008324601934291423,17137
no_dueling,sweeping,10,172,0.054945054945054944,93.80000000000004,1,0.01,43,0.43,100,0.006374663598835468,17237
no_dueling,sweeping,10,173,0.0546448087431694,93.50000000000006,1,0.01,45,0.45,100,0.010001072594895959,17337
no_dueling,sweeping,10,174,0.05434782608695653,91.40000000000003,2,0.02,48,0.48,100,0.009130843712482602,17437
no_dueling,sweeping,10,175,0.05405405405405406,95.30000000000005,0,0.0,47,0.47,100,0.010603974212426693,17537
no_dueling,sweeping,10,176,0.05376344086021505,94.90000000000003,0,0.0,51,0.51,100,0.009606010688003153,17637
no_dueling,sweeping,10,177,0.053475935828877004,93.60000000000007,1,0.01,45,0.45,100,0.007992298970930279,17737
no_dueling,sweeping,10,178,0.05319148936170213,88.80000000000001,4,0.04,35,0.35,100,0.006633575458545237,17837
no_dueling,sweeping,10,179,0.052910052910052914,95.20000000000006,0,0.0,48,0.48,100,0.007899514518212527,17937
no_dueling,sweeping,10,180,0.05263157894736842,92.30000000000001,1,0.01,58,0.58,100,0.009289447367191315,18037
no_dueling,sweeping,10,181,0.05235602094240837,93.60000000000004,1,0.01,45,0.45,100,0.007727277902886271,18137
no_dueling,sweeping,10,182,0.052083333333333336,95.80000000000005,0,0.0,42,0.42,100,0.007933248544577508,18237
no_dueling,sweeping,10,183,0.05181347150259067,93.80000000000003,1,0.01,42,0.42,100,0.010445234382059425,18337
no_dueling,sweeping,10,184,0.051546391752577324,93.40000000000003,1,0.01,47,0.47,100,0.010024765329435468,18437
no_dueling,sweeping,10,185,0.05128205128205128,93.90000000000005,1,0.01,42,0.42,100,0.008948179418221116,18537
no_dueling,sweeping,10,186,0.0510204081632653,95.00000000000006,0,0.0,50,0.5,100,0.009714526627212762,18637
no_dueling,sweeping,10,187,0.050761421319796954,93.70000000000005,1,0.01,44,0.44,100,0.007411054589319974,18737
no_dueling,sweeping,10,188,0.050505050505050504,94.00000000000006,1,0.01,41,0.41,100,0.009898052259813994,18837
no_dueling,sweeping,10,189,0.05025125628140704,95.70000000000007,0,0.0,43,0.43,100,0.009046845582779496,18937
no_dueling,sweeping,10,190,0.05,95.40000000000006,0,0.0,46,0.46,100,0.010265952115878463,19037
no_dueling,sweeping,10,191,0.04975124378109452,93.70000000000002,1,0.01,43,0.43,100,0.00846356215653941,19137
no_dueling,sweeping,10,192,0.04950495049504951,92.30000000000007,1,0.01,58,0.58,100,0.01055391608737409,19237
no_dueling,sweeping,10,193,0.04926108374384236,95.60000000000007,0,0.0,44,0.44,100,0.00873934139497578,19337
no_dueling,sweeping,10,194,0.04901960784313726,95.90000000000005,0,0.0,41,0.41,100,0.007603400959633291,19437
no_dueling,sweeping,10,195,0.04878048780487805,95.80000000000004,0,0.0,42,0.42,100,0.006387695181183517,19537
no_dueling,sweeping,10,196,0.04854368932038835,96.3000000000001,0,0.0,37,0.37,100,0.009010213145520538,19637
no_dueling,sweeping,10,197,0.04830917874396135,95.80000000000008,0,0.0,42,0.42,100,0.009033438682090491,19737
no_dueling,sweeping,10,198,0.04807692307692307,94.40000000000005,1,0.01,36,0.36,100,0.009265768053010106,19837
no_dueling,sweeping,10,199,0.04784688995215311,95.70000000000006,0,0.0,43,0.43,100,0.008411745927296578,19937
no_dueling,random,1,0,1.0,66.89999999999995,13,0.13,82,0.82,100,0.1323627130808057,37
no_dueling,random,1,1,0.9090909090909091,67.49999999999996,13,0.13,78,0.78,100,0.04165743896737695,137
no_dueling,random,1,2,0.8333333333333334,72.49999999999999,10,0.1,84,0.84,100,0.03862201100215316,237
no_dueling,random,1,3,0.7692307692307692,74.6,9,0.09,82,0.82,100,0.04262542711570859,337
no_dueling,random,1,4,0.7142857142857143,62.69999999999994,15,0.15,86,0.86,100,0.02254420835059136,437
no_dueling,random,1,5,0.6666666666666666,79.00000000000001,7,0.07,75,0.75,100,0.00631797326495871,537
no_dueling,random,1,6,0.625,78.70000000000005,7,0.07,77,0.77,100,0.005281491461209953,637
no_dueling,random,1,7,0.5882352941176471,78.80000000000004,7,0.07,77,0.77,100,0.004591379333287477,737
no_dueling,random,1,8,0.5555555555555556,81.30000000000004,6,0.06,71,0.71,100,0.005250756123568862,837
no_dueling,random,1,9,0.5263157894736842,79.10000000000002,7,0.07,73,0.73,100,0.004662266918458045,937
no_dueling,random,1,10,0.5,83.00000000000003,5,0.05,73,0.73,100,0.00478016474051401,1037
no_dueling,random,1,11,0.47619047619047616,81.90000000000003,6,0.06,66,0.66,100,0.004032641915837303,1137
no_dueling,random,1,12,0.45454545454545453,86.20000000000007,3,0.03,81,0.81,100,0.005745477210730314,1237
no_dueling,random,1,13,0.4347826086956522,84.50000000000004,4,0.04,78,0.78,100,0.011906018545851112,1337
no_dueling,random,1,14,0.4166666666666667,89.5000000000001,2,0.02,67,0.67,100,0.006279665227048099,1437
no_dueling,random,1,15,0.4,85.40000000000003,4,0.04,70,0.7,100,0.005963001761119813,1537
no_dueling,random,1,16,0.3846153846153846,82.60000000000004,5,0.05,79,0.79,100,0.00729972941800952,1637
no_dueling,random,1,17,0.37037037037037035,87.50000000000004,3,0.03,68,0.68,100,0.007399293268099428,1737
no_dueling,random,1,18,0.35714285714285715,79.70000000000002,7,0.07,69,0.69,100,0.0058941076719202104,1837
no_dueling,random,1,19,0.3448275862068966,85.00000000000006,4,0.04,73,0.73,100,0.004365900743287057,1937
no_dueling,random,1,20,0.3333333333333333,85.10000000000005,4,0.04,72,0.72,100,0.0056561881769448515,2037
no_dueling,random,1,21,0.3225806451612903,83.70000000000003,5,0.05,67,0.67,100,0.006708076435606927,2137
no_dueling,random,1,22,0.3125,83.50000000000001,5,0.05,70,0.7,100,0.007492576553486288,2237
no_dueling,random,1,23,0.30303030303030304,82.50000000000003,5,0.05,80,0.8,100,0.007473418090958148,2337
no_dueling,random,1,24,0.29411764705882354,87.90000000000005,3,0.03,63,0.63,100,0.009404974321369082,2437
no_dueling,random,1,25,0.2857142857142857,86.80000000000007,3,0.03,75,0.75,100,0.007420487215276808,2537
no_dueling,random,1,26,0.2777777777777778,90.90000000000005,2,0.02,53,0.53,100,0.006106674540787936,2637
no_dueling,random,1,27,0.27027027027027023,89.10000000000008,2,0.02,71,0.71,100,0.0113795584323816,2737
no_dueling,random,1,28,0.2631578947368421,82.1,6,0.06,64,0.64,100,0.007953000671695918,2837
no_dueling,random,1,29,0.25641025641025644,87.60000000000005,3,0.03,66,0.66,100,0.006639313397463411,2937
no_dueling,random,1,30,0.25,88.10000000000007,3,0.03,62,0.62,100,0.008745243512094021,3037
no_dueling,random,1,31,0.24390243902439027,88.40000000000006,3,0.03,59,0.59,100,0.007690185911487788,3137
no_dueling,random,1,32,0.23809523809523808,86.80000000000007,3,0.03,73,0.73,100,0.009824292911216616,3237
no_dueling,random,1,33,0.23255813953488372,91.80000000000008,1,0.01,63,0.63,100,0.011175879235379398,3337
no_dueling,random,1,34,0.22727272727272727,88.70000000000006,2,0.02,75,0.75,100,0.008960104607976973,3437
no_dueling,random,1,35,0.2222222222222222,90.20000000000005,2,0.02,59,0.59,100,0.0076966968225315215,3537
no_dueling,random,1,36,0.2173913043478261,86.90000000000003,3,0.03,73,0.73,100,0.008603566498495639,3637
no_dueling,random,1,37,0.2127659574468085,85.80000000000004,4,0.04,65,0.65,100,0.010791859659366309,3737
no_dueling,random,1,38,0.20833333333333334,91.80000000000011,1,0.01,63,0.63,100,0.008559521045535803,3837
no_dueling,random,1,39,0.2040816326530612,86.10000000000005,4,0.04,62,0.62,100,0.009034668146632611,3937
no_dueling,random,1,40,0.2,91.10000000000005,2,0.02,50,0.5,100,0.0071698105824179945,4037
no_dueling,random,1,41,0.19607843137254904,91.80000000000007,1,0.01,63,0.63,100,0.010802257733885198,4137
no_dueling,random,1,42,0.1923076923076923,92.00000000000006,1,0.01,61,0.61,100,0.009384570899419487,4237
no_dueling,random,1,43,0.18867924528301888,92.40000000000003,1,0.01,57,0.57,100,0.00816641136771068,4337
no_dueling,random,1,44,0.18518518518518517,92.50000000000003,1,0.01,56,0.56,100,0.0073242234741337595,4437
no_dueling,random,1,45,0.18181818181818182,90.6000000000001,2,0.02,54,0.54,100,0.0073711527045816185,4537
no_dueling,random,1,46,0.17857142857142858,94.40000000000006,0,0.0,56,0.56,100,0.009377920043189079,4637
no_dueling,random,1,47,0.17543859649122806,84.30000000000004,5,0.05,61,0.61,100,0.011138331005349755,4737
no_dueling,random,1,48,0.1724137931034483,91.00000000000006,2,0.02,52,0.52,100,0.007865567372646183,4837
no_dueling,random,1,49,0.1694915254237288,89.10000000000008,3,0.03,52,0.52,100,0.007883196482434868,4937
no_dueling,random,1,50,0.16666666666666666,90.60000000000005,2,0.02,56,0.56,100,0.008662539394572377,5037
no_dueling,random,1,51,0.1639344262295082,93.40000000000008,0,0.0,66,0.66,100,0.008704016250558198,5137
no_dueling,random,1,52,0.16129032258064516,85.90000000000005,4,0.04,65,0.65,100,0.009186587370932102,5237
no_dueling,random,1,53,0.15873015873015872,92.50000000000004,1,0.01,56,0.56,100,0.008774635505396873,5337
no_dueling,random,1,54,0.15625,90.20000000000006,2,0.02,60,0.6,100,0.010709116773214192,5437
no_dueling,random,1,55,0.15384615384615385,91.00000000000006,2,0.02,52,0.52,100,0.007879761231597513,5537
no_dueling,random,1,56,0.15151515151515152,89.90000000000005,2,0.02,63,0.63,100,0.007822878703009337,5637
no_dueling,random,1,57,0.14925373134328357,92.40000000000006,1,0.01,56,0.56,100,0.008235057634301483,5737
no_dueling,random,1,58,0.14705882352941177,90.00000000000003,2,0.02,61,0.61,100,0.011334617198444903,5837
no_dueling,random,1,59,0.14492753623188406,89.80000000000005,2,0.02,64,0.64,100,0.01157231061719358,5937
no_dueling,random,1,60,0.14285714285714285,90.90000000000009,2,0.02,53,0.53,100,0.009850341598503292,6037
no_dueling,random,1,61,0.14084507042253522,89.0,3,0.03,53,0.53,100,0.009686899362131953,6137
no_dueling,random,1,62,0.1388888888888889,88.20000000000007,3,0.03,60,0.6,100,0.008000297448597848,6237
no_dueling,random,1,63,0.136986301369863,88.80000000000004,3,0.03,54,0.54,100,0.008505140640772879,6337
no_dueling,random,1,64,0.13513513513513511,90.90000000000006,2,0.02,53,0.53,100,0.008705663427244872,6437
no_dueling,random,1,65,0.13333333333333333,90.30000000000005,2,0.02,59,0.59,100,0.009999678416643292,6537
no_dueling,random,1,66,0.13157894736842105,92.20000000000006,1,0.01,58,0.58,100,0.008335793402511626,6637
no_dueling,random,1,67,0.12987012987012986,91.90000000000006,1,0.01,62,0.62,100,0.007952867134008557,6737
no_dueling,random,1,68,0.12820512820512822,88.4000000000001,3,0.03,59,0.59,100,0.009944375311024488,6837
no_dueling,random,1,69,0.12658227848101264,95.60000000000005,0,0.0,44,0.44,100,0.006844750624150037,6937
no_dueling,random,1,70,0.125,90.40000000000006,2,0.02,57,0.57,100,0.009584322657901793,7037
no_dueling,random,1,71,0.1234567901234568,88.70000000000005,3,0.03,56,0.56,100,0.00966975410003215,7137
no_dueling,random,1,72,0.12195121951219513,85.4,5,0.05,51,0.51,100,0.007387805324979127,7237
no_dueling,random,1,73,0.12048192771084336,82.40000000000005,6,0.06,61,0.61,100,0.008344448599964381,7337
no_dueling,random,1,74,0.11904761904761904,93.10000000000007,1,0.01,50,0.5,100,0.007760124066844582,7437
no_dueling,random,1,75,0.11764705882352941,93.70000000000003,1,0.01,44,0.44,100,0.007155326260253787,7537
no_dueling,random,1,76,0.11627906976744186,93.10000000000004,1,0.01,50,0.5,100,0.008389764847233892,7637
no_dueling,random,1,77,0.1149425287356322,89.10000000000005,3,0.03,51,0.51,100,0.00993739244993776,7737
no_dueling,random,1,78,0.11363636363636363,92.40000000000006,1,0.01,57,0.57,100,0.010066782187204809,7837
no_dueling,random,1,79,0.11235955056179775,91.40000000000005,2,0.02,48,0.48,100,0.009978665891103446,7937
no_dueling,random,1,80,0.1111111111111111,92.90000000000006,1,0.01,52,0.52,100,0.008138930299319327,8037
no_dueling,random,1,81,0.10989010989010989,93.20000000000007,1,0.01,49,0.49,100,0.007664887208957225,8137
no_dueling,random,1,82,0.10869565217391305,91.30000000000004,2,0.02,49,0.49,100,0.008976857652887702,8237
no_dueling,random,1,83,0.1075268817204301,94.60000000000008,0,0.0,54,0.54,100,0.007921455174218862,8337
no_dueling,random,1,84,0.10638297872340426,92.90000000000006,1,0.01,52,0.52,100,0.009897855618037283,8437
no_dueling,random,1,85,0.10526315789473684,93.70000000000005,1,0.01,43,0.43,100,0.00901915978640318,8537
no_dueling,random,1,86,0.10416666666666667,94.10000000000007,0,0.0,59,0.59,100,0.008147712370846421,8637
no_dueling,random,1,87,0.10309278350515465,94.70000000000005,0,0.0,53,0.53,100,0.009429228673689068,8737
no_dueling,random,1,88,0.1020408163265306,92.40000000000006,1,0.01,57,0.57,100,0.007058182775508613,8837
no_dueling,random,1,89,0.10101010101010101,90.70000000000005,2,0.02,54,0.54,100,0.009676279774866998,8937
no_dueling,random,1,90,0.1,93.40000000000003,1,0.01,47,0.47,100,0.0077429541596211494,9037
no_dueling,random,1,91,0.09900990099009901,93.1000000000001,1,0.01,50,0.5,100,0.00907710414379835,9137
no_dueling,random,1,92,0.09803921568627452,93.40000000000003,1,0.01,47,0.47,100,0.008812612129841,9237
no_dueling,random,1,93,0.0970873786407767,95.40000000000005,0,0.0,46,0.46,100,0.007732033447828144,9337
no_dueling,random,1,94,0.09615384615384615,93.40000000000003,1,0.01,47,0.47,100,0.007043559402227402,9437
no_dueling,random,1,95,0.09523809523809523,89.70000000000006,3,0.03,45,0.45,100,0.007455511661246419,9537
no_dueling,random,1,96,0.09433962264150944,93.90000000000005,1,0.01,42,0.42,100,0.011687488090246915,9637
no_dueling,random,1,97,0.09345794392523366,95.90000000000006,0,0.0,41,0.41,100,0.00838752958457917,9737
no_dueling,random,1,98,0.09259259259259259,93.90000000000005,1,0.01,42,0.42,100,0.008430551502387971,9837
no_dueling,random,1,99,0.09174311926605504,96.30000000000004,0,0.0,37,0.37,100,0.009470146936364473,9937
no_dueling,random,1,100,0.09090909090909091,93.50000000000004,1,0.01,46,0.46,100,0.009912616463843733,10037
no_dueling,random,1,101,0.0900900900900901,94.90000000000005,0,0.0,51,0.51,100,0.012342522339895367,10137
no_dueling,random,1,102,0.08928571428571429,91.40000000000003,2,0.02,48,0.48,100,0.008479778019245715,10237
no_dueling,random,1,103,0.08849557522123894,96.10000000000007,0,0.0,39,0.39,100,0.008343169542495161,10337
no_dueling,random,1,104,0.08771929824561403,91.0,2,0.02,52,0.52,100,0.008486377750523388,10437
no_dueling,random,1,105,0.08695652173913043,96.00000000000003,0,0.0,40,0.4,100,0.0070428837276995185,10537
no_dueling,random,1,106,0.08620689655172414,93.80000000000001,1,0.01,43,0.43,100,0.007944990585092454,10637
no_dueling,random,1,107,0.08547008547008547,95.60000000000008,0,0.0,44,0.44,100,0.008328779293224215,10737
no_dueling,random,1,108,0.0847457627118644,92.60000000000005,1,0.01,55,0.55,100,0.008034069936256856,10837
no_dueling,random,1,109,0.08403361344537814,94.70000000000006,1,0.01,34,0.34,100,0.007938737662043423,10937
no_dueling,random,1,110,0.08333333333333333,95.00000000000004,0,0.0,50,0.5,100,0.009084230398293584,11037
no_dueling,random,1,111,0.08264462809917356,91.80000000000001,2,0.02,44,0.44,100,0.009951135125011206,11137
no_dueling,random,1,112,0.0819672131147541,93.20000000000009,1,0.01,49,0.49,100,0.009295140400063247,11237
no_dueling,random,1,113,0.08130081300813008,91.80000000000004,2,0.02,43,0.43,100,0.008379142342600971,11337
no_dueling,random,1,114,0.08064516129032258,90.3000000000001,2,0.02,59,0.59,100,0.008308428369928152,11437
no_dueling,random,1,115,0.08,93.40000000000003,1,0.01,47,0.47,100,0.00888322726590559,11537
no_dueling,random,1,116,0.07936507936507936,89.90000000000006,2,0.02,63,0.63,100,0.008200440176296979,11637
no_dueling,random,1,117,0.07874015748031496,97.00000000000003,0,0.0,30,0.3,100,0.009007362273987383,11737
no_dueling,random,1,118,0.078125,93.0,1,0.01,51,0.51,100,0.010329423900693656,11837
no_dueling,random,1,119,0.07751937984496124,95.70000000000002,0,0.0,43,0.43,100,0.0099049310432747,11937
no_dueling,random,1,120,0.07692307692307693,95.90000000000009,0,0.0,41,0.41,100,0.008953856874722988,12037
no_dueling,random,1,121,0.07633587786259542,93.80000000000004,1,0.01,43,0.43,100,0.009475142848677932,12137
no_dueling,random,1,122,0.07575757575757576,96.20000000000003,0,0.0,38,0.38,100,0.008601797432638704,12237
no_dueling,random,1,123,0.07518796992481203,93.60000000000007,1,0.01,45,0.45,100,0.007816102430224419,12337
no_dueling,random,1,124,0.07462686567164178,90.20000000000002,3,0.03,41,0.41,100,0.009349957923404872,12437
no_dueling,random,1,125,0.07407407407407407,93.90000000000009,1,0.01,41,0.41,100,0.01138176787411794,12537
no_dueling,random,1,126,0.07352941176470588,94.70000000000003,1,0.01,33,0.33,100,0.00813434154028073,12637
no_dueling,random,1,127,0.07299270072992702,95.30000000000005,0,0.0,47,0.47,100,0.010424400893971324,12737
no_dueling,random,1,128,0.07246376811594203,96.20000000000005,0,0.0,38,0.38,100,0.009405491030775011,12837
no_dueling,random,1,129,0.07194244604316546,92.40000000000003,2,0.02,37,0.37,100,0.009134335794951766,12937
no_dueling,random,1,130,0.07142857142857142,94.60000000000008,1,0.01,35,0.35,100,0.007547934013418853,13037
no_dueling,random,1,131,0.07092198581560284,92.10000000000001,2,0.02,41,0.41,100,0.008718883425462991,13137
no_dueling,random,1,132,0.07042253521126761,96.40000000000006,0,0.0,36,0.36,100,0.010386264286935329,13237
no_dueling,random,1,133,0.06993006993006992,93.40000000000006,1,0.01,46,0.46,100,0.0076022389018908145,13337
no_dueling,random,1,134,0.06944444444444445,94.50000000000004,1,0.01,35,0.35,100,0.012059218748472631,13437
no_dueling,random,1,135,0.06896551724137931,95.5000000000001,0,0.0,45,0.45,100,0.011610288606025278,13537
no_dueling,random,1,136,0.0684931506849315,96.50000000000007,0,0.0,35,0.35,100,0.008026301180943846,13637
no_dueling,random,1,137,0.06802721088435375,96.10000000000007,0,0.0,39,0.39,100,0.008870818326249719,13737
no_dueling,random,1,138,0.06756756756756756,96.2,0,0.0,38,0.38,100,0.00895944686140865,13837
no_dueling,random,1,139,0.06711409395973154,96.00000000000004,0,0.0,40,0.4,100,0.009560721428133547,13937
no_dueling,random,1,140,0.06666666666666667,96.30000000000007,0,0.0,37,0.37,100,0.010038994108326734,14037
no_dueling,random,1,141,0.06622516556291391,96.00000000000003,0,0.0,40,0.4,100,0.009939990639686584,14137
no_dueling,random,1,142,0.06578947368421052,93.40000000000002,2,0.02,28,0.28,100,0.012348657292313873,14237
no_dueling,random,1,143,0.06535947712418301,93.90000000000003,1,0.01,42,0.42,100,0.008700498514808714,14337
no_dueling,random,1,144,0.06493506493506493,91.50000000000004,2,0.02,47,0.47,100,0.009753123731352389,14437
no_dueling,random,1,145,0.06451612903225806,94.10000000000004,1,0.01,40,0.4,100,0.009189845290966331,14537
no_dueling,random,1,146,0.06410256410256411,94.70000000000003,1,0.01,34,0.34,100,0.009093353941570967,14637
no_dueling,random,1,147,0.06369426751592357,96.30000000000004,0,0.0,37,0.37,100,0.010778984397184103,14737
no_dueling,random,1,148,0.06329113924050632,90.50000000000003,3,0.03,38,0.38,100,0.011011768570169807,14837
no_dueling,random,1,149,0.06289308176100629,96.30000000000007,0,0.0,37,0.37,100,0.009839735804125666,14937
no_dueling,random,1,150,0.0625,93.90000000000002,1,0.01,42,0.42,100,0.008471133403945714,15037
no_dueling,random,1,151,0.06211180124223602,93.80000000000005,1,0.01,43,0.43,100,0.012699453439563513,15137
no_dueling,random,1,152,0.0617283950617284,93.40000000000003,1,0.01,47,0.47,100,0.007506894282996655,15237
no_dueling,random,1,153,0.06134969325153374,92.30000000000005,2,0.02,39,0.39,100,0.00985084024257958,15337
no_dueling,random,1,154,0.06097560975609757,96.20000000000007,0,0.0,38,0.38,100,0.009735814509913326,15437
no_dueling,random,1,155,0.06060606060606061,95.80000000000004,0,0.0,42,0.42,100,0.010152994431555271,15537
no_dueling,random,1,156,0.06024096385542168,96.10000000000002,0,0.0,39,0.39,100,0.009053577282465995,15637
no_dueling,random,1,157,0.059880239520958084,96.30000000000007,0,0.0,37,0.37,100,0.009272688399069012,15737
no_dueling,random,1,158,0.05952380952380952,89.40000000000003,3,0.03,48,0.48,100,0.008958037635311484,15837
no_dueling,random,1,159,0.0591715976331361,95.40000000000003,0,0.0,46,0.46,100,0.011381070897914469,15937
no_dueling,random,1,160,0.058823529411764705,96.2,0,0.0,38,0.38,100,0.009860199992544949,16037
no_dueling,random,1,161,0.05847953216374269,95.90000000000006,0,0.0,41,0.41,100,0.011589244836941362,16137
no_dueling,random,1,162,0.05813953488372093,94.50000000000004,1,0.01,36,0.36,100,0.011804395029321313,16237
no_dueling,random,1,163,0.057803468208092484,93.20000000000005,1,0.01,49,0.49,100,0.012032710234634578,16337
no_dueling,random,1,164,0.0574712643678161,97.00000000000003,0,0.0,30,0.3,100,0.012796426624991,16437
no_dueling,random,1,165,0.05714285714285714,94.20000000000005,1,0.01,39,0.39,100,0.009149806350469589,16537
no_dueling,random,1,166,0.056818181818181816,96.00000000000003,0,0.0,40,0.4,100,0.008600999873597175,16637
no_dueling,random,1,167,0.05649717514124294,95.10000000000002,1,0.01,30,0.3,100,0.0121571751171723,16737
no_dueling,random,1,168,0.056179775280898875,90.70000000000002,3,0.03,36,0.36,100,0.012552990694530308,16837
no_dueling,random,1,169,0.0558659217877095,95.00000000000006,0,0.0,50,0.5,100,0.011624901900067925,16937
no_dueling,random,1,170,0.05555555555555555,95.10000000000005,0,0.0,49,0.49,100,0.013470273960847408,17037
no_dueling,random,1,171,0.055248618784530384,91.70000000000006,2,0.02,45,0.45,100,0.008949366952292622,17137
no_dueling,random,1,172,0.054945054945054944,97.00000000000003,0,0.0,30,0.3,100,0.007794718681834638,17237
no_dueling,random,1,173,0.0546448087431694,92.30000000000004,2,0.02,39,0.39,100,0.00937070367857814,17337
no_dueling,random,1,174,0.05434782608695653,94.4,1,0.01,37,0.37,100,0.010121320341713726,17437
no_dueling,random,1,175,0.05405405405405406,96.70000000000002,0,0.0,33,0.33,100,0.008069905454758554,17537
no_dueling,random,1,176,0.05376344086021505,94.30000000000003,1,0.01,38,0.38,100,0.011041037652175874,17637
no_dueling,random,1,177,0.053475935828877004,96.20000000000005,0,0.0,38,0.38,100,0.009633512450382114,17737
no_dueling,random,1,178,0.05319148936170213,95.20000000000002,1,0.01,28,0.28,100,0.009583296983037145,17837
no_dueling,random,1,179,0.052910052910052914,94.90000000000003,1,0.01,32,0.32,100,0.009483366548083723,17937
no_dueling,random,1,180,0.05263157894736842,94.90000000000003,1,0.01,32,0.32,100,0.008993731795344502,18037
no_dueling,random,1,181,0.05235602094240837,94.30000000000003,1,0.01,38,0.38,100,0.010586023549549281,18137
no_dueling,random,1,182,0.052083333333333336,96.20000000000007,0,0.0,38,0.38,100,0.007812474297825247,18237
no_dueling,random,1,183,0.05181347150259067,96.30000000000007,0,0.0,37,0.37,100,0.010172500389162452,18337
no_dueling,random,1,184,0.051546391752577324,96.9,0,0.0,31,0.31,100,0.008344573348294944,18437
no_dueling,random,1,185,0.05128205128205128,96.20000000000002,0,0.0,38,0.38,100,0.01135505786165595,18537
no_dueling,random,1,186,0.0510204081632653,96.70000000000006,0,0.0,33,0.33,100,0.008668941357173025,18637
no_dueling,random,1,187,0.050761421319796954,96.00000000000004,0,0.0,40,0.4,100,0.008973966930061578,18737
no_dueling,random,1,188,0.050505050505050504,94.20000000000002,1,0.01,39,0.39,100,0.012072412599809467,18837
no_dueling,random,1,189,0.05025125628140704,93.90000000000003,1,0.01,42,0.42,100,0.012628962150774897,18937
no_dueling,random,1,190,0.05,96.70000000000003,0,0.0,33,0.33,100,0.011263446863740683,19037
no_dueling,random,1,191,0.04975124378109452,96.40000000000003,0,0.0,36,0.36,100,0.00798088513314724,19137
no_dueling,random,1,192,0.04950495049504951,96.30000000000005,0,0.0,37,0.37,100,0.00950277240248397,19237
no_dueling,random,1,193,0.04926108374384236,95.00000000000004,1,0.01,31,0.31,100,0.008338544191792608,19337
no_dueling,random,1,194,0.04901960784313726,95.70000000000009,0,0.0,43,0.43,100,0.009044949111994357,19437
no_dueling,random,1,195,0.04878048780487805,93.50000000000009,1,0.01,46,0.46,100,0.008826427217572928,19537
no_dueling,random,1,196,0.04854368932038835,91.80000000000005,2,0.02,43,0.43,100,0.009451729631982743,19637
no_dueling,random,1,197,0.04830917874396135,96.40000000000003,0,0.0,36,0.36,100,0.009704194248188287,19737
no_dueling,random,1,198,0.04807692307692307,94.60000000000002,1,0.01,34,0.34,100,0.007069686979521066,19837
no_dueling,random,1,199,0.04784688995215311,96.40000000000005,0,0.0,36,0.36,100,0.010768305391538889,19937
no_dueling,random,2,0,1.0,62.099999999999916,15,0.15,92,0.92,100,0.15159013434439092,37
no_dueling,random,2,1,0.9090909090909091,76.3,8,0.08,84,0.84,100,0.044409499038010836,137
no_dueling,random,2,2,0.8333333333333334,76.0,8,0.08,86,0.86,100,0.05137484759092331,237
no_dueling,random,2,3,0.7692307692307692,64.59999999999994,14,0.14,87,0.87,100,0.028805933222174646,337
no_dueling,random,2,4,0.7142857142857143,76.0,8,0.08,88,0.88,100,0.01712502327747643,437
no_dueling,random,2,5,0.6666666666666666,68.69999999999999,12,0.12,82,0.82,100,0.011497303606010973,537
no_dueling,random,2,6,0.625,82.60000000000004,5,0.05,79,0.79,100,0.00626502841245383,637
no_dueling,random,2,7,0.5882352941176471,76.60000000000001,8,0.08,79,0.79,100,0.0061613112804479895,737
no_dueling,random,2,8,0.5555555555555556,81.30000000000005,6,0.06,71,0.71,100,0.005376217325683683,837
no_dueling,random,2,9,0.5263157894736842,81.50000000000001,6,0.06,71,0.71,100,0.0053265239647589625,937
no_dueling,random,2,10,0.5,74.80000000000001,9,0.09,79,0.79,100,0.006648248317651451,1037
no_dueling,random,2,11,0.47619047619047616,81.50000000000004,6,0.06,71,0.71,100,0.007765933936461807,1137
no_dueling,random,2,12,0.45454545454545453,80.90000000000005,6,0.06,75,0.75,100,0.00732813763897866,1237
no_dueling,random,2,13,0.4347826086956522,82.80000000000003,5,0.05,76,0.76,100,0.008204882200807333,1337
no_dueling,random,2,14,0.4166666666666667,81.80000000000004,6,0.06,68,0.68,100,0.006034793392755092,1437
no_dueling,random,2,15,0.4,89.70000000000002,2,0.02,64,0.64,100,0.005970792691223323,1537
no_dueling,random,2,16,0.3846153846153846,87.70000000000003,3,0.03,66,0.66,100,0.008255686890333892,1637
no_dueling,random,2,17,0.37037037037037035,77.60000000000001,8,0.08,71,0.71,100,0.009240755452774465,1737
no_dueling,random,2,18,0.35714285714285715,83.60000000000005,5,0.05,68,0.68,100,0.008552220123820007,1837
no_dueling,random,2,19,0.3448275862068966,81.60000000000001,6,0.06,69,0.69,100,0.008818273565266281,1937
no_dueling,random,2,20,0.3333333333333333,80.10000000000005,7,0.07,66,0.66,100,0.014425494046881794,2037
no_dueling,random,2,21,0.3225806451612903,87.70000000000005,3,0.03,66,0.66,100,0.008473385870456696,2137
no_dueling,random,2,22,0.3125,84.1,5,0.05,63,0.63,100,0.00639536508359015,2237
no_dueling,random,2,23,0.30303030303030304,92.1000000000001,1,0.01,60,0.6,100,0.010685155256651343,2337
no_dueling,random,2,24,0.29411764705882354,91.30000000000004,2,0.02,49,0.49,100,0.010079400758258998,2437
no_dueling,random,2,25,0.2857142857142857,87.40000000000006,3,0.03,69,0.69,100,0.009114137142896652,2537
no_dueling,random,2,26,0.2777777777777778,95.10000000000012,0,0.0,49,0.49,100,0.009706804365850984,2637
no_dueling,random,2,27,0.27027027027027023,87.50000000000004,3,0.03,68,0.68,100,0.010072734919376672,2737
no_dueling,random,2,28,0.2631578947368421,84.70000000000002,5,0.05,57,0.57,100,0.009887310683261603,2837
no_dueling,random,2,29,0.25641025641025644,78.9,8,0.08,58,0.58,100,0.008170698606409132,2937
no_dueling,random,2,30,0.25,90.20000000000006,2,0.02,59,0.59,100,0.010958660731557757,3037
no_dueling,random,2,31,0.24390243902439027,90.50000000000007,2,0.02,57,0.57,100,0.011040213466621936,3137
no_dueling,random,2,32,0.23809523809523808,84.90000000000003,5,0.05,55,0.55,100,0.009959753204602748,3237
no_dueling,random,2,33,0.23255813953488372,88.30000000000003,3,0.03,58,0.58,100,0.009605808455962688,3337
no_dueling,random,2,34,0.22727272727272727,87.40000000000005,4,0.04,50,0.5,100,0.010213359226472676,3437
no_dueling,random,2,35,0.2222222222222222,85.60000000000005,4,0.04,68,0.68,100,0.010640518204309047,3537
no_dueling,random,2,36,0.2173913043478261,92.20000000000007,1,0.01,58,0.58,100,0.012152659776620566,3637
no_dueling,random,2,37,0.2127659574468085,88.8000000000001,3,0.03,55,0.55,100,0.01010975451208651,3737
no_dueling,random,2,38,0.20833333333333334,88.00000000000006,3,0.03,63,0.63,100,0.01145679953508079,3837
no_dueling,random,2,39,0.2040816326530612,92.70000000000002,1,0.01,54,0.54,100,0.010578400422818959,3937
no_dueling,random,2,40,0.2,85.10000000000005,5,0.05,52,0.52,100,0.011882131611928344,4037
no_dueling,random,2,41,0.19607843137254904,92.80000000000004,1,0.01,53,0.53,100,0.010552858882583678,4137
no_dueling,random,2,42,0.1923076923076923,91.00000000000003,2,0.02,52,0.52,100,0.012357457377947866,4237
no_dueling,random,2,43,0.18867924528301888,80.60000000000002,7,0.07,58,0.58,100,0.015343365147709847,4337
no_dueling,random,2,44,0.18518518518518517,93.90000000000009,0,0.0,61,0.61,100,0.011430978155694903,4437
no_dueling,random,2,45,0.18181818181818182,88.00000000000006,3,0.03,63,0.63,100,0.011152964476495981,4537
no_dueling,random,2,46,0.17857142857142858,93.00000000000004,1,0.01,51,0.51,100,0.009891222743317486,4637
no_dueling,random,2,47,0.17543859649122806,88.20000000000003,3,0.03,61,0.61,100,0.012062051203101873,4737
no_dueling,random,2,48,0.1724137931034483,90.40000000000005,2,0.02,57,0.57,100,0.014262491399422287,4837
no_dueling,random,2,49,0.1694915254237288,83.00000000000001,6,0.06,56,0.56,100,0.011435662773437797,4937
no_dueling,random,2,50,0.16666666666666666,92.30000000000003,1,0.01,58,0.58,100,0.013645242839120329,5037
no_dueling,random,2,51,0.1639344262295082,91.40000000000002,2,0.02,48,0.48,100,0.009728522265795618,5137
no_dueling,random,2,52,0.16129032258064516,85.90000000000006,4,0.04,65,0.65,100,0.011858241851441562,5237
no_dueling,random,2,53,0.15873015873015872,89.00000000000006,3,0.03,53,0.53,100,0.01193064846098423,5337
no_dueling,random,2,54,0.15625,87.00000000000004,4,0.04,54,0.54,100,0.01211498978547752,5437
no_dueling,random,2,55,0.15384615384615385,90.00000000000003,2,0.02,62,0.62,100,0.012094922177493573,5537
no_dueling,random,2,56,0.15151515151515152,91.80000000000007,2,0.02,44,0.44,100,0.01082453575450927,5637
no_dueling,random,2,57,0.14925373134328357,92.80000000000008,1,0.01,53,0.53,100,0.009265897683799268,5737
no_dueling,random,2,58,0.14705882352941177,91.40000000000003,2,0.02,48,0.48,100,0.015418395828455687,5837
no_dueling,random,2,59,0.14492753623188406,86.20000000000005,4,0.04,61,0.61,100,0.010282286978326737,5937
no_dueling,random,2,60,0.14285714285714285,94.70000000000003,0,0.0,53,0.53,100,0.013591221123933793,6037
no_dueling,random,2,61,0.14084507042253522,92.10000000000005,1,0.01,60,0.6,100,0.012721948083490133,6137
no_dueling,random,2,62,0.1388888888888889,91.60000000000005,2,0.02,46,0.46,100,0.010781313418410718,6237
no_dueling,random,2,63,0.136986301369863,88.20000000000009,3,0.03,61,0.61,100,0.012203654660843312,6337
no_dueling,random,2,64,0.13513513513513511,91.10000000000005,2,0.02,51,0.51,100,0.009594749100506306,6437
no_dueling,random,2,65,0.13333333333333333,89.70000000000002,3,0.03,46,0.46,100,0.013597216834314167,6537
no_dueling,random,2,66,0.13157894736842105,91.80000000000007,2,0.02,43,0.43,100,0.010843712892383338,6637
no_dueling,random,2,67,0.12987012987012986,87.10000000000008,4,0.04,53,0.53,100,0.012082755398005247,6737
no_dueling,random,2,68,0.12820512820512822,95.20000000000003,0,0.0,48,0.48,100,0.015167016126215458,6837
no_dueling,random,2,69,0.12658227848101264,90.90000000000005,2,0.02,53,0.53,100,0.01834394653327763,6937
no_dueling,random,2,70,0.125,88.10000000000004,4,0.04,41,0.41,100,0.01163661777973175,7037
no_dueling,random,2,71,0.1234567901234568,94.70000000000003,1,0.01,34,0.34,100,0.013711718157865108,7137
no_dueling,random,2,72,0.12195121951219513,94.90000000000002,0,0.0,51,0.51,100,0.011327874059788882,7237
no_dueling,random,2,73,0.12048192771084336,92.50000000000006,1,0.01,56,0.56,100,0.014185656770132482,7337
no_dueling,random,2,74,0.11904761904761904,92.30000000000008,2,0.02,39,0.39,100,0.014471323043107987,7437
no_dueling,random,2,75,0.11764705882352941,91.90000000000008,1,0.01,62,0.62,100,0.013092388198710978,7537
no_dueling,random,2,76,0.11627906976744186,88.60000000000004,3,0.03,56,0.56,100,0.012864645887166262,7637
no_dueling,random,2,77,0.1149425287356322,94.00000000000004,1,0.01,41,0.41,100,0.011728676736820489,7737
no_dueling,random,2,78,0.11363636363636363,93.10000000000005,1,0.01,50,0.5,100,0.012980734962038696,7837
no_dueling,random,2,79,0.11235955056179775,92.50000000000009,1,0.01,55,0.55,100,0.0113360033929348,7937
no_dueling,random,2,80,0.1111111111111111,91.90000000000003,2,0.02,43,0.43,100,0.011045755085069687,8037
no_dueling,random,2,81,0.10989010989010989,94.80000000000011,0,0.0,52,0.52,100,0.012797827036119997,8137
no_dueling,random,2,82,0.10869565217391305,92.10000000000005,2,0.02,41,0.41,100,0.010237071583978831,8237
no_dueling,random,2,83,0.1075268817204301,92.10000000000005,1,0.01,60,0.6,100,0.013141487529501318,8337
no_dueling,random,2,84,0.10638297872340426,90.4,3,0.03,39,0.39,100,0.01513833631761372,8437
no_dueling,random,2,85,0.10526315789473684,89.00000000000003,3,0.03,53,0.53,100,0.013747529922984541,8537
no_dueling,random,2,86,0.10416666666666667,90.40000000000003,2,0.02,58,0.58,100,0.013677159743383526,8637
no_dueling,random,2,87,0.10309278350515465,92.40000000000006,1,0.01,57,0.57,100,0.012202630005776881,8737
no_dueling,random,2,88,0.1020408163265306,94.90000000000006,0,0.0,51,0.51,100,0.01458952118176967,8837
no_dueling,random,2,89,0.10101010101010101,91.90000000000005,1,0.01,62,0.62,100,0.011803975976072252,8937
no_dueling,random,2,90,0.1,92.80000000000001,1,0.01,53,0.53,100,0.024545906311832368,9037
no_dueling,random,2,91,0.09900990099009901,90.70000000000003,2,0.02,55,0.55,100,0.014087772867642344,9137
no_dueling,random,2,92,0.09803921568627452,95.30000000000004,0,0.0,47,0.47,100,0.012373289256356657,9237
no_dueling,random,2,93,0.0970873786407767,94.6000000000001,0,0.0,54,0.54,100,0.016477893800474704,9337
no_dueling,random,2,94,0.09615384615384615,95.80000000000001,0,0.0,42,0.42,100,0.012882449717726558,9437
no_dueling,random,2,95,0.09523809523809523,92.90000000000006,1,0.01,52,0.52,100,0.011953494679182768,9537
no_dueling,random,2,96,0.09433962264150944,93.7000000000001,0,0.0,63,0.63,100,0.012294570591766387,9637
no_dueling,random,2,97,0.09345794392523366,96.00000000000004,0,0.0,40,0.4,100,0.011886639161966741,9737
no_dueling,random,2,98,0.09259259259259259,93.10000000000007,1,0.01,50,0.5,100,0.009768792754039168,9837
no_dueling,random,2,99,0.09174311926605504,93.9,1,0.01,42,0.42,100,0.010002698609605431,9937
no_dueling,random,2,100,0.09090909090909091,92.80000000000007,2,0.02,34,0.34,100,0.015555766122415661,10037
no_dueling,random,2,101,0.0900900900900901,91.50000000000006,2,0.02,47,0.47,100,0.010932965874671937,10137
no_dueling,random,2,102,0.08928571428571429,94.60000000000005,0,0.0,54,0.54,100,0.010778816333040595,10237
no_dueling,random,2,103,0.08849557522123894,92.80000000000005,1,0.01,53,0.53,100,0.011495142579078674,10337
no_dueling,random,2,104,0.08771929824561403,91.30000000000007,2,0.02,48,0.48,100,0.01120198736898601,10437
no_dueling,random,2,105,0.08695652173913043,93.80000000000004,1,0.01,42,0.42,100,0.011737441034056247,10537
no_dueling,random,2,106,0.08620689655172414,95.50000000000006,0,0.0,45,0.45,100,0.010917062480002642,10637
no_dueling,random,2,107,0.08547008547008547,94.40000000000002,1,0.01,37,0.37,100,0.01195665646577254,10737
no_dueling,random,2,108,0.0847457627118644,96.6,0,0.0,34,0.34,100,0.011742189014330506,10837
no_dueling,random,2,109,0.08403361344537814,96.10000000000007,0,0.0,39,0.39,100,0.01153834252152592,10937
no_dueling,random,2,110,0.08333333333333333,94.4,1,0.01,37,0.37,100,0.011729199895635247,11037
no_dueling,random,2,111,0.08264462809917356,90.40000000000005,2,0.02,58,0.58,100,0.011686403336934745,11137
no_dueling,random,2,112,0.0819672131147541,94.20000000000005,1,0.01,39,0.39,100,0.009159619747661054,11237
no_dueling,random,2,113,0.08130081300813008,93.60000000000008,1,0.01,45,0.45,100,0.010615153587423265,11337
no_dueling,random,2,114,0.08064516129032258,93.60000000000008,1,0.01,45,0.45,100,0.012002159687690438,11437
no_dueling,random,2,115,0.08,96.30000000000004,0,0.0,37,0.37,100,0.012893616133369505,11537
no_dueling,random,2,116,0.07936507936507936,94.50000000000006,0,0.0,55,0.55,100,0.010600508325733244,11637
no_dueling,random,2,117,0.07874015748031496,94.59999999999998,1,0.01,35,0.35,100,0.012492163106799126,11737
no_dueling,random,2,118,0.078125,95.40000000000006,0,0.0,46,0.46,100,0.013926559695973992,11837
no_dueling,random,2,119,0.07751937984496124,94.80000000000001,1,0.01,33,0.33,100,0.010342816049233079,11937
no_dueling,random,2,120,0.07692307692307693,95.00000000000006,0,0.0,50,0.5,100,0.012585273077711463,12037
no_dueling,random,2,121,0.07633587786259542,94.10000000000005,0,0.0,59,0.59,100,0.009019006518647074,12137
no_dueling,random,2,122,0.07575757575757576,95.00000000000006,0,0.0,50,0.5,100,0.011069132583215832,12237
no_dueling,random,2,123,0.07518796992481203,92.70000000000005,2,0.02,35,0.35,100,0.011891812533140183,12337
no_dueling,random,2,124,0.07462686567164178,94.80000000000005,0,0.0,52,0.52,100,0.012503226925618947,12437
no_dueling,random,2,125,0.07407407407407407,95.30000000000005,0,0.0,47,0.47,100,0.012693417193368077,12537
no_dueling,random,2,126,0.07352941176470588,95.10000000000004,0,0.0,49,0.49,100,0.012819582666270434,12637
no_dueling,random,2,127,0.07299270072992702,91.40000000000003,2,0.02,48,0.48,100,0.01044028184376657,12737
no_dueling,random,2,128,0.07246376811594203,95.90000000000003,0,0.0,41,0.41,100,0.014302865862846374,12837
no_dueling,random,2,129,0.07194244604316546,95.90000000000008,0,0.0,41,0.41,100,0.011809617737308145,12937
no_dueling,random,2,130,0.07142857142857142,96.70000000000007,0,0.0,33,0.33,100,0.011706230184063315,13037
no_dueling,random,2,131,0.07092198581560284,96.4,0,0.0,36,0.36,100,0.013726191711612046,13137
no_dueling,random,2,132,0.07042253521126761,93.30000000000005,1,0.01,48,0.48,100,0.009752014339901506,13237
no_dueling,random,2,133,0.06993006993006992,96.50000000000009,0,0.0,35,0.35,100,0.010542865023016929,13337
no_dueling,random,2,134,0.06944444444444445,94.00000000000004,1,0.01,41,0.41,100,0.011431498429737985,13437
no_dueling,random,2,135,0.06896551724137931,96.10000000000004,0,0.0,39,0.39,100,0.009377495446242392,13537
no_dueling,random,2,136,0.0684931506849315,95.90000000000006,0,0.0,41,0.41,100,0.01109458930324763,13637
no_dueling,random,2,137,0.06802721088435375,95.40000000000006,0,0.0,46,0.46,100,0.011452958062291145,13737
no_dueling,random,2,138,0.06756756756756756,89.60000000000005,3,0.03,47,0.47,100,0.01588395132217556,13837
no_dueling,random,2,139,0.06711409395973154,88.30000000000007,4,0.04,41,0.41,100,0.01424007437657565,13937
no_dueling,random,2,140,0.06666666666666667,96.60000000000007,0,0.0,34,0.34,100,0.011776337693445384,14037
no_dueling,random,2,141,0.06622516556291391,96.10000000000005,0,0.0,39,0.39,100,0.01568037607241422,14137
no_dueling,random,2,142,0.06578947368421052,93.7000000000001,1,0.01,44,0.44,100,0.010915057780221105,14237
no_dueling,random,2,143,0.06535947712418301,96.40000000000003,0,0.0,36,0.36,100,0.01046769947744906,14337
no_dueling,random,2,144,0.06493506493506493,92.10000000000005,2,0.02,40,0.4,100,0.012811521561816334,14437
no_dueling,random,2,145,0.06451612903225806,96.50000000000006,0,0.0,35,0.35,100,0.01044407329056412,14537
no_dueling,random,2,146,0.06410256410256411,96.40000000000006,0,0.0,36,0.36,100,0.010389954154379665,14637
no_dueling,random,2,147,0.06369426751592357,94.90000000000008,0,0.0,51,0.51,100,0.011164277042262256,14737
no_dueling,random,2,148,0.06329113924050632,92.90000000000003,1,0.01,52,0.52,100,0.009470363627187908,14837
no_dueling,random,2,149,0.06289308176100629,96.90000000000003,0,0.0,31,0.31,100,0.01022150607779622,14937
no_dueling,random,2,150,0.0625,95.70000000000006,0,0.0,43,0.43,100,0.012153762974776328,15037
no_dueling,random,2,151,0.06211180124223602,93.80000000000004,1,0.01,42,0.42,100,0.00976037693908438,15137
no_dueling,random,2,152,0.0617283950617284,95.90000000000003,0,0.0,41,0.41,100,0.011887989956885576,15237
no_dueling,random,2,153,0.06134969325153374,92.90000000000003,1,0.01,52,0.52,100,0.01354931599693373,15337
no_dueling,random,2,154,0.06097560975609757,96.60000000000004,0,0.0,34,0.34,100,0.009928673831745982,15437
no_dueling,random,2,155,0.06060606060606061,94.10000000000005,1,0.01,40,0.4,100,0.007724203162360936,15537
no_dueling,random,2,156,0.06024096385542168,94.10000000000001,1,0.01,40,0.4,100,0.01043237732257694,15637
no_dueling,random,2,157,0.059880239520958084,94.70000000000005,1,0.01,34,0.34,100,0.010766842684242875,15737
no_dueling,random,2,158,0.05952380952380952,95.80000000000001,1,0.01,23,0.23,100,0.010655010156333446,15837
no_dueling,random,2,159,0.0591715976331361,95.90000000000009,0,0.0,41,0.41,100,0.012767848889343441,15937
no_dueling,random,2,160,0.058823529411764705,94.10000000000007,1,0.01,40,0.4,100,0.012022294430062174,16037
no_dueling,random,2,161,0.05847953216374269,97.0,0,0.0,30,0.3,100,0.011757209510542453,16137
no_dueling,random,2,162,0.05813953488372093,94.70000000000002,1,0.01,33,0.33,100,0.012414655433967709,16237
no_dueling,random,2,163,0.057803468208092484,94.70000000000002,0,0.0,53,0.53,100,0.011041355712804943,16337
no_dueling,random,2,164,0.0574712643678161,93.60000000000005,1,0.01,45,0.45,100,0.013518175752833485,16437
no_dueling,random,2,165,0.05714285714285714,95.60000000000005,0,0.0,44,0.44,100,0.01172768849413842,16537
no_dueling,random,2,166,0.056818181818181816,96.10000000000004,0,0.0,39,0.39,100,0.010249812114052475,16637
no_dueling,random,2,167,0.05649717514124294,93.50000000000007,1,0.01,45,0.45,100,0.010491080211941152,16737
no_dueling,random,2,168,0.056179775280898875,95.30000000000007,0,0.0,47,0.47,100,0.012050428739748896,16837
no_dueling,random,2,169,0.0558659217877095,96.1,0,0.0,39,0.39,100,0.01126940727699548,16937
no_dueling,random,2,170,0.05555555555555555,97.20000000000002,0,0.0,28,0.28,100,0.010079991198144853,17037
no_dueling,random,2,171,0.055248618784530384,95.80000000000004,0,0.0,42,0.42,100,0.01474377084057778,17137
no_dueling,random,2,172,0.054945054945054944,96.50000000000004,0,0.0,35,0.35,100,0.011668937313370407,17237
no_dueling,random,2,173,0.0546448087431694,95.70000000000007,0,0.0,43,0.43,100,0.010545641458593309,17337
no_dueling,random,2,174,0.05434782608695653,93.70000000000005,1,0.01,44,0.44,100,0.01750392431858927,17437
no_dueling,random,2,175,0.05405405405405406,94.70000000000003,1,0.01,34,0.34,100,0.00923867717385292,17537
no_dueling,random,2,176,0.05376344086021505,97.00000000000006,0,0.0,30,0.3,100,0.010997623587027192,17637
no_dueling,random,2,177,0.053475935828877004,96.40000000000006,0,0.0,36,0.36,100,0.0109970588888973,17737
no_dueling,random,2,178,0.05319148936170213,93.60000000000005,1,0.01,45,0.45,100,0.010150607274845243,17837
no_dueling,random,2,179,0.052910052910052914,95.50000000000003,1,0.01,26,0.26,100,0.00987892081728205,17937
no_dueling,random,2,180,0.05263157894736842,94.7,1,0.01,34,0.34,100,0.011855731492396444,18037
no_dueling,random,2,181,0.05235602094240837,95.80000000000001,0,0.0,42,0.42,100,0.010057167038321496,18137
no_dueling,random,2,182,0.052083333333333336,95.2000000000001,0,0.0,48,0.48,100,0.010422892603091895,18237
no_dueling,random,2,183,0.05181347150259067,96.30000000000004,0,0.0,37,0.37,100,0.009793120073154568,18337
no_dueling,random,2,184,0.051546391752577324,93.60000000000004,1,0.01,45,0.45,100,0.011841419180855154,18437
no_dueling,random,2,185,0.05128205128205128,95.60000000000005,0,0.0,44,0.44,100,0.011174425585195422,18537
no_dueling,random,2,186,0.0510204081632653,93.20000000000003,1,0.01,49,0.49,100,0.009451049515046179,18637
no_dueling,random,2,187,0.050761421319796954,95.40000000000005,0,0.0,46,0.46,100,0.01119512986857444,18737
no_dueling,random,2,188,0.050505050505050504,95.60000000000002,0,0.0,44,0.44,100,0.011712995828129352,18837
no_dueling,random,2,189,0.05025125628140704,95.80000000000008,0,0.0,42,0.42,100,0.00859454199904576,18937
no_dueling,random,2,190,0.05,94.10000000000005,1,0.01,39,0.39,100,0.010269418028183281,19037
no_dueling,random,2,191,0.04975124378109452,96.40000000000005,0,0.0,36,0.36,100,0.011246137912385165,19137
no_dueling,random,2,192,0.04950495049504951,93.50000000000001,1,0.01,46,0.46,100,0.012752241166308522,19237
no_dueling,random,2,193,0.04926108374384236,95.29999999999998,1,0.01,28,0.28,100,0.014221214130520821,19337
no_dueling,random,2,194,0.04901960784313726,92.90000000000006,2,0.02,33,0.33,100,0.009337757141329348,19437
no_dueling,random,2,195,0.04878048780487805,87.40000000000003,4,0.04,48,0.48,100,0.011513957437127829,19537
no_dueling,random,2,196,0.04854368932038835,92.60000000000002,2,0.02,35,0.35,100,0.00938778524287045,19637
no_dueling,random,2,197,0.04830917874396135,96.10000000000005,0,0.0,39,0.39,100,0.009852186227217317,19737
no_dueling,random,2,198,0.04807692307692307,96.70000000000005,0,0.0,33,0.33,100,0.009913009577430784,19837
no_dueling,random,2,199,0.04784688995215311,95.20000000000005,0,0.0,48,0.48,100,0.00962210192810744,19937
no_dueling,random,3,0,1.0,71.69999999999996,10,0.1,92,0.92,100,0.20196048562993874,37
no_dueling,random,3,1,0.9090909090909091,64.49999999999993,14,0.14,87,0.87,100,0.05526699049398303,137
no_dueling,random,3,2,0.8333333333333334,78.0,7,0.07,85,0.85,100,0.02675649826414883,237
no_dueling,random,3,3,0.7692307692307692,84.10000000000007,4,0.04,83,0.83,100,0.03560393985360861,337
no_dueling,random,3,4,0.7142857142857143,68.29999999999995,12,0.12,88,0.88,100,0.01330974674783647,437
no_dueling,random,3,5,0.6666666666666666,66.69999999999995,13,0.13,84,0.84,100,0.009709013584069908,537
no_dueling,random,3,6,0.625,76.19999999999999,8,0.08,83,0.83,100,0.006721429615281522,637
no_dueling,random,3,7,0.5882352941176471,78.20000000000003,7,0.07,85,0.85,100,0.0045644991542212665,737
no_dueling,random,3,8,0.5555555555555556,70.59999999999998,11,0.11,84,0.84,100,0.004119917249772698,837
no_dueling,random,3,9,0.5263157894736842,79.00000000000003,7,0.07,76,0.76,100,0.004820220065303147,937
no_dueling,random,3,10,0.5,75.2,9,0.09,75,0.75,100,0.006438176035881042,1037
no_dueling,random,3,11,0.47619047619047616,81.70000000000002,6,0.06,69,0.69,100,0.006300722083542496,1137
no_dueling,random,3,12,0.45454545454545453,80.70000000000002,6,0.06,77,0.77,100,0.007874822656158359,1237
no_dueling,random,3,13,0.4347826086956522,84.40000000000005,4,0.04,80,0.8,100,0.006146555901505053,1337
no_dueling,random,3,14,0.4166666666666667,82.60000000000001,5,0.05,77,0.77,100,0.006307884028647095,1437
no_dueling,random,3,15,0.4,80.9,6,0.06,76,0.76,100,0.006717914829496294,1537
no_dueling,random,3,16,0.3846153846153846,89.70000000000006,2,0.02,65,0.65,100,0.0069637443218380215,1637
no_dueling,random,3,17,0.37037037037037035,87.50000000000006,3,0.03,68,0.68,100,0.006217788385692984,1737
no_dueling,random,3,18,0.35714285714285715,90.90000000000009,1,0.01,72,0.72,100,0.0057054187962785365,1837
no_dueling,random,3,19,0.3448275862068966,89.00000000000009,2,0.02,72,0.72,100,0.00932580491527915,1937
no_dueling,random,3,20,0.3333333333333333,91.50000000000006,1,0.01,66,0.66,100,0.011411039682570845,2037
no_dueling,random,3,21,0.3225806451612903,88.30000000000005,2,0.02,79,0.79,100,0.007710233358666301,2137
no_dueling,random,3,22,0.3125,89.30000000000007,2,0.02,69,0.69,100,0.006370806996710598,2237
no_dueling,random,3,23,0.30303030303030304,82.50000000000006,5,0.05,80,0.8,100,0.007821543584577739,2337
no_dueling,random,3,24,0.29411764705882354,89.20000000000006,2,0.02,70,0.7,100,0.006793696391396225,2437
no_dueling,random,3,25,0.2857142857142857,86.30000000000001,4,0.04,60,0.6,100,0.00706648422172293,2537
no_dueling,random,3,26,0.2777777777777778,83.20000000000003,5,0.05,73,0.73,100,0.009529987967107445,2637
no_dueling,random,3,27,0.27027027027027023,90.70000000000009,1,0.01,74,0.74,100,0.007687041722238064,2737
no_dueling,random,3,28,0.2631578947368421,91.10000000000008,1,0.01,70,0.7,100,0.009021642501465976,2837
no_dueling,random,3,29,0.25641025641025644,91.20000000000007,1,0.01,69,0.69,100,0.009247514000162483,2937
no_dueling,random,3,30,0.25,87.70000000000006,3,0.03,65,0.65,100,0.007839996316470206,3037
no_dueling,random,3,31,0.24390243902439027,82.90000000000005,6,0.06,57,0.57,100,0.007750013850163669,3137
no_dueling,random,3,32,0.23809523809523808,88.10000000000004,3,0.03,62,0.62,100,0.007854536974336952,3237
no_dueling,random,3,33,0.23255813953488372,90.50000000000006,2,0.02,57,0.57,100,0.006852396063040942,3337
no_dueling,random,3,34,0.22727272727272727,91.20000000000007,1,0.01,69,0.69,100,0.008407392043154686,3437
no_dueling,random,3,35,0.2222222222222222,89.60000000000004,2,0.02,65,0.65,100,0.007633235272951424,3537
no_dueling,random,3,36,0.2173913043478261,90.20000000000007,2,0.02,60,0.6,100,0.008714199056848884,3637
no_dueling,random,3,37,0.2127659574468085,89.90000000000005,2,0.02,63,0.63,100,0.007548145903274417,3737
no_dueling,random,3,38,0.20833333333333334,90.00000000000003,2,0.02,62,0.62,100,0.008354107264894993,3837
no_dueling,random,3,39,0.2040816326530612,92.40000000000006,1,0.01,57,0.57,100,0.006924579327460378,3937
no_dueling,random,3,40,0.2,84.60000000000002,5,0.05,58,0.58,100,0.009273788807913661,4037
no_dueling,random,3,41,0.19607843137254904,88.60000000000007,3,0.03,55,0.55,100,0.008050278224982322,4137
no_dueling,random,3,42,0.1923076923076923,87.40000000000006,3,0.03,69,0.69,100,0.00934419086202979,4237
no_dueling,random,3,43,0.18867924528301888,90.60000000000005,2,0.02,55,0.55,100,0.009730858658440412,4337
no_dueling,random,3,44,0.18518518518518517,88.80000000000005,3,0.03,55,0.55,100,0.011073487284593285,4437
no_dueling,random,3,45,0.18181818181818182,84.10000000000002,5,0.05,64,0.64,100,0.010021585922222584,4537
no_dueling,random,3,46,0.17857142857142858,94.40000000000008,0,0.0,56,0.56,100,0.007674885299056768,4637
no_dueling,random,3,47,0.17543859649122806,88.90000000000008,2,0.02,72,0.72,100,0.009137574173510075,4737
no_dueling,random,3,48,0.1724137931034483,87.20000000000006,3,0.03,69,0.69,100,0.007610700256191194,4837
no_dueling,random,3,49,0.1694915254237288,88.20000000000003,3,0.03,61,0.61,100,0.009519673814065755,4937
no_dueling,random,3,50,0.16666666666666666,88.10000000000005,3,0.03,62,0.62,100,0.0076802499429322775,5037
no_dueling,random,3,51,0.1639344262295082,92.30000000000004,1,0.01,58,0.58,100,0.008060198540333659,5137
no_dueling,random,3,52,0.16129032258064516,89.30000000000004,2,0.02,69,0.69,100,0.008844272410497069,5237
no_dueling,random,3,53,0.15873015873015872,92.90000000000003,1,0.01,52,0.52,100,0.007645514933392406,5337
no_dueling,random,3,54,0.15625,89.90000000000006,2,0.02,63,0.63,100,0.009288515299558639,5437
no_dueling,random,3,55,0.15384615384615385,91.00000000000006,2,0.02,52,0.52,100,0.009918269068002701,5537
no_dueling,random,3,56,0.15151515151515152,90.20000000000005,2,0.02,60,0.6,100,0.007517804685048759,5637
no_dueling,random,3,57,0.14925373134328357,95.30000000000004,0,0.0,47,0.47,100,0.0072511281538754704,5737
no_dueling,random,3,58,0.14705882352941177,91.40000000000005,2,0.02,48,0.48,100,0.00661100081866607,5837
no_dueling,random,3,59,0.14492753623188406,88.20000000000005,3,0.03,61,0.61,100,0.008901611738838255,5937
no_dueling,random,3,60,0.14285714285714285,91.00000000000003,2,0.02,50,0.5,100,0.00934934897813946,6037
no_dueling,random,3,61,0.14084507042253522,90.30000000000004,2,0.02,58,0.58,100,0.008425670429132878,6137
no_dueling,random,3,62,0.1388888888888889,94.30000000000008,0,0.0,57,0.57,100,0.008847599485889077,6237
no_dueling,random,3,63,0.136986301369863,93.50000000000007,1,0.01,46,0.46,100,0.007829566705040633,6337
no_dueling,random,3,64,0.13513513513513511,90.00000000000001,2,0.02,62,0.62,100,0.00801830384414643,6437
no_dueling,random,3,65,0.13333333333333333,87.10000000000002,4,0.04,53,0.53,100,0.008751263469457626,6537
no_dueling,random,3,66,0.13157894736842105,91.10000000000004,2,0.02,51,0.51,100,0.008582064853981138,6637
no_dueling,random,3,67,0.12987012987012986,87.9,4,0.04,44,0.44,100,0.008377600815147162,6737
no_dueling,random,3,68,0.12820512820512822,89.90000000000003,2,0.02,63,0.63,100,0.008782114461064338,6837
no_dueling,random,3,69,0.12658227848101264,90.50000000000003,2,0.02,57,0.57,100,0.008587369127199054,6937
no_dueling,random,3,70,0.125,95.80000000000005,0,0.0,42,0.42,100,0.008261284024920315,7037
no_dueling,random,3,71,0.1234567901234568,92.60000000000004,1,0.01,55,0.55,100,0.007554117292165756,7137
no_dueling,random,3,72,0.12195121951219513,91.40000000000003,2,0.02,47,0.47,100,0.0084281971398741,7237
no_dueling,random,3,73,0.12048192771084336,91.20000000000006,2,0.02,50,0.5,100,0.008270074087195099,7337
no_dueling,random,3,74,0.11904761904761904,92.5000000000001,1,0.01,56,0.56,100,0.008369058421812951,7437
no_dueling,random,3,75,0.11764705882352941,94.20000000000009,0,0.0,58,0.58,100,0.009163299628999083,7537
no_dueling,random,3,76,0.11627906976744186,93.20000000000003,1,0.01,48,0.48,100,0.008353047599084675,7637
no_dueling,random,3,77,0.1149425287356322,94.50000000000007,0,0.0,55,0.55,100,0.008986286628060043,7737
no_dueling,random,3,78,0.11363636363636363,96.00000000000004,0,0.0,40,0.4,100,0.00822263931389898,7837
no_dueling,random,3,79,0.11235955056179775,96.10000000000001,0,0.0,39,0.39,100,0.007985947402194143,7937
no_dueling,random,3,80,0.1111111111111111,85.30000000000005,5,0.05,52,0.52,100,0.009894480614457279,8037
no_dueling,random,3,81,0.10989010989010989,96.10000000000004,0,0.0,39,0.39,100,0.008186920378357172,8137
no_dueling,random,3,82,0.10869565217391305,95.10000000000005,0,0.0,49,0.49,100,0.008142112819477916,8237
no_dueling,random,3,83,0.1075268817204301,91.90000000000009,1,0.01,62,0.62,100,0.009317629649303853,8337
no_dueling,random,3,84,0.10638297872340426,91.90000000000006,2,0.02,43,0.43,100,0.009649578500539064,8437
no_dueling,random,3,85,0.10526315789473684,93.30000000000005,1,0.01,48,0.48,100,0.010234899362549186,8537
no_dueling,random,3,86,0.10416666666666667,93.8,1,0.01,43,0.43,100,0.009969103774055839,8637
no_dueling,random,3,87,0.10309278350515465,95.50000000000003,0,0.0,45,0.45,100,0.009891926287673413,8737
no_dueling,random,3,88,0.1020408163265306,94.20000000000009,1,0.01,38,0.38,100,0.010103460997343064,8837
no_dueling,random,3,89,0.10101010101010101,88.90000000000009,3,0.03,54,0.54,100,0.00914201653096825,8937
no_dueling,random,3,90,0.1,95.50000000000006,0,0.0,45,0.45,100,0.009285028073936701,9037
no_dueling,random,3,91,0.09900990099009901,94.60000000000004,0,0.0,54,0.54,100,0.01079275278840214,9137
no_dueling,random,3,92,0.09803921568627452,92.00000000000006,1,0.01,61,0.61,100,0.010550934476777912,9237
no_dueling,random,3,93,0.0970873786407767,93.60000000000007,1,0.01,44,0.44,100,0.011408058013767004,9337
no_dueling,random,3,94,0.09615384615384615,91.50000000000004,2,0.02,47,0.47,100,0.011212067641317845,9437
no_dueling,random,3,95,0.09523809523809523,95.70000000000003,0,0.0,43,0.43,100,0.00884487858042121,9537
no_dueling,random,3,96,0.09433962264150944,91.80000000000007,2,0.02,44,0.44,100,0.008796440875157715,9637
no_dueling,random,3,97,0.09345794392523366,91.90000000000003,2,0.02,43,0.43,100,0.016156160403043032,9737
no_dueling,random,3,98,0.09259259259259259,94.40000000000009,0,0.0,56,0.56,100,0.011432291164528579,9837
no_dueling,random,3,99,0.09174311926605504,94.00000000000007,0,0.0,60,0.6,100,0.01173300867434591,9937
no_dueling,random,3,100,0.09090909090909091,91.30000000000008,2,0.02,49,0.49,100,0.011261651939712465,10037
no_dueling,random,3,101,0.0900900900900901,92.20000000000003,2,0.02,40,0.4,100,0.010426605776883662,10137
no_dueling,random,3,102,0.08928571428571429,95.70000000000005,0,0.0,43,0.43,100,0.010765944351442158,10237
no_dueling,random,3,103,0.08849557522123894,94.60000000000005,1,0.01,35,0.35,100,0.008392153191380203,10337
no_dueling,random,3,104,0.08771929824561403,94.40000000000006,1,0.01,37,0.37,100,0.00834795503411442,10437
no_dueling,random,3,105,0.08695652173913043,95.80000000000005,0,0.0,42,0.42,100,0.00967903648270294,10537
no_dueling,random,3,106,0.08620689655172414,95.70000000000005,0,0.0,43,0.43,100,0.009068717202171683,10637
no_dueling,random,3,107,0.08547008547008547,90.70000000000009,2,0.02,55,0.55,100,0.009435165231116116,10737
no_dueling,random,3,108,0.0847457627118644,89.5,3,0.03,46,0.46,100,0.012349132779054344,10837
no_dueling,random,3,109,0.08403361344537814,95.90000000000006,0,0.0,41,0.41,100,0.010327672832645476,10937
no_dueling,random,3,110,0.08333333333333333,90.80000000000007,2,0.02,54,0.54,100,0.010465733422897756,11037
no_dueling,random,3,111,0.08264462809917356,92.00000000000006,2,0.02,42,0.42,100,0.007618353387806564,11137
no_dueling,random,3,112,0.0819672131147541,94.00000000000004,1,0.01,41,0.41,100,0.008441474265418946,11237
no_dueling,random,3,113,0.08130081300813008,95.90000000000006,0,0.0,41,0.41,100,0.008797777148429305,11337
no_dueling,random,3,114,0.08064516129032258,91.50000000000003,2,0.02,46,0.46,100,0.0097685188613832,11437
no_dueling,random,3,115,0.08,93.70000000000005,1,0.01,44,0.44,100,0.008308330832514912,11537
no_dueling,random,3,116,0.07936507936507936,91.30000000000008,2,0.02,49,0.49,100,0.009783371817320585,11637
no_dueling,random,3,117,0.07874015748031496,96.20000000000009,0,0.0,38,0.38,100,0.00720866207499057,11737
no_dueling,random,3,118,0.078125,93.60000000000002,2,0.02,26,0.26,100,0.00795428162906319,11837
no_dueling,random,3,119,0.07751937984496124,89.80000000000003,3,0.03,44,0.44,100,0.008776069171726703,11937
no_dueling,random,3,120,0.07692307692307693,93.60000000000004,1,0.01,45,0.45,100,0.008619028634857386,12037
no_dueling,random,3,121,0.07633587786259542,96.00000000000006,0,0.0,40,0.4,100,0.010916927214711904,12137
no_dueling,random,3,122,0.07575757575757576,95.10000000000005,0,0.0,49,0.49,100,0.008533872365951538,12237
no_dueling,random,3,123,0.07518796992481203,95.70000000000005,0,0.0,43,0.43,100,0.008222927073948085,12337
no_dueling,random,3,124,0.07462686567164178,94.80000000000008,1,0.01,33,0.33,100,0.010305574564263224,12437
no_dueling,random,3,125,0.07407407407407407,94.40000000000005,0,0.0,56,0.56,100,0.009989128820598126,12537
no_dueling,random,3,126,0.07352941176470588,96.20000000000006,0,0.0,38,0.38,100,0.010512561611831188,12637
no_dueling,random,3,127,0.07299270072992702,95.19999999999999,1,0.01,28,0.28,100,0.008750188131816685,12737
no_dueling,random,3,128,0.07246376811594203,96.30000000000005,0,0.0,37,0.37,100,0.008895284370519221,12837
no_dueling,random,3,129,0.07194244604316546,89.30000000000004,3,0.03,50,0.5,100,0.00965975153958425,12937
no_dueling,random,3,130,0.07142857142857142,95.90000000000002,0,0.0,41,0.41,100,0.008757295778486877,13037
no_dueling,random,3,131,0.07092198581560284,95.20000000000005,0,0.0,48,0.48,100,0.0111536799184978,13137
no_dueling,random,3,132,0.07042253521126761,95.30000000000007,0,0.0,47,0.47,100,0.011017446774058044,13237
no_dueling,random,3,133,0.06993006993006992,95.60000000000002,0,0.0,44,0.44,100,0.013168977212626488,13337
no_dueling,random,3,134,0.06944444444444445,91.70000000000002,2,0.02,45,0.45,100,0.010667031086049973,13437
no_dueling,random,3,135,0.06896551724137931,96.30000000000004,0,0.0,37,0.37,100,0.008949038530699909,13537
no_dueling,random,3,136,0.0684931506849315,93.20000000000006,1,0.01,49,0.49,100,0.010201995747629554,13637
no_dueling,random,3,137,0.06802721088435375,95.90000000000005,0,0.0,41,0.41,100,0.00998800405766815,13737
no_dueling,random,3,138,0.06756756756756756,97.10000000000005,0,0.0,29,0.29,100,0.008219716907478868,13837
no_dueling,random,3,139,0.06711409395973154,96.00000000000003,0,0.0,40,0.4,100,0.010149228377267719,13937
no_dueling,random,3,140,0.06666666666666667,95.60000000000007,0,0.0,44,0.44,100,0.012468418362550438,14037
no_dueling,random,3,141,0.06622516556291391,95.50000000000006,0,0.0,45,0.45,100,0.009606423820368946,14137
no_dueling,random,3,142,0.06578947368421052,94.50000000000001,1,0.01,35,0.35,100,0.008659615605138242,14237
no_dueling,random,3,143,0.06535947712418301,95.00000000000003,1,0.01,30,0.3,100,0.008822870743460953,14337
no_dueling,random,3,144,0.06493506493506493,89.80000000000007,3,0.03,44,0.44,100,0.009083060622215271,14437
no_dueling,random,3,145,0.06451612903225806,90.40000000000002,3,0.03,39,0.39,100,0.00880662712501362,14537
no_dueling,random,3,146,0.06410256410256411,91.60000000000002,2,0.02,46,0.46,100,0.009374493011273443,14637
no_dueling,random,3,147,0.06369426751592357,96.20000000000006,0,0.0,38,0.38,100,0.01111835532821715,14737
no_dueling,random,3,148,0.06329113924050632,97.0,0,0.0,30,0.3,100,0.011245260001160204,14837
no_dueling,random,3,149,0.06289308176100629,97.30000000000001,0,0.0,27,0.27,100,0.00961797202937305,14937
no_dueling,random,3,150,0.0625,92.60000000000008,2,0.02,36,0.36,100,0.00954789977055043,15037
no_dueling,random,3,151,0.06211180124223602,96.30000000000001,0,0.0,37,0.37,100,0.010011952768545598,15137
no_dueling,random,3,152,0.0617283950617284,97.10000000000004,0,0.0,29,0.29,100,0.009786397470161318,15237
no_dueling,random,3,153,0.06134969325153374,96.10000000000004,0,0.0,39,0.39,100,0.00936011654091999,15337
no_dueling,random,3,154,0.06097560975609757,95.60000000000007,0,0.0,44,0.44,100,0.009642902615014463,15437
no_dueling,random,3,155,0.06060606060606061,94.80000000000008,0,0.0,52,0.52,100,0.009600578267127275,15537
no_dueling,random,3,156,0.06024096385542168,92.20000000000006,2,0.02,39,0.39,100,0.009396469830535352,15637
no_dueling,random,3,157,0.059880239520958084,97.10000000000005,0,0.0,29,0.29,100,0.010661677573807538,15737
no_dueling,random,3,158,0.05952380952380952,96.60000000000001,0,0.0,34,0.34,100,0.010346593593712896,15837
no_dueling,random,3,159,0.0591715976331361,95.60000000000005,1,0.01,25,0.25,100,0.010527954022400081,15937
no_dueling,random,3,160,0.058823529411764705,97.80000000000001,0,0.0,22,0.22,100,0.009183364321943372,16037
no_dueling,random,3,161,0.05847953216374269,96.90000000000003,0,0.0,31,0.31,100,0.009771892921999098,16137
no_dueling,random,3,162,0.05813953488372093,96.80000000000003,0,0.0,32,0.32,100,0.007924316939897836,16237
no_dueling,random,3,163,0.057803468208092484,94.10000000000005,1,0.01,39,0.39,100,0.009609101263340563,16337
no_dueling,random,3,164,0.0574712643678161,96.90000000000009,0,0.0,31,0.31,100,0.009801125731319188,16437
no_dueling,random,3,165,0.05714285714285714,96.60000000000005,0,0.0,34,0.34,100,0.01278732465347275,16537
no_dueling,random,3,166,0.056818181818181816,95.20000000000003,1,0.01,28,0.28,100,0.009824358790647239,16637
no_dueling,random,3,167,0.05649717514124294,90.40000000000005,3,0.03,39,0.39,100,0.011623528399504722,16737
no_dueling,random,3,168,0.056179775280898875,96.1000000000001,0,0.0,39,0.39,100,0.012638962138444185,16837
no_dueling,random,3,169,0.0558659217877095,95.60000000000005,1,0.01,24,0.24,100,0.009338806993328034,16937
no_dueling,random,3,170,0.05555555555555555,96.70000000000002,0,0.0,33,0.33,100,0.008929617868270725,17037
no_dueling,random,3,171,0.055248618784530384,93.00000000000006,1,0.01,50,0.5,100,0.011716430415399373,17137
no_dueling,random,3,172,0.054945054945054944,92.50000000000003,2,0.02,36,0.36,100,0.012403784589841961,17237
no_dueling,random,3,173,0.0546448087431694,96.20000000000005,0,0.0,38,0.38,100,0.013773848842829466,17337
no_dueling,random,3,174,0.05434782608695653,93.10000000000002,2,0.02,31,0.31,100,0.00969803744694218,17437
no_dueling,random,3,175,0.05405405405405406,89.10000000000002,4,0.04,33,0.33,100,0.009548792317509651,17537
no_dueling,random,3,176,0.05376344086021505,94.70000000000003,1,0.01,34,0.34,100,0.01059894472360611,17637
no_dueling,random,3,177,0.053475935828877004,94.70000000000005,0,0.0,53,0.53,100,0.009592624008655548,17737
no_dueling,random,3,178,0.05319148936170213,92.7000000000001,1,0.01,53,0.53,100,0.010199710009619594,17837
no_dueling,random,3,179,0.052910052910052914,93.30000000000001,2,0.02,29,0.29,100,0.01231403878889978,17937
no_dueling,random,3,180,0.05263157894736842,94.50000000000004,1,0.01,36,0.36,100,0.009866868662647903,18037
no_dueling,random,3,181,0.05235602094240837,95.70000000000002,0,0.0,43,0.43,100,0.008115306482650339,18137
no_dueling,random,3,182,0.052083333333333336,95.00000000000004,1,0.01,31,0.31,100,0.012006740546785294,18237
no_dueling,random,3,183,0.05181347150259067,94.40000000000006,1,0.01,36,0.36,100,0.01291435637511313,18337
no_dueling,random,3,184,0.051546391752577324,94.30000000000003,1,0.01,38,0.38,100,0.009129040837287904,18437
no_dueling,random,3,185,0.05128205128205128,94.60000000000002,1,0.01,35,0.35,100,0.010296633136458695,18537
no_dueling,random,3,186,0.0510204081632653,97.20000000000003,0,0.0,28,0.28,100,0.009850856666453182,18637
no_dueling,random,3,187,0.050761421319796954,94.60000000000005,1,0.01,35,0.35,100,0.011057855891995132,18737
no_dueling,random,3,188,0.050505050505050504,96.80000000000001,0,0.0,32,0.32,100,0.009963810248300432,18837
no_dueling,random,3,189,0.05025125628140704,97.60000000000002,0,0.0,24,0.24,100,0.011641758126206696,18937
no_dueling,random,3,190,0.05,93.40000000000005,1,0.01,47,0.47,100,0.009900532432366162,19037
no_dueling,random,3,191,0.04975124378109452,95.10000000000001,1,0.01,30,0.3,100,0.007733391940128058,19137
no_dueling,random,3,192,0.04950495049504951,96.0,1,0.01,20,0.2,100,0.010985187622718513,19237
no_dueling,random,3,193,0.04926108374384236,97.60000000000004,0,0.0,24,0.24,100,0.00752087012398988,19337
no_dueling,random,3,194,0.04901960784313726,94.60000000000002,1,0.01,35,0.35,100,0.009318952346220613,19437
no_dueling,random,3,195,0.04878048780487805,95.70000000000007,0,0.0,43,0.43,100,0.008659386830404401,19537
no_dueling,random,3,196,0.04854368932038835,94.39999999999999,1,0.01,37,0.37,100,0.012916666837409139,19637
no_dueling,random,3,197,0.04830917874396135,96.60000000000002,0,0.0,34,0.34,100,0.009830507321748883,19737
no_dueling,random,3,198,0.04807692307692307,94.00000000000003,1,0.01,41,0.41,100,0.010389995402656496,19837
no_dueling,random,3,199,0.04784688995215311,95.20000000000005,1,0.01,29,0.29,100,0.009283824278973042,19937
no_dueling,random,4,0,1.0,71.79999999999997,10,0.1,91,0.91,100,0.21781790689439387,37
no_dueling,random,4,1,0.9090909090909091,68.39999999999995,12,0.12,87,0.87,100,0.05280754990875721,137
no_dueling,random,4,2,0.8333333333333334,69.79999999999997,11,0.11,90,0.9,100,0.041617771945893764,237
no_dueling,random,4,3,0.7692307692307692,68.79999999999995,12,0.12,82,0.82,100,0.022088165469467638,337
no_dueling,random,4,4,0.7142857142857143,75.50000000000001,8,0.08,92,0.92,100,0.012580219125375151,437
no_dueling,random,4,5,0.6666666666666666,80.00000000000003,6,0.06,85,0.85,100,0.010296958852559329,537
no_dueling,random,4,6,0.625,78.20000000000002,7,0.07,84,0.84,100,0.0060036352672614155,637
no_dueling,random,4,7,0.5882352941176471,73.49999999999999,10,0.1,71,0.71,100,0.004554172311909497,737
no_dueling,random,4,8,0.5555555555555556,80.20000000000005,6,0.06,84,0.84,100,0.004996930444613099,837
no_dueling,random,4,9,0.5263157894736842,83.00000000000004,5,0.05,75,0.75,100,0.005809279915411025,937
no_dueling,random,4,10,0.5,83.00000000000006,5,0.05,73,0.73,100,0.004352013941388577,1037
no_dueling,random,4,11,0.47619047619047616,82.80000000000004,5,0.05,76,0.76,100,0.005823042171541602,1137
no_dueling,random,4,12,0.45454545454545453,84.70000000000005,4,0.04,77,0.77,100,0.004319005641154945,1237
no_dueling,random,4,13,0.4347826086956522,76.39999999999998,8,0.08,82,0.82,100,0.0053105956595391034,1337
no_dueling,random,4,14,0.4166666666666667,74.5,9,0.09,81,0.81,100,0.0071474924543872475,1437
no_dueling,random,4,15,0.4,86.10000000000008,3,0.03,82,0.82,100,0.006497947715688497,1537
no_dueling,random,4,16,0.3846153846153846,87.00000000000006,3,0.03,73,0.73,100,0.005297663498204201,1637
no_dueling,random,4,17,0.37037037037037035,86.50000000000004,3,0.03,78,0.78,100,0.01043421276146546,1737
no_dueling,random,4,18,0.35714285714285715,84.70000000000005,4,0.04,77,0.77,100,0.007499064782168716,1837
no_dueling,random,4,19,0.3448275862068966,81.10000000000005,6,0.06,74,0.74,100,0.005958408187143505,1937
no_dueling,random,4,20,0.3333333333333333,87.90000000000005,3,0.03,64,0.64,100,0.0063523607444949445,2037
no_dueling,random,4,21,0.3225806451612903,73.6,10,0.1,73,0.73,100,0.007032867083325982,2137
no_dueling,random,4,22,0.3125,73.70000000000002,10,0.1,72,0.72,100,0.006972202227916569,2237
no_dueling,random,4,23,0.30303030303030304,81.4,6,0.06,72,0.72,100,0.009290163074620068,2337
no_dueling,random,4,24,0.29411764705882354,81.70000000000002,6,0.06,69,0.69,100,0.007212290139868856,2437
no_dueling,random,4,25,0.2857142857142857,84.60000000000002,4,0.04,78,0.78,100,0.004843967803753913,2537
no_dueling,random,4,26,0.2777777777777778,87.20000000000005,3,0.03,71,0.71,100,0.005812006955966354,2637
no_dueling,random,4,27,0.27027027027027023,84.60000000000005,5,0.05,58,0.58,100,0.005935514429584145,2737
no_dueling,random,4,28,0.2631578947368421,83.70000000000005,5,0.05,68,0.68,100,0.007238595865201205,2837
no_dueling,random,4,29,0.25641025641025644,83.80000000000004,5,0.05,67,0.67,100,0.007079164111055434,2937
no_dueling,random,4,30,0.25,91.80000000000007,1,0.01,63,0.63,100,0.0071345391287468375,3037
no_dueling,random,4,31,0.24390243902439027,81.00000000000001,6,0.06,74,0.74,100,0.007583904468920082,3137
no_dueling,random,4,32,0.23809523809523808,85.50000000000009,4,0.04,69,0.69,100,0.006728350177872926,3237
no_dueling,random,4,33,0.23255813953488372,91.40000000000009,1,0.01,67,0.67,100,0.008790225000120699,3337
no_dueling,random,4,34,0.22727272727272727,89.10000000000008,2,0.02,71,0.71,100,0.0071825970825739206,3437
no_dueling,random,4,35,0.2222222222222222,93.70000000000007,0,0.0,63,0.63,100,0.006977231462951749,3537
no_dueling,random,4,36,0.2173913043478261,86.80000000000004,3,0.03,73,0.73,100,0.007093384952750057,3637
no_dueling,random,4,37,0.2127659574468085,92.00000000000007,1,0.01,61,0.61,100,0.006552146123722196,3737
no_dueling,random,4,38,0.20833333333333334,84.70000000000005,5,0.05,56,0.56,100,0.006673723303247243,3837
no_dueling,random,4,39,0.2040816326530612,91.40000000000002,1,0.01,66,0.66,100,0.006931645185686648,3937
no_dueling,random,4,40,0.2,83.90000000000003,5,0.05,65,0.65,100,0.00668189087882638,4037
no_dueling,random,4,41,0.19607843137254904,91.80000000000008,1,0.01,63,0.63,100,0.005522613269276917,4137
no_dueling,random,4,42,0.1923076923076923,86.80000000000004,4,0.04,56,0.56,100,0.0069688382744789125,4237
no_dueling,random,4,43,0.18867924528301888,92.40000000000005,1,0.01,57,0.57,100,0.007206349589396268,4337
no_dueling,random,4,44,0.18518518518518517,92.20000000000005,1,0.01,58,0.58,100,0.007975723589770495,4437
no_dueling,random,4,45,0.18181818181818182,89.50000000000004,2,0.02,67,0.67,100,0.0076338257058523595,4537
no_dueling,random,4,46,0.17857142857142858,92.90000000000006,1,0.01,52,0.52,100,0.00781545965699479,4637
no_dueling,random,4,47,0.17543859649122806,92.00000000000009,1,0.01,61,0.61,100,0.008344092615880072,4737
no_dueling,random,4,48,0.1724137931034483,84.10000000000002,5,0.05,64,0.64,100,0.00790673475479707,4837
no_dueling,random,4,49,0.1694915254237288,88.60000000000004,3,0.03,56,0.56,100,0.006910779962781817,4937
no_dueling,random,4,50,0.16666666666666666,93.20000000000006,0,0.0,68,0.68,100,0.010645557052921504,5037
no_dueling,random,4,51,0.1639344262295082,82.5,6,0.06,61,0.61,100,0.007789272265508771,5137
no_dueling,random,4,52,0.16129032258064516,90.3000000000001,2,0.02,59,0.59,100,0.008769488772377371,5237
no_dueling,random,4,53,0.15873015873015872,90.20000000000006,2,0.02,59,0.59,100,0.006718422574922442,5337
no_dueling,random,4,54,0.15625,94.40000000000006,0,0.0,56,0.56,100,0.007637786827981472,5437
no_dueling,random,4,55,0.15384615384615385,90.30000000000007,2,0.02,59,0.59,100,0.008300423121545464,5537
no_dueling,random,4,56,0.15151515151515152,89.10000000000004,3,0.03,52,0.52,100,0.006303046345710755,5637
no_dueling,random,4,57,0.14925373134328357,92.40000000000003,1,0.01,57,0.57,100,0.006580400257371366,5737
no_dueling,random,4,58,0.14705882352941177,92.60000000000008,1,0.01,55,0.55,100,0.00810039422241971,5837
no_dueling,random,4,59,0.14492753623188406,94.40000000000006,0,0.0,56,0.56,100,0.008540805587545037,5937
no_dueling,random,4,60,0.14285714285714285,87.40000000000006,4,0.04,50,0.5,100,0.008230910920538008,6037
no_dueling,random,4,61,0.14084507042253522,95.10000000000008,0,0.0,49,0.49,100,0.012935402425937355,6137
no_dueling,random,4,62,0.1388888888888889,91.90000000000006,1,0.01,62,0.62,100,0.013832162991166115,6237
no_dueling,random,4,63,0.136986301369863,90.10000000000004,2,0.02,61,0.61,100,0.013277121833525599,6337
no_dueling,random,4,64,0.13513513513513511,88.30000000000007,3,0.03,60,0.6,100,0.012801088890992105,6437
no_dueling,random,4,65,0.13333333333333333,90.20000000000007,2,0.02,60,0.6,100,0.010718599576503039,6537
no_dueling,random,4,66,0.13157894736842105,95.10000000000007,0,0.0,49,0.49,100,0.011264151576906443,6637
no_dueling,random,4,67,0.12987012987012986,91.00000000000007,2,0.02,50,0.5,100,0.01019646218046546,6737
no_dueling,random,4,68,0.12820512820512822,92.40000000000009,1,0.01,57,0.57,100,0.008883765917271375,6837
no_dueling,random,4,69,0.12658227848101264,92.10000000000005,1,0.01,60,0.6,100,0.007852531939279287,6937
no_dueling,random,4,70,0.125,90.90000000000006,2,0.02,52,0.52,100,0.008861774806864559,7037
no_dueling,random,4,71,0.1234567901234568,95.60000000000007,0,0.0,44,0.44,100,0.009244617028161883,7137
no_dueling,random,4,72,0.12195121951219513,92.00000000000004,1,0.01,61,0.61,100,0.010395402992144228,7237
no_dueling,random,4,73,0.12048192771084336,91.00000000000006,2,0.02,52,0.52,100,0.00974088616669178,7337
no_dueling,random,4,74,0.11904761904761904,95.30000000000004,0,0.0,47,0.47,100,0.00878771870629862,7437
no_dueling,random,4,75,0.11764705882352941,89.30000000000004,3,0.03,50,0.5,100,0.012027872973121703,7537
no_dueling,random,4,76,0.11627906976744186,91.40000000000005,2,0.02,48,0.48,100,0.010123512372374535,7637
no_dueling,random,4,77,0.1149425287356322,94.80000000000008,0,0.0,52,0.52,100,0.009245708105154335,7737
no_dueling,random,4,78,0.11363636363636363,89.40000000000002,3,0.03,49,0.49,100,0.008907087463885546,7837
no_dueling,random,4,79,0.11235955056179775,95.00000000000006,0,0.0,50,0.5,100,0.010118245100602507,7937
no_dueling,random,4,80,0.1111111111111111,93.60000000000008,1,0.01,45,0.45,100,0.009522476131096483,8037
no_dueling,random,4,81,0.10989010989010989,93.50000000000003,1,0.01,45,0.45,100,0.007547449455596506,8137
no_dueling,random,4,82,0.10869565217391305,91.10000000000005,2,0.02,51,0.51,100,0.007960916238371283,8237
no_dueling,random,4,83,0.1075268817204301,92.00000000000006,2,0.02,42,0.42,100,0.008308731010183692,8337
no_dueling,random,4,84,0.10638297872340426,95.40000000000006,0,0.0,46,0.46,100,0.010048690908588469,8437
no_dueling,random,4,85,0.10526315789473684,93.60000000000008,1,0.01,45,0.45,100,0.010418390738777816,8537
no_dueling,random,4,86,0.10416666666666667,91.20000000000006,2,0.02,50,0.5,100,0.009649826837703586,8637
no_dueling,random,4,87,0.10309278350515465,92.4000000000001,1,0.01,57,0.57,100,0.008866608820389955,8737
no_dueling,random,4,88,0.1020408163265306,95.30000000000008,0,0.0,47,0.47,100,0.011785368197597563,8837
no_dueling,random,4,89,0.10101010101010101,93.30000000000003,1,0.01,48,0.48,100,0.009205213440582156,8937
no_dueling,random,4,90,0.1,94.20000000000005,1,0.01,39,0.39,100,0.009205963567364962,9037
no_dueling,random,4,91,0.09900990099009901,92.30000000000005,2,0.02,39,0.39,100,0.00958706863457337,9137
no_dueling,random,4,92,0.09803921568627452,94.70000000000007,0,0.0,53,0.53,100,0.012897386415861547,9237
no_dueling,random,4,93,0.0970873786407767,95.70000000000003,0,0.0,43,0.43,100,0.009044170160777867,9337
no_dueling,random,4,94,0.09615384615384615,93.30000000000004,1,0.01,48,0.48,100,0.008916634486522525,9437
no_dueling,random,4,95,0.09523809523809523,93.10000000000002,1,0.01,50,0.5,100,0.00961981721688062,9537
no_dueling,random,4,96,0.09433962264150944,89.50000000000003,3,0.03,47,0.47,100,0.007803701497614383,9637
no_dueling,random,4,97,0.09345794392523366,93.3000000000001,1,0.01,48,0.48,100,0.008364226422272622,9737
no_dueling,random,4,98,0.09259259259259259,87.50000000000006,4,0.04,49,0.49,100,0.010927381408400834,9837
no_dueling,random,4,99,0.09174311926605504,91.40000000000003,2,0.02,47,0.47,100,0.008942791731096805,9937
no_dueling,random,4,100,0.09090909090909091,93.30000000000007,1,0.01,47,0.47,100,0.008579716025851667,10037
no_dueling,random,4,101,0.0900900900900901,94.20000000000003,1,0.01,39,0.39,100,0.009818395324982703,10137
no_dueling,random,4,102,0.08928571428571429,90.90000000000009,2,0.02,53,0.53,100,0.009183898633345962,10237
no_dueling,random,4,103,0.08849557522123894,93.9,1,0.01,42,0.42,100,0.007761899300385266,10337
no_dueling,random,4,104,0.08771929824561403,91.60000000000004,2,0.02,45,0.45,100,0.008229880041908473,10437
no_dueling,random,4,105,0.08695652173913043,95.40000000000005,0,0.0,46,0.46,100,0.009685451849363744,10537
no_dueling,random,4,106,0.08620689655172414,93.40000000000005,1,0.01,47,0.47,100,0.0103133384604007,10637
no_dueling,random,4,107,0.08547008547008547,93.40000000000005,1,0.01,46,0.46,100,0.011029259469360113,10737
no_dueling,random,4,108,0.0847457627118644,94.80000000000005,0,0.0,52,0.52,100,0.010540546907577664,10837
no_dueling,random,4,109,0.08403361344537814,93.20000000000005,1,0.01,49,0.49,100,0.009649407514370979,10937
no_dueling,random,4,110,0.08333333333333333,93.60000000000007,1,0.01,45,0.45,100,0.007581724955234677,11037
no_dueling,random,4,111,0.08264462809917356,95.90000000000008,0,0.0,41,0.41,100,0.007812529359944165,11137
no_dueling,random,4,112,0.0819672131147541,94.20000000000005,1,0.01,39,0.39,100,0.009455057007726283,11237
no_dueling,random,4,113,0.08130081300813008,96.00000000000006,0,0.0,40,0.4,100,0.008968229012098164,11337
no_dueling,random,4,114,0.08064516129032258,95.30000000000005,1,0.01,28,0.28,100,0.010468503723386676,11437
no_dueling,random,4,115,0.08,94.50000000000004,0,0.0,55,0.55,100,0.00902222745353356,11537
no_dueling,random,4,116,0.07936507936507936,96.10000000000005,0,0.0,39,0.39,100,0.011138901147060096,11637
no_dueling,random,4,117,0.07874015748031496,89.30000000000005,3,0.03,50,0.5,100,0.010732221831567586,11737
no_dueling,random,4,118,0.078125,96.10000000000002,0,0.0,39,0.39,100,0.00997964082751423,11837
no_dueling,random,4,119,0.07751937984496124,93.10000000000005,1,0.01,50,0.5,100,0.00887719175312668,11937
no_dueling,random,4,120,0.07692307692307693,95.00000000000006,0,0.0,50,0.5,100,0.009049311163835227,12037
no_dueling,random,4,121,0.07633587786259542,95.30000000000005,0,0.0,47,0.47,100,0.010778264226391911,12137
no_dueling,random,4,122,0.07575757575757576,96.80000000000004,0,0.0,32,0.32,100,0.008922484498471021,12237
no_dueling,random,4,123,0.07518796992481203,95.80000000000003,0,0.0,42,0.42,100,0.008739027259871364,12337
no_dueling,random,4,124,0.07462686567164178,95.20000000000006,0,0.0,48,0.48,100,0.009041415930259972,12437
no_dueling,random,4,125,0.07407407407407407,93.00000000000006,1,0.01,51,0.51,100,0.009987646681256592,12537
no_dueling,random,4,126,0.07352941176470588,95.30000000000005,0,0.0,47,0.47,100,0.00950659290421754,12637
no_dueling,random,4,127,0.07299270072992702,94.90000000000005,1,0.01,31,0.31,100,0.006954457655083388,12737
no_dueling,random,4,128,0.07246376811594203,95.30000000000008,0,0.0,47,0.47,100,0.010064274230971932,12837
no_dueling,random,4,129,0.07194244604316546,95.90000000000005,0,0.0,41,0.41,100,0.010244904584251344,12937
no_dueling,random,4,130,0.07142857142857142,96.20000000000002,0,0.0,38,0.38,100,0.010189297152683139,13037
no_dueling,random,4,131,0.07092198581560284,91.40000000000003,2,0.02,48,0.48,100,0.009129843697883189,13137
no_dueling,random,4,132,0.07042253521126761,91.30000000000005,2,0.02,48,0.48,100,0.013695708285085857,13237
no_dueling,random,4,133,0.06993006993006992,95.2,1,0.01,29,0.29,100,0.008415059114340692,13337
no_dueling,random,4,134,0.06944444444444445,96.40000000000002,0,0.0,36,0.36,100,0.010175214509945362,13437
no_dueling,random,4,135,0.06896551724137931,95.00000000000007,0,0.0,50,0.5,100,0.01098415033891797,13537
no_dueling,random,4,136,0.0684931506849315,91.90000000000002,2,0.02,42,0.42,100,0.010248127249069513,13637
no_dueling,random,4,137,0.06802721088435375,96.30000000000007,0,0.0,37,0.37,100,0.008897851733490825,13737
no_dueling,random,4,138,0.06756756756756756,94.10000000000007,1,0.01,40,0.4,100,0.009189747660420834,13837
no_dueling,random,4,139,0.06711409395973154,85.50000000000004,5,0.05,50,0.5,100,0.009973303668666632,13937
no_dueling,random,4,140,0.06666666666666667,94.80000000000005,0,0.0,52,0.52,100,0.009115400374867022,14037
no_dueling,random,4,141,0.06622516556291391,96.00000000000003,0,0.0,40,0.4,100,0.009460985667537898,14137
no_dueling,random,4,142,0.06578947368421052,93.90000000000006,1,0.01,42,0.42,100,0.009449276984669268,14237
no_dueling,random,4,143,0.06535947712418301,94.40000000000003,1,0.01,37,0.37,100,0.008653470515273511,14337
no_dueling,random,4,144,0.06493506493506493,92.10000000000005,2,0.02,40,0.4,100,0.009513974608853459,14437
no_dueling,random,4,145,0.06451612903225806,92.60000000000004,2,0.02,36,0.36,100,0.008922229821328074,14537
no_dueling,random,4,146,0.06410256410256411,96.30000000000007,0,0.0,37,0.37,100,0.009382143933326006,14637
no_dueling,random,4,147,0.06369426751592357,93.30000000000008,1,0.01,48,0.48,100,0.009842449245043098,14737
no_dueling,random,4,148,0.06329113924050632,96.90000000000003,0,0.0,31,0.31,100,0.009074191539548337,14837
no_dueling,random,4,149,0.06289308176100629,94.40000000000006,0,0.0,56,0.56,100,0.010067126117646694,14937
no_dueling,random,4,150,0.0625,92.90000000000005,1,0.01,51,0.51,100,0.008161370600573719,15037
no_dueling,random,4,151,0.06211180124223602,95.90000000000008,0,0.0,41,0.41,100,0.009565914603881539,15137
no_dueling,random,4,152,0.0617283950617284,91.00000000000006,2,0.02,52,0.52,100,0.009719142473768443,15237
no_dueling,random,4,153,0.06134969325153374,89.90000000000005,3,0.03,44,0.44,100,0.00777729107066989,15337
no_dueling,random,4,154,0.06097560975609757,96.50000000000003,0,0.0,35,0.35,100,0.01120180233148858,15437
no_dueling,random,4,155,0.06060606060606061,96.4,0,0.0,36,0.36,100,0.009932808610610664,15537
no_dueling,random,4,156,0.06024096385542168,91.90000000000009,2,0.02,43,0.43,100,0.0102386962948367,15637
no_dueling,random,4,157,0.059880239520958084,92.20000000000005,2,0.02,40,0.4,100,0.008713564907666296,15737
no_dueling,random,4,158,0.05952380952380952,93.90000000000005,1,0.01,42,0.42,100,0.010127138029783964,15837
no_dueling,random,4,159,0.0591715976331361,94.80000000000007,1,0.01,33,0.33,100,0.008785193534567953,15937
no_dueling,random,4,160,0.058823529411764705,95.00000000000007,0,0.0,50,0.5,100,0.01061829716200009,16037
no_dueling,random,4,161,0.05847953216374269,92.60000000000002,1,0.01,55,0.55,100,0.009410312552936374,16137
no_dueling,random,4,162,0.05813953488372093,94.90000000000006,1,0.01,32,0.32,100,0.008481504982337356,16237
no_dueling,random,4,163,0.057803468208092484,95.60000000000005,0,0.0,44,0.44,100,0.010787792950868607,16337
no_dueling,random,4,164,0.0574712643678161,96.70000000000005,0,0.0,33,0.33,100,0.01239456819370389,16437
no_dueling,random,4,165,0.05714285714285714,95.80000000000005,0,0.0,42,0.42,100,0.01036897320766002,16537
no_dueling,random,4,166,0.056818181818181816,96.40000000000006,0,0.0,36,0.36,100,0.008630324983969331,16637
no_dueling,random,4,167,0.05649717514124294,93.30000000000004,1,0.01,48,0.48,100,0.011288930021692067,16737
no_dueling,random,4,168,0.056179775280898875,94.50000000000006,1,0.01,36,0.36,100,0.008357661655172705,16837
no_dueling,random,4,169,0.0558659217877095,95.80000000000008,0,0.0,42,0.42,100,0.009091610016766935,16937
no_dueling,random,4,170,0.05555555555555555,96.50000000000003,0,0.0,35,0.35,100,0.008608451620675623,17037
no_dueling,random,4,171,0.055248618784530384,95.80000000000003,0,0.0,42,0.42,100,0.008950304209720343,17137
no_dueling,random,4,172,0.054945054945054944,93.60000000000008,1,0.01,45,0.45,100,0.007150347752030939,17237
no_dueling,random,4,173,0.0546448087431694,96.50000000000007,0,0.0,35,0.35,100,0.00797415103763342,17337
no_dueling,random,4,174,0.05434782608695653,96.60000000000001,0,0.0,34,0.34,100,0.009611539256293327,17437
no_dueling,random,4,175,0.05405405405405406,95.00000000000006,1,0.01,31,0.31,100,0.013697146316990256,17537
no_dueling,random,4,176,0.05376344086021505,96.90000000000006,0,0.0,31,0.31,100,0.009952858029864729,17637
no_dueling,random,4,177,0.053475935828877004,94.70000000000002,1,0.01,34,0.34,100,0.009442790579050779,17737
no_dueling,random,4,178,0.05319148936170213,95.60000000000005,0,0.0,44,0.44,100,0.01000434320187196,17837
no_dueling,random,4,179,0.052910052910052914,97.30000000000005,0,0.0,27,0.27,100,0.008231974130030722,17937
no_dueling,random,4,180,0.05263157894736842,97.40000000000002,0,0.0,26,0.26,100,0.00854386531515047,18037
no_dueling,random,4,181,0.05235602094240837,94.50000000000006,1,0.01,36,0.36,100,0.007573131574317813,18137
no_dueling,random,4,182,0.052083333333333336,94.60000000000008,1,0.01,35,0.35,100,0.010596071905456483,18237
no_dueling,random,4,183,0.05181347150259067,94.6,1,0.01,35,0.35,100,0.007385293520055711,18337
no_dueling,random,4,184,0.051546391752577324,96.00000000000004,0,0.0,40,0.4,100,0.010274821533821523,18437
no_dueling,random,4,185,0.05128205128205128,92.80000000000003,2,0.02,33,0.33,100,0.009140041205100716,18537
no_dueling,random,4,186,0.0510204081632653,96.10000000000005,0,0.0,39,0.39,100,0.010663222973234951,18637
no_dueling,random,4,187,0.050761421319796954,97.30000000000003,0,0.0,27,0.27,100,0.011597439018078148,18737
no_dueling,random,4,188,0.050505050505050504,92.6,2,0.02,35,0.35,100,0.009078620676882565,18837
no_dueling,random,4,189,0.05025125628140704,94.60000000000002,1,0.01,35,0.35,100,0.012103159758262337,18937
no_dueling,random,4,190,0.05,93.10000000000002,2,0.02,30,0.3,100,0.01021253816317767,19037
no_dueling,random,4,191,0.04975124378109452,95.90000000000006,0,0.0,41,0.41,100,0.00994540225714445,19137
no_dueling,random,4,192,0.04950495049504951,96.60000000000004,0,0.0,34,0.34,100,0.008670634448062629,19237
no_dueling,random,4,193,0.04926108374384236,96.40000000000002,0,0.0,36,0.36,100,0.010307366237975657,19337
no_dueling,random,4,194,0.04901960784313726,95.50000000000009,0,0.0,45,0.45,100,0.00801721628755331,19437
no_dueling,random,4,195,0.04878048780487805,96.20000000000007,0,0.0,38,0.38,100,0.010842822543345391,19537
no_dueling,random,4,196,0.04854368932038835,96.40000000000006,0,0.0,36,0.36,100,0.0070996656874194744,19637
no_dueling,random,4,197,0.04830917874396135,97.30000000000001,0,0.0,27,0.27,100,0.00837452449137345,19737
no_dueling,random,4,198,0.04807692307692307,96.5000000000001,0,0.0,35,0.35,100,0.008577804190572351,19837
no_dueling,random,4,199,0.04784688995215311,96.50000000000003,0,0.0,35,0.35,100,0.009638312268070876,19937
no_dueling,random,5,0,1.0,73.79999999999998,9,0.09,91,0.91,100,0.24966858402901404,37
no_dueling,random,5,1,0.9090909090909091,66.29999999999995,13,0.13,86,0.86,100,0.05423548229038715,137
no_dueling,random,5,2,0.8333333333333334,64.99999999999994,14,0.14,82,0.82,100,0.051241893712431194,237
no_dueling,random,5,3,0.7692307692307692,75.99999999999999,8,0.08,88,0.88,100,0.030751399816945194,337
no_dueling,random,5,4,0.7142857142857143,72.29999999999998,10,0.1,84,0.84,100,0.020259948815219104,437
no_dueling,random,5,5,0.6666666666666666,80.50000000000004,6,0.06,80,0.8,100,0.01220871745608747,537
no_dueling,random,5,6,0.625,76.19999999999999,8,0.08,86,0.86,100,0.005555177906062454,637
no_dueling,random,5,7,0.5882352941176471,82.70000000000003,5,0.05,78,0.78,100,0.00494086790131405,737
no_dueling,random,5,8,0.5555555555555556,88.60000000000005,2,0.02,76,0.76,100,0.004491092147072777,837
no_dueling,random,5,9,0.5263157894736842,76.9,8,0.08,78,0.78,100,0.005559253601823002,937
no_dueling,random,5,10,0.5,85.80000000000003,3,0.03,84,0.84,100,0.0052020776586141435,1037
no_dueling,random,5,11,0.47619047619047616,82.20000000000005,5,0.05,82,0.82,100,0.004380361479707062,1137
no_dueling,random,5,12,0.45454545454545453,89.10000000000008,2,0.02,71,0.71,100,0.0076292698108591135,1237
no_dueling,random,5,13,0.4347826086956522,81.10000000000004,6,0.06,74,0.74,100,0.009080723207443953,1337
no_dueling,random,5,14,0.4166666666666667,85.10000000000005,4,0.04,72,0.72,100,0.00659602370345965,1437
no_dueling,random,5,15,0.4,80.60000000000001,6,0.06,79,0.79,100,0.005818933793343604,1537
no_dueling,random,5,16,0.3846153846153846,84.90000000000006,4,0.04,74,0.74,100,0.005512650180608034,1637
no_dueling,random,5,17,0.37037037037037035,83.40000000000006,5,0.05,71,0.71,100,0.005486341188661754,1737
no_dueling,random,5,18,0.35714285714285715,86.80000000000004,3,0.03,75,0.75,100,0.007110941482242197,1837
no_dueling,random,5,19,0.3448275862068966,86.90000000000006,3,0.03,73,0.73,100,0.006070403049234301,1937
no_dueling,random,5,20,0.3333333333333333,79.69999999999999,7,0.07,69,0.69,100,0.0064539694832637905,2037
no_dueling,random,5,21,0.3225806451612903,77.40000000000002,8,0.08,74,0.74,100,0.005904357517138124,2137
no_dueling,random,5,22,0.3125,76.8,8,0.08,78,0.78,100,0.006812017010524869,2237
no_dueling,random,5,23,0.30303030303030304,82.70000000000005,6,0.06,58,0.58,100,0.007275145653402433,2337
no_dueling,random,5,24,0.29411764705882354,85.20000000000003,4,0.04,72,0.72,100,0.006999137899838388,2437
no_dueling,random,5,25,0.2857142857142857,85.40000000000002,4,0.04,70,0.7,100,0.00828729480272159,2537
no_dueling,random,5,26,0.2777777777777778,78.00000000000003,8,0.08,65,0.65,100,0.00839848218485713,2637
no_dueling,random,5,27,0.27027027027027023,89.90000000000003,2,0.02,63,0.63,100,0.010460673095658422,2737
no_dueling,random,5,28,0.2631578947368421,88.90000000000006,2,0.02,73,0.73,100,0.011379802338778973,2837
no_dueling,random,5,29,0.25641025641025644,90.10000000000005,2,0.02,61,0.61,100,0.009505057607311755,2937
no_dueling,random,5,30,0.25,92.00000000000003,1,0.01,61,0.61,100,0.009120013830251992,3037
no_dueling,random,5,31,0.24390243902439027,84.30000000000004,5,0.05,61,0.61,100,0.007746747729834169,3137
no_dueling,random,5,32,0.23809523809523808,90.50000000000006,2,0.02,56,0.56,100,0.008533355025574564,3237
no_dueling,random,5,33,0.23255813953488372,85.40000000000002,4,0.04,69,0.69,100,0.019392291135154664,3337
no_dueling,random,5,34,0.22727272727272727,89.1000000000001,2,0.02,71,0.71,100,0.015365275512449443,3437
no_dueling,random,5,35,0.2222222222222222,92.00000000000007,1,0.01,61,0.61,100,0.01562765207141638,3537
no_dueling,random,5,36,0.2173913043478261,87.10000000000004,3,0.03,72,0.72,100,0.011644107000902295,3637
no_dueling,random,5,37,0.2127659574468085,89.30000000000004,2,0.02,69,0.69,100,0.012313895509578288,3737
no_dueling,random,5,38,0.20833333333333334,90.10000000000002,2,0.02,61,0.61,100,0.008847950561903416,3837
no_dueling,random,5,39,0.2040816326530612,88.00000000000006,3,0.03,63,0.63,100,0.011048731002956629,3937
no_dueling,random,5,40,0.2,89.90000000000005,2,0.02,63,0.63,100,0.00939909330336377,4037
no_dueling,random,5,41,0.19607843137254904,87.60000000000002,3,0.03,67,0.67,100,0.008910476516466587,4137
no_dueling,random,5,42,0.1923076923076923,88.00000000000006,3,0.03,63,0.63,100,0.0077003667782992126,4237
no_dueling,random,5,43,0.18867924528301888,94.10000000000004,0,0.0,59,0.59,100,0.00852985460544005,4337
no_dueling,random,5,44,0.18518518518518517,90.60000000000008,2,0.02,55,0.55,100,0.010116767836734653,4437
no_dueling,random,5,45,0.18181818181818182,91.4,1,0.01,67,0.67,100,0.009924335875548423,4537
no_dueling,random,5,46,0.17857142857142858,89.90000000000003,2,0.02,63,0.63,100,0.00871015276061371,4637
no_dueling,random,5,47,0.17543859649122806,82.30000000000001,6,0.06,62,0.62,100,0.00986275213304907,4737
no_dueling,random,5,48,0.1724137931034483,92.50000000000009,1,0.01,56,0.56,100,0.010269604329951108,4837
no_dueling,random,5,49,0.1694915254237288,94.50000000000009,0,0.0,55,0.55,100,0.009834834444336592,4937
no_dueling,random,5,50,0.16666666666666666,88.20000000000005,3,0.03,61,0.61,100,0.008289515520446003,5037
no_dueling,random,5,51,0.1639344262295082,91.10000000000002,2,0.02,51,0.51,100,0.00948308409191668,5137
no_dueling,random,5,52,0.16129032258064516,88.50000000000006,3,0.03,58,0.58,100,0.00823111633071676,5237
no_dueling,random,5,53,0.15873015873015872,92.20000000000007,1,0.01,58,0.58,100,0.008181229699403048,5337
no_dueling,random,5,54,0.15625,87.40000000000003,4,0.04,49,0.49,100,0.008256685291416942,5437
no_dueling,random,5,55,0.15384615384615385,89.00000000000003,3,0.03,52,0.52,100,0.010189503580331803,5537
no_dueling,random,5,56,0.15151515151515152,87.20000000000002,4,0.04,52,0.52,100,0.009173297942616045,5637
no_dueling,random,5,57,0.14925373134328357,93.50000000000006,1,0.01,46,0.46,100,0.009629506031051277,5737
no_dueling,random,5,58,0.14705882352941177,92.7000000000001,1,0.01,54,0.54,100,0.015263971728272737,5837
no_dueling,random,5,59,0.14492753623188406,95.80000000000004,0,0.0,42,0.42,100,0.010758828488178551,5937
no_dueling,random,5,60,0.14285714285714285,88.30000000000004,3,0.03,59,0.59,100,0.011276375586166978,6037
no_dueling,random,5,61,0.14084507042253522,93.10000000000002,1,0.01,49,0.49,100,0.0112581135192886,6137
no_dueling,random,5,62,0.1388888888888889,90.5,3,0.03,36,0.36,100,0.011596008804626762,6237
no_dueling,random,5,63,0.136986301369863,94.00000000000007,1,0.01,41,0.41,100,0.01156047088559717,6337
no_dueling,random,5,64,0.13513513513513511,90.30000000000008,2,0.02,59,0.59,100,0.012175985318608583,6437
no_dueling,random,5,65,0.13333333333333333,92.70000000000005,1,0.01,54,0.54,100,0.01048920875415206,6537
no_dueling,random,5,66,0.13157894736842105,92.3000000000001,1,0.01,58,0.58,100,0.0106965627707541,6637
no_dueling,random,5,67,0.12987012987012986,90.60000000000002,2,0.02,56,0.56,100,0.00961322283372283,6737
no_dueling,random,5,68,0.12820512820512822,91.10000000000005,2,0.02,51,0.51,100,0.010813382933847607,6837
no_dueling,random,5,69,0.12658227848101264,88.80000000000004,3,0.03,55,0.55,100,0.010261195558123291,6937
no_dueling,random,5,70,0.125,93.20000000000009,1,0.01,49,0.49,100,0.010063695074059069,7037
no_dueling,random,5,71,0.1234567901234568,94.30000000000004,0,0.0,57,0.57,100,0.00987736667273566,7137
no_dueling,random,5,72,0.12195121951219513,90.50000000000003,2,0.02,57,0.57,100,0.00977441355586052,7237
no_dueling,random,5,73,0.12048192771084336,85.10000000000005,5,0.05,53,0.53,100,0.011013333778828382,7337
no_dueling,random,5,74,0.11904761904761904,94.50000000000009,0,0.0,55,0.55,100,0.010551153593696653,7437
no_dueling,random,5,75,0.11764705882352941,93.60000000000005,1,0.01,45,0.45,100,0.011137364632450044,7537
no_dueling,random,5,76,0.11627906976744186,94.30000000000003,1,0.01,38,0.38,100,0.011877584508620203,7637
no_dueling,random,5,77,0.1149425287356322,93.60000000000008,1,0.01,45,0.45,100,0.011879924973472953,7737
no_dueling,random,5,78,0.11363636363636363,92.8000000000001,1,0.01,53,0.53,100,0.011809788285754621,7837
no_dueling,random,5,79,0.11235955056179775,89.80000000000007,3,0.03,43,0.43,100,0.010328642632812262,7937
no_dueling,random,5,80,0.1111111111111111,91.80000000000004,2,0.02,44,0.44,100,0.012304709339514375,8037
no_dueling,random,5,81,0.10989010989010989,89.00000000000001,3,0.03,53,0.53,100,0.011033036638982594,8137
no_dueling,random,5,82,0.10869565217391305,92.60000000000005,2,0.02,35,0.35,100,0.01062404464930296,8237
no_dueling,random,5,83,0.1075268817204301,95.50000000000007,0,0.0,45,0.45,100,0.010414979550987483,8337
no_dueling,random,5,84,0.10638297872340426,93.00000000000003,1,0.01,51,0.51,100,0.011849708575755357,8437
no_dueling,random,5,85,0.10526315789473684,92.60000000000008,1,0.01,55,0.55,100,0.010080949049443006,8537
no_dueling,random,5,86,0.10416666666666667,93.50000000000004,1,0.01,46,0.46,100,0.010469762510620057,8637
no_dueling,random,5,87,0.10309278350515465,88.50000000000006,3,0.03,58,0.58,100,0.010413048537448049,8737
no_dueling,random,5,88,0.1020408163265306,96.10000000000005,0,0.0,39,0.39,100,0.008193634301424026,8837
no_dueling,random,5,89,0.10101010101010101,95.00000000000006,0,0.0,50,0.5,100,0.01279399873688817,8937
no_dueling,random,5,90,0.1,94.20000000000007,0,0.0,58,0.58,100,0.010533764627762138,9037
no_dueling,random,5,91,0.09900990099009901,91.50000000000006,2,0.02,47,0.47,100,0.00914073024643585,9137
no_dueling,random,5,92,0.09803921568627452,95.40000000000006,0,0.0,46,0.46,100,0.011753193284384907,9237
no_dueling,random,5,93,0.0970873786407767,95.50000000000006,0,0.0,45,0.45,100,0.010159417521208525,9337
no_dueling,random,5,94,0.09615384615384615,87.60000000000002,4,0.04,47,0.47,100,0.009876988101750613,9437
no_dueling,random,5,95,0.09523809523809523,88.80000000000008,3,0.03,54,0.54,100,0.010053998003713786,9537
no_dueling,random,5,96,0.09433962264150944,91.50000000000003,2,0.02,46,0.46,100,0.010993361230939627,9637
no_dueling,random,5,97,0.09345794392523366,94.30000000000007,0,0.0,57,0.57,100,0.01077251672744751,9737
no_dueling,random,5,98,0.09259259259259259,96.20000000000005,0,0.0,38,0.38,100,0.008953163144178688,9837
no_dueling,random,5,99,0.09174311926605504,95.10000000000001,0,0.0,49,0.49,100,0.010407519466243685,9937
no_dueling,random,5,100,0.09090909090909091,92.10000000000007,2,0.02,41,0.41,100,0.011253878679126502,10037
no_dueling,random,5,101,0.0900900900900901,93.79999999999998,1,0.01,43,0.43,100,0.010970859969966114,10137
no_dueling,random,5,102,0.08928571428571429,95.00000000000007,0,0.0,50,0.5,100,0.012616163035854697,10237
no_dueling,random,5,103,0.08849557522123894,88.60000000000007,3,0.03,57,0.57,100,0.010511022922582925,10337
no_dueling,random,5,104,0.08771929824561403,92.90000000000005,1,0.01,51,0.51,100,0.009632659549824894,10437
no_dueling,random,5,105,0.08695652173913043,94.70000000000009,0,0.0,53,0.53,100,0.010441464562900364,10537
no_dueling,random,5,106,0.08620689655172414,96.50000000000006,0,0.0,35,0.35,100,0.009558852696791291,10637
no_dueling,random,5,107,0.08547008547008547,92.40000000000006,2,0.02,38,0.38,100,0.008922892489936203,10737
no_dueling,random,5,108,0.0847457627118644,94.39999999999999,1,0.01,37,0.37,100,0.009687246507965028,10837
no_dueling,random,5,109,0.08403361344537814,93.00000000000006,1,0.01,51,0.51,100,0.012011759742163121,10937
no_dueling,random,5,110,0.08333333333333333,91.30000000000007,2,0.02,48,0.48,100,0.01014782928628847,11037
no_dueling,random,5,111,0.08264462809917356,90.70000000000003,2,0.02,55,0.55,100,0.010482246929313987,11137
no_dueling,random,5,112,0.0819672131147541,93.40000000000008,1,0.01,47,0.47,100,0.01188455069437623,11237
no_dueling,random,5,113,0.08130081300813008,91.30000000000004,2,0.02,49,0.49,100,0.011652214834466577,11337
no_dueling,random,5,114,0.08064516129032258,95.80000000000004,0,0.0,42,0.42,100,0.010434746812097728,11437
no_dueling,random,5,115,0.08,96.00000000000009,0,0.0,40,0.4,100,0.011712715274188667,11537
no_dueling,random,5,116,0.07936507936507936,96.60000000000005,0,0.0,34,0.34,100,0.01110294932499528,11637
no_dueling,random,5,117,0.07874015748031496,95.60000000000001,0,0.0,44,0.44,100,0.012288362686522305,11737
no_dueling,random,5,118,0.078125,91.00000000000006,2,0.02,52,0.52,100,0.010534134837798774,11837
no_dueling,random,5,119,0.07751937984496124,95.60000000000004,0,0.0,44,0.44,100,0.012555755591019988,11937
no_dueling,random,5,120,0.07692307692307693,92.60000000000007,1,0.01,55,0.55,100,0.009583781040273607,12037
no_dueling,random,5,121,0.07633587786259542,95.00000000000004,1,0.01,31,0.31,100,0.010304256938397885,12137
no_dueling,random,5,122,0.07575757575757576,95.6,0,0.0,44,0.44,100,0.009698954978957772,12237
no_dueling,random,5,123,0.07518796992481203,96.00000000000004,0,0.0,40,0.4,100,0.010278908628970384,12337
no_dueling,random,5,124,0.07462686567164178,95.20000000000006,0,0.0,48,0.48,100,0.009683204381726682,12437
no_dueling,random,5,125,0.07407407407407407,94.40000000000003,1,0.01,37,0.37,100,0.010530700599774718,12537
no_dueling,random,5,126,0.07352941176470588,95.30000000000004,0,0.0,47,0.47,100,0.012666613371111453,12637
no_dueling,random,5,127,0.07299270072992702,90.80000000000001,2,0.02,54,0.54,100,0.010564305386506021,12737
no_dueling,random,5,128,0.07246376811594203,95.00000000000004,0,0.0,50,0.5,100,0.010721154855564236,12837
no_dueling,random,5,129,0.07194244604316546,94.60000000000005,1,0.01,35,0.35,100,0.011385122914798557,12937
no_dueling,random,5,130,0.07142857142857142,96.80000000000003,0,0.0,32,0.32,100,0.009794377218931914,13037
no_dueling,random,5,131,0.07092198581560284,89.70000000000003,3,0.03,46,0.46,100,0.011420962144620716,13137
no_dueling,random,5,132,0.07042253521126761,94.00000000000004,1,0.01,40,0.4,100,0.012643037447705865,13237
no_dueling,random,5,133,0.06993006993006992,92.80000000000001,1,0.01,53,0.53,100,0.010470753251574934,13337
no_dueling,random,5,134,0.06944444444444445,96.90000000000003,0,0.0,31,0.31,100,0.011274882312864064,13437
no_dueling,random,5,135,0.06896551724137931,94.00000000000003,1,0.01,41,0.41,100,0.013543098005466164,13537
no_dueling,random,5,136,0.0684931506849315,95.20000000000003,0,0.0,48,0.48,100,0.01302530142944306,13637
no_dueling,random,5,137,0.06802721088435375,96.00000000000007,0,0.0,40,0.4,100,0.013532020873390138,13737
no_dueling,random,5,138,0.06756756756756756,95.20000000000007,0,0.0,48,0.48,100,0.011474293619394303,13837
no_dueling,random,5,139,0.06711409395973154,95.30000000000007,0,0.0,47,0.47,100,0.011760056619532406,13937
no_dueling,random,5,140,0.06666666666666667,91.70000000000005,2,0.02,44,0.44,100,0.009909752095118164,14037
no_dueling,random,5,141,0.06622516556291391,91.60000000000005,2,0.02,45,0.45,100,0.010676242653280496,14137
no_dueling,random,5,142,0.06578947368421052,95.50000000000003,1,0.01,26,0.26,100,0.012185151032172143,14237
no_dueling,random,5,143,0.06535947712418301,92.50000000000004,1,0.01,56,0.56,100,0.012069267448969185,14337
no_dueling,random,5,144,0.06493506493506493,92.60000000000004,1,0.01,55,0.55,100,0.008214515496511011,14437
no_dueling,random,5,145,0.06451612903225806,93.10000000000005,1,0.01,50,0.5,100,0.011053641540929676,14537
no_dueling,random,5,146,0.06410256410256411,93.50000000000007,1,0.01,45,0.45,100,0.011563049382530152,14637
no_dueling,random,5,147,0.06369426751592357,95.80000000000008,0,0.0,42,0.42,100,0.012051903922110797,14737
no_dueling,random,5,148,0.06329113924050632,96.70000000000005,0,0.0,33,0.33,100,0.01136222159024328,14837
no_dueling,random,5,149,0.06289308176100629,91.90000000000005,2,0.02,43,0.43,100,0.010641651791520417,14937
no_dueling,random,5,150,0.0625,96.00000000000009,0,0.0,40,0.4,100,0.014615676775574684,15037
no_dueling,random,5,151,0.06211180124223602,95.70000000000005,0,0.0,43,0.43,100,0.010208163147326558,15137
no_dueling,random,5,152,0.0617283950617284,95.20000000000005,0,0.0,48,0.48,100,0.010386655167676508,15237
no_dueling,random,5,153,0.06134969325153374,91.70000000000009,1,0.01,64,0.64,100,0.012865224243141711,15337
no_dueling,random,5,154,0.06097560975609757,94.30000000000004,1,0.01,37,0.37,100,0.012278800150379538,15437
no_dueling,random,5,155,0.06060606060606061,94.20000000000003,1,0.01,39,0.39,100,0.01304514603689313,15537
no_dueling,random,5,156,0.06024096385542168,94.20000000000007,1,0.01,39,0.39,100,0.01058852025307715,15637
no_dueling,random,5,157,0.059880239520958084,94.10000000000004,1,0.01,40,0.4,100,0.01299210094846785,15737
no_dueling,random,5,158,0.05952380952380952,96.90000000000006,0,0.0,31,0.31,100,0.010454644872806966,15837
no_dueling,random,5,159,0.0591715976331361,95.60000000000004,0,0.0,44,0.44,100,0.012150749983265995,15937
no_dueling,random,5,160,0.058823529411764705,91.50000000000006,2,0.02,47,0.47,100,0.011235169852152466,16037
no_dueling,random,5,161,0.05847953216374269,95.20000000000005,0,0.0,48,0.48,100,0.01181890728417784,16137
no_dueling,random,5,162,0.05813953488372093,91.2,2,0.02,50,0.5,100,0.013055610503070057,16237
no_dueling,random,5,163,0.057803468208092484,94.00000000000001,1,0.01,41,0.41,100,0.013187873996794225,16337
no_dueling,random,5,164,0.0574712643678161,94.70000000000007,1,0.01,34,0.34,100,0.011127913668751717,16437
no_dueling,random,5,165,0.05714285714285714,95.1000000000001,0,0.0,49,0.49,100,0.009360124403610826,16537
no_dueling,random,5,166,0.056818181818181816,92.60000000000007,1,0.01,55,0.55,100,0.009796963930130005,16637
no_dueling,random,5,167,0.05649717514124294,92.50000000000009,1,0.01,56,0.56,100,0.00937172452453524,16737
no_dueling,random,5,168,0.056179775280898875,96.60000000000008,0,0.0,34,0.34,100,0.012911328407935798,16837
no_dueling,random,5,169,0.0558659217877095,97.50000000000003,0,0.0,25,0.25,100,0.008063084925524891,16937
no_dueling,random,5,170,0.05555555555555555,93.50000000000003,2,0.02,27,0.27,100,0.007808506786823273,17037
no_dueling,random,5,171,0.055248618784530384,95.50000000000009,0,0.0,45,0.45,100,0.010951002393849194,17137
no_dueling,random,5,172,0.054945054945054944,94.90000000000002,0,0.0,51,0.51,100,0.010038257068954408,17237
no_dueling,random,5,173,0.0546448087431694,96.70000000000005,0,0.0,33,0.33,100,0.008834783902857453,17337
no_dueling,random,5,174,0.05434782608695653,96.20000000000003,0,0.0,38,0.38,100,0.012767242463305593,17437
no_dueling,random,5,175,0.05405405405405406,94.60000000000004,1,0.01,35,0.35,100,0.010709514669142663,17537
no_dueling,random,5,176,0.05376344086021505,90.90000000000005,2,0.02,53,0.53,100,0.009757570773363113,17637
no_dueling,random,5,177,0.053475935828877004,96.2000000000001,0,0.0,38,0.38,100,0.010128636010922492,17737
no_dueling,random,5,178,0.05319148936170213,94.90000000000003,1,0.01,32,0.32,100,0.009217430935241282,17837
no_dueling,random,5,179,0.052910052910052914,93.20000000000006,2,0.02,28,0.28,100,0.009397834166884422,17937
no_dueling,random,5,180,0.05263157894736842,94.40000000000006,1,0.01,37,0.37,100,0.011808128454722464,18037
no_dueling,random,5,181,0.05235602094240837,95.00000000000001,1,0.01,31,0.31,100,0.009634621725417673,18137
no_dueling,random,5,182,0.052083333333333336,96.50000000000006,0,0.0,35,0.35,100,0.011218304489739239,18237
no_dueling,random,5,183,0.05181347150259067,94.50000000000003,1,0.01,36,0.36,100,0.009561927462927998,18337
no_dueling,random,5,184,0.051546391752577324,94.50000000000007,1,0.01,36,0.36,100,0.009177051917649805,18437
no_dueling,random,5,185,0.05128205128205128,95.70000000000006,0,0.0,43,0.43,100,0.011343374415300787,18537
no_dueling,random,5,186,0.0510204081632653,95.30000000000008,0,0.0,47,0.47,100,0.009754772963933647,18637
no_dueling,random,5,187,0.050761421319796954,93.30000000000004,1,0.01,48,0.48,100,0.009700870991218835,18737
no_dueling,random,5,188,0.050505050505050504,94.7,1,0.01,34,0.34,100,0.009852122012525798,18837
no_dueling,random,5,189,0.05025125628140704,96.10000000000002,0,0.0,39,0.39,100,0.01152306831907481,18937
no_dueling,random,5,190,0.05,89.10000000000002,3,0.03,52,0.52,100,0.01234973169863224,19037
no_dueling,random,5,191,0.04975124378109452,96.00000000000004,0,0.0,40,0.4,100,0.008976620654575527,19137
no_dueling,random,5,192,0.04950495049504951,96.10000000000004,0,0.0,39,0.39,100,0.012720562010072172,19237
no_dueling,random,5,193,0.04926108374384236,94.90000000000005,1,0.01,32,0.32,100,0.011286166124045848,19337
no_dueling,random,5,194,0.04901960784313726,94.40000000000003,1,0.01,37,0.37,100,0.012552748299203813,19437
no_dueling,random,5,195,0.04878048780487805,96.50000000000004,0,0.0,35,0.35,100,0.010357340527698398,19537
no_dueling,random,5,196,0.04854368932038835,94.30000000000003,1,0.01,38,0.38,100,0.012032279991544784,19637
no_dueling,random,5,197,0.04830917874396135,92.00000000000006,2,0.02,41,0.41,100,0.011395009434781968,19737
no_dueling,random,5,198,0.04807692307692307,96.10000000000008,0,0.0,39,0.39,100,0.015573907471261918,19837
no_dueling,random,5,199,0.04784688995215311,95.70000000000005,0,0.0,43,0.43,100,0.010795492092147469,19937
no_dueling,random,6,0,1.0,72.39999999999998,10,0.1,83,0.83,100,0.1854469750982684,37
no_dueling,random,6,1,0.9090909090909091,72.59999999999998,10,0.1,80,0.8,100,0.04431094516068697,137
no_dueling,random,6,2,0.8333333333333334,71.80000000000001,10,0.1,89,0.89,100,0.024929028041660785,237
no_dueling,random,6,3,0.7692307692307692,59.49999999999995,17,0.17,81,0.81,100,0.02031589805148542,337
no_dueling,random,6,4,0.7142857142857143,70.39999999999996,11,0.11,86,0.86,100,0.01585310822818428,437
no_dueling,random,6,5,0.6666666666666666,80.10000000000002,6,0.06,84,0.84,100,0.010149089298211037,537
no_dueling,random,6,6,0.625,71.19999999999999,11,0.11,77,0.77,100,0.006027415138669312,637
no_dueling,random,6,7,0.5882352941176471,76.60000000000001,8,0.08,82,0.82,100,0.004450633416417986,737
no_dueling,random,6,8,0.5555555555555556,81.50000000000003,6,0.06,70,0.7,100,0.0038426841818727554,837
no_dueling,random,6,9,0.5263157894736842,74.90000000000002,9,0.09,78,0.78,100,0.004551473665051162,937
no_dueling,random,6,10,0.5,83.30000000000004,5,0.05,71,0.71,100,0.005404510288499296,1037
no_dueling,random,6,11,0.47619047619047616,84.20000000000006,4,0.04,81,0.81,100,0.0071755877789109945,1137
no_dueling,random,6,12,0.45454545454545453,82.10000000000002,5,0.05,84,0.84,100,0.005754667699802667,1237
no_dueling,random,6,13,0.4347826086956522,79.50000000000003,7,0.07,72,0.72,100,0.005554311331361532,1337
no_dueling,random,6,14,0.4166666666666667,79.10000000000002,7,0.07,75,0.75,100,0.007582337439525872,1437
no_dueling,random,6,15,0.4,83.10000000000007,5,0.05,74,0.74,100,0.007774885420221835,1537
no_dueling,random,6,16,0.3846153846153846,85.00000000000006,4,0.04,74,0.74,100,0.006655241295229644,1637
no_dueling,random,6,17,0.37037037037037035,83.70000000000002,5,0.05,67,0.67,100,0.006829008001368493,1737
no_dueling,random,6,18,0.35714285714285715,84.50000000000006,4,0.04,78,0.78,100,0.0061764147132635115,1837
no_dueling,random,6,19,0.3448275862068966,89.10000000000005,2,0.02,70,0.7,100,0.007220921858679503,1937
no_dueling,random,6,20,0.3333333333333333,87.30000000000007,3,0.03,70,0.7,100,0.006140610433649271,2037
no_dueling,random,6,21,0.3225806451612903,87.40000000000003,3,0.03,69,0.69,100,0.00771061688195914,2137
no_dueling,random,6,22,0.3125,87.90000000000003,3,0.03,64,0.64,100,0.007101227717939764,2237
no_dueling,random,6,23,0.30303030303030304,89.90000000000006,2,0.02,63,0.63,100,0.006592508803587407,2337
no_dueling,random,6,24,0.29411764705882354,89.20000000000005,2,0.02,70,0.7,100,0.007935242662206292,2437
no_dueling,random,6,25,0.2857142857142857,86.70000000000012,3,0.03,76,0.76,100,0.007669634064659476,2537
no_dueling,random,6,26,0.2777777777777778,89.60000000000005,2,0.02,66,0.66,100,0.0066029551369138064,2637
no_dueling,random,6,27,0.27027027027027023,81.50000000000003,6,0.06,70,0.7,100,0.007859463016502559,2737
no_dueling,random,6,28,0.2631578947368421,89.00000000000003,2,0.02,72,0.72,100,0.005759292810689658,2837
no_dueling,random,6,29,0.25641025641025644,89.30000000000004,2,0.02,69,0.69,100,0.006548255283851176,2937
no_dueling,random,6,30,0.25,89.60000000000005,2,0.02,65,0.65,100,0.00665547841694206,3037
no_dueling,random,6,31,0.24390243902439027,87.60000000000005,3,0.03,66,0.66,100,0.007492408826947212,3137
no_dueling,random,6,32,0.23809523809523808,87.20000000000006,3,0.03,70,0.7,100,0.008987927434500307,3237
no_dueling,random,6,33,0.23255813953488372,91.70000000000009,1,0.01,64,0.64,100,0.009227843682747334,3337
no_dueling,random,6,34,0.22727272727272727,91.50000000000007,1,0.01,66,0.66,100,0.0075332203763537105,3437
no_dueling,random,6,35,0.2222222222222222,90.10000000000005,2,0.02,61,0.61,100,0.006243845745921135,3537
no_dueling,random,6,36,0.2173913043478261,83.70000000000006,5,0.05,67,0.67,100,0.00673647886607796,3637
no_dueling,random,6,37,0.2127659574468085,88.80000000000001,3,0.03,54,0.54,100,0.0074888705485500395,3737
no_dueling,random,6,38,0.20833333333333334,88.50000000000003,3,0.03,57,0.57,100,0.008035675736609847,3837
no_dueling,random,6,39,0.2040816326530612,89.30000000000005,2,0.02,69,0.69,100,0.007903393965680152,3937
no_dueling,random,6,40,0.2,90.40000000000005,2,0.02,58,0.58,100,0.008454441158100963,4037
no_dueling,random,6,41,0.19607843137254904,94.7000000000001,0,0.0,53,0.53,100,0.007717087855562568,4137
no_dueling,random,6,42,0.1923076923076923,91.60000000000005,1,0.01,65,0.65,100,0.009659449202008546,4237
no_dueling,random,6,43,0.18867924528301888,91.40000000000006,2,0.02,48,0.48,100,0.007258878406137228,4337
no_dueling,random,6,44,0.18518518518518517,91.60000000000005,1,0.01,65,0.65,100,0.007303505374584347,4437
no_dueling,random,6,45,0.18181818181818182,87.50000000000006,3,0.03,67,0.67,100,0.007724778582341969,4537
no_dueling,random,6,46,0.17857142857142858,91.90000000000006,1,0.01,61,0.61,100,0.0067638214211910965,4637
no_dueling,random,6,47,0.17543859649122806,86.30000000000003,4,0.04,60,0.6,100,0.007299314613919705,4737
no_dueling,random,6,48,0.1724137931034483,88.20000000000003,3,0.03,61,0.61,100,0.006696470999158919,4837
no_dueling,random,6,49,0.1694915254237288,93.80000000000008,0,0.0,62,0.62,100,0.008269860034342855,4937
no_dueling,random,6,50,0.16666666666666666,92.60000000000008,1,0.01,55,0.55,100,0.006633933314587921,5037
no_dueling,random,6,51,0.1639344262295082,82.60000000000002,6,0.06,60,0.6,100,0.006241475676652044,5137
no_dueling,random,6,52,0.16129032258064516,92.40000000000008,1,0.01,56,0.56,100,0.023163168295286595,5237
no_dueling,random,6,53,0.15873015873015872,92.00000000000003,1,0.01,61,0.61,100,0.013798349238932132,5337
no_dueling,random,6,54,0.15625,86.60000000000007,4,0.04,58,0.58,100,0.009249816306401044,5437
no_dueling,random,6,55,0.15384615384615385,92.90000000000006,1,0.01,52,0.52,100,0.010474414266645908,5537
no_dueling,random,6,56,0.15151515151515152,93.80000000000007,1,0.01,43,0.43,100,0.006346598488744348,5637
no_dueling,random,6,57,0.14925373134328357,94.20000000000007,0,0.0,58,0.58,100,0.010069786570966244,5737
no_dueling,random,6,58,0.14705882352941177,88.30000000000004,3,0.03,59,0.59,100,0.012722716191783548,5837
no_dueling,random,6,59,0.14492753623188406,94.20000000000009,0,0.0,58,0.58,100,0.011241307081654668,5937
no_dueling,random,6,60,0.14285714285714285,91.40000000000005,2,0.02,48,0.48,100,0.01096201341599226,6037
no_dueling,random,6,61,0.14084507042253522,85.90000000000003,4,0.04,65,0.65,100,0.01278432714752853,6137
no_dueling,random,6,62,0.1388888888888889,90.00000000000006,2,0.02,62,0.62,100,0.010045978808775544,6237
no_dueling,random,6,63,0.136986301369863,93.60000000000008,0,0.0,64,0.64,100,0.008895479089114816,6337
no_dueling,random,6,64,0.13513513513513511,94.7000000000001,0,0.0,53,0.53,100,0.009954367261379958,6437
no_dueling,random,6,65,0.13333333333333333,90.60000000000007,2,0.02,55,0.55,100,0.008938931627199054,6537
no_dueling,random,6,66,0.13157894736842105,91.40000000000003,2,0.02,48,0.48,100,0.008885175005998463,6637
no_dueling,random,6,67,0.12987012987012986,88.70000000000005,3,0.03,55,0.55,100,0.007739305854775011,6737
no_dueling,random,6,68,0.12820512820512822,89.00000000000006,3,0.03,53,0.53,100,0.009518241367768496,6837
no_dueling,random,6,69,0.12658227848101264,94.10000000000008,0,0.0,59,0.59,100,0.011126635265536606,6937
no_dueling,random,6,70,0.125,95.80000000000007,0,0.0,42,0.42,100,0.0071636027842760085,7037
no_dueling,random,6,71,0.1234567901234568,94.50000000000004,0,0.0,55,0.55,100,0.009031194492708892,7137
no_dueling,random,6,72,0.12195121951219513,94.40000000000009,0,0.0,56,0.56,100,0.007559657571837306,7237
no_dueling,random,6,73,0.12048192771084336,95.10000000000005,0,0.0,49,0.49,100,0.008333244738169014,7337
no_dueling,random,6,74,0.11904761904761904,93.00000000000006,1,0.01,51,0.51,100,0.0069368715444579725,7437
no_dueling,random,6,75,0.11764705882352941,95.00000000000009,0,0.0,50,0.5,100,0.007250655381940305,7537
no_dueling,random,6,76,0.11627906976744186,93.40000000000002,1,0.01,47,0.47,100,0.007571560486685485,7637
no_dueling,random,6,77,0.1149425287356322,92.00000000000003,2,0.02,42,0.42,100,0.008921683572698385,7737
no_dueling,random,6,78,0.11363636363636363,91.60000000000007,2,0.02,46,0.46,100,0.007848859722726047,7837
no_dueling,random,6,79,0.11235955056179775,93.10000000000005,1,0.01,50,0.5,100,0.008555461436044425,7937
no_dueling,random,6,80,0.1111111111111111,85.9,5,0.05,45,0.45,100,0.009224258314352482,8037
no_dueling,random,6,81,0.10989010989010989,93.20000000000005,1,0.01,49,0.49,100,0.006752886886242777,8137
no_dueling,random,6,82,0.10869565217391305,93.40000000000008,1,0.01,47,0.47,100,0.007395336274057627,8237
no_dueling,random,6,83,0.1075268817204301,92.50000000000009,1,0.01,56,0.56,100,0.008450029958039522,8337
no_dueling,random,6,84,0.10638297872340426,88.80000000000001,3,0.03,55,0.55,100,0.009079608803149312,8437
no_dueling,random,6,85,0.10526315789473684,93.20000000000006,1,0.01,49,0.49,100,0.007556254547089338,8537
no_dueling,random,6,86,0.10416666666666667,93.30000000000004,1,0.01,48,0.48,100,0.009175773221068084,8637
no_dueling,random,6,87,0.10309278350515465,89.40000000000002,3,0.03,48,0.48,100,0.008633323921822011,8737
no_dueling,random,6,88,0.1020408163265306,93.10000000000007,1,0.01,50,0.5,100,0.00954333518166095,8837
no_dueling,random,6,89,0.10101010101010101,90.60000000000005,2,0.02,56,0.56,100,0.007746192154008895,8937
no_dueling,random,6,90,0.1,91.60000000000001,2,0.02,45,0.45,100,0.008692394369281828,9037
no_dueling,random,6,91,0.09900990099009901,95.70000000000007,0,0.0,43,0.43,100,0.007625058451667428,9137
no_dueling,random,6,92,0.09803921568627452,96.50000000000004,0,0.0,35,0.35,100,0.007764006713405252,9237
no_dueling,random,6,93,0.0970873786407767,95.90000000000006,0,0.0,41,0.41,100,0.009090549496468156,9337
no_dueling,random,6,94,0.09615384615384615,86.70000000000005,4,0.04,57,0.57,100,0.008823336767964065,9437
no_dueling,random,6,95,0.09523809523809523,96.80000000000003,0,0.0,32,0.32,100,0.0083695188164711,9537
no_dueling,random,6,96,0.09433962264150944,91.30000000000007,2,0.02,49,0.49,100,0.0074407105683349075,9637
no_dueling,random,6,97,0.09345794392523366,88.70000000000002,4,0.04,37,0.37,100,0.010420614383183419,9737
no_dueling,random,6,98,0.09259259259259259,92.90000000000006,1,0.01,52,0.52,100,0.009750198828987778,9837
no_dueling,random,6,99,0.09174311926605504,95.60000000000002,1,0.01,25,0.25,100,0.01027600806672126,9937
no_dueling,random,6,100,0.09090909090909091,95.70000000000006,0,0.0,43,0.43,100,0.010172589826397597,10037
no_dueling,random,6,101,0.0900900900900901,92.50000000000009,1,0.01,56,0.56,100,0.008829523248132319,10137
no_dueling,random,6,102,0.08928571428571429,95.00000000000003,0,0.0,50,0.5,100,0.010525631508789957,10237
no_dueling,random,6,103,0.08849557522123894,93.90000000000006,1,0.01,42,0.42,100,0.0081601183838211,10337
no_dueling,random,6,104,0.08771929824561403,95.90000000000005,0,0.0,41,0.41,100,0.008933471012860537,10437
no_dueling,random,6,105,0.08695652173913043,89.70000000000007,3,0.03,45,0.45,100,0.009325875672511757,10537
no_dueling,random,6,106,0.08620689655172414,95.30000000000005,0,0.0,47,0.47,100,0.009041703375987708,10637
no_dueling,random,6,107,0.08547008547008547,96.10000000000004,0,0.0,39,0.39,100,0.00970228435471654,10737
no_dueling,random,6,108,0.0847457627118644,95.60000000000005,0,0.0,44,0.44,100,0.011464892425574363,10837
no_dueling,random,6,109,0.08403361344537814,88.30000000000004,4,0.04,40,0.4,100,0.011885577898938208,10937
no_dueling,random,6,110,0.08333333333333333,91.00000000000006,2,0.02,52,0.52,100,0.010687894513830542,11037
no_dueling,random,6,111,0.08264462809917356,96.20000000000005,0,0.0,38,0.38,100,0.011199608270544559,11137
no_dueling,random,6,112,0.0819672131147541,91.30000000000004,2,0.02,49,0.49,100,0.011337244007736445,11237
no_dueling,random,6,113,0.08130081300813008,93.60000000000005,1,0.01,45,0.45,100,0.00966226595453918,11337
no_dueling,random,6,114,0.08064516129032258,96.30000000000003,0,0.0,37,0.37,100,0.01346970722079277,11437
no_dueling,random,6,115,0.08,96.40000000000003,0,0.0,36,0.36,100,0.00897887499537319,11537
no_dueling,random,6,116,0.07936507936507936,93.10000000000005,1,0.01,50,0.5,100,0.009880205027293414,11637
no_dueling,random,6,117,0.07874015748031496,87.4,4,0.04,49,0.49,100,0.009710711480583995,11737
no_dueling,random,6,118,0.078125,95.00000000000003,1,0.01,31,0.31,100,0.007553005074150861,11837
no_dueling,random,6,119,0.07751937984496124,94.40000000000002,1,0.01,36,0.36,100,0.01121834024786949,11937
no_dueling,random,6,120,0.07692307692307693,95.70000000000003,0,0.0,43,0.43,100,0.011280783938709647,12037
no_dueling,random,6,121,0.07633587786259542,89.70000000000005,3,0.03,46,0.46,100,0.012308903839439153,12137
no_dueling,random,6,122,0.07575757575757576,93.30000000000004,1,0.01,48,0.48,100,0.009266952471807598,12237
no_dueling,random,6,123,0.07518796992481203,96.00000000000009,0,0.0,40,0.4,100,0.010568072069436312,12337
no_dueling,random,6,124,0.07462686567164178,96.30000000000005,0,0.0,37,0.37,100,0.00959676282480359,12437
no_dueling,random,6,125,0.07407407407407407,95.20000000000005,0,0.0,48,0.48,100,0.012863578223623336,12537
no_dueling,random,6,126,0.07352941176470588,96.80000000000004,0,0.0,32,0.32,100,0.00935410990845412,12637
no_dueling,random,6,127,0.07299270072992702,96.10000000000005,0,0.0,39,0.39,100,0.010156220253556968,12737
no_dueling,random,6,128,0.07246376811594203,96.50000000000003,0,0.0,35,0.35,100,0.01029172747163102,12837
no_dueling,random,6,129,0.07194244604316546,96.40000000000002,0,0.0,36,0.36,100,0.009986097712535412,12937
no_dueling,random,6,130,0.07142857142857142,96.3,0,0.0,37,0.37,100,0.009153295999858528,13037
no_dueling,random,6,131,0.07092198581560284,93.50000000000006,1,0.01,46,0.46,100,0.011859432091005146,13137
no_dueling,random,6,132,0.07042253521126761,94.50000000000003,1,0.01,35,0.35,100,0.008742754287086428,13237
no_dueling,random,6,133,0.06993006993006992,92.00000000000006,1,0.01,60,0.6,100,0.009219089364632964,13337
no_dueling,random,6,134,0.06944444444444445,91.90000000000002,2,0.02,43,0.43,100,0.009328719545155763,13437
no_dueling,random,6,135,0.06896551724137931,92.90000000000002,2,0.02,32,0.32,100,0.011485308925621211,13537
no_dueling,random,6,136,0.0684931506849315,95.80000000000005,0,0.0,42,0.42,100,0.007507806112989783,13637
no_dueling,random,6,137,0.06802721088435375,94.60000000000002,1,0.01,35,0.35,100,0.00912092471960932,13737
no_dueling,random,6,138,0.06756756756756756,94.10000000000005,1,0.01,40,0.4,100,0.010029368726536632,13837
no_dueling,random,6,139,0.06711409395973154,93.50000000000007,1,0.01,46,0.46,100,0.01046093437820673,13937
no_dueling,random,6,140,0.06666666666666667,95.0,1,0.01,31,0.31,100,0.012155686884652824,14037
no_dueling,random,6,141,0.06622516556291391,96.60000000000005,0,0.0,34,0.34,100,0.00916158112231642,14137
no_dueling,random,6,142,0.06578947368421052,96.40000000000009,0,0.0,36,0.36,100,0.008370392699725926,14237
no_dueling,random,6,143,0.06535947712418301,96.60000000000005,0,0.0,34,0.34,100,0.00838811046211049,14337
no_dueling,random,6,144,0.06493506493506493,96.90000000000003,0,0.0,31,0.31,100,0.00987256965599954,14437
no_dueling,random,6,145,0.06451612903225806,90.50000000000004,3,0.03,37,0.37,100,0.009586914235260337,14537
no_dueling,random,6,146,0.06410256410256411,91.80000000000004,2,0.02,43,0.43,100,0.010561520154587924,14637
no_dueling,random,6,147,0.06369426751592357,96.30000000000004,0,0.0,37,0.37,100,0.007543738051317632,14737
no_dueling,random,6,148,0.06329113924050632,87.60000000000004,5,0.05,26,0.26,100,0.012426516157574952,14837
no_dueling,random,6,149,0.06289308176100629,96.30000000000005,0,0.0,37,0.37,100,0.01267273013945669,14937
no_dueling,random,6,150,0.0625,96.90000000000005,0,0.0,31,0.31,100,0.010315963788889349,15037
no_dueling,random,6,151,0.06211180124223602,93.50000000000009,2,0.02,27,0.27,100,0.010470111346803606,15137
no_dueling,random,6,152,0.0617283950617284,91.70000000000006,2,0.02,45,0.45,100,0.010541421580128371,15237
no_dueling,random,6,153,0.06134969325153374,94.60000000000005,1,0.01,35,0.35,100,0.01383562371134758,15337
no_dueling,random,6,154,0.06097560975609757,92.00000000000003,2,0.02,42,0.42,100,0.011151747745461762,15437
no_dueling,random,6,155,0.06060606060606061,97.00000000000006,0,0.0,30,0.3,100,0.010697848130948841,15537
no_dueling,random,6,156,0.06024096385542168,92.20000000000005,2,0.02,40,0.4,100,0.010613464480265976,15637
no_dueling,random,6,157,0.059880239520958084,92.30000000000004,2,0.02,38,0.38,100,0.011505397246219217,15737
no_dueling,random,6,158,0.05952380952380952,92.60000000000008,2,0.02,36,0.36,100,0.013264086227864028,15837
no_dueling,random,6,159,0.0591715976331361,91.40000000000003,3,0.03,29,0.29,100,0.014171847612597049,15937
no_dueling,random,6,160,0.058823529411764705,95.80000000000004,0,0.0,42,0.42,100,0.010716947256587445,16037
no_dueling,random,6,161,0.05847953216374269,96.40000000000006,0,0.0,36,0.36,100,0.009999502445571124,16137
no_dueling,random,6,162,0.05813953488372093,94.40000000000005,1,0.01,37,0.37,100,0.012070758533664048,16237
no_dueling,random,6,163,0.057803468208092484,96.70000000000006,0,0.0,33,0.33,100,0.015452723405323922,16337
no_dueling,random,6,164,0.0574712643678161,96.20000000000005,0,0.0,38,0.38,100,0.01118998415535316,16437
no_dueling,random,6,165,0.05714285714285714,95.30000000000004,1,0.01,28,0.28,100,0.010121952469926327,16537
no_dueling,random,6,166,0.056818181818181816,92.30000000000005,2,0.02,39,0.39,100,0.010266549098305404,16637
no_dueling,random,6,167,0.05649717514124294,96.50000000000006,0,0.0,35,0.35,100,0.008648757659830152,16737
no_dueling,random,6,168,0.056179775280898875,93.80000000000004,1,0.01,43,0.43,100,0.010823883237317205,16837
no_dueling,random,6,169,0.0558659217877095,95.60000000000008,0,0.0,44,0.44,100,0.013041057246737183,16937
no_dueling,random,6,170,0.05555555555555555,95.80000000000005,0,0.0,42,0.42,100,0.009120466047897935,17037
no_dueling,random,6,171,0.055248618784530384,94.80000000000005,1,0.01,33,0.33,100,0.010271225864998996,17137
no_dueling,random,6,172,0.054945054945054944,96.7,0,0.0,33,0.33,100,0.009087240535300224,17237
no_dueling,random,6,173,0.0546448087431694,96.20000000000006,0,0.0,38,0.38,100,0.01250768116908148,17337
no_dueling,random,6,174,0.05434782608695653,94.10000000000007,1,0.01,40,0.4,100,0.010612521385774017,17437
no_dueling,random,6,175,0.05405405405405406,95.10000000000002,1,0.01,30,0.3,100,0.009736429140903056,17537
no_dueling,random,6,176,0.05376344086021505,95.60000000000005,0,0.0,44,0.44,100,0.00820841025095433,17637
no_dueling,random,6,177,0.053475935828877004,92.60000000000001,2,0.02,36,0.36,100,0.01207503338344395,17737
no_dueling,random,6,178,0.05319148936170213,95.30000000000004,1,0.01,28,0.28,100,0.009995503833051771,17837
no_dueling,random,6,179,0.052910052910052914,96.40000000000002,0,0.0,36,0.36,100,0.008342120209708809,17937
no_dueling,random,6,180,0.05263157894736842,93.50000000000006,1,0.01,46,0.46,100,0.016128222458064556,18037
no_dueling,random,6,181,0.05235602094240837,93.4,2,0.02,27,0.27,100,0.013383784173056483,18137
no_dueling,random,6,182,0.052083333333333336,92.40000000000005,2,0.02,38,0.38,100,0.010927402218803763,18237
no_dueling,random,6,183,0.05181347150259067,96.50000000000003,0,0.0,35,0.35,100,0.009258913937956095,18337
no_dueling,random,6,184,0.051546391752577324,97.10000000000002,0,0.0,29,0.29,100,0.00857316090259701,18437
no_dueling,random,6,185,0.05128205128205128,96.90000000000003,0,0.0,31,0.31,100,0.007393421761225909,18537
no_dueling,random,6,186,0.0510204081632653,95.20000000000002,1,0.01,28,0.28,100,0.010304041998460889,18637
no_dueling,random,6,187,0.050761421319796954,96.60000000000005,0,0.0,34,0.34,100,0.009008821067400277,18737
no_dueling,random,6,188,0.050505050505050504,95.0,1,0.01,31,0.31,100,0.009529598522931337,18837
no_dueling,random,6,189,0.05025125628140704,95.60000000000004,1,0.01,24,0.24,100,0.010724285554606467,18937
no_dueling,random,6,190,0.05,96.90000000000005,0,0.0,31,0.31,100,0.007360259934794158,19037
no_dueling,random,6,191,0.04975124378109452,95.20000000000005,1,0.01,29,0.29,100,0.010034934468567371,19137
no_dueling,random,6,192,0.04950495049504951,96.80000000000004,0,0.0,32,0.32,100,0.009955343196634204,19237
no_dueling,random,6,193,0.04926108374384236,94.40000000000003,1,0.01,37,0.37,100,0.00953902161680162,19337
no_dueling,random,6,194,0.04901960784313726,94.20000000000005,1,0.01,39,0.39,100,0.010208969863597303,19437
no_dueling,random,6,195,0.04878048780487805,93.40000000000006,2,0.02,27,0.27,100,0.008591607122216374,19537
no_dueling,random,6,196,0.04854368932038835,93.00000000000003,2,0.02,32,0.32,100,0.008654495070222765,19637
no_dueling,random,6,197,0.04830917874396135,96.50000000000007,0,0.0,35,0.35,100,0.009625218256842346,19737
no_dueling,random,6,198,0.04807692307692307,96.5000000000001,0,0.0,35,0.35,100,0.0102359580504708,19837
no_dueling,random,6,199,0.04784688995215311,95.00000000000004,1,0.01,31,0.31,100,0.007765856790356338,19937
no_dueling,random,7,0,1.0,62.69999999999993,15,0.15,88,0.88,100,0.17347505054361112,37
no_dueling,random,7,1,0.9090909090909091,58.799999999999926,17,0.17,86,0.86,100,0.07161238588392735,137
no_dueling,random,7,2,0.8333333333333334,64.59999999999994,14,0.14,85,0.85,100,0.047473135609179734,237
no_dueling,random,7,3,0.7692307692307692,68.59999999999997,12,0.12,82,0.82,100,0.027614812292158605,337
no_dueling,random,7,4,0.7142857142857143,66.19999999999997,13,0.13,90,0.9,100,0.017073833839967845,437
no_dueling,random,7,5,0.6666666666666666,80.2,6,0.06,83,0.83,100,0.00965284314006567,537
no_dueling,random,7,6,0.625,74.39999999999999,9,0.09,84,0.84,100,0.006554678464308381,637
no_dueling,random,7,7,0.5882352941176471,87.10000000000004,3,0.03,71,0.71,100,0.005577145274728536,737
no_dueling,random,7,8,0.5555555555555556,78.10000000000002,7,0.07,85,0.85,100,0.005277509591542185,837
no_dueling,random,7,9,0.5263157894736842,78.20000000000002,7,0.07,84,0.84,100,0.00497085943352431,937
no_dueling,random,7,10,0.5,73.6,10,0.1,70,0.7,100,0.006438073890749365,1037
no_dueling,random,7,11,0.47619047619047616,78.60000000000002,7,0.07,80,0.8,100,0.005025760510470718,1137
no_dueling,random,7,12,0.45454545454545453,75.39999999999999,9,0.09,71,0.71,100,0.005639763211365789,1237
no_dueling,random,7,13,0.4347826086956522,84.40000000000005,4,0.04,80,0.8,100,0.007449447945691645,1337
no_dueling,random,7,14,0.4166666666666667,80.10000000000002,6,0.06,85,0.85,100,0.009842683209571988,1437
no_dueling,random,7,15,0.4,86.20000000000007,3,0.03,81,0.81,100,0.0072688540816307065,1537
no_dueling,random,7,16,0.3846153846153846,81.5,6,0.06,70,0.7,100,0.005907029574736953,1637
no_dueling,random,7,17,0.37037037037037035,84.80000000000005,4,0.04,76,0.76,100,0.005596390927676112,1737
no_dueling,random,7,18,0.35714285714285715,75.7,9,0.09,71,0.71,100,0.006645966763608157,1837
no_dueling,random,7,19,0.3448275862068966,86.90000000000003,3,0.03,73,0.73,100,0.007393790683709085,1937
no_dueling,random,7,20,0.3333333333333333,87.90000000000005,3,0.03,64,0.64,100,0.006795325658749789,2037
no_dueling,random,7,21,0.3225806451612903,83.1,5,0.05,74,0.74,100,0.008872375071514399,2137
no_dueling,random,7,22,0.3125,90.00000000000003,2,0.02,62,0.62,100,0.007835832359269261,2237
no_dueling,random,7,23,0.30303030303030304,89.40000000000006,2,0.02,68,0.68,100,0.006880068441387266,2337
no_dueling,random,7,24,0.29411764705882354,89.70000000000005,2,0.02,65,0.65,100,0.00657930601388216,2437
no_dueling,random,7,25,0.2857142857142857,91.80000000000004,1,0.01,63,0.63,100,0.007071953234262764,2537
no_dueling,random,7,26,0.2777777777777778,81.50000000000001,6,0.06,70,0.7,100,0.008068983680568636,2637
no_dueling,random,7,27,0.27027027027027023,92.30000000000001,1,0.01,58,0.58,100,0.008232506613712758,2737
no_dueling,random,7,28,0.2631578947368421,87.20000000000005,4,0.04,52,0.52,100,0.007892005958128721,2837
no_dueling,random,7,29,0.25641025641025644,90.30000000000005,2,0.02,59,0.59,100,0.007154408185742795,2937
no_dueling,random,7,30,0.25,91.20000000000005,2,0.02,50,0.5,100,0.006924855764955282,3037
no_dueling,random,7,31,0.24390243902439027,94.3000000000001,0,0.0,57,0.57,100,0.00896624221932143,3137
no_dueling,random,7,32,0.23809523809523808,84.40000000000003,5,0.05,61,0.61,100,0.008218043397646398,3237
no_dueling,random,7,33,0.23255813953488372,88.90000000000006,2,0.02,73,0.73,100,0.008628577257040889,3337
no_dueling,random,7,34,0.22727272727272727,80.30000000000003,7,0.07,63,0.63,100,0.008481731333304196,3437
no_dueling,random,7,35,0.2222222222222222,91.50000000000004,2,0.02,46,0.46,100,0.008902683155611157,3537
no_dueling,random,7,36,0.2173913043478261,93.90000000000006,1,0.01,42,0.42,100,0.009892146778292954,3637
no_dueling,random,7,37,0.2127659574468085,88.60000000000005,3,0.03,56,0.56,100,0.010109936033841223,3737
no_dueling,random,7,38,0.20833333333333334,89.30000000000005,2,0.02,69,0.69,100,0.01097647234564647,3837
no_dueling,random,7,39,0.2040816326530612,84.00000000000004,5,0.05,62,0.62,100,0.009410652010701596,3937
no_dueling,random,7,40,0.2,86.90000000000005,4,0.04,55,0.55,100,0.008667381096165628,4037
no_dueling,random,7,41,0.19607843137254904,86.20000000000005,4,0.04,62,0.62,100,0.009147369717247784,4137
no_dueling,random,7,42,0.1923076923076923,90.60000000000004,2,0.02,56,0.56,100,0.01091692348010838,4237
no_dueling,random,7,43,0.18867924528301888,93.10000000000008,1,0.01,50,0.5,100,0.0096557223983109,4337
no_dueling,random,7,44,0.18518518518518517,87.00000000000003,4,0.04,54,0.54,100,0.007247772219125181,4437
no_dueling,random,7,45,0.18181818181818182,88.50000000000006,3,0.03,57,0.57,100,0.009684678725898265,4537
no_dueling,random,7,46,0.17857142857142858,94.2000000000001,0,0.0,58,0.58,100,0.008166131167672574,4637
no_dueling,random,7,47,0.17543859649122806,90.40000000000002,2,0.02,58,0.58,100,0.00853264456614852,4737
no_dueling,random,7,48,0.1724137931034483,86.90000000000009,4,0.04,54,0.54,100,0.011488600762095302,4837
no_dueling,random,7,49,0.1694915254237288,95.00000000000003,0,0.0,50,0.5,100,0.008161075131502002,4937
no_dueling,random,7,50,0.16666666666666666,90.20000000000005,2,0.02,60,0.6,100,0.009533093119971454,5037
no_dueling,random,7,51,0.1639344262295082,93.50000000000007,1,0.01,46,0.46,100,0.009134355443529784,5137
no_dueling,random,7,52,0.16129032258064516,92.90000000000006,1,0.01,51,0.51,100,0.008702970636077225,5237
no_dueling,random,7,53,0.15873015873015872,86.70000000000003,4,0.04,57,0.57,100,0.009135139803402127,5337
no_dueling,random,7,54,0.15625,92.00000000000009,1,0.01,61,0.61,100,0.010816213595680892,5437
no_dueling,random,7,55,0.15384615384615385,92.60000000000008,1,0.01,55,0.55,100,0.009116831931751222,5537
no_dueling,random,7,56,0.15151515151515152,88.00000000000004,3,0.03,62,0.62,100,0.009373172740451992,5637
no_dueling,random,7,57,0.14925373134328357,91.60000000000007,2,0.02,46,0.46,100,0.00931302391923964,5737
no_dueling,random,7,58,0.14705882352941177,92.60000000000007,1,0.01,55,0.55,100,0.008008773433975875,5837
no_dueling,random,7,59,0.14492753623188406,91.00000000000006,2,0.02,50,0.5,100,0.009223046200349926,5937
no_dueling,random,7,60,0.14285714285714285,93.20000000000005,1,0.01,49,0.49,100,0.00939478311687708,6037
no_dueling,random,7,61,0.14084507042253522,90.30000000000007,2,0.02,59,0.59,100,0.012473200610838831,6137
no_dueling,random,7,62,0.1388888888888889,93.60000000000008,1,0.01,45,0.45,100,0.013008806295692921,6237
no_dueling,random,7,63,0.136986301369863,95.20000000000009,0,0.0,48,0.48,100,0.009321294808760285,6337
no_dueling,random,7,64,0.13513513513513511,95.50000000000006,0,0.0,45,0.45,100,0.009013217114843429,6437
no_dueling,random,7,65,0.13333333333333333,92.50000000000007,1,0.01,56,0.56,100,0.009810552671551705,6537
no_dueling,random,7,66,0.13157894736842105,94.30000000000007,0,0.0,57,0.57,100,0.01051936712116003,6637
no_dueling,random,7,67,0.12987012987012986,95.00000000000006,0,0.0,50,0.5,100,0.01274351093918085,6737
no_dueling,random,7,68,0.12820512820512822,86.5,4,0.04,59,0.59,100,0.009316493985243141,6837
no_dueling,random,7,69,0.12658227848101264,94.10000000000007,0,0.0,59,0.59,100,0.010503534465096892,6937
no_dueling,random,7,70,0.125,94.30000000000004,1,0.01,38,0.38,100,0.009944644095376133,7037
no_dueling,random,7,71,0.1234567901234568,92.50000000000004,1,0.01,55,0.55,100,0.011229332853108644,7137
no_dueling,random,7,72,0.12195121951219513,89.70000000000006,3,0.03,45,0.45,100,0.012494514086283744,7237
no_dueling,random,7,73,0.12048192771084336,91.20000000000005,2,0.02,50,0.5,100,0.01146975691895932,7337
no_dueling,random,7,74,0.11904761904761904,89.80000000000001,3,0.03,44,0.44,100,0.00976909329649061,7437
no_dueling,random,7,75,0.11764705882352941,88.80000000000004,3,0.03,55,0.55,100,0.011823093397542834,7537
no_dueling,random,7,76,0.11627906976744186,90.60000000000005,2,0.02,55,0.55,100,0.01029592303559184,7637
no_dueling,random,7,77,0.1149425287356322,91.80000000000001,2,0.02,44,0.44,100,0.00945078258169815,7737
no_dueling,random,7,78,0.11363636363636363,93.00000000000006,1,0.01,50,0.5,100,0.009876513695344329,7837
no_dueling,random,7,79,0.11235955056179775,93.20000000000005,1,0.01,49,0.49,100,0.010861746473237873,7937
no_dueling,random,7,80,0.1111111111111111,88.50000000000003,3,0.03,58,0.58,100,0.010978895840235054,8037
no_dueling,random,7,81,0.10989010989010989,95.0000000000001,0,0.0,50,0.5,100,0.010224954164586962,8137
no_dueling,random,7,82,0.10869565217391305,92.20000000000003,2,0.02,40,0.4,100,0.010124385927338154,8237
no_dueling,random,7,83,0.1075268817204301,93.70000000000002,1,0.01,44,0.44,100,0.011658278643153608,8337
no_dueling,random,7,84,0.10638297872340426,91.00000000000006,2,0.02,52,0.52,100,0.012762521244585514,8437
no_dueling,random,7,85,0.10526315789473684,96.00000000000004,0,0.0,40,0.4,100,0.008712380207143725,8537
no_dueling,random,7,86,0.10416666666666667,95.20000000000003,0,0.0,48,0.48,100,0.012391823169309646,8637
no_dueling,random,7,87,0.10309278350515465,91.40000000000002,2,0.02,48,0.48,100,0.012604057211428881,8737
no_dueling,random,7,88,0.1020408163265306,91.60000000000008,2,0.02,46,0.46,100,0.010782070239074529,8837
no_dueling,random,7,89,0.10101010101010101,90.80000000000005,2,0.02,54,0.54,100,0.01208410539664328,8937
no_dueling,random,7,90,0.1,89.40000000000002,3,0.03,49,0.49,100,0.010425026509910822,9037
no_dueling,random,7,91,0.09900990099009901,92.00000000000007,2,0.02,42,0.42,100,0.00900962661486119,9137
no_dueling,random,7,92,0.09803921568627452,90.70000000000002,2,0.02,55,0.55,100,0.010417655128985643,9237
no_dueling,random,7,93,0.0970873786407767,93.70000000000006,1,0.01,44,0.44,100,0.009106910936534405,9337
no_dueling,random,7,94,0.09615384615384615,93.90000000000006,1,0.01,42,0.42,100,0.00985704703722149,9437
no_dueling,random,7,95,0.09523809523809523,94.50000000000007,1,0.01,36,0.36,100,0.01184415706899017,9537
no_dueling,random,7,96,0.09433962264150944,93.10000000000005,1,0.01,50,0.5,100,0.011574371224269272,9637
no_dueling,random,7,97,0.09345794392523366,96.00000000000006,0,0.0,40,0.4,100,0.010739699047990143,9737
no_dueling,random,7,98,0.09259259259259259,90.40000000000006,3,0.03,39,0.39,100,0.00975312071852386,9837
no_dueling,random,7,99,0.09174311926605504,95.90000000000003,0,0.0,41,0.41,100,0.011265589040704072,9937
no_dueling,random,7,100,0.09090909090909091,92.80000000000005,1,0.01,53,0.53,100,0.01153393334709108,10037
no_dueling,random,7,101,0.0900900900900901,94.40000000000003,1,0.01,37,0.37,100,0.010855630794540048,10137
no_dueling,random,7,102,0.08928571428571429,91.90000000000003,2,0.02,43,0.43,100,0.011026406176388264,10237
no_dueling,random,7,103,0.08849557522123894,96.00000000000006,0,0.0,40,0.4,100,0.012103887703269721,10337
no_dueling,random,7,104,0.08771929824561403,96.00000000000006,0,0.0,40,0.4,100,0.011078364760614932,10437
no_dueling,random,7,105,0.08695652173913043,93.70000000000005,1,0.01,44,0.44,100,0.010401154290884734,10537
no_dueling,random,7,106,0.08620689655172414,92.30000000000004,2,0.02,39,0.39,100,0.013853680435568094,10637
no_dueling,random,7,107,0.08547008547008547,93.80000000000005,1,0.01,43,0.43,100,0.012712187566794455,10737
no_dueling,random,7,108,0.0847457627118644,93.10000000000002,1,0.01,49,0.49,100,0.00996370843378827,10837
no_dueling,random,7,109,0.08403361344537814,95.80000000000005,0,0.0,42,0.42,100,0.012279214039444923,10937
no_dueling,random,7,110,0.08333333333333333,91.40000000000003,2,0.02,48,0.48,100,0.009727858225814998,11037
no_dueling,random,7,111,0.08264462809917356,95.10000000000008,0,0.0,49,0.49,100,0.011325727519579231,11137
no_dueling,random,7,112,0.0819672131147541,90.60000000000001,2,0.02,56,0.56,100,0.015616316390223801,11237
no_dueling,random,7,113,0.08130081300813008,90.90000000000006,2,0.02,53,0.53,100,0.014608183335512876,11337
no_dueling,random,7,114,0.08064516129032258,91.00000000000004,2,0.02,52,0.52,100,0.015393403461202979,11437
no_dueling,random,7,115,0.08,96.30000000000007,0,0.0,37,0.37,100,0.013567299493588507,11537
no_dueling,random,7,116,0.07936507936507936,93.60000000000008,1,0.01,45,0.45,100,0.013820720822550356,11637
no_dueling,random,7,117,0.07874015748031496,94.10000000000005,1,0.01,40,0.4,100,0.012766725369729101,11737
no_dueling,random,7,118,0.078125,95.20000000000007,0,0.0,48,0.48,100,0.012165937800891697,11837
no_dueling,random,7,119,0.07751937984496124,96.30000000000005,0,0.0,37,0.37,100,0.010902943927794695,11937
no_dueling,random,7,120,0.07692307692307693,91.90000000000006,2,0.02,42,0.42,100,0.013021083469502627,12037
no_dueling,random,7,121,0.07633587786259542,87.60000000000001,4,0.04,47,0.47,100,0.010806980072520673,12137
no_dueling,random,7,122,0.07575757575757576,93.60000000000008,1,0.01,45,0.45,100,0.011080808802507818,12237
no_dueling,random,7,123,0.07518796992481203,92.70000000000002,2,0.02,35,0.35,100,0.011649122443050147,12337
no_dueling,random,7,124,0.07462686567164178,93.80000000000004,1,0.01,43,0.43,100,0.011010584621690214,12437
no_dueling,random,7,125,0.07407407407407407,96.80000000000001,0,0.0,32,0.32,100,0.014303610129281878,12537
no_dueling,random,7,126,0.07352941176470588,90.90000000000005,2,0.02,53,0.53,100,0.011975202090106905,12637
no_dueling,random,7,127,0.07299270072992702,95.20000000000005,0,0.0,48,0.48,100,0.012985201752744615,12737
no_dueling,random,7,128,0.07246376811594203,91.50000000000007,2,0.02,47,0.47,100,0.014869694141671061,12837
no_dueling,random,7,129,0.07194244604316546,91.50000000000007,2,0.02,47,0.47,100,0.02053683254402131,12937
no_dueling,random,7,130,0.07142857142857142,96.10000000000005,0,0.0,39,0.39,100,0.014831261141225696,13037
no_dueling,random,7,131,0.07092198581560284,93.70000000000003,1,0.01,44,0.44,100,0.01674415487330407,13137
no_dueling,random,7,132,0.07042253521126761,95.20000000000003,0,0.0,48,0.48,100,0.012268331227824092,13237
no_dueling,random,7,133,0.06993006993006992,96.20000000000002,0,0.0,38,0.38,100,0.009918685099110007,13337
no_dueling,random,7,134,0.06944444444444445,95.20000000000005,0,0.0,48,0.48,100,0.010503067176323384,13437
no_dueling,random,7,135,0.06896551724137931,95.70000000000006,0,0.0,43,0.43,100,0.010969617580994963,13537
no_dueling,random,7,136,0.0684931506849315,95.90000000000006,0,0.0,41,0.41,100,0.011646636691875756,13637
no_dueling,random,7,137,0.06802721088435375,97.70000000000002,0,0.0,23,0.23,100,0.00904689309420064,13737
no_dueling,random,7,138,0.06756756756756756,96.10000000000005,0,0.0,39,0.39,100,0.009516128469258547,13837
no_dueling,random,7,139,0.06711409395973154,94.40000000000003,1,0.01,37,0.37,100,0.013319311696104705,13937
no_dueling,random,7,140,0.06666666666666667,96.70000000000006,0,0.0,33,0.33,100,0.009481219761073589,14037
no_dueling,random,7,141,0.06622516556291391,96.00000000000006,0,0.0,40,0.4,100,0.011968883830122649,14137
no_dueling,random,7,142,0.06578947368421052,93.70000000000009,1,0.01,44,0.44,100,0.01099187986459583,14237
no_dueling,random,7,143,0.06535947712418301,94.80000000000005,0,0.0,52,0.52,100,0.010724641759879886,14337
no_dueling,random,7,144,0.06493506493506493,94.10000000000007,1,0.01,40,0.4,100,0.010340981725603342,14437
no_dueling,random,7,145,0.06451612903225806,94.50000000000004,1,0.01,36,0.36,100,0.011524600950069725,14537
no_dueling,random,7,146,0.06410256410256411,97.20000000000005,0,0.0,28,0.28,100,0.015732017206028105,14637
no_dueling,random,7,147,0.06369426751592357,95.20000000000003,0,0.0,48,0.48,100,0.01517384364735335,14737
no_dueling,random,7,148,0.06329113924050632,93.80000000000007,1,0.01,43,0.43,100,0.011946626766584813,14837
no_dueling,random,7,149,0.06289308176100629,94.50000000000003,1,0.01,36,0.36,100,0.013018713751807808,14937
no_dueling,random,7,150,0.0625,89.80000000000001,3,0.03,45,0.45,100,0.01242080374620855,15037
no_dueling,random,7,151,0.06211180124223602,92.20000000000005,2,0.02,40,0.4,100,0.012913012732751668,15137
no_dueling,random,7,152,0.0617283950617284,96.80000000000001,0,0.0,32,0.32,100,0.013165646479465068,15237
no_dueling,random,7,153,0.06134969325153374,90.40000000000003,3,0.03,38,0.38,100,0.01185508856549859,15337
no_dueling,random,7,154,0.06097560975609757,95.40000000000003,1,0.01,26,0.26,100,0.01387062581256032,15437
no_dueling,random,7,155,0.06060606060606061,95.20000000000009,0,0.0,48,0.48,100,0.01132645214907825,15537
no_dueling,random,7,156,0.06024096385542168,93.90000000000005,1,0.01,42,0.42,100,0.014443440423347055,15637
no_dueling,random,7,157,0.059880239520958084,94.60000000000008,0,0.0,54,0.54,100,0.011830673371441662,15737
no_dueling,random,7,158,0.05952380952380952,91.90000000000003,2,0.02,42,0.42,100,0.010637959116138518,15837
no_dueling,random,7,159,0.0591715976331361,93.20000000000002,1,0.01,49,0.49,100,0.01044175961986184,15937
no_dueling,random,7,160,0.058823529411764705,96.90000000000005,0,0.0,31,0.31,100,0.01201750549953431,16037
no_dueling,random,7,161,0.05847953216374269,93.80000000000005,1,0.01,43,0.43,100,0.00957611768040806,16137
no_dueling,random,7,162,0.05813953488372093,98.10000000000002,0,0.0,19,0.19,100,0.010402841188479214,16237
no_dueling,random,7,163,0.057803468208092484,93.50000000000006,1,0.01,45,0.45,100,0.009827118222601712,16337
no_dueling,random,7,164,0.0574712643678161,90.80000000000004,3,0.03,35,0.35,100,0.00905833825469017,16437
no_dueling,random,7,165,0.05714285714285714,96.20000000000002,0,0.0,38,0.38,100,0.010942921191453934,16537
no_dueling,random,7,166,0.056818181818181816,96.70000000000002,0,0.0,33,0.33,100,0.009711594455875456,16637
no_dueling,random,7,167,0.05649717514124294,94.40000000000006,1,0.01,37,0.37,100,0.009062148844823242,16737
no_dueling,random,7,168,0.056179775280898875,94.70000000000006,1,0.01,34,0.34,100,0.008202209463343024,16837
no_dueling,random,7,169,0.0558659217877095,91.4,2,0.02,48,0.48,100,0.010121001277584583,16937
no_dueling,random,7,170,0.05555555555555555,90.8,3,0.03,34,0.34,100,0.008654549224302173,17037
no_dueling,random,7,171,0.055248618784530384,96.40000000000003,0,0.0,36,0.36,100,0.010479605463333428,17137
no_dueling,random,7,172,0.054945054945054944,96.40000000000002,0,0.0,36,0.36,100,0.011557206977158785,17237
no_dueling,random,7,173,0.0546448087431694,93.30000000000001,2,0.02,29,0.29,100,0.01139697634615004,17337
no_dueling,random,7,174,0.05434782608695653,93.19999999999997,2,0.02,29,0.29,100,0.012139040087349713,17437
no_dueling,random,7,175,0.05405405405405406,96.10000000000004,0,0.0,39,0.39,100,0.010868190843611956,17537
no_dueling,random,7,176,0.05376344086021505,97.30000000000008,0,0.0,27,0.27,100,0.011628611492924393,17637
no_dueling,random,7,177,0.053475935828877004,95.90000000000002,0,0.0,41,0.41,100,0.011152035896666348,17737
no_dueling,random,7,178,0.05319148936170213,94.20000000000006,1,0.01,39,0.39,100,0.011281421021558345,17837
no_dueling,random,7,179,0.052910052910052914,95.60000000000005,0,0.0,44,0.44,100,0.012597060846164822,17937
no_dueling,random,7,180,0.05263157894736842,94.30000000000007,1,0.01,38,0.38,100,0.016931316424161194,18037
no_dueling,random,7,181,0.05235602094240837,94.80000000000005,1,0.01,32,0.32,100,0.012365781317930669,18137
no_dueling,random,7,182,0.052083333333333336,94.00000000000006,1,0.01,41,0.41,100,0.010520120742730796,18237
no_dueling,random,7,183,0.05181347150259067,95.60000000000002,0,0.0,44,0.44,100,0.012708216556347907,18337
no_dueling,random,7,184,0.051546391752577324,96.3000000000001,0,0.0,37,0.37,100,0.012914867545478046,18437
no_dueling,random,7,185,0.05128205128205128,93.40000000000005,1,0.01,47,0.47,100,0.00967437335755676,18537
no_dueling,random,7,186,0.0510204081632653,94.00000000000006,1,0.01,41,0.41,100,0.012898818599060178,18637
no_dueling,random,7,187,0.050761421319796954,96.30000000000007,0,0.0,37,0.37,100,0.012118042081128806,18737
no_dueling,random,7,188,0.050505050505050504,95.60000000000001,1,0.01,24,0.24,100,0.018090648516081272,18837
no_dueling,random,7,189,0.05025125628140704,95.90000000000003,0,0.0,41,0.41,100,0.013699753070250153,18937
no_dueling,random,7,190,0.05,95.90000000000003,0,0.0,41,0.41,100,0.010897042860742659,19037
no_dueling,random,7,191,0.04975124378109452,96.50000000000009,0,0.0,35,0.35,100,0.015029501614626496,19137
no_dueling,random,7,192,0.04950495049504951,92.70000000000007,1,0.01,54,0.54,100,0.011172021208330989,19237
no_dueling,random,7,193,0.04926108374384236,94.60000000000005,1,0.01,35,0.35,100,0.012480042488314212,19337
no_dueling,random,7,194,0.04901960784313726,94.40000000000005,1,0.01,37,0.37,100,0.013005166235379874,19437
no_dueling,random,7,195,0.04878048780487805,93.5,1,0.01,46,0.46,100,0.01371232564561069,19537
no_dueling,random,7,196,0.04854368932038835,93.80000000000007,1,0.01,43,0.43,100,0.011947341356426477,19637
no_dueling,random,7,197,0.04830917874396135,95.20000000000005,0,0.0,48,0.48,100,0.011580345379188657,19737
no_dueling,random,7,198,0.04807692307692307,97.30000000000001,0,0.0,27,0.27,100,0.011563148172572256,19837
no_dueling,random,7,199,0.04784688995215311,92.70000000000007,2,0.02,35,0.35,100,0.011266274517402053,19937
no_dueling,random,8,0,1.0,64.89999999999993,14,0.14,84,0.84,100,0.15201220092539852,37
no_dueling,random,8,1,0.9090909090909091,78.60000000000004,7,0.07,80,0.8,100,0.044121472220867874,137
no_dueling,random,8,2,0.8333333333333334,70.09999999999995,11,0.11,90,0.9,100,0.05166035866364837,237
no_dueling,random,8,3,0.7692307692307692,74.0,9,0.09,89,0.89,100,0.027267064759507777,337
no_dueling,random,8,4,0.7142857142857143,72.6,10,0.1,84,0.84,100,0.018402586420997978,437
no_dueling,random,8,5,0.6666666666666666,72.6,10,0.1,83,0.83,100,0.012236665324307979,537
no_dueling,random,8,6,0.625,70.59999999999998,11,0.11,83,0.83,100,0.007579357665963471,637
no_dueling,random,8,7,0.5882352941176471,78.70000000000002,7,0.07,79,0.79,100,0.0046142352209426465,737
no_dueling,random,8,8,0.5555555555555556,76.50000000000004,8,0.08,80,0.8,100,0.005238683600910008,837
no_dueling,random,8,9,0.5263157894736842,83.10000000000004,5,0.05,74,0.74,100,0.005951076864730567,937
no_dueling,random,8,10,0.5,89.00000000000006,2,0.02,72,0.72,100,0.004771844795905054,1037
no_dueling,random,8,11,0.47619047619047616,71.29999999999997,11,0.11,78,0.78,100,0.004813643376110122,1137
no_dueling,random,8,12,0.45454545454545453,84.70000000000005,4,0.04,76,0.76,100,0.004599429499357939,1237
no_dueling,random,8,13,0.4347826086956522,82.70000000000005,5,0.05,76,0.76,100,0.006531913282815367,1337
no_dueling,random,8,14,0.4166666666666667,82.10000000000004,5,0.05,84,0.84,100,0.006713644813280553,1437
no_dueling,random,8,15,0.4,75.19999999999999,9,0.09,76,0.76,100,0.006120719471946359,1537
no_dueling,random,8,16,0.3846153846153846,85.70000000000007,3,0.03,86,0.86,100,0.009397480394691229,1637
no_dueling,random,8,17,0.37037037037037035,85.30000000000004,4,0.04,71,0.71,100,0.010737064012791961,1737
no_dueling,random,8,18,0.35714285714285715,85.30000000000004,4,0.04,71,0.71,100,0.011933942404575647,1837
no_dueling,random,8,19,0.3448275862068966,89.00000000000007,2,0.02,72,0.72,100,0.008491035839542747,1937
no_dueling,random,8,20,0.3333333333333333,84.80000000000007,4,0.04,73,0.73,100,0.007202835213392973,2037
no_dueling,random,8,21,0.3225806451612903,88.90000000000006,2,0.02,73,0.73,100,0.009439921497832984,2137
no_dueling,random,8,22,0.3125,81.20000000000003,6,0.06,74,0.74,100,0.009076365365181117,2237
no_dueling,random,8,23,0.30303030303030304,79.10000000000002,7,0.07,75,0.75,100,0.011910036054905504,2337
no_dueling,random,8,24,0.29411764705882354,86.60000000000007,3,0.03,76,0.76,100,0.01052295659435913,2437
no_dueling,random,8,25,0.2857142857142857,85.00000000000003,4,0.04,73,0.73,100,0.009859371513593942,2537
no_dueling,random,8,26,0.2777777777777778,83.70000000000007,5,0.05,68,0.68,100,0.011533225746825337,2637
no_dueling,random,8,27,0.27027027027027023,88.80000000000004,2,0.02,73,0.73,100,0.01058978654909879,2737
no_dueling,random,8,28,0.2631578947368421,84.20000000000005,5,0.05,63,0.63,100,0.010844764022622258,2837
no_dueling,random,8,29,0.25641025641025644,89.30000000000003,2,0.02,69,0.69,100,0.009944556611590088,2937
no_dueling,random,8,30,0.25,90.30000000000005,1,0.01,78,0.78,100,0.011191994766704738,3037
no_dueling,random,8,31,0.24390243902439027,87.30000000000004,3,0.03,70,0.7,100,0.011410805955529213,3137
no_dueling,random,8,32,0.23809523809523808,89.10000000000008,2,0.02,69,0.69,100,0.012960966117680073,3237
no_dueling,random,8,33,0.23255813953488372,83.50000000000003,5,0.05,69,0.69,100,0.011821231117937713,3337
no_dueling,random,8,34,0.22727272727272727,87.40000000000009,3,0.03,68,0.68,100,0.013399637285619975,3437
no_dueling,random,8,35,0.2222222222222222,83.80000000000003,5,0.05,66,0.66,100,0.012315988200716674,3537
no_dueling,random,8,36,0.2173913043478261,89.8000000000001,2,0.02,64,0.64,100,0.012633233058732003,3637
no_dueling,random,8,37,0.2127659574468085,89.90000000000009,2,0.02,63,0.63,100,0.011261337171308696,3737
no_dueling,random,8,38,0.20833333333333334,85.70000000000006,4,0.04,66,0.66,100,0.010206678975373506,3837
no_dueling,random,8,39,0.2040816326530612,89.20000000000007,2,0.02,70,0.7,100,0.012102921423502267,3937
no_dueling,random,8,40,0.2,93.0000000000001,0,0.0,70,0.7,100,0.015281405253335833,4037
no_dueling,random,8,41,0.19607843137254904,92.00000000000003,1,0.01,61,0.61,100,0.012791238729842008,4137
no_dueling,random,8,42,0.1923076923076923,88.80000000000007,2,0.02,74,0.74,100,0.00997297630412504,4237
no_dueling,random,8,43,0.18867924528301888,85.10000000000004,4,0.04,72,0.72,100,0.01317034791689366,4337
no_dueling,random,8,44,0.18518518518518517,87.80000000000004,3,0.03,65,0.65,100,0.013834935827180744,4437
no_dueling,random,8,45,0.18181818181818182,89.40000000000009,2,0.02,67,0.67,100,0.013949039364233614,4537
no_dueling,random,8,46,0.17857142857142858,89.30000000000004,2,0.02,69,0.69,100,0.014066247097216546,4637
no_dueling,random,8,47,0.17543859649122806,88.70000000000006,3,0.03,55,0.55,100,0.014597741509787739,4737
no_dueling,random,8,48,0.1724137931034483,91.80000000000005,1,0.01,63,0.63,100,0.013786528054624795,4837
no_dueling,random,8,49,0.1694915254237288,91.70000000000006,1,0.01,64,0.64,100,0.013136713388375939,4937
no_dueling,random,8,50,0.16666666666666666,94.00000000000006,0,0.0,60,0.6,100,0.012985240870621055,5037
no_dueling,random,8,51,0.1639344262295082,87.90000000000005,3,0.03,63,0.63,100,0.010298889444675297,5137
no_dueling,random,8,52,0.16129032258064516,92.8000000000001,0,0.0,72,0.72,100,0.013292902121320367,5237
no_dueling,random,8,53,0.15873015873015872,87.70000000000006,3,0.03,64,0.64,100,0.011902501173317433,5337
no_dueling,random,8,54,0.15625,90.00000000000006,2,0.02,62,0.62,100,0.012803864427842199,5437
no_dueling,random,8,55,0.15384615384615385,89.90000000000003,2,0.02,63,0.63,100,0.012319121009204537,5537
no_dueling,random,8,56,0.15151515151515152,91.60000000000008,1,0.01,64,0.64,100,0.009570418559014797,5637
no_dueling,random,8,57,0.14925373134328357,89.90000000000005,2,0.02,62,0.62,100,0.007455907906405628,5737
no_dueling,random,8,58,0.14705882352941177,86.30000000000004,4,0.04,61,0.61,100,0.0073826190689578654,5837
no_dueling,random,8,59,0.14492753623188406,84.40000000000003,5,0.05,59,0.59,100,0.007648313087411224,5937
no_dueling,random,8,60,0.14285714285714285,93.90000000000008,0,0.0,61,0.61,100,0.009598523594904691,6037
no_dueling,random,8,61,0.14084507042253522,90.20000000000005,2,0.02,60,0.6,100,0.007870982172898949,6137
no_dueling,random,8,62,0.1388888888888889,90.30000000000007,2,0.02,58,0.58,100,0.006922865239903331,6237
no_dueling,random,8,63,0.136986301369863,88.80000000000004,3,0.03,55,0.55,100,0.008863413808867335,6337
no_dueling,random,8,64,0.13513513513513511,86.30000000000004,4,0.04,60,0.6,100,0.008623787281103433,6437
no_dueling,random,8,65,0.13333333333333333,91.50000000000006,1,0.01,66,0.66,100,0.007533086475450546,6537
no_dueling,random,8,66,0.13157894736842105,87.80000000000001,3,0.03,65,0.65,100,0.00884311600588262,6637
no_dueling,random,8,67,0.12987012987012986,88.40000000000005,3,0.03,59,0.59,100,0.007896310775540769,6737
no_dueling,random,8,68,0.12820512820512822,86.80000000000004,4,0.04,56,0.56,100,0.008412811001762747,6837
no_dueling,random,8,69,0.12658227848101264,92.80000000000004,1,0.01,53,0.53,100,0.007415998203214258,6937
no_dueling,random,8,70,0.125,89.90000000000006,2,0.02,62,0.62,100,0.00797147247940302,7037
no_dueling,random,8,71,0.1234567901234568,90.30000000000008,2,0.02,59,0.59,100,0.007726549210492522,7137
no_dueling,random,8,72,0.12195121951219513,94.30000000000005,0,0.0,57,0.57,100,0.006649194883648306,7237
no_dueling,random,8,73,0.12048192771084336,85.7,4,0.04,67,0.67,100,0.010655117142014205,7337
no_dueling,random,8,74,0.11904761904761904,92.70000000000003,1,0.01,54,0.54,100,0.00979726972291246,7437
no_dueling,random,8,75,0.11764705882352941,91.60000000000008,1,0.01,65,0.65,100,0.008606587066315114,7537
no_dueling,random,8,76,0.11627906976744186,85.00000000000003,4,0.04,74,0.74,100,0.00830260309856385,7637
no_dueling,random,8,77,0.1149425287356322,94.20000000000006,0,0.0,58,0.58,100,0.009465416371822357,7737
no_dueling,random,8,78,0.11363636363636363,88.20000000000003,3,0.03,61,0.61,100,0.00983577222796157,7837
no_dueling,random,8,79,0.11235955056179775,86.50000000000006,4,0.04,58,0.58,100,0.008098370204679668,7937
no_dueling,random,8,80,0.1111111111111111,94.20000000000006,0,0.0,58,0.58,100,0.009412172860465943,8037
no_dueling,random,8,81,0.10989010989010989,90.40000000000006,2,0.02,57,0.57,100,0.009214614746160804,8137
no_dueling,random,8,82,0.10869565217391305,86.80000000000008,4,0.04,56,0.56,100,0.008907669708132743,8237
no_dueling,random,8,83,0.1075268817204301,92.80000000000008,1,0.01,53,0.53,100,0.009412768601905555,8337
no_dueling,random,8,84,0.10638297872340426,89.10000000000008,3,0.03,52,0.52,100,0.0075048329890705645,8437
no_dueling,random,8,85,0.10526315789473684,93.30000000000004,1,0.01,48,0.48,100,0.006693460310343653,8537
no_dueling,random,8,86,0.10416666666666667,94.60000000000007,0,0.0,54,0.54,100,0.00811933710006997,8637
no_dueling,random,8,87,0.10309278350515465,93.40000000000006,0,0.0,66,0.66,100,0.007438138874713332,8737
no_dueling,random,8,88,0.1020408163265306,87.70000000000003,4,0.04,47,0.47,100,0.008451570735778659,8837
no_dueling,random,8,89,0.10101010101010101,92.80000000000004,1,0.01,53,0.53,100,0.008101255737710745,8937
no_dueling,random,8,90,0.1,93.10000000000007,1,0.01,50,0.5,100,0.007799097795505076,9037
no_dueling,random,8,91,0.09900990099009901,95.60000000000007,0,0.0,44,0.44,100,0.007930198139511048,9137
no_dueling,random,8,92,0.09803921568627452,88.60000000000005,3,0.03,56,0.56,100,0.009327199019026011,9237
no_dueling,random,8,93,0.0970873786407767,92.20000000000006,1,0.01,59,0.59,100,0.008191347178071738,9337
no_dueling,random,8,94,0.09615384615384615,94.40000000000006,0,0.0,56,0.56,100,0.009373106753919273,9437
no_dueling,random,8,95,0.09523809523809523,92.40000000000005,1,0.01,56,0.56,100,0.0069255001354031264,9537
no_dueling,random,8,96,0.09433962264150944,95.30000000000004,0,0.0,47,0.47,100,0.0076413130806759,9637
no_dueling,random,8,97,0.09345794392523366,93.20000000000006,1,0.01,49,0.49,100,0.00764404728077352,9737
no_dueling,random,8,98,0.09259259259259259,90.40000000000006,2,0.02,58,0.58,100,0.007339169289916753,9837
no_dueling,random,8,99,0.09174311926605504,90.70000000000002,2,0.02,55,0.55,100,0.00877441323362291,9937
no_dueling,random,8,100,0.09090909090909091,94.20000000000007,0,0.0,58,0.58,100,0.00824570095865056,10037
no_dueling,random,8,101,0.0900900900900901,91.50000000000006,2,0.02,47,0.47,100,0.0067643871414475145,10137
no_dueling,random,8,102,0.08928571428571429,92.90000000000008,1,0.01,51,0.51,100,0.0073713849484920504,10237
no_dueling,random,8,103,0.08849557522123894,92.40000000000005,1,0.01,57,0.57,100,0.008259102371521294,10337
no_dueling,random,8,104,0.08771929824561403,95.10000000000004,0,0.0,49,0.49,100,0.007478662985377014,10437
no_dueling,random,8,105,0.08695652173913043,95.30000000000004,0,0.0,47,0.47,100,0.008498201465699821,10537
no_dueling,random,8,106,0.08620689655172414,91.20000000000005,2,0.02,48,0.48,100,0.007567132362164557,10637
no_dueling,random,8,107,0.08547008547008547,93.40000000000005,1,0.01,47,0.47,100,0.009803001524414868,10737
no_dueling,random,8,108,0.0847457627118644,92.00000000000004,1,0.01,61,0.61,100,0.009700467041693629,10837
no_dueling,random,8,109,0.08403361344537814,92.80000000000005,1,0.01,53,0.53,100,0.007535309449303895,10937
no_dueling,random,8,110,0.08333333333333333,92.80000000000008,1,0.01,52,0.52,100,0.007561648401897401,11037
no_dueling,random,8,111,0.08264462809917356,93.90000000000005,1,0.01,42,0.42,100,0.008736326564103366,11137
no_dueling,random,8,112,0.0819672131147541,96.30000000000005,0,0.0,37,0.37,100,0.009055521741975098,11237
no_dueling,random,8,113,0.08130081300813008,91.40000000000005,2,0.02,48,0.48,100,0.009061122257262468,11337
no_dueling,random,8,114,0.08064516129032258,95.00000000000007,0,0.0,50,0.5,100,0.00746675084810704,11437
no_dueling,random,8,115,0.08,95.30000000000005,0,0.0,47,0.47,100,0.00792353437282145,11537
no_dueling,random,8,116,0.07936507936507936,93.40000000000003,1,0.01,47,0.47,100,0.008145880738738924,11637
no_dueling,random,8,117,0.07874015748031496,92.30000000000004,2,0.02,39,0.39,100,0.009148530587553978,11737
no_dueling,random,8,118,0.078125,93.90000000000005,1,0.01,42,0.42,100,0.008970900231506675,11837
no_dueling,random,8,119,0.07751937984496124,96.00000000000004,0,0.0,40,0.4,100,0.0075365173467434945,11937
no_dueling,random,8,120,0.07692307692307693,93.70000000000006,1,0.01,44,0.44,100,0.00792009653756395,12037
no_dueling,random,8,121,0.07633587786259542,95.90000000000005,0,0.0,41,0.41,100,0.00851829711580649,12137
no_dueling,random,8,122,0.07575757575757576,93.40000000000005,1,0.01,47,0.47,100,0.008096204947214573,12237
no_dueling,random,8,123,0.07518796992481203,94.00000000000006,1,0.01,41,0.41,100,0.007667582808062434,12337
no_dueling,random,8,124,0.07462686567164178,93.60000000000004,1,0.01,45,0.45,100,0.008247148089576512,12437
no_dueling,random,8,125,0.07407407407407407,92.70000000000007,1,0.01,54,0.54,100,0.007648718582931906,12537
no_dueling,random,8,126,0.07352941176470588,95.20000000000007,0,0.0,48,0.48,100,0.008419880638830363,12637
no_dueling,random,8,127,0.07299270072992702,96.20000000000005,0,0.0,38,0.38,100,0.008570977379567921,12737
no_dueling,random,8,128,0.07246376811594203,89.60000000000004,3,0.03,47,0.47,100,0.008986390724312515,12837
no_dueling,random,8,129,0.07194244604316546,94.10000000000005,1,0.01,40,0.4,100,0.008705696871038527,12937
no_dueling,random,8,130,0.07142857142857142,93.20000000000005,1,0.01,49,0.49,100,0.008204202163033187,13037
no_dueling,random,8,131,0.07092198581560284,95.60000000000005,0,0.0,44,0.44,100,0.006674076840281487,13137
no_dueling,random,8,132,0.07042253521126761,93.50000000000006,1,0.01,46,0.46,100,0.0083406630018726,13237
no_dueling,random,8,133,0.06993006993006992,89.70000000000006,3,0.03,45,0.45,100,0.006888105478137732,13337
no_dueling,random,8,134,0.06944444444444445,95.00000000000009,0,0.0,50,0.5,100,0.008334631486795842,13437
no_dueling,random,8,135,0.06896551724137931,91.60000000000008,2,0.02,46,0.46,100,0.01048715966520831,13537
no_dueling,random,8,136,0.0684931506849315,94.40000000000005,1,0.01,37,0.37,100,0.009819891080260277,13637
no_dueling,random,8,137,0.06802721088435375,96.40000000000006,0,0.0,36,0.36,100,0.006269987071864307,13737
no_dueling,random,8,138,0.06756756756756756,94.00000000000006,1,0.01,41,0.41,100,0.009344170410186052,13837
no_dueling,random,8,139,0.06711409395973154,95.00000000000006,1,0.01,31,0.31,100,0.009109403640031814,13937
no_dueling,random,8,140,0.06666666666666667,95.50000000000006,0,0.0,45,0.45,100,0.009236612597014755,14037
no_dueling,random,8,141,0.06622516556291391,92.00000000000007,2,0.02,42,0.42,100,0.00897123118629679,14137
no_dueling,random,8,142,0.06578947368421052,92.60000000000005,1,0.01,55,0.55,100,0.00867939808173105,14237
no_dueling,random,8,143,0.06535947712418301,96.20000000000003,0,0.0,38,0.38,100,0.008587340568192303,14337
no_dueling,random,8,144,0.06493506493506493,96.40000000000003,0,0.0,36,0.36,100,0.006536272554658353,14437
no_dueling,random,8,145,0.06451612903225806,93.60000000000005,1,0.01,45,0.45,100,0.007687065962236375,14537
no_dueling,random,8,146,0.06410256410256411,92.30000000000007,2,0.02,39,0.39,100,0.008526573528070003,14637
no_dueling,random,8,147,0.06369426751592357,95.50000000000006,0,0.0,45,0.45,100,0.007344984586816281,14737
no_dueling,random,8,148,0.06329113924050632,94.8000000000001,1,0.01,33,0.33,100,0.009119236117694527,14837
no_dueling,random,8,149,0.06289308176100629,96.60000000000002,0,0.0,34,0.34,100,0.006460618220735341,14937
no_dueling,random,8,150,0.0625,94.4,1,0.01,37,0.37,100,0.0069398526917211715,15037
no_dueling,random,8,151,0.06211180124223602,92.20000000000007,2,0.02,40,0.4,100,0.007879282014910132,15137
no_dueling,random,8,152,0.0617283950617284,95.70000000000002,0,0.0,43,0.43,100,0.00803828564239666,15237
no_dueling,random,8,153,0.06134969325153374,91.90000000000003,2,0.02,43,0.43,100,0.009092687654774636,15337
no_dueling,random,8,154,0.06097560975609757,94.60000000000002,1,0.01,35,0.35,100,0.010878148139454424,15437
no_dueling,random,8,155,0.06060606060606061,94.80000000000004,1,0.01,33,0.33,100,0.00814695866080001,15537
no_dueling,random,8,156,0.06024096385542168,94.2,1,0.01,39,0.39,100,0.007849524680059403,15637
no_dueling,random,8,157,0.059880239520958084,95.80000000000005,0,0.0,42,0.42,100,0.008741006967611611,15737
no_dueling,random,8,158,0.05952380952380952,97.10000000000002,0,0.0,29,0.29,100,0.00853051143232733,15837
no_dueling,random,8,159,0.0591715976331361,94.50000000000003,1,0.01,35,0.35,100,0.008078132823575288,15937
no_dueling,random,8,160,0.058823529411764705,93.50000000000006,1,0.01,46,0.46,100,0.007448617569170892,16037
no_dueling,random,8,161,0.05847953216374269,96.70000000000005,0,0.0,33,0.33,100,0.008244023316074163,16137
no_dueling,random,8,162,0.05813953488372093,96.30000000000004,0,0.0,37,0.37,100,0.008400672590360045,16237
no_dueling,random,8,163,0.057803468208092484,94.20000000000005,1,0.01,39,0.39,100,0.009414534214884043,16337
no_dueling,random,8,164,0.0574712643678161,96.00000000000006,0,0.0,40,0.4,100,0.007214541775174439,16437
no_dueling,random,8,165,0.05714285714285714,94.50000000000006,1,0.01,36,0.36,100,0.009292622469365597,16537
no_dueling,random,8,166,0.056818181818181816,94.20000000000003,1,0.01,38,0.38,100,0.007408470697700977,16637
no_dueling,random,8,167,0.05649717514124294,96.60000000000004,0,0.0,34,0.34,100,0.007108292714692652,16737
no_dueling,random,8,168,0.056179775280898875,89.00000000000003,4,0.04,34,0.34,100,0.00871196884661913,16837
no_dueling,random,8,169,0.0558659217877095,94.00000000000003,1,0.01,41,0.41,100,0.008451196863316,16937
no_dueling,random,8,170,0.05555555555555555,96.40000000000003,0,0.0,36,0.36,100,0.009059697641059756,17037
no_dueling,random,8,171,0.055248618784530384,90.70000000000005,3,0.03,36,0.36,100,0.008128046989440918,17137
no_dueling,random,8,172,0.054945054945054944,96.10000000000005,0,0.0,39,0.39,100,0.009994969775434584,17237
no_dueling,random,8,173,0.0546448087431694,96.10000000000007,0,0.0,39,0.39,100,0.010163314803503454,17337
no_dueling,random,8,174,0.05434782608695653,96.9,0,0.0,31,0.31,100,0.010754900560714304,17437
no_dueling,random,8,175,0.05405405405405406,95.30000000000004,1,0.01,28,0.28,100,0.009578102654777466,17537
no_dueling,random,8,176,0.05376344086021505,96.20000000000003,0,0.0,38,0.38,100,0.00885627560550347,17637
no_dueling,random,8,177,0.053475935828877004,92.50000000000003,2,0.02,37,0.37,100,0.01159426400437951,17737
no_dueling,random,8,178,0.05319148936170213,96.60000000000005,0,0.0,34,0.34,100,0.010414147237315773,17837
no_dueling,random,8,179,0.052910052910052914,90.10000000000007,3,0.03,42,0.42,100,0.009342482595238835,17937
no_dueling,random,8,180,0.05263157894736842,90.80000000000005,3,0.03,33,0.33,100,0.009545500099193305,18037
no_dueling,random,8,181,0.05235602094240837,92.00000000000006,2,0.02,42,0.42,100,0.0098295779642649,18137
no_dueling,random,8,182,0.052083333333333336,94.00000000000009,1,0.01,41,0.41,100,0.008213281915523112,18237
no_dueling,random,8,183,0.05181347150259067,94.20000000000003,1,0.01,39,0.39,100,0.007137323587667197,18337
no_dueling,random,8,184,0.051546391752577324,96.70000000000005,0,0.0,33,0.33,100,0.007897241835016756,18437
no_dueling,random,8,185,0.05128205128205128,95.70000000000005,0,0.0,43,0.43,100,0.010038056494668126,18537
no_dueling,random,8,186,0.0510204081632653,91.70000000000007,2,0.02,45,0.45,100,0.0090292237396352,18637
no_dueling,random,8,187,0.050761421319796954,96.60000000000004,0,0.0,34,0.34,100,0.007802376390900463,18737
no_dueling,random,8,188,0.050505050505050504,97.50000000000007,0,0.0,25,0.25,100,0.008762633181177079,18837
no_dueling,random,8,189,0.05025125628140704,97.4,0,0.0,26,0.26,100,0.009716596235521138,18937
no_dueling,random,8,190,0.05,97.00000000000006,0,0.0,30,0.3,100,0.008136856916826219,19037
no_dueling,random,8,191,0.04975124378109452,97.00000000000003,0,0.0,30,0.3,100,0.009007942613679916,19137
no_dueling,random,8,192,0.04950495049504951,92.50000000000001,2,0.02,37,0.37,100,0.00887909967917949,19237
no_dueling,random,8,193,0.04926108374384236,96.90000000000002,0,0.0,31,0.31,100,0.00860372444614768,19337
no_dueling,random,8,194,0.04901960784313726,96.40000000000006,0,0.0,36,0.36,100,0.008536276868544518,19437
no_dueling,random,8,195,0.04878048780487805,96.50000000000006,0,0.0,35,0.35,100,0.010084490396548063,19537
no_dueling,random,8,196,0.04854368932038835,96.60000000000001,0,0.0,34,0.34,100,0.010411722692660988,19637
no_dueling,random,8,197,0.04830917874396135,96.70000000000005,0,0.0,33,0.33,100,0.00858028357150033,19737
no_dueling,random,8,198,0.04807692307692307,96.9,0,0.0,31,0.31,100,0.008885269854217767,19837
no_dueling,random,8,199,0.04784688995215311,92.70000000000005,1,0.01,54,0.54,100,0.008377306647598743,19937
no_dueling,random,9,0,1.0,62.299999999999926,15,0.15,91,0.91,100,0.16623094295327728,37
no_dueling,random,9,1,0.9090909090909091,66.89999999999995,13,0.13,83,0.83,100,0.057519994229078296,137
no_dueling,random,9,2,0.8333333333333334,75.60000000000001,8,0.08,91,0.91,100,0.044995245598256586,237
no_dueling,random,9,3,0.7692307692307692,75.80000000000001,8,0.08,90,0.9,100,0.019358377112075685,337
no_dueling,random,9,4,0.7142857142857143,76.4,8,0.08,80,0.8,100,0.012593475016765297,437
no_dueling,random,9,5,0.6666666666666666,80.10000000000002,6,0.06,84,0.84,100,0.008353728987276553,537
no_dueling,random,9,6,0.625,78.00000000000001,7,0.07,86,0.86,100,0.006250786224845797,637
no_dueling,random,9,7,0.5882352941176471,80.10000000000002,6,0.06,84,0.84,100,0.005138753573410213,737
no_dueling,random,9,8,0.5555555555555556,70.19999999999996,11,0.11,87,0.87,100,0.0044074153760448095,837
no_dueling,random,9,9,0.5263157894736842,80.7,6,0.06,78,0.78,100,0.0054095744341611865,937
no_dueling,random,9,10,0.5,80.30000000000003,6,0.06,82,0.82,100,0.0060096488194540144,1037
no_dueling,random,9,11,0.47619047619047616,86.30000000000005,3,0.03,79,0.79,100,0.010804801213089377,1137
no_dueling,random,9,12,0.45454545454545453,88.80000000000005,2,0.02,73,0.73,100,0.006531617701984942,1237
no_dueling,random,9,13,0.4347826086956522,82.60000000000005,5,0.05,78,0.78,100,0.004667738309362904,1337
no_dueling,random,9,14,0.4166666666666667,77.4,8,0.08,74,0.74,100,0.004444715746212751,1437
no_dueling,random,9,15,0.4,79.00000000000004,7,0.07,74,0.74,100,0.005173330821562559,1537
no_dueling,random,9,16,0.3846153846153846,84.90000000000005,4,0.04,75,0.75,100,0.006437539379112423,1637
no_dueling,random,9,17,0.37037037037037035,89.10000000000007,2,0.02,71,0.71,100,0.00584996904945001,1737
no_dueling,random,9,18,0.35714285714285715,81.50000000000001,6,0.06,70,0.7,100,0.007473722861614078,1837
no_dueling,random,9,19,0.3448275862068966,78.40000000000005,7,0.07,82,0.82,100,0.005468141967430711,1937
no_dueling,random,9,20,0.3333333333333333,91.10000000000005,1,0.01,70,0.7,100,0.006779972244985401,2037
no_dueling,random,9,21,0.3225806451612903,92.70000000000007,0,0.0,73,0.73,100,0.00781282652169466,2137
no_dueling,random,9,22,0.3125,82.70000000000003,5,0.05,78,0.78,100,0.008605082102585584,2237
no_dueling,random,9,23,0.30303030303030304,85.40000000000006,4,0.04,68,0.68,100,0.005750185803044587,2337
no_dueling,random,9,24,0.29411764705882354,77.79999999999998,8,0.08,69,0.69,100,0.0060191001207567756,2437
no_dueling,random,9,25,0.2857142857142857,90.80000000000005,1,0.01,73,0.73,100,0.006148785941768438,2537
no_dueling,random,9,26,0.2777777777777778,81.80000000000004,6,0.06,67,0.67,100,0.007189503151457757,2637
no_dueling,random,9,27,0.27027027027027023,85.50000000000004,4,0.04,69,0.69,100,0.007588291552383453,2737
no_dueling,random,9,28,0.2631578947368421,87.50000000000001,3,0.03,67,0.67,100,0.0070422381418757144,2837
no_dueling,random,9,29,0.25641025641025644,84.80000000000007,4,0.04,76,0.76,100,0.00604530158219859,2937
no_dueling,random,9,30,0.25,90.20000000000005,2,0.02,60,0.6,100,0.007818861149717122,3037
no_dueling,random,9,31,0.24390243902439027,79.5,7,0.07,72,0.72,100,0.007294693414587527,3137
no_dueling,random,9,32,0.23809523809523808,75.5,9,0.09,73,0.73,100,0.02205519322771579,3237
no_dueling,random,9,33,0.23255813953488372,84.80000000000004,4,0.04,76,0.76,100,0.04543903310783207,3337
no_dueling,random,9,34,0.22727272727272727,92.60000000000007,0,0.0,74,0.74,100,0.019950530333444474,3437
no_dueling,random,9,35,0.2222222222222222,81.90000000000003,6,0.06,66,0.66,100,0.011680480558425188,3537
no_dueling,random,9,36,0.2173913043478261,91.30000000000004,1,0.01,68,0.68,100,0.013455277669709175,3637
no_dueling,random,9,37,0.2127659574468085,90.8000000000001,1,0.01,73,0.73,100,0.008497404784429818,3737
no_dueling,random,9,38,0.20833333333333334,87.00000000000007,3,0.03,73,0.73,100,0.010505510966759175,3837
no_dueling,random,9,39,0.2040816326530612,83.70000000000005,5,0.05,67,0.67,100,0.007841937649063766,3937
no_dueling,random,9,40,0.2,93.50000000000006,0,0.0,65,0.65,100,0.009032339798286557,4037
no_dueling,random,9,41,0.19607843137254904,88.60000000000007,3,0.03,57,0.57,100,0.008608576795086264,4137
no_dueling,random,9,42,0.1923076923076923,87.00000000000007,3,0.03,73,0.73,100,0.007337794958148152,4237
no_dueling,random,9,43,0.18867924528301888,88.10000000000008,3,0.03,61,0.61,100,0.007848230211529882,4337
no_dueling,random,9,44,0.18518518518518517,87.70000000000007,3,0.03,66,0.66,100,0.007044418766163289,4437
no_dueling,random,9,45,0.18181818181818182,87.40000000000005,3,0.03,69,0.69,100,0.007361817446071655,4537
no_dueling,random,9,46,0.17857142857142858,86.30000000000005,4,0.04,60,0.6,100,0.007498814368154853,4637
no_dueling,random,9,47,0.17543859649122806,92.70000000000006,1,0.01,54,0.54,100,0.007910109844524414,4737
no_dueling,random,9,48,0.1724137931034483,89.70000000000009,2,0.02,65,0.65,100,0.0074685665196739135,4837
no_dueling,random,9,49,0.1694915254237288,90.20000000000006,2,0.02,59,0.59,100,0.00724799778079614,4937
no_dueling,random,9,50,0.16666666666666666,92.90000000000009,0,0.0,71,0.71,100,0.008855102211236953,5037
no_dueling,random,9,51,0.1639344262295082,88.00000000000007,3,0.03,63,0.63,100,0.008738581724464893,5137
no_dueling,random,9,52,0.16129032258064516,91.00000000000009,1,0.01,70,0.7,100,0.006793256259988993,5237
no_dueling,random,9,53,0.15873015873015872,93.20000000000006,1,0.01,49,0.49,100,0.008002224466763437,5337
no_dueling,random,9,54,0.15625,94.20000000000006,0,0.0,58,0.58,100,0.007976116896606981,5437
no_dueling,random,9,55,0.15384615384615385,93.90000000000003,0,0.0,61,0.61,100,0.007948024387005717,5537
no_dueling,random,9,56,0.15151515151515152,90.40000000000003,2,0.02,58,0.58,100,0.006825836221687496,5637
no_dueling,random,9,57,0.14925373134328357,89.10000000000008,2,0.02,70,0.7,100,0.009221596841234714,5737
no_dueling,random,9,58,0.14705882352941177,85.80000000000003,4,0.04,66,0.66,100,0.01003305363934487,5837
no_dueling,random,9,59,0.14492753623188406,89.70000000000006,2,0.02,65,0.65,100,0.007838894207961857,5937
no_dueling,random,9,60,0.14285714285714285,90.70000000000005,2,0.02,54,0.54,100,0.008595166592858732,6037
no_dueling,random,9,61,0.14084507042253522,89.70000000000007,2,0.02,65,0.65,100,0.010029961608815939,6137
no_dueling,random,9,62,0.1388888888888889,89.50000000000003,2,0.02,66,0.66,100,0.007401751247234642,6237
no_dueling,random,9,63,0.136986301369863,94.20000000000006,0,0.0,58,0.58,100,0.005640340903773904,6337
no_dueling,random,9,64,0.13513513513513511,92.80000000000007,1,0.01,53,0.53,100,0.008170326717663556,6437
no_dueling,random,9,65,0.13333333333333333,85.60000000000004,4,0.04,67,0.67,100,0.005888778637163341,6537
no_dueling,random,9,66,0.13157894736842105,93.30000000000007,1,0.01,48,0.48,100,0.007452590060420334,6637
no_dueling,random,9,67,0.12987012987012986,92.80000000000005,1,0.01,53,0.53,100,0.008609900090377778,6737
no_dueling,random,9,68,0.12820512820512822,91.00000000000006,2,0.02,52,0.52,100,0.007332962078507989,6837
no_dueling,random,9,69,0.12658227848101264,91.50000000000009,1,0.01,66,0.66,100,0.006241718607489019,6937
no_dueling,random,9,70,0.125,92.50000000000009,1,0.01,56,0.56,100,0.008142595409881324,7037
no_dueling,random,9,71,0.1234567901234568,88.20000000000003,3,0.03,60,0.6,100,0.007330043974798172,7137
no_dueling,random,9,72,0.12195121951219513,95.1000000000001,0,0.0,49,0.49,100,0.009042565287090838,7237
no_dueling,random,9,73,0.12048192771084336,91.20000000000005,2,0.02,49,0.49,100,0.007116795510519296,7337
no_dueling,random,9,74,0.11904761904761904,82.60000000000002,6,0.06,58,0.58,100,0.0066267457418143745,7437
no_dueling,random,9,75,0.11764705882352941,94.40000000000006,0,0.0,56,0.56,100,0.007798525362741202,7537
no_dueling,random,9,76,0.11627906976744186,90.30000000000007,2,0.02,58,0.58,100,0.007605682113207877,7637
no_dueling,random,9,77,0.1149425287356322,93.20000000000003,1,0.01,49,0.49,100,0.007755254358053207,7737
no_dueling,random,9,78,0.11363636363636363,94.50000000000009,0,0.0,55,0.55,100,0.008083829947281629,7837
no_dueling,random,9,79,0.11235955056179775,95.50000000000006,0,0.0,45,0.45,100,0.008294662402477115,7937
no_dueling,random,9,80,0.1111111111111111,88.40000000000003,3,0.03,59,0.59,100,0.005891046591568738,8037
no_dueling,random,9,81,0.10989010989010989,90.30000000000007,2,0.02,59,0.59,100,0.006578876550775021,8137
no_dueling,random,9,82,0.10869565217391305,91.90000000000006,1,0.01,62,0.62,100,0.006970450207591057,8237
no_dueling,random,9,83,0.1075268817204301,89.00000000000001,3,0.03,53,0.53,100,0.008180911452509463,8337
no_dueling,random,9,84,0.10638297872340426,92.30000000000007,1,0.01,58,0.58,100,0.007302142158150673,8437
no_dueling,random,9,85,0.10526315789473684,92.10000000000005,1,0.01,60,0.6,100,0.007181010814383626,8537
no_dueling,random,9,86,0.10416666666666667,91.50000000000007,2,0.02,47,0.47,100,0.008257363510783761,8637
no_dueling,random,9,87,0.10309278350515465,94.70000000000007,0,0.0,53,0.53,100,0.008075524546438829,8737
no_dueling,random,9,88,0.1020408163265306,94.60000000000005,0,0.0,54,0.54,100,0.007685039914213121,8837
no_dueling,random,9,89,0.10101010101010101,93.00000000000004,1,0.01,51,0.51,100,0.007431260028388351,8937
no_dueling,random,9,90,0.1,92.70000000000006,1,0.01,53,0.53,100,0.006493865523952991,9037
no_dueling,random,9,91,0.09900990099009901,91.50000000000003,2,0.02,47,0.47,100,0.005998743262607604,9137
no_dueling,random,9,92,0.09803921568627452,93.50000000000003,1,0.01,46,0.46,100,0.007504332554526627,9237
no_dueling,random,9,93,0.0970873786407767,90.30000000000003,3,0.03,40,0.4,100,0.00727480721892789,9337
no_dueling,random,9,94,0.09615384615384615,94.00000000000004,1,0.01,41,0.41,100,0.007528527611866593,9437
no_dueling,random,9,95,0.09523809523809523,95.40000000000003,0,0.0,46,0.46,100,0.008096949676983059,9537
no_dueling,random,9,96,0.09433962264150944,94.90000000000003,0,0.0,51,0.51,100,0.007318359317723662,9637
no_dueling,random,9,97,0.09345794392523366,95.50000000000006,0,0.0,45,0.45,100,0.008232467090710998,9737
no_dueling,random,9,98,0.09259259259259259,92.90000000000005,1,0.01,52,0.52,100,0.00863004454644397,9837
no_dueling,random,9,99,0.09174311926605504,97.0,0,0.0,30,0.3,100,0.005907061898615212,9937
no_dueling,random,9,100,0.09090909090909091,95.90000000000008,0,0.0,41,0.41,100,0.007977673965506256,10037
no_dueling,random,9,101,0.0900900900900901,89.20000000000006,3,0.03,51,0.51,100,0.008061250678729266,10137
no_dueling,random,9,102,0.08928571428571429,94.70000000000005,1,0.01,33,0.33,100,0.0064506989670917395,10237
no_dueling,random,9,103,0.08849557522123894,93.90000000000006,1,0.01,42,0.42,100,0.006633341433480382,10337
no_dueling,random,9,104,0.08771929824561403,93.30000000000004,1,0.01,47,0.47,100,0.009189310208894312,10437
no_dueling,random,9,105,0.08695652173913043,94.50000000000006,1,0.01,35,0.35,100,0.0076130103855393825,10537
no_dueling,random,9,106,0.08620689655172414,91.80000000000001,2,0.02,44,0.44,100,0.009546253280714154,10637
no_dueling,random,9,107,0.08547008547008547,94.00000000000003,1,0.01,41,0.41,100,0.006926025222055614,10737
no_dueling,random,9,108,0.0847457627118644,93.20000000000003,1,0.01,49,0.49,100,0.007483524687122553,10837
no_dueling,random,9,109,0.08403361344537814,95.50000000000006,0,0.0,45,0.45,100,0.008579198038205504,10937
no_dueling,random,9,110,0.08333333333333333,97.00000000000003,0,0.0,30,0.3,100,0.01018245380371809,11037
no_dueling,random,9,111,0.08264462809917356,94.10000000000007,1,0.01,40,0.4,100,0.007852007737383246,11137
no_dueling,random,9,112,0.0819672131147541,95.80000000000005,0,0.0,42,0.42,100,0.00802602136740461,11237
no_dueling,random,9,113,0.08130081300813008,94.50000000000001,1,0.01,36,0.36,100,0.007595481802709401,11337
no_dueling,random,9,114,0.08064516129032258,91.80000000000005,2,0.02,44,0.44,100,0.00869539767736569,11437
no_dueling,random,9,115,0.08,95.19999999999999,1,0.01,29,0.29,100,0.005997660085558892,11537
no_dueling,random,9,116,0.07936507936507936,96.30000000000007,0,0.0,37,0.37,100,0.00810518757207319,11637
no_dueling,random,9,117,0.07874015748031496,96.60000000000001,0,0.0,34,0.34,100,0.007882544787134975,11737
no_dueling,random,9,118,0.078125,91.70000000000006,2,0.02,45,0.45,100,0.008647702657617629,11837
no_dueling,random,9,119,0.07751937984496124,96.10000000000002,0,0.0,39,0.39,100,0.007448271063622087,11937
no_dueling,random,9,120,0.07692307692307693,94.20000000000007,1,0.01,39,0.39,100,0.0074599709059111775,12037
no_dueling,random,9,121,0.07633587786259542,95.30000000000007,0,0.0,47,0.47,100,0.007985850388649851,12137
no_dueling,random,9,122,0.07575757575757576,95.40000000000005,0,0.0,46,0.46,100,0.008583071772009135,12237
no_dueling,random,9,123,0.07518796992481203,93.90000000000006,1,0.01,42,0.42,100,0.007941931569948792,12337
no_dueling,random,9,124,0.07462686567164178,92.30000000000004,2,0.02,39,0.39,100,0.008626663510221988,12437
no_dueling,random,9,125,0.07407407407407407,96.00000000000009,0,0.0,40,0.4,100,0.007822859340813011,12537
no_dueling,random,9,126,0.07352941176470588,97.40000000000005,0,0.0,26,0.26,100,0.010165926534682512,12637
no_dueling,random,9,127,0.07299270072992702,96.10000000000005,0,0.0,39,0.39,100,0.01063729494344443,12737
no_dueling,random,9,128,0.07246376811594203,95.00000000000003,1,0.01,31,0.31,100,0.012018416314385832,12837
no_dueling,random,9,129,0.07194244604316546,95.50000000000004,0,0.0,45,0.45,100,0.008099271573591978,12937
no_dueling,random,9,130,0.07142857142857142,93.50000000000004,1,0.01,46,0.46,100,0.009750429603736848,13037
no_dueling,random,9,131,0.07092198581560284,89.60000000000005,3,0.03,47,0.47,100,0.008354104671161622,13137
no_dueling,random,9,132,0.07042253521126761,89.00000000000003,3,0.03,53,0.53,100,0.009274103646166622,13237
no_dueling,random,9,133,0.06993006993006992,93.50000000000006,1,0.01,46,0.46,100,0.008552723571192473,13337
no_dueling,random,9,134,0.06944444444444445,92.50000000000009,2,0.02,37,0.37,100,0.009870351366698742,13437
no_dueling,random,9,135,0.06896551724137931,92.30000000000004,2,0.02,39,0.39,100,0.006644731084816158,13537
no_dueling,random,9,136,0.0684931506849315,94.50000000000007,1,0.01,36,0.36,100,0.007017976688221097,13637
no_dueling,random,9,137,0.06802721088435375,96.20000000000006,0,0.0,38,0.38,100,0.008104782537557184,13737
no_dueling,random,9,138,0.06756756756756756,94.80000000000003,1,0.01,33,0.33,100,0.011089780116453767,13837
no_dueling,random,9,139,0.06711409395973154,94.80000000000004,1,0.01,33,0.33,100,0.007684743143618107,13937
no_dueling,random,9,140,0.06666666666666667,92.80000000000004,2,0.02,34,0.34,100,0.0062868539104238156,14037
no_dueling,random,9,141,0.06622516556291391,94.60000000000004,1,0.01,35,0.35,100,0.009007573851849884,14137
no_dueling,random,9,142,0.06578947368421052,97.30000000000005,0,0.0,27,0.27,100,0.009252803279086947,14237
no_dueling,random,9,143,0.06535947712418301,97.30000000000003,0,0.0,27,0.27,100,0.009191583604551851,14337
no_dueling,random,9,144,0.06493506493506493,92.20000000000005,2,0.02,40,0.4,100,0.009222599240019917,14437
no_dueling,random,9,145,0.06451612903225806,94.20000000000003,1,0.01,39,0.39,100,0.009541539023630322,14537
no_dueling,random,9,146,0.06410256410256411,94.20000000000006,1,0.01,39,0.39,100,0.008749677429441362,14637
no_dueling,random,9,147,0.06369426751592357,95.90000000000006,0,0.0,41,0.41,100,0.0087365154013969,14737
no_dueling,random,9,148,0.06329113924050632,98.20000000000002,0,0.0,18,0.18,100,0.0070196159020997585,14837
no_dueling,random,9,149,0.06289308176100629,96.30000000000003,0,0.0,37,0.37,100,0.011161721523385494,14937
no_dueling,random,9,150,0.0625,92.00000000000007,2,0.02,42,0.42,100,0.008131222536321729,15037
no_dueling,random,9,151,0.06211180124223602,91.70000000000002,2,0.02,45,0.45,100,0.009426321294158697,15137
no_dueling,random,9,152,0.0617283950617284,94.9,1,0.01,32,0.32,100,0.00804958657361567,15237
no_dueling,random,9,153,0.06134969325153374,94.30000000000004,1,0.01,38,0.38,100,0.009839179061818868,15337
no_dueling,random,9,154,0.06097560975609757,97.20000000000005,0,0.0,28,0.28,100,0.007907115262933076,15437
no_dueling,random,9,155,0.06060606060606061,97.10000000000002,0,0.0,29,0.29,100,0.010774969649501144,15537
no_dueling,random,9,156,0.06024096385542168,91.70000000000003,2,0.02,44,0.44,100,0.008038311488926411,15637
no_dueling,random,9,157,0.059880239520958084,94.90000000000003,1,0.01,32,0.32,100,0.009610790344886481,15737
no_dueling,random,9,158,0.05952380952380952,96.30000000000007,0,0.0,37,0.37,100,0.00829017139505595,15837
no_dueling,random,9,159,0.0591715976331361,94.00000000000004,1,0.01,41,0.41,100,0.00860207477817312,15937
no_dueling,random,9,160,0.058823529411764705,96.60000000000005,0,0.0,34,0.34,100,0.01038525569718331,16037
no_dueling,random,9,161,0.05847953216374269,91.80000000000005,2,0.02,44,0.44,100,0.009235451258718967,16137
no_dueling,random,9,162,0.05813953488372093,94.80000000000004,1,0.01,33,0.33,100,0.009518910753540695,16237
no_dueling,random,9,163,0.057803468208092484,97.10000000000005,0,0.0,29,0.29,100,0.008944509639404715,16337
no_dueling,random,9,164,0.0574712643678161,93.20000000000005,2,0.02,30,0.3,100,0.008609195509925484,16437
no_dueling,random,9,165,0.05714285714285714,97.00000000000001,0,0.0,30,0.3,100,0.008345730262808502,16537
no_dueling,random,9,166,0.056818181818181816,92.30000000000005,2,0.02,39,0.39,100,0.007755987318232655,16637
no_dueling,random,9,167,0.05649717514124294,96.90000000000003,0,0.0,31,0.31,100,0.009161127584520727,16737
no_dueling,random,9,168,0.056179775280898875,94.20000000000005,1,0.01,38,0.38,100,0.010003627398982645,16837
no_dueling,random,9,169,0.0558659217877095,94.30000000000005,1,0.01,38,0.38,100,0.009382311590015888,16937
no_dueling,random,9,170,0.05555555555555555,94.30000000000005,1,0.01,38,0.38,100,0.009412555801682175,17037
no_dueling,random,9,171,0.055248618784530384,92.50000000000003,2,0.02,37,0.37,100,0.008360861469991505,17137
no_dueling,random,9,172,0.054945054945054944,96.40000000000006,0,0.0,36,0.36,100,0.008014336084015668,17237
no_dueling,random,9,173,0.0546448087431694,94.70000000000005,1,0.01,34,0.34,100,0.008316624455619603,17337
no_dueling,random,9,174,0.05434782608695653,92.90000000000005,2,0.02,33,0.33,100,0.008047313808929176,17437
no_dueling,random,9,175,0.05405405405405406,94.50000000000003,1,0.01,36,0.36,100,0.008734627962112426,17537
no_dueling,random,9,176,0.05376344086021505,96.50000000000004,0,0.0,35,0.35,100,0.00850844595581293,17637
no_dueling,random,9,177,0.053475935828877004,94.70000000000002,1,0.01,34,0.34,100,0.008507572812959552,17737
no_dueling,random,9,178,0.05319148936170213,96.00000000000009,0,0.0,40,0.4,100,0.00842821630416438,17837
no_dueling,random,9,179,0.052910052910052914,96.70000000000005,0,0.0,33,0.33,100,0.008926755632273853,17937
no_dueling,random,9,180,0.05263157894736842,95.90000000000002,0,0.0,41,0.41,100,0.00677261677570641,18037
no_dueling,random,9,181,0.05235602094240837,94.80000000000001,1,0.01,33,0.33,100,0.008798599098809064,18137
no_dueling,random,9,182,0.052083333333333336,96.80000000000005,0,0.0,32,0.32,100,0.009421053850091994,18237
no_dueling,random,9,183,0.05181347150259067,96.40000000000003,0,0.0,36,0.36,100,0.011372254402376712,18337
no_dueling,random,9,184,0.051546391752577324,94.90000000000005,1,0.01,32,0.32,100,0.00886133048683405,18437
no_dueling,random,9,185,0.05128205128205128,92.90000000000003,2,0.02,32,0.32,100,0.007400523298420012,18537
no_dueling,random,9,186,0.0510204081632653,95.20000000000002,1,0.01,29,0.29,100,0.009710739036090672,18637
no_dueling,random,9,187,0.050761421319796954,93.70000000000005,1,0.01,44,0.44,100,0.007597810779698193,18737
no_dueling,random,9,188,0.050505050505050504,96.50000000000003,0,0.0,35,0.35,100,0.007885833757463843,18837
no_dueling,random,9,189,0.05025125628140704,91.70000000000002,2,0.02,45,0.45,100,0.008704001994337886,18937
no_dueling,random,9,190,0.05,93.00000000000003,2,0.02,32,0.32,100,0.007436484517529607,19037
no_dueling,random,9,191,0.04975124378109452,91.4,3,0.03,26,0.26,100,0.008048295739572496,19137
no_dueling,random,9,192,0.04950495049504951,96.20000000000003,1,0.01,18,0.18,100,0.009332137000747025,19237
no_dueling,random,9,193,0.04926108374384236,94.40000000000003,1,0.01,37,0.37,100,0.013089475482702255,19337
no_dueling,random,9,194,0.04901960784313726,96.60000000000002,0,0.0,34,0.34,100,0.007638702385593206,19437
no_dueling,random,9,195,0.04878048780487805,97.10000000000007,0,0.0,29,0.29,100,0.00732596468180418,19537
no_dueling,random,9,196,0.04854368932038835,96.40000000000005,0,0.0,36,0.36,100,0.008584847538731993,19637
no_dueling,random,9,197,0.04830917874396135,97.30000000000001,0,0.0,27,0.27,100,0.008177353411447257,19737
no_dueling,random,9,198,0.04807692307692307,91.10000000000001,3,0.03,31,0.31,100,0.00736651083920151,19837
no_dueling,random,9,199,0.04784688995215311,96.80000000000004,0,0.0,32,0.32,100,0.010458379373885692,19937
no_dueling,random,10,0,1.0,66.09999999999994,13,0.13,90,0.9,100,0.14759129844605923,37
no_dueling,random,10,1,0.9090909090909091,74.9,9,0.09,79,0.79,100,0.04288151863962412,137
no_dueling,random,10,2,0.8333333333333334,72.29999999999997,10,0.1,85,0.85,100,0.04107956064864993,237
no_dueling,random,10,3,0.7692307692307692,70.09999999999997,11,0.11,88,0.88,100,0.022294267574325205,337
no_dueling,random,10,4,0.7142857142857143,76.10000000000001,8,0.08,87,0.87,100,0.012080451878719032,437
no_dueling,random,10,5,0.6666666666666666,84.00000000000003,4,0.04,83,0.83,100,0.02296594772487879,537
no_dueling,random,10,6,0.625,70.79999999999997,11,0.11,81,0.81,100,0.009970475295558572,637
no_dueling,random,10,7,0.5882352941176471,80.50000000000001,6,0.06,81,0.81,100,0.00992581426165998,737
no_dueling,random,10,8,0.5555555555555556,80.10000000000002,6,0.06,85,0.85,100,0.006112382572609931,837
no_dueling,random,10,9,0.5263157894736842,87.20000000000003,3,0.03,71,0.71,100,0.006058657146058977,937
no_dueling,random,10,10,0.5,77.10000000000001,8,0.08,75,0.75,100,0.005156420615967363,1037
no_dueling,random,10,11,0.47619047619047616,77.30000000000003,8,0.08,73,0.73,100,0.007636610486079007,1137
no_dueling,random,10,12,0.45454545454545453,82.20000000000003,5,0.05,82,0.82,100,0.008897938814479858,1237
no_dueling,random,10,13,0.4347826086956522,79.00000000000003,7,0.07,76,0.76,100,0.006588708211202174,1337
no_dueling,random,10,14,0.4166666666666667,80.90000000000005,6,0.06,77,0.77,100,0.007003548694774509,1437
no_dueling,random,10,15,0.4,79.50000000000003,7,0.07,71,0.71,100,0.006206841650418937,1537
no_dueling,random,10,16,0.3846153846153846,83.00000000000004,5,0.05,75,0.75,100,0.008461857454385609,1637
no_dueling,random,10,17,0.37037037037037035,83.00000000000003,5,0.05,74,0.74,100,0.005471349693834782,1737
no_dueling,random,10,18,0.35714285714285715,92.00000000000003,1,0.01,61,0.61,100,0.007541693435050547,1837
no_dueling,random,10,19,0.3448275862068966,90.70000000000006,1,0.01,74,0.74,100,0.0068373232218436894,1937
no_dueling,random,10,20,0.3333333333333333,82.00000000000004,6,0.06,64,0.64,100,0.006856407935265452,2037
no_dueling,random,10,21,0.3225806451612903,89.90000000000006,2,0.02,63,0.63,100,0.007110845937859267,2137
no_dueling,random,10,22,0.3125,85.20000000000007,4,0.04,72,0.72,100,0.01296169735956937,2237
no_dueling,random,10,23,0.30303030303030304,81.20000000000003,6,0.06,74,0.74,100,0.009238111390732228,2337
no_dueling,random,10,24,0.29411764705882354,87.40000000000005,3,0.03,68,0.68,100,0.008565909094177187,2437
no_dueling,random,10,25,0.2857142857142857,86.40000000000006,4,0.04,60,0.6,100,0.0068671822384931145,2537
no_dueling,random,10,26,0.2777777777777778,91.90000000000008,1,0.01,61,0.61,100,0.007479150786530227,2637
no_dueling,random,10,27,0.27027027027027023,87.80000000000003,3,0.03,65,0.65,100,0.006351309481542558,2737
no_dueling,random,10,28,0.2631578947368421,85.70000000000005,4,0.04,67,0.67,100,0.007042030424345285,2837
no_dueling,random,10,29,0.25641025641025644,89.80000000000007,2,0.02,64,0.64,100,0.006333063647616655,2937
no_dueling,random,10,30,0.25,89.80000000000007,2,0.02,64,0.64,100,0.006848182517569512,3037
no_dueling,random,10,31,0.24390243902439027,89.80000000000004,2,0.02,64,0.64,100,0.009170151920989156,3137
no_dueling,random,10,32,0.23809523809523808,87.50000000000006,3,0.03,68,0.68,100,0.007669026385992765,3237
no_dueling,random,10,33,0.23255813953488372,91.40000000000008,1,0.01,67,0.67,100,0.007257846663706004,3337
no_dueling,random,10,34,0.22727272727272727,89.50000000000007,2,0.02,67,0.67,100,0.007150854382198304,3437
no_dueling,random,10,35,0.2222222222222222,87.80000000000007,3,0.03,64,0.64,100,0.007487969510257244,3537
no_dueling,random,10,36,0.2173913043478261,88.90000000000005,3,0.03,52,0.52,100,0.007328279884532094,3637
no_dueling,random,10,37,0.2127659574468085,92.50000000000007,1,0.01,56,0.56,100,0.008105773765128105,3737
no_dueling,random,10,38,0.20833333333333334,88.40000000000006,3,0.03,59,0.59,100,0.009369648324791343,3837
no_dueling,random,10,39,0.2040816326530612,95.10000000000005,0,0.0,49,0.49,100,0.007794797255191952,3937
no_dueling,random,10,40,0.2,85.30000000000004,4,0.04,70,0.7,100,0.007321894336491823,4037
no_dueling,random,10,41,0.19607843137254904,82.50000000000007,6,0.06,61,0.61,100,0.0069417440379038456,4137
no_dueling,random,10,42,0.1923076923076923,90.00000000000004,2,0.02,61,0.61,100,0.008789287069812418,4237
no_dueling,random,10,43,0.18867924528301888,90.30000000000004,2,0.02,59,0.59,100,0.00755329083185643,4337
no_dueling,random,10,44,0.18518518518518517,90.20000000000003,2,0.02,60,0.6,100,0.006636013463139534,4437
no_dueling,random,10,45,0.18181818181818182,89.80000000000007,2,0.02,64,0.64,100,0.00896893467521295,4537
no_dueling,random,10,46,0.17857142857142858,87.00000000000003,4,0.04,54,0.54,100,0.007439549725968391,4637
no_dueling,random,10,47,0.17543859649122806,92.70000000000007,1,0.01,54,0.54,100,0.010284299408085644,4737
no_dueling,random,10,48,0.1724137931034483,94.90000000000006,0,0.0,51,0.51,100,0.008829043321311474,4837
no_dueling,random,10,49,0.1694915254237288,92.80000000000001,1,0.01,53,0.53,100,0.009229069869033992,4937
no_dueling,random,10,50,0.16666666666666666,92.10000000000004,2,0.02,40,0.4,100,0.008527139851357788,5037
no_dueling,random,10,51,0.1639344262295082,95.50000000000007,0,0.0,45,0.45,100,0.008802280784584582,5137
no_dueling,random,10,52,0.16129032258064516,92.80000000000007,1,0.01,52,0.52,100,0.008117933897301555,5237
no_dueling,random,10,53,0.15873015873015872,85.10000000000005,5,0.05,53,0.53,100,0.008399947904981673,5337
no_dueling,random,10,54,0.15625,86.70000000000005,4,0.04,57,0.57,100,0.00679450040217489,5437
no_dueling,random,10,55,0.15384615384615385,89.20000000000002,3,0.03,50,0.5,100,0.008862564868759365,5537
no_dueling,random,10,56,0.15151515151515152,90.80000000000001,2,0.02,54,0.54,100,0.008947733391541987,5637
no_dueling,random,10,57,0.14925373134328357,89.00000000000007,3,0.03,53,0.53,100,0.008187540890648961,5737
no_dueling,random,10,58,0.14705882352941177,92.10000000000007,1,0.01,60,0.6,100,0.008390889174770565,5837
no_dueling,random,10,59,0.14492753623188406,87.30000000000005,4,0.04,51,0.51,100,0.008500578796956688,5937
no_dueling,random,10,60,0.14285714285714285,91.80000000000005,2,0.02,43,0.43,100,0.00836894613923505,6037
no_dueling,random,10,61,0.14084507042253522,86.70000000000003,4,0.04,57,0.57,100,0.00895571435103193,6137
no_dueling,random,10,62,0.1388888888888889,93.10000000000004,1,0.01,50,0.5,100,0.009201388130895794,6237
no_dueling,random,10,63,0.136986301369863,93.40000000000008,1,0.01,47,0.47,100,0.010641993600875138,6337
no_dueling,random,10,64,0.13513513513513511,95.40000000000003,0,0.0,46,0.46,100,0.01107817420270294,6437
no_dueling,random,10,65,0.13333333333333333,96.60000000000002,0,0.0,34,0.34,100,0.009798809699714185,6537
no_dueling,random,10,66,0.13157894736842105,91.30000000000003,2,0.02,49,0.49,100,0.010213154247030615,6637
no_dueling,random,10,67,0.12987012987012986,95.40000000000003,0,0.0,46,0.46,100,0.009321945293340832,6737
no_dueling,random,10,68,0.12820512820512822,93.30000000000005,1,0.01,48,0.48,100,0.009765541050583124,6837
no_dueling,random,10,69,0.12658227848101264,94.60000000000002,1,0.01,35,0.35,100,0.010917709623463452,6937
no_dueling,random,10,70,0.125,92.40000000000008,1,0.01,57,0.57,100,0.007888451227918267,7037
no_dueling,random,10,71,0.1234567901234568,94.10000000000002,1,0.01,40,0.4,100,0.008766714532393962,7137
no_dueling,random,10,72,0.12195121951219513,92.10000000000007,2,0.02,40,0.4,100,0.01790124855469912,7237
no_dueling,random,10,73,0.12048192771084336,93.50000000000003,1,0.01,46,0.46,100,0.010444457125850022,7337
no_dueling,random,10,74,0.11904761904761904,87.10000000000005,4,0.04,52,0.52,100,0.008373035020194947,7437
no_dueling,random,10,75,0.11764705882352941,95.80000000000007,0,0.0,42,0.42,100,0.010088020260445774,7537
no_dueling,random,10,76,0.11627906976744186,90.60000000000007,2,0.02,55,0.55,100,0.008168612285517155,7637
no_dueling,random,10,77,0.1149425287356322,88.4,4,0.04,40,0.4,100,0.010146553423255681,7737
no_dueling,random,10,78,0.11363636363636363,92.00000000000003,2,0.02,41,0.41,100,0.010022876067087055,7837
no_dueling,random,10,79,0.11235955056179775,90.50000000000007,2,0.02,56,0.56,100,0.009697506627999246,7937
no_dueling,random,10,80,0.1111111111111111,91.10000000000004,2,0.02,50,0.5,100,0.009002893031574786,8037
no_dueling,random,10,81,0.10989010989010989,90.90000000000003,2,0.02,53,0.53,100,0.009278141092509032,8137
no_dueling,random,10,82,0.10869565217391305,92.30000000000004,2,0.02,38,0.38,100,0.010775736023206264,8237
no_dueling,random,10,83,0.1075268817204301,94.80000000000007,1,0.01,33,0.33,100,0.011288719805888832,8337
no_dueling,random,10,84,0.10638297872340426,93.10000000000005,1,0.01,49,0.49,100,0.009653031677007675,8437
no_dueling,random,10,85,0.10526315789473684,89.10000000000005,3,0.03,52,0.52,100,0.010448444881476462,8537
no_dueling,random,10,86,0.10416666666666667,94.30000000000003,1,0.01,38,0.38,100,0.01018481032922864,8637
no_dueling,random,10,87,0.10309278350515465,93.10000000000005,1,0.01,50,0.5,100,0.012122742226347327,8737
no_dueling,random,10,88,0.1020408163265306,93.50000000000001,1,0.01,46,0.46,100,0.009270863712299616,8837
no_dueling,random,10,89,0.10101010101010101,92.3,2,0.02,39,0.39,100,0.010228530149906873,8937
no_dueling,random,10,90,0.1,92.60000000000002,2,0.02,36,0.36,100,0.008898768308572471,9037
no_dueling,random,10,91,0.09900990099009901,96.60000000000002,0,0.0,34,0.34,100,0.011427990661468357,9137
no_dueling,random,10,92,0.09803921568627452,93.20000000000007,1,0.01,49,0.49,100,0.008258343492634594,9237
no_dueling,random,10,93,0.0970873786407767,95.20000000000006,0,0.0,48,0.48,100,0.008303732983767987,9337
no_dueling,random,10,94,0.09615384615384615,96.9,0,0.0,31,0.31,100,0.010114676186349243,9437
no_dueling,random,10,95,0.09523809523809523,94.30000000000004,1,0.01,38,0.38,100,0.011768810418434441,9537
no_dueling,random,10,96,0.09433962264150944,95.90000000000005,0,0.0,41,0.41,100,0.011192618063651025,9637
no_dueling,random,10,97,0.09345794392523366,94.89999999999999,1,0.01,32,0.32,100,0.00863700767979026,9737
no_dueling,random,10,98,0.09259259259259259,91.10000000000007,2,0.02,51,0.51,100,0.009944609554950148,9837
no_dueling,random,10,99,0.09174311926605504,90.90000000000006,2,0.02,53,0.53,100,0.009152741509024055,9937
no_dueling,random,10,100,0.09090909090909091,96.60000000000002,0,0.0,34,0.34,100,0.010100197033025324,10037
no_dueling,random,10,101,0.0900900900900901,94.10000000000005,1,0.01,40,0.4,100,0.009786647781729697,10137
no_dueling,random,10,102,0.08928571428571429,93.10000000000005,1,0.01,50,0.5,100,0.01171003662981093,10237
no_dueling,random,10,103,0.08849557522123894,89.80000000000004,3,0.03,45,0.45,100,0.012103363578207791,10337
no_dueling,random,10,104,0.08771929824561403,95.50000000000004,0,0.0,45,0.45,100,0.01633465400431305,10437
no_dueling,random,10,105,0.08695652173913043,93.60000000000005,1,0.01,45,0.45,100,0.01202075410168618,10537
no_dueling,random,10,106,0.08620689655172414,89.20000000000006,3,0.03,51,0.51,100,0.013731230259872973,10637
no_dueling,random,10,107,0.08547008547008547,96.40000000000008,0,0.0,36,0.36,100,0.00985729248262942,10737
no_dueling,random,10,108,0.0847457627118644,96.40000000000003,0,0.0,36,0.36,100,0.008683461528271437,10837
no_dueling,random,10,109,0.08403361344537814,96.70000000000005,0,0.0,33,0.33,100,0.008669980280101299,10937
no_dueling,random,10,110,0.08333333333333333,94.40000000000003,1,0.01,37,0.37,100,0.011380483098328113,11037
no_dueling,random,10,111,0.08264462809917356,92.00000000000006,2,0.02,42,0.42,100,0.009039017288014293,11137
no_dueling,random,10,112,0.0819672131147541,94.60000000000001,1,0.01,35,0.35,100,0.008735623569227755,11237
no_dueling,random,10,113,0.08130081300813008,94.30000000000005,1,0.01,38,0.38,100,0.013280595764517783,11337
no_dueling,random,10,114,0.08064516129032258,90.4,3,0.03,38,0.38,100,0.012990733585320413,11437
no_dueling,random,10,115,0.08,96.40000000000003,0,0.0,36,0.36,100,0.010110618737526238,11537
no_dueling,random,10,116,0.07936507936507936,97.10000000000005,0,0.0,29,0.29,100,0.010931162647902965,11637
no_dueling,random,10,117,0.07874015748031496,92.20000000000005,2,0.02,39,0.39,100,0.013503337362781167,11737
no_dueling,random,10,118,0.078125,94.20000000000009,1,0.01,38,0.38,100,0.010983303477987648,11837
no_dueling,random,10,119,0.07751937984496124,96.30000000000004,0,0.0,37,0.37,100,0.008422982394695282,11937
no_dueling,random,10,120,0.07692307692307693,91.40000000000005,2,0.02,48,0.48,100,0.011727327685803176,12037
no_dueling,random,10,121,0.07633587786259542,96.10000000000007,0,0.0,39,0.39,100,0.01068221706431359,12137
no_dueling,random,10,122,0.07575757575757576,95.80000000000005,0,0.0,42,0.42,100,0.010514647816307843,12237
no_dueling,random,10,123,0.07518796992481203,89.80000000000004,3,0.03,43,0.43,100,0.00846259675687179,12337
no_dueling,random,10,124,0.07462686567164178,96.10000000000005,0,0.0,39,0.39,100,0.010211276640184223,12437
no_dueling,random,10,125,0.07407407407407407,95.90000000000009,0,0.0,41,0.41,100,0.011782965729944408,12537
no_dueling,random,10,126,0.07352941176470588,93.80000000000004,1,0.01,43,0.43,100,0.0131726951058954,12637
no_dueling,random,10,127,0.07299270072992702,92.10000000000005,2,0.02,41,0.41,100,0.01457914128433913,12737
no_dueling,random,10,128,0.07246376811594203,92.10000000000004,2,0.02,41,0.41,100,0.012974032941274345,12837
no_dueling,random,10,129,0.07194244604316546,93.50000000000007,1,0.01,46,0.46,100,0.009810051387175918,12937
no_dueling,random,10,130,0.07142857142857142,93.7,1,0.01,44,0.44,100,0.011342621732037515,13037
no_dueling,random,10,131,0.07092198581560284,96.30000000000003,0,0.0,37,0.37,100,0.01472057198639959,13137
no_dueling,random,10,132,0.07042253521126761,91.90000000000003,2,0.02,43,0.43,100,0.01108507809927687,13237
no_dueling,random,10,133,0.06993006993006992,96.2,0,0.0,38,0.38,100,0.012518665725365282,13337
no_dueling,random,10,134,0.06944444444444445,96.80000000000004,0,0.0,32,0.32,100,0.0136961111985147,13437
no_dueling,random,10,135,0.06896551724137931,93.10000000000005,1,0.01,50,0.5,100,0.010209566508419811,13537
no_dueling,random,10,136,0.0684931506849315,93.80000000000004,1,0.01,43,0.43,100,0.013899679540190845,13637
no_dueling,random,10,137,0.06802721088435375,97.30000000000007,0,0.0,27,0.27,100,0.01241684780921787,13737
no_dueling,random,10,138,0.06756756756756756,92.00000000000001,2,0.02,41,0.41,100,0.01325538728851825,13837
no_dueling,random,10,139,0.06711409395973154,94.20000000000006,1,0.01,39,0.39,100,0.009436806882731616,13937
no_dueling,random,10,140,0.06666666666666667,91.30000000000004,2,0.02,49,0.49,100,0.010118499782402068,14037
no_dueling,random,10,141,0.06622516556291391,96.30000000000007,0,0.0,37,0.37,100,0.017104802206158638,14137
no_dueling,random,10,142,0.06578947368421052,86.60000000000005,4,0.04,55,0.55,100,0.019309901418164372,14237
no_dueling,random,10,143,0.06535947712418301,94.30000000000004,1,0.01,38,0.38,100,0.012725071352906524,14337
no_dueling,random,10,144,0.06493506493506493,91.60000000000005,2,0.02,46,0.46,100,0.007820101543329657,14437
no_dueling,random,10,145,0.06451612903225806,93.6,1,0.01,45,0.45,100,0.010165420551784337,14537
no_dueling,random,10,146,0.06410256410256411,95.80000000000007,0,0.0,42,0.42,100,0.012477284562774003,14637
no_dueling,random,10,147,0.06369426751592357,93.10000000000005,1,0.01,49,0.49,100,0.010681746732443572,14737
no_dueling,random,10,148,0.06329113924050632,94.20000000000007,1,0.01,39,0.39,100,0.009773982209153473,14837
no_dueling,random,10,149,0.06289308176100629,94.10000000000005,1,0.01,40,0.4,100,0.011092894007451832,14937
no_dueling,random,10,150,0.0625,91.90000000000003,2,0.02,43,0.43,100,0.0118255565315485,15037
no_dueling,random,10,151,0.06211180124223602,95.00000000000007,0,0.0,50,0.5,100,0.013027185895480216,15137
no_dueling,random,10,152,0.0617283950617284,95.50000000000007,0,0.0,45,0.45,100,0.01071870711632073,15237
no_dueling,random,10,153,0.06134969325153374,95.00000000000004,0,0.0,50,0.5,100,0.014300603517331183,15337
no_dueling,random,10,154,0.06097560975609757,94.80000000000003,1,0.01,33,0.33,100,0.008879902386106552,15437
no_dueling,random,10,155,0.06060606060606061,94.20000000000005,1,0.01,39,0.39,100,0.010119441822171211,15537
no_dueling,random,10,156,0.06024096385542168,96.30000000000001,0,0.0,37,0.37,100,0.009365347460843623,15637
no_dueling,random,10,157,0.059880239520958084,94.80000000000004,1,0.01,33,0.33,100,0.007995341522619128,15737
no_dueling,random,10,158,0.05952380952380952,93.40000000000003,1,0.01,47,0.47,100,0.011175806634128094,15837
no_dueling,random,10,159,0.0591715976331361,96.8,0,0.0,32,0.32,100,0.00891775615978986,15937
no_dueling,random,10,160,0.058823529411764705,93.90000000000002,1,0.01,42,0.42,100,0.009369570752605796,16037
no_dueling,random,10,161,0.05847953216374269,95.40000000000005,0,0.0,46,0.46,100,0.012257428672164679,16137
no_dueling,random,10,162,0.05813953488372093,94.00000000000003,1,0.01,41,0.41,100,0.014240483995527029,16237
no_dueling,random,10,163,0.057803468208092484,92.9,2,0.02,33,0.33,100,0.01031607633922249,16337
no_dueling,random,10,164,0.0574712643678161,93.70000000000007,1,0.01,44,0.44,100,0.011994207575917244,16437
no_dueling,random,10,165,0.05714285714285714,95.80000000000005,0,0.0,42,0.42,100,0.01035510029643774,16537
no_dueling,random,10,166,0.056818181818181816,96.80000000000004,0,0.0,32,0.32,100,0.009791246487293393,16637
no_dueling,random,10,167,0.05649717514124294,94.4,1,0.01,37,0.37,100,0.00923593983752653,16737
no_dueling,random,10,168,0.056179775280898875,96.70000000000005,0,0.0,33,0.33,100,0.010863438746891916,16837
no_dueling,random,10,169,0.0558659217877095,93.70000000000007,1,0.01,44,0.44,100,0.011618488766252995,16937
no_dueling,random,10,170,0.05555555555555555,96.30000000000005,0,0.0,37,0.37,100,0.010040056332945824,17037
no_dueling,random,10,171,0.055248618784530384,97.20000000000005,0,0.0,28,0.28,100,0.008310646424070001,17137
no_dueling,random,10,172,0.054945054945054944,96.4,0,0.0,36,0.36,100,0.008300407719798387,17237
no_dueling,random,10,173,0.0546448087431694,93.10000000000001,2,0.02,31,0.31,100,0.009092683717608453,17337
no_dueling,random,10,174,0.05434782608695653,91.80000000000003,2,0.02,44,0.44,100,0.011182082681916655,17437
no_dueling,random,10,175,0.05405405405405406,97.20000000000005,0,0.0,28,0.28,100,0.009665436970535665,17537
no_dueling,random,10,176,0.05376344086021505,93.80000000000003,1,0.01,43,0.43,100,0.010169027117080986,17637
no_dueling,random,10,177,0.053475935828877004,94.90000000000003,1,0.01,32,0.32,100,0.011942110606469214,17737
no_dueling,random,10,178,0.05319148936170213,96.20000000000005,0,0.0,38,0.38,100,0.012357896824833006,17837
no_dueling,random,10,179,0.052910052910052914,96.50000000000001,0,0.0,35,0.35,100,0.007894511171616613,17937
no_dueling,random,10,180,0.05263157894736842,93.70000000000002,1,0.01,44,0.44,100,0.012686392650939524,18037
no_dueling,random,10,181,0.05235602094240837,97.10000000000005,0,0.0,29,0.29,100,0.009124617855995894,18137
no_dueling,random,10,182,0.052083333333333336,97.90000000000002,0,0.0,21,0.21,100,0.010227635647170245,18237
no_dueling,random,10,183,0.05181347150259067,92.6,2,0.02,36,0.36,100,0.008110383022576571,18337
no_dueling,random,10,184,0.051546391752577324,94.50000000000009,1,0.01,36,0.36,100,0.011996441511437297,18437
no_dueling,random,10,185,0.05128205128205128,94.00000000000006,1,0.01,41,0.41,100,0.007635480538010597,18537
no_dueling,random,10,186,0.0510204081632653,93.79999999999998,2,0.02,23,0.23,100,0.009712688142899424,18637
no_dueling,random,10,187,0.050761421319796954,95.50000000000004,1,0.01,26,0.26,100,0.010702625685371458,18737
no_dueling,random,10,188,0.050505050505050504,97.30000000000003,0,0.0,27,0.27,100,0.00933063930599019,18837
no_dueling,random,10,189,0.05025125628140704,97.50000000000004,0,0.0,25,0.25,100,0.0091922778589651,18937
no_dueling,random,10,190,0.05,96.60000000000005,0,0.0,34,0.34,100,0.010167258584406227,19037
no_dueling,random,10,191,0.04975124378109452,97.40000000000002,0,0.0,26,0.26,100,0.009647052441723645,19137
no_dueling,random,10,192,0.04950495049504951,97.70000000000002,0,0.0,23,0.23,100,0.011470290878787637,19237
no_dueling,random,10,193,0.04926108374384236,92.00000000000006,2,0.02,41,0.41,100,0.012587231658399105,19337
no_dueling,random,10,194,0.04901960784313726,94.70000000000002,1,0.01,34,0.34,100,0.00878890919033438,19437
no_dueling,random,10,195,0.04878048780487805,95.30000000000007,1,0.01,27,0.27,100,0.008595373765565455,19537
no_dueling,random,10,196,0.04854368932038835,96.70000000000003,0,0.0,33,0.33,100,0.009348709913901986,19637
no_dueling,random,10,197,0.04830917874396135,95.20000000000006,1,0.01,29,0.29,100,0.0077821497083641585,19737
no_dueling,random,10,198,0.04807692307692307,97.40000000000003,0,0.0,26,0.26,100,0.007886112991254777,19837
no_dueling,random,10,199,0.04784688995215311,96.70000000000006,0,0.0,33,0.33,100,0.010499450038187206,19937
