model,jammer_mode,train_seed,episode,epsilon,return,collisions,collision_rate,switches,switch_rate,steps,mean_td_mse,updates
hnp,sweeping,1,0,1.0,78.30000000000001,7,0.07,82,0.82,100,0.046245474166966775,37
hnp,sweeping,1,1,0.9090909090909091,66.89999999999995,13,0.13,81,0.81,100,0.008923175637610256,137
hnp,sweeping,1,2,0.8333333333333334,69.89999999999998,11,0.11,88,0.88,100,0.006873433948494494,237
hnp,sweeping,1,3,0.7692307692307692,72.29999999999998,10,0.1,87,0.87,100,0.0021093444107100367,337
hnp,sweeping,1,4,0.7142857142857143,70.19999999999996,11,0.11,89,0.89,100,0.0017043777473736553,437
hnp,sweeping,1,5,0.6666666666666666,82.50000000000003,5,0.05,78,0.78,100,0.0013723808637587354,537
hnp,sweeping,1,6,0.625,76.40000000000002,8,0.08,83,0.83,100,0.0014498577348422258,637
hnp,sweeping,1,7,0.5882352941176471,75.60000000000001,9,0.09,72,0.72,100,0.0012574687652522698,737
hnp,sweeping,1,8,0.5555555555555556,75.10000000000001,9,0.09,77,0.77,100,0.0014982192649040371,837
hnp,sweeping,1,9,0.5263157894736842,81.2,6,0.06,73,0.73,100,0.0012527399708051235,937
hnp,sweeping,1,10,0.5,77.50000000000001,8,0.08,73,0.73,100,0.0011171344085596502,1037
hnp,sweeping,1,11,0.47619047619047616,70.89999999999999,12,0.12,62,0.62,100,0.0010609692125581206,1137
hnp,sweeping,1,12,0.45454545454545453,82.20000000000002,6,0.06,63,0.63,100,0.0008170493892976083,1237
hnp,sweeping,1,13,0.4347826086956522,74.6,10,0.1,63,0.63,100,0.0008273312082746997,1337
hnp,sweeping,1,14,0.4166666666666667,90.10000000000008,2,0.02,61,0.61,100,0.0009030684371828102,1437
hnp,sweeping,1,15,0.4,84.20000000000005,5,0.05,63,0.63,100,0.0008283283218042926,1537
hnp,sweeping,1,16,0.3846153846153846,88.50000000000006,3,0.03,58,0.58,100,0.0007638040767051279,1637
hnp,sweeping,1,17,0.37037037037037035,85.20000000000003,5,0.05,53,0.53,100,0.000889085792878177,1737
hnp,sweeping,1,18,0.35714285714285715,88.20000000000005,3,0.03,61,0.61,100,0.000741794568602927,1837
hnp,sweeping,1,19,0.3448275862068966,93.50000000000006,1,0.01,46,0.46,100,0.0007205711927963421,1937
hnp,sweeping,1,20,0.3333333333333333,95.20000000000005,0,0.0,48,0.48,100,0.0006922974265762605,2037
hnp,sweeping,1,21,0.3225806451612903,82.00000000000003,7,0.07,45,0.45,100,0.0011934871252742595,2137
hnp,sweeping,1,22,0.3125,85.20000000000003,5,0.05,53,0.53,100,0.00095622229273431,2237
hnp,sweeping,1,23,0.30303030303030304,76.39999999999999,10,0.1,46,0.46,100,0.0006699069307069294,2337
hnp,sweeping,1,24,0.29411764705882354,89.50000000000006,3,0.03,46,0.46,100,0.0006000223697628826,2437
hnp,sweeping,1,25,0.2857142857142857,91.80000000000007,2,0.02,44,0.44,100,0.0005953183032397646,2537
hnp,sweeping,1,26,0.2777777777777778,82.40000000000002,7,0.07,41,0.41,100,0.000770872344437521,2637
hnp,sweeping,1,27,0.27027027027027023,88.00000000000003,4,0.04,44,0.44,100,0.000587709596438799,2737
hnp,sweeping,1,28,0.2631578947368421,91.60000000000004,2,0.02,45,0.45,100,0.0006801097709103487,2837
hnp,sweeping,1,29,0.25641025641025644,95.90000000000005,0,0.0,41,0.41,100,0.0007742782559944317,2937
hnp,sweeping,1,30,0.25,79.70000000000002,8,0.08,50,0.5,100,0.0008664263688842766,3037
hnp,sweeping,1,31,0.24390243902439027,94.50000000000006,1,0.01,36,0.36,100,0.0006858849819400348,3137
hnp,sweeping,1,32,0.23809523809523808,90.10000000000004,3,0.03,41,0.41,100,0.0007527489645872265,3237
hnp,sweeping,1,33,0.23255813953488372,86.30000000000001,5,0.05,40,0.4,100,0.0007204704952891916,3337
hnp,sweeping,1,34,0.22727272727272727,94.40000000000003,1,0.01,37,0.37,100,0.0006586773705203086,3437
hnp,sweeping,1,35,0.2222222222222222,85.80000000000001,5,0.05,47,0.47,100,0.0006589200848247856,3537
hnp,sweeping,1,36,0.2173913043478261,87.00000000000003,5,0.05,33,0.33,100,0.0006666890054475516,3637
hnp,sweeping,1,37,0.2127659574468085,88.10000000000001,4,0.04,42,0.42,100,0.0006907163350842893,3737
hnp,sweeping,1,38,0.20833333333333334,89.90000000000003,3,0.03,43,0.43,100,0.0014276201630127616,3837
hnp,sweeping,1,39,0.2040816326530612,90.00000000000001,3,0.03,42,0.42,100,0.0009246963760233484,3937
hnp,sweeping,1,40,0.2,92.60000000000004,2,0.02,36,0.36,100,0.0008473842692910693,4037
hnp,sweeping,1,41,0.19607843137254904,92.70000000000005,2,0.02,34,0.34,100,0.000681141655659303,4137
hnp,sweeping,1,42,0.1923076923076923,92.80000000000001,2,0.02,33,0.33,100,0.0005561445295461454,4237
hnp,sweeping,1,43,0.18867924528301888,92.70000000000003,2,0.02,34,0.34,100,0.0006834403803804889,4337
hnp,sweeping,1,44,0.18518518518518517,94.80000000000005,1,0.01,32,0.32,100,0.0006719445571070537,4437
hnp,sweeping,1,45,0.18181818181818182,94.30000000000003,1,0.01,38,0.38,100,0.0005453540940652601,4537
hnp,sweeping,1,46,0.17857142857142858,88.20000000000005,4,0.04,41,0.41,100,0.0006090750155271962,4637
hnp,sweeping,1,47,0.17543859649122806,88.20000000000005,4,0.04,42,0.42,100,0.0009070726731442846,4737
hnp,sweeping,1,48,0.1724137931034483,92.70000000000003,1,0.01,54,0.54,100,0.0020996438211295754,4837
hnp,sweeping,1,49,0.1694915254237288,87.40000000000002,5,0.05,30,0.3,100,0.000924772490398027,4937
hnp,sweeping,1,50,0.16666666666666666,94.80000000000004,1,0.01,33,0.33,100,0.0005417948076501489,5037
hnp,sweeping,1,51,0.1639344262295082,89.2,4,0.04,32,0.32,100,0.00046734004106838254,5137
hnp,sweeping,1,52,0.16129032258064516,84.50000000000006,6,0.06,39,0.39,100,0.0005164018200594,5237
hnp,sweeping,1,53,0.15873015873015872,92.50000000000001,2,0.02,37,0.37,100,0.00044573664927156643,5337
hnp,sweeping,1,54,0.15625,89.40000000000002,4,0.04,28,0.28,100,0.0005535968397452961,5437
hnp,sweeping,1,55,0.15384615384615385,95.50000000000003,1,0.01,26,0.26,100,0.00044497676295577546,5537
hnp,sweeping,1,56,0.15151515151515152,86.60000000000002,5,0.05,38,0.38,100,0.001575369551719632,5637
hnp,sweeping,1,57,0.14925373134328357,92.70000000000003,2,0.02,35,0.35,100,0.000956940939067863,5737
hnp,sweeping,1,58,0.14705882352941177,94.80000000000005,1,0.01,33,0.33,100,0.0005707356196944602,5837
hnp,sweeping,1,59,0.14492753623188406,97.00000000000004,0,0.0,30,0.3,100,0.0004578238795511425,5937
hnp,sweeping,1,60,0.14285714285714285,92.80000000000007,2,0.02,33,0.33,100,0.00044327783078188074,6037
hnp,sweeping,1,61,0.14084507042253522,92.20000000000002,2,0.02,40,0.4,100,0.00040805693046422673,6137
hnp,sweeping,1,62,0.1388888888888889,94.10000000000005,1,0.01,40,0.4,100,0.0004125757393194363,6237
hnp,sweeping,1,63,0.136986301369863,84.50000000000001,6,0.06,40,0.4,100,0.0004534728811995592,6337
hnp,sweeping,1,64,0.13513513513513511,96.90000000000003,0,0.0,31,0.31,100,0.0006204460124718025,6437
hnp,sweeping,1,65,0.13333333333333333,94.40000000000002,1,0.01,37,0.37,100,0.001387598062865436,6537
hnp,sweeping,1,66,0.13157894736842105,96.80000000000004,0,0.0,32,0.32,100,0.0009326323590357788,6637
hnp,sweeping,1,67,0.12987012987012986,88.10000000000002,4,0.04,42,0.42,100,0.0008054646066739223,6737
hnp,sweeping,1,68,0.12820512820512822,89.30000000000005,4,0.04,30,0.3,100,0.0007406761441961862,6837
hnp,sweeping,1,69,0.12658227848101264,94.50000000000003,1,0.01,36,0.36,100,0.0006791458287625573,6937
hnp,sweeping,1,70,0.125,89.20000000000002,4,0.04,30,0.3,100,0.0006289823945553508,7037
hnp,sweeping,1,71,0.1234567901234568,91.20000000000003,3,0.03,31,0.31,100,0.00040266804353450425,7137
hnp,sweeping,1,72,0.12195121951219513,94.50000000000003,1,0.01,36,0.36,100,0.0003665881112101488,7237
hnp,sweeping,1,73,0.12048192771084336,94.40000000000003,1,0.01,37,0.37,100,0.0008615256588382181,7337
hnp,sweeping,1,74,0.11904761904761904,91.40000000000003,3,0.03,29,0.29,100,0.0005222750334360171,7437
hnp,sweeping,1,75,0.11764705882352941,96.90000000000003,0,0.0,31,0.31,100,0.0004567010380560532,7537
hnp,sweeping,1,76,0.11627906976744186,94.90000000000003,1,0.01,32,0.32,100,0.000412323303607991,7637
hnp,sweeping,1,77,0.1149425287356322,91.20000000000002,3,0.03,30,0.3,100,0.0003345539947622456,7737
hnp,sweeping,1,78,0.11363636363636363,97.00000000000003,0,0.0,30,0.3,100,0.00044596623702091164,7837
hnp,sweeping,1,79,0.11235955056179775,92.90000000000003,2,0.02,33,0.33,100,0.0007566035584022757,7937
hnp,sweeping,1,80,0.1111111111111111,90.90000000000003,3,0.03,32,0.32,100,0.0011192216590279714,8037
hnp,sweeping,1,81,0.10989010989010989,93.10000000000005,2,0.02,31,0.31,100,0.00045914702175650743,8137
hnp,sweeping,1,82,0.10869565217391305,97.40000000000006,0,0.0,26,0.26,100,0.0003893009581952356,8237
hnp,sweeping,1,83,0.1075268817204301,95.30000000000001,1,0.01,27,0.27,100,0.00031359904358396306,8337
hnp,sweeping,1,84,0.10638297872340426,96.50000000000004,0,0.0,35,0.35,100,0.00034244604292325674,8437
hnp,sweeping,1,85,0.10526315789473684,96.20000000000009,0,0.0,38,0.38,100,0.0009837384900311008,8537
hnp,sweeping,1,86,0.10416666666666667,93.90000000000002,1,0.01,41,0.41,100,0.0011390391242457553,8637
hnp,sweeping,1,87,0.10309278350515465,93.60000000000005,2,0.02,26,0.26,100,0.0006570849072886631,8737
hnp,sweeping,1,88,0.1020408163265306,95.50000000000003,1,0.01,25,0.25,100,0.0004303404064557981,8837
hnp,sweeping,1,89,0.10101010101010101,89.30000000000004,4,0.04,31,0.31,100,0.0003770289487147238,8937
hnp,sweeping,1,90,0.1,93.50000000000003,2,0.02,25,0.25,100,0.00032567021451541223,9037
hnp,sweeping,1,91,0.09900990099009901,96.90000000000005,0,0.0,31,0.31,100,0.0002840808049950283,9137
hnp,sweeping,1,92,0.09803921568627452,97.50000000000003,0,0.0,25,0.25,100,0.00030015680284122936,9237
hnp,sweeping,1,93,0.0970873786407767,91.70000000000002,3,0.03,26,0.26,100,0.0002996031734801363,9337
hnp,sweeping,1,94,0.09615384615384615,94.80000000000004,1,0.01,33,0.33,100,0.0004711185114865657,9437
hnp,sweeping,1,95,0.09523809523809523,93.50000000000001,2,0.02,27,0.27,100,0.00040725139784626664,9537
hnp,sweeping,1,96,0.09433962264150944,97.40000000000005,0,0.0,26,0.26,100,0.0003977936449518893,9637
hnp,sweeping,1,97,0.09345794392523366,97.10000000000005,0,0.0,29,0.29,100,0.0003146487694175448,9737
hnp,sweeping,1,98,0.09259259259259259,97.40000000000003,0,0.0,26,0.26,100,0.0002710436738561839,9837
hnp,sweeping,1,99,0.09174311926605504,94.90000000000003,1,0.01,32,0.32,100,0.0004504271729092579,9937
hnp,sweeping,1,100,0.09090909090909091,93.20000000000002,2,0.02,30,0.3,100,0.0005366194192902185,10037
hnp,sweeping,1,101,0.0900900900900901,95.90000000000003,1,0.01,22,0.22,100,0.00035332055689650586,10137
hnp,sweeping,1,102,0.08928571428571429,95.30000000000001,1,0.01,28,0.28,100,0.0002963490775437094,10237
hnp,sweeping,1,103,0.08849557522123894,95.60000000000004,1,0.01,24,0.24,100,0.000284961851866683,10337
hnp,sweeping,1,104,0.08771929824561403,95.50000000000004,1,0.01,26,0.26,100,0.00027368549948732836,10437
hnp,sweeping,1,105,0.08695652173913043,95.50000000000003,1,0.01,26,0.26,100,0.00031592579049174676,10537
hnp,sweeping,1,106,0.08620689655172414,96.90000000000002,0,0.0,31,0.31,100,0.0003056825373641914,10637
hnp,sweeping,1,107,0.08547008547008547,97.20000000000006,0,0.0,28,0.28,100,0.0005120787720079533,10737
hnp,sweeping,1,108,0.0847457627118644,97.10000000000004,0,0.0,29,0.29,100,0.0005299140891293064,10837
hnp,sweeping,1,109,0.08403361344537814,95.70000000000003,1,0.01,24,0.24,100,0.0005026692403771449,10937
hnp,sweeping,1,110,0.08333333333333333,93.20000000000005,2,0.02,30,0.3,100,0.00027797716662462333,11037
hnp,sweeping,1,111,0.08264462809917356,92.30000000000003,2,0.02,38,0.38,100,0.0009796660313440952,11137
hnp,sweeping,1,112,0.0819672131147541,97.10000000000004,0,0.0,29,0.29,100,0.0005656405103218276,11237
hnp,sweeping,1,113,0.08130081300813008,96.40000000000002,0,0.0,36,0.36,100,0.0007324943423736841,11337
hnp,sweeping,1,114,0.08064516129032258,91.30000000000003,3,0.03,28,0.28,100,0.0004615194513462484,11437
hnp,sweeping,1,115,0.08,95.20000000000003,1,0.01,28,0.28,100,0.00034879360799095594,11537
hnp,sweeping,1,116,0.07936507936507936,95.10000000000004,1,0.01,29,0.29,100,0.00033298347909294535,11637
hnp,sweeping,1,117,0.07874015748031496,97.60000000000004,0,0.0,24,0.24,100,0.0003495217862655409,11737
hnp,sweeping,1,118,0.078125,94.30000000000004,1,0.01,38,0.38,100,0.0011970631976146251,11837
hnp,sweeping,1,119,0.07751937984496124,93.10000000000002,2,0.02,31,0.31,100,0.0005517342178791296,11937
hnp,sweeping,1,120,0.07692307692307693,97.10000000000005,0,0.0,29,0.29,100,0.0008160349464742467,12037
hnp,sweeping,1,121,0.07633587786259542,95.50000000000004,1,0.01,25,0.25,100,0.0011232804667088204,12137
hnp,sweeping,1,122,0.07575757575757576,95.00000000000004,1,0.01,31,0.31,100,0.0006367809459334239,12237
hnp,sweeping,1,123,0.07518796992481203,95.40000000000003,1,0.01,26,0.26,100,0.0004277278894733172,12337
hnp,sweeping,1,124,0.07462686567164178,95.60000000000004,1,0.01,24,0.24,100,0.0003012410691007972,12437
hnp,sweeping,1,125,0.07407407407407407,97.50000000000004,0,0.0,25,0.25,100,0.0003129378864832688,12537
hnp,sweeping,1,126,0.07352941176470588,95.00000000000003,1,0.01,31,0.31,100,0.00032108303530549166,12637
hnp,sweeping,1,127,0.07299270072992702,97.10000000000004,0,0.0,29,0.29,100,0.0002458867168024881,12737
hnp,sweeping,1,128,0.07246376811594203,96.80000000000005,0,0.0,32,0.32,100,0.00037815052033693066,12837
hnp,sweeping,1,129,0.07194244604316546,97.30000000000004,0,0.0,27,0.27,100,0.00040960499216453173,12937
hnp,sweeping,1,130,0.07142857142857142,94.90000000000003,1,0.01,32,0.32,100,0.0003096558729885146,13037
hnp,sweeping,1,131,0.07092198581560284,91.50000000000003,3,0.03,28,0.28,100,0.0002582421034458093,13137
hnp,sweeping,1,132,0.07042253521126761,97.00000000000006,0,0.0,30,0.3,100,0.00022900482435943558,13237
hnp,sweeping,1,133,0.06993006993006992,95.30000000000004,1,0.01,27,0.27,100,0.0002745316448272206,13337
hnp,sweeping,1,134,0.06944444444444445,95.00000000000003,1,0.01,31,0.31,100,0.0005655677581671625,13437
hnp,sweeping,1,135,0.06896551724137931,95.80000000000001,1,0.01,23,0.23,100,0.0004163686772517394,13537
hnp,sweeping,1,136,0.0684931506849315,97.70000000000005,0,0.0,23,0.23,100,0.00045545399872935375,13637
hnp,sweeping,1,137,0.06802721088435375,95.40000000000003,1,0.01,26,0.26,100,0.0004493277792062145,13737
hnp,sweeping,1,138,0.06756756756756756,97.50000000000003,0,0.0,25,0.25,100,0.0005234449228737504,13837
hnp,sweeping,1,139,0.06711409395973154,95.80000000000001,1,0.01,22,0.22,100,0.0004817538830684498,13937
hnp,sweeping,1,140,0.06666666666666667,97.20000000000005,0,0.0,28,0.28,100,0.00028813554177759215,14037
hnp,sweeping,1,141,0.06622516556291391,97.30000000000004,0,0.0,27,0.27,100,0.0002661368389090057,14137
hnp,sweeping,1,142,0.06578947368421052,95.40000000000005,1,0.01,27,0.27,100,0.00029515384398109745,14237
hnp,sweeping,1,143,0.06535947712418301,93.90000000000002,2,0.02,23,0.23,100,0.0002736760785774095,14337
hnp,sweeping,1,144,0.06493506493506493,95.40000000000005,1,0.01,26,0.26,100,0.00027887240255950016,14437
hnp,sweeping,1,145,0.06451612903225806,95.70000000000002,1,0.01,23,0.23,100,0.00033032724575605244,14537
hnp,sweeping,1,146,0.06410256410256411,95.40000000000003,1,0.01,27,0.27,100,0.0002616386093723122,14637
hnp,sweeping,1,147,0.06369426751592357,97.50000000000003,0,0.0,25,0.25,100,0.00024109272788336967,14737
hnp,sweeping,1,148,0.06329113924050632,93.40000000000003,2,0.02,28,0.28,100,0.00040054693075944667,14837
hnp,sweeping,1,149,0.06289308176100629,93.90000000000009,1,0.01,42,0.42,100,0.0014490489696618169,14937
hnp,sweeping,1,150,0.0625,96.50000000000004,0,0.0,35,0.35,100,0.0006641907029552386,15037
hnp,sweeping,1,151,0.06211180124223602,95.20000000000002,1,0.01,29,0.29,100,0.00044506354548502715,15137
hnp,sweeping,1,152,0.0617283950617284,95.30000000000004,1,0.01,28,0.28,100,0.0002833277388708666,15237
hnp,sweeping,1,153,0.06134969325153374,95.30000000000004,1,0.01,27,0.27,100,0.000277799143223092,15337
hnp,sweeping,1,154,0.06097560975609757,95.20000000000005,1,0.01,29,0.29,100,0.0002785718912491575,15437
hnp,sweeping,1,155,0.06060606060606061,97.10000000000002,0,0.0,29,0.29,100,0.000244650969398208,15537
hnp,sweeping,1,156,0.06024096385542168,97.00000000000004,0,0.0,30,0.3,100,0.00024246819266409146,15637
hnp,sweeping,1,157,0.059880239520958084,91.30000000000001,3,0.03,30,0.3,100,0.0002265635580988601,15737
hnp,sweeping,1,158,0.05952380952380952,95.80000000000004,1,0.01,23,0.23,100,0.0005492480871180306,15837
hnp,sweeping,1,159,0.0591715976331361,97.40000000000003,0,0.0,26,0.26,100,0.00040295552505995144,15937
hnp,sweeping,1,160,0.058823529411764705,93.80000000000001,2,0.02,23,0.23,100,0.0002852897602861049,16037
hnp,sweeping,1,161,0.05847953216374269,93.90000000000003,2,0.02,23,0.23,100,0.0002851231972454116,16137
hnp,sweeping,1,162,0.05813953488372093,92.4,3,0.03,17,0.17,100,0.00032641192767187023,16237
hnp,sweeping,1,163,0.057803468208092484,97.30000000000004,0,0.0,27,0.27,100,0.0002810394386324333,16337
hnp,sweeping,1,164,0.0574712643678161,95.40000000000003,1,0.01,26,0.26,100,0.0014808939963404555,16437
hnp,sweeping,1,165,0.05714285714285714,95.40000000000002,1,0.01,27,0.27,100,0.0006237443846475798,16537
hnp,sweeping,1,166,0.056818181818181816,97.60000000000004,0,0.0,24,0.24,100,0.00036184981814585626,16637
hnp,sweeping,1,167,0.05649717514124294,97.20000000000005,0,0.0,28,0.28,100,0.0004241349709627684,16737
hnp,sweeping,1,168,0.056179775280898875,95.20000000000005,1,0.01,29,0.29,100,0.00028106964295147917,16837
hnp,sweeping,1,169,0.0558659217877095,95.40000000000003,1,0.01,27,0.27,100,0.00034108296677004546,16937
hnp,sweeping,1,170,0.05555555555555555,95.60000000000004,1,0.01,25,0.25,100,0.00027096858430013525,17037
hnp,sweeping,1,171,0.055248618784530384,97.30000000000004,0,0.0,27,0.27,100,0.00022684983719955198,17137
hnp,sweeping,1,172,0.054945054945054944,97.20000000000005,0,0.0,28,0.28,100,0.0003003801830345765,17237
hnp,sweeping,1,173,0.0546448087431694,95.20000000000006,1,0.01,29,0.29,100,0.0005027984135813312,17337
hnp,sweeping,1,174,0.05434782608695653,95.20000000000002,1,0.01,28,0.28,100,0.0007126409201009665,17437
hnp,sweeping,1,175,0.05405405405405406,95.30000000000003,1,0.01,28,0.28,100,0.0005199550109682605,17537
hnp,sweeping,1,176,0.05376344086021505,95.80000000000001,1,0.01,23,0.23,100,0.0004955533960310277,17637
hnp,sweeping,1,177,0.053475935828877004,93.50000000000003,2,0.02,26,0.26,100,0.000439638474927051,17737
hnp,sweeping,1,178,0.05319148936170213,95.70000000000003,1,0.01,23,0.23,100,0.000468348357535433,17837
hnp,sweeping,1,179,0.052910052910052914,95.60000000000002,1,0.01,24,0.24,100,0.0003396057640202343,17937
hnp,sweeping,1,180,0.05263157894736842,95.40000000000003,1,0.01,26,0.26,100,0.0011957659888867057,18037
hnp,sweeping,1,181,0.05235602094240837,96.90000000000003,0,0.0,31,0.31,100,0.0008914836309850216,18137
hnp,sweeping,1,182,0.052083333333333336,95.60000000000002,1,0.01,25,0.25,100,0.00033899882029800213,18237
hnp,sweeping,1,183,0.05181347150259067,97.20000000000005,0,0.0,28,0.28,100,0.0002583920318284072,18337
hnp,sweeping,1,184,0.051546391752577324,98.00000000000003,0,0.0,20,0.2,100,0.00022175507416250184,18437
hnp,sweeping,1,185,0.05128205128205128,97.40000000000005,0,0.0,26,0.26,100,0.0005413827708980534,18537
hnp,sweeping,1,186,0.0510204081632653,97.30000000000004,0,0.0,27,0.27,100,0.0003254369350906927,18637
hnp,sweeping,1,187,0.050761421319796954,97.40000000000003,0,0.0,26,0.26,100,0.00023217219291836954,18737
hnp,sweeping,1,188,0.050505050505050504,97.20000000000005,0,0.0,28,0.28,100,0.000789079775713617,18837
hnp,sweeping,1,189,0.05025125628140704,95.50000000000006,1,0.01,26,0.26,100,0.0003007091949257301,18937
hnp,sweeping,1,190,0.05,97.20000000000005,0,0.0,28,0.28,100,0.0007921042159432546,19037
hnp,sweeping,1,191,0.04975124378109452,97.10000000000005,0,0.0,29,0.29,100,0.00030345358303748073,19137
hnp,sweeping,1,192,0.04950495049504951,97.50000000000003,0,0.0,25,0.25,100,0.00036016288664541206,19237
hnp,sweeping,1,193,0.04926108374384236,93.50000000000004,2,0.02,26,0.26,100,0.0003319295101391617,19337
hnp,sweeping,1,194,0.04901960784313726,97.40000000000003,0,0.0,26,0.26,100,0.0005675218896067235,19437
hnp,sweeping,1,195,0.04878048780487805,96.90000000000005,0,0.0,31,0.31,100,0.00030541662403265945,19537
hnp,sweeping,1,196,0.04854368932038835,97.40000000000003,0,0.0,26,0.26,100,0.001665163134894101,19637
hnp,sweeping,1,197,0.04830917874396135,95.20000000000005,1,0.01,28,0.28,100,0.0004118719848338515,19737
hnp,sweeping,1,198,0.04807692307692307,95.40000000000005,1,0.01,27,0.27,100,0.0002608279361447785,19837
hnp,sweeping,1,199,0.04784688995215311,97.40000000000003,0,0.0,26,0.26,100,0.00027861169139214325,19937
hnp,sweeping,2,0,1.0,75.60000000000002,8,0.08,92,0.92,100,0.08401490729050459,37
hnp,sweeping,2,1,0.9090909090909091,72.19999999999997,10,0.1,86,0.86,100,0.008068434877786785,137
hnp,sweeping,2,2,0.8333333333333334,66.69999999999993,13,0.13,84,0.84,100,0.007525374273536727,237
hnp,sweeping,2,3,0.7692307692307692,75.80000000000003,8,0.08,88,0.88,100,0.0015347355423728005,337
hnp,sweeping,2,4,0.7142857142857143,77.50000000000003,7,0.07,92,0.92,100,0.002109429240808822,437
hnp,sweeping,2,5,0.6666666666666666,76.2,8,0.08,85,0.85,100,0.001152053410478402,537
hnp,sweeping,2,6,0.625,76.6,8,0.08,82,0.82,100,0.0011308063677279278,637
hnp,sweeping,2,7,0.5882352941176471,72.69999999999999,10,0.1,82,0.82,100,0.0013160255219554528,737
hnp,sweeping,2,8,0.5555555555555556,74.89999999999999,9,0.09,79,0.79,100,0.0011400112259434536,837
hnp,sweeping,2,9,0.5263157894736842,87.20000000000003,3,0.03,71,0.71,100,0.0012679650931386277,937
hnp,sweeping,2,10,0.5,81.40000000000003,6,0.06,72,0.72,100,0.0010657862678635866,1037
hnp,sweeping,2,11,0.47619047619047616,77.90000000000003,8,0.08,69,0.69,100,0.0012425812159199267,1137
hnp,sweeping,2,12,0.45454545454545453,84.40000000000003,5,0.05,59,0.59,100,0.001163942380226217,1237
hnp,sweeping,2,13,0.4347826086956522,86.50000000000003,4,0.04,57,0.57,100,0.0009310991980601102,1337
hnp,sweeping,2,14,0.4166666666666667,84.20000000000005,5,0.05,63,0.63,100,0.0009516814321978018,1437
hnp,sweeping,2,15,0.4,89.10000000000004,3,0.03,52,0.52,100,0.0010727153759216889,1537
hnp,sweeping,2,16,0.3846153846153846,80.6,7,0.07,59,0.59,100,0.001004381836974062,1637
hnp,sweeping,2,17,0.37037037037037035,90.70000000000003,2,0.02,55,0.55,100,0.0015471222531050445,1737
hnp,sweeping,2,18,0.35714285714285715,81.90000000000003,6,0.06,64,0.64,100,0.002002324698260054,1837
hnp,sweeping,2,19,0.3448275862068966,79.4,8,0.08,53,0.53,100,0.0013121443538693712,1937
hnp,sweeping,2,20,0.3333333333333333,86.50000000000004,4,0.04,59,0.59,100,0.0010071631614118814,2037
hnp,sweeping,2,21,0.3225806451612903,89.00000000000003,3,0.03,53,0.53,100,0.0008697073624352924,2137
hnp,sweeping,2,22,0.3125,88.00000000000001,4,0.04,44,0.44,100,0.0006989595890627242,2237
hnp,sweeping,2,23,0.30303030303030304,89.70000000000005,3,0.03,46,0.46,100,0.000627033484634012,2337
hnp,sweeping,2,24,0.29411764705882354,94.00000000000003,1,0.01,41,0.41,100,0.000820883110864088,2437
hnp,sweeping,2,25,0.2857142857142857,89.80000000000004,3,0.03,45,0.45,100,0.0008116984326625243,2537
hnp,sweeping,2,26,0.2777777777777778,91.70000000000006,2,0.02,45,0.45,100,0.0007254481469863095,2637
hnp,sweeping,2,27,0.27027027027027023,80.10000000000002,8,0.08,45,0.45,100,0.0009682809986406938,2737
hnp,sweeping,2,28,0.2631578947368421,94.20000000000002,1,0.01,39,0.39,100,0.0006798023779992946,2837
hnp,sweeping,2,29,0.25641025641025644,90.00000000000001,3,0.03,43,0.43,100,0.0007003167373477482,2937
hnp,sweeping,2,30,0.25,88.70000000000005,4,0.04,36,0.36,100,0.0006325257610296831,3037
hnp,sweeping,2,31,0.24390243902439027,86.1,5,0.05,42,0.42,100,0.0007541508440044709,3137
hnp,sweeping,2,32,0.23809523809523808,88.60000000000001,4,0.04,37,0.37,100,0.0006608392248745077,3237
hnp,sweeping,2,33,0.23255813953488372,91.80000000000007,2,0.02,44,0.44,100,0.0008071321778697893,3337
hnp,sweeping,2,34,0.22727272727272727,90.60000000000005,3,0.03,36,0.36,100,0.0008029518203693442,3437
hnp,sweeping,2,35,0.2222222222222222,84.10000000000002,6,0.06,43,0.43,100,0.0008284949537483044,3537
hnp,sweeping,2,36,0.2173913043478261,89.00000000000006,3,0.03,53,0.53,100,0.0016968695921241305,3637
hnp,sweeping,2,37,0.2127659574468085,93.00000000000007,1,0.01,51,0.51,100,0.002210420601768419,3737
hnp,sweeping,2,38,0.20833333333333334,86.40000000000003,5,0.05,40,0.4,100,0.0015599208686035127,3837
hnp,sweeping,2,39,0.2040816326530612,93.70000000000005,1,0.01,44,0.44,100,0.0009528057737043128,3937
hnp,sweeping,2,40,0.2,94.70000000000002,1,0.01,34,0.34,100,0.0007262781437020749,4037
hnp,sweeping,2,41,0.19607843137254904,92.70000000000006,2,0.02,35,0.35,100,0.0006833612095215358,4137
hnp,sweeping,2,42,0.1923076923076923,91.2,3,0.03,30,0.3,100,0.0004666194290621206,4237
hnp,sweeping,2,43,0.18867924528301888,90.80000000000004,3,0.03,34,0.34,100,0.0005699651618488133,4337
hnp,sweeping,2,44,0.18518518518518517,94.80000000000004,1,0.01,33,0.33,100,0.0006963830642052926,4437
hnp,sweeping,2,45,0.18181818181818182,92.70000000000002,2,0.02,34,0.34,100,0.0006068942684214563,4537
hnp,sweeping,2,46,0.17857142857142858,89.20000000000003,4,0.04,31,0.31,100,0.0005179859173949808,4637
hnp,sweeping,2,47,0.17543859649122806,95.00000000000003,1,0.01,31,0.31,100,0.0004852640647732187,4737
hnp,sweeping,2,48,0.1724137931034483,91.50000000000003,3,0.03,28,0.28,100,0.000561251696490217,4837
hnp,sweeping,2,49,0.1694915254237288,92.90000000000003,2,0.02,33,0.33,100,0.0006001943393494002,4937
hnp,sweeping,2,50,0.16666666666666666,92.90000000000005,2,0.02,33,0.33,100,0.0005830016153049655,5037
hnp,sweeping,2,51,0.1639344262295082,95.60000000000008,0,0.0,44,0.44,100,0.0014677452039904893,5137
hnp,sweeping,2,52,0.16129032258064516,90.80000000000007,3,0.03,35,0.35,100,0.0009142499044537544,5237
hnp,sweeping,2,53,0.15873015873015872,95.40000000000005,1,0.01,27,0.27,100,0.0008341656799893826,5337
hnp,sweeping,2,54,0.15625,92.70000000000005,2,0.02,35,0.35,100,0.0005369115137727931,5437
hnp,sweeping,2,55,0.15384615384615385,92.60000000000002,2,0.02,36,0.36,100,0.0004815624091133941,5537
hnp,sweeping,2,56,0.15151515151515152,95.60000000000004,1,0.01,25,0.25,100,0.000524172579171136,5637
hnp,sweeping,2,57,0.14925373134328357,94.70000000000002,1,0.01,34,0.34,100,0.0004345190955791622,5737
hnp,sweeping,2,58,0.14705882352941177,97.00000000000004,0,0.0,30,0.3,100,0.0005658318399218843,5837
hnp,sweeping,2,59,0.14492753623188406,89.10000000000002,4,0.04,33,0.33,100,0.0005680575939186383,5937
hnp,sweeping,2,60,0.14285714285714285,93.20000000000002,2,0.02,30,0.3,100,0.0007536904371227138,6037
hnp,sweeping,2,61,0.14084507042253522,94.30000000000005,1,0.01,38,0.38,100,0.0011847196612507105,6137
hnp,sweeping,2,62,0.1388888888888889,96.90000000000003,0,0.0,31,0.31,100,0.0006773281254572794,6237
hnp,sweeping,2,63,0.136986301369863,91.10000000000002,3,0.03,31,0.31,100,0.0004773445220780559,6337
hnp,sweeping,2,64,0.13513513513513511,95.10000000000005,1,0.01,30,0.3,100,0.00047029166991706004,6437
hnp,sweeping,2,65,0.13333333333333333,95.30000000000003,1,0.01,28,0.28,100,0.00041886224498739467,6537
hnp,sweeping,2,66,0.13157894736842105,91.60000000000005,3,0.03,25,0.25,100,0.0006383972673211246,6637
hnp,sweeping,2,67,0.12987012987012986,91.80000000000008,2,0.02,44,0.44,100,0.001643687784380745,6737
hnp,sweeping,2,68,0.12820512820512822,94.10000000000008,1,0.01,40,0.4,100,0.001018596804351546,6837
hnp,sweeping,2,69,0.12658227848101264,94.80000000000004,1,0.01,33,0.33,100,0.001066964094643481,6937
hnp,sweeping,2,70,0.125,97.30000000000003,0,0.0,27,0.27,100,0.0006132511093164795,7037
hnp,sweeping,2,71,0.1234567901234568,93.40000000000003,2,0.02,27,0.27,100,0.0005058878313866444,7137
hnp,sweeping,2,72,0.12195121951219513,97.70000000000002,0,0.0,23,0.23,100,0.0004376794392010197,7237
hnp,sweeping,2,73,0.12048192771084336,91.30000000000001,3,0.03,29,0.29,100,0.0003868718622834422,7337
hnp,sweeping,2,74,0.11904761904761904,94.90000000000003,1,0.01,32,0.32,100,0.001515013019379694,7437
hnp,sweeping,2,75,0.11764705882352941,94.40000000000003,1,0.01,37,0.37,100,0.0006667802030278835,7537
hnp,sweeping,2,76,0.11627906976744186,93.10000000000004,2,0.02,30,0.3,100,0.00040593656070996075,7637
hnp,sweeping,2,77,0.1149425287356322,97.00000000000004,0,0.0,30,0.3,100,0.0004424711572937667,7737
hnp,sweeping,2,78,0.11363636363636363,91.50000000000003,3,0.03,26,0.26,100,0.0003921538981376216,7837
hnp,sweeping,2,79,0.11235955056179775,95.50000000000004,1,0.01,25,0.25,100,0.0003882830367365386,7937
hnp,sweeping,2,80,0.1111111111111111,92.80000000000004,2,0.02,33,0.33,100,0.0003702085037366487,8037
hnp,sweeping,2,81,0.10989010989010989,91.70000000000003,3,0.03,26,0.26,100,0.000331723367999075,8137
hnp,sweeping,2,82,0.10869565217391305,93.60000000000002,2,0.02,26,0.26,100,0.000554358891386073,8237
hnp,sweeping,2,83,0.1075268817204301,93.10000000000005,2,0.02,31,0.31,100,0.0003737866001029033,8337
hnp,sweeping,2,84,0.10638297872340426,91.30000000000001,3,0.03,29,0.29,100,0.0007976599942776375,8437
hnp,sweeping,2,85,0.10526315789473684,93.20000000000002,2,0.02,30,0.3,100,0.0004646995943039656,8537
hnp,sweeping,2,86,0.10416666666666667,91.70000000000002,3,0.03,24,0.24,100,0.0003558989497832954,8637
hnp,sweeping,2,87,0.10309278350515465,97.40000000000005,0,0.0,26,0.26,100,0.000343332324991934,8737
hnp,sweeping,2,88,0.1020408163265306,89.80000000000001,4,0.04,26,0.26,100,0.0003621119241870474,8837
hnp,sweeping,2,89,0.10101010101010101,95.30000000000003,1,0.01,28,0.28,100,0.0003688105689070653,8937
hnp,sweeping,2,90,0.1,92.90000000000003,2,0.02,32,0.32,100,0.0003600345271115657,9037
hnp,sweeping,2,91,0.09900990099009901,97.60000000000002,0,0.0,24,0.24,100,0.00044805527475546116,9137
hnp,sweeping,2,92,0.09803921568627452,95.70000000000002,1,0.01,23,0.23,100,0.00035329075952176934,9237
hnp,sweeping,2,93,0.0970873786407767,96.10000000000005,0,0.0,39,0.39,100,0.001456110018043546,9337
hnp,sweeping,2,94,0.09615384615384615,95.00000000000001,1,0.01,31,0.31,100,0.000744391969346907,9437
hnp,sweeping,2,95,0.09523809523809523,97.30000000000004,0,0.0,27,0.27,100,0.0005450893024681136,9537
hnp,sweeping,2,96,0.09433962264150944,95.10000000000005,1,0.01,30,0.3,100,0.0003870556857145857,9637
hnp,sweeping,2,97,0.09345794392523366,97.10000000000005,0,0.0,29,0.29,100,0.0003839995007729158,9737
hnp,sweeping,2,98,0.09259259259259259,87.90000000000005,4,0.04,44,0.44,100,0.0031916445061506236,9837
hnp,sweeping,2,99,0.09174311926605504,91.20000000000002,3,0.03,29,0.29,100,0.0007492613134672865,9937
hnp,sweeping,2,100,0.09090909090909091,91.00000000000003,3,0.03,31,0.31,100,0.0011569369213248137,10037
hnp,sweeping,2,101,0.0900900900900901,97.30000000000005,0,0.0,27,0.27,100,0.0005441529800009448,10137
hnp,sweeping,2,102,0.08928571428571429,93.20000000000005,2,0.02,29,0.29,100,0.00032270421157591043,10237
hnp,sweeping,2,103,0.08849557522123894,95.40000000000003,1,0.01,26,0.26,100,0.0008017986116465181,10337
hnp,sweeping,2,104,0.08771929824561403,96.70000000000005,0,0.0,33,0.33,100,0.00035056434193393216,10437
hnp,sweeping,2,105,0.08695652173913043,97.10000000000002,0,0.0,29,0.29,100,0.00029715416429098695,10537
hnp,sweeping,2,106,0.08620689655172414,93.90000000000003,2,0.02,23,0.23,100,0.000315895696694497,10637
hnp,sweeping,2,107,0.08547008547008547,94.50000000000004,1,0.01,36,0.36,100,0.0006064382220210973,10737
hnp,sweeping,2,108,0.0847457627118644,97.20000000000005,0,0.0,28,0.28,100,0.00034861624146287796,10837
hnp,sweeping,2,109,0.08403361344537814,97.20000000000005,0,0.0,28,0.28,100,0.0005552873927808832,10937
hnp,sweeping,2,110,0.08333333333333333,97.40000000000003,0,0.0,26,0.26,100,0.0007827257156895939,11037
hnp,sweeping,2,111,0.08264462809917356,97.30000000000007,0,0.0,27,0.27,100,0.00045465817805961706,11137
hnp,sweeping,2,112,0.0819672131147541,94.80000000000004,1,0.01,33,0.33,100,0.0003277156880358234,11237
hnp,sweeping,2,113,0.08130081300813008,98.00000000000003,0,0.0,20,0.2,100,0.0002889043190953089,11337
hnp,sweeping,2,114,0.08064516129032258,97.00000000000006,0,0.0,30,0.3,100,0.0002811865957482951,11437
hnp,sweeping,2,115,0.08,95.30000000000004,1,0.01,28,0.28,100,0.0002960392440581927,11537
hnp,sweeping,2,116,0.07936507936507936,95.60000000000004,1,0.01,25,0.25,100,0.00027428481553215533,11637
hnp,sweeping,2,117,0.07874015748031496,95.90000000000003,1,0.01,22,0.22,100,0.0002626357901317533,11737
hnp,sweeping,2,118,0.078125,97.50000000000003,0,0.0,25,0.25,100,0.0002805259593878873,11837
hnp,sweeping,2,119,0.07751937984496124,95.60000000000004,1,0.01,25,0.25,100,0.0006231016722449567,11937
hnp,sweeping,2,120,0.07692307692307693,95.60000000000004,1,0.01,25,0.25,100,0.0003088040018337779,12037
hnp,sweeping,2,121,0.07633587786259542,95.30000000000004,1,0.01,28,0.28,100,0.0002533250732085435,12137
hnp,sweeping,2,122,0.07575757575757576,91.40000000000003,3,0.03,28,0.28,100,0.0003273071412695572,12237
hnp,sweeping,2,123,0.07518796992481203,95.40000000000003,1,0.01,27,0.27,100,0.0003063052815559786,12337
hnp,sweeping,2,124,0.07462686567164178,97.50000000000003,0,0.0,25,0.25,100,0.0002849920950393425,12437
hnp,sweeping,2,125,0.07407407407407407,95.60000000000005,1,0.01,24,0.24,100,0.00034423413482727484,12537
hnp,sweeping,2,126,0.07352941176470588,93.80000000000003,2,0.02,24,0.24,100,0.0005228922693640925,12637
hnp,sweeping,2,127,0.07299270072992702,96.90000000000003,0,0.0,31,0.31,100,0.0004458631278248504,12737
hnp,sweeping,2,128,0.07246376811594203,95.50000000000003,1,0.01,26,0.26,100,0.00043735444807680324,12837
hnp,sweeping,2,129,0.07194244604316546,95.50000000000003,1,0.01,26,0.26,100,0.00034604103311721703,12937
hnp,sweeping,2,130,0.07142857142857142,95.9,1,0.01,21,0.21,100,0.00030837653059279547,13037
hnp,sweeping,2,131,0.07092198581560284,93.30000000000004,2,0.02,29,0.29,100,0.00032879160127777143,13137
hnp,sweeping,2,132,0.07042253521126761,91.60000000000002,3,0.03,25,0.25,100,0.0002593321471067611,13237
hnp,sweeping,2,133,0.06993006993006992,93.40000000000003,2,0.02,28,0.28,100,0.00029410603267024274,13337
hnp,sweeping,2,134,0.06944444444444445,97.50000000000006,0,0.0,25,0.25,100,0.0002591413883055793,13437
hnp,sweeping,2,135,0.06896551724137931,96.30000000000004,0,0.0,37,0.37,100,0.0015460618380166125,13537
hnp,sweeping,2,136,0.0684931506849315,95.60000000000002,1,0.01,24,0.24,100,0.0006195285245485138,13637
hnp,sweeping,2,137,0.06802721088435375,97.10000000000004,0,0.0,29,0.29,100,0.0003095993293391075,13737
hnp,sweeping,2,138,0.06756756756756756,96.90000000000003,0,0.0,31,0.31,100,0.0010030894710507708,13837
hnp,sweeping,2,139,0.06711409395973154,94.90000000000003,1,0.01,32,0.32,100,0.0006948053123778664,13937
hnp,sweeping,2,140,0.06666666666666667,95.10000000000002,1,0.01,30,0.3,100,0.0003878828982124105,14037
hnp,sweeping,2,141,0.06622516556291391,97.00000000000003,0,0.0,30,0.3,100,0.00029701705287152433,14137
hnp,sweeping,2,142,0.06578947368421052,96.70000000000005,0,0.0,33,0.33,100,0.0019854217510146556,14237
hnp,sweeping,2,143,0.06535947712418301,92.80000000000001,2,0.02,34,0.34,100,0.0007626744695880916,14337
hnp,sweeping,2,144,0.06493506493506493,93.20000000000002,2,0.02,30,0.3,100,0.0014405713632004336,14437
hnp,sweeping,2,145,0.06451612903225806,97.30000000000005,0,0.0,27,0.27,100,0.00038539886139915325,14537
hnp,sweeping,2,146,0.06410256410256411,93.70000000000002,2,0.02,24,0.24,100,0.0002664493084012065,14637
hnp,sweeping,2,147,0.06369426751592357,95.90000000000003,1,0.01,22,0.22,100,0.00026821212086360904,14737
hnp,sweeping,2,148,0.06329113924050632,95.20000000000003,1,0.01,29,0.29,100,0.00024492032956914046,14837
hnp,sweeping,2,149,0.06289308176100629,95.50000000000003,1,0.01,26,0.26,100,0.0002470809121587081,14937
hnp,sweeping,2,150,0.0625,96.00000000000003,1,0.01,21,0.21,100,0.00025083211621677035,15037
hnp,sweeping,2,151,0.06211180124223602,95.80000000000004,1,0.01,23,0.23,100,0.00024779456412943546,15137
hnp,sweeping,2,152,0.0617283950617284,97.60000000000005,0,0.0,24,0.24,100,0.00029049159988062454,15237
hnp,sweeping,2,153,0.06134969325153374,93.60000000000002,2,0.02,25,0.25,100,0.00035409890035225543,15337
hnp,sweeping,2,154,0.06097560975609757,97.30000000000004,0,0.0,27,0.27,100,0.00025465788086876274,15437
hnp,sweeping,2,155,0.06060606060606061,97.30000000000004,0,0.0,27,0.27,100,0.0002592264363920549,15537
hnp,sweeping,2,156,0.06024096385542168,93.50000000000003,2,0.02,27,0.27,100,0.0002548590220976621,15637
hnp,sweeping,2,157,0.059880239520958084,97.30000000000004,0,0.0,27,0.27,100,0.00046194921727874314,15737
hnp,sweeping,2,158,0.05952380952380952,97.20000000000003,0,0.0,28,0.28,100,0.0007478874528896995,15837
hnp,sweeping,2,159,0.0591715976331361,97.20000000000003,0,0.0,28,0.28,100,0.0008005641416821163,15937
hnp,sweeping,2,160,0.058823529411764705,93.70000000000005,2,0.02,25,0.25,100,0.0003676541105960496,16037
hnp,sweeping,2,161,0.05847953216374269,97.60000000000004,0,0.0,24,0.24,100,0.0003385365027497755,16137
hnp,sweeping,2,162,0.05813953488372093,96.00000000000003,1,0.01,21,0.21,100,0.0003357259921904188,16237
hnp,sweeping,2,163,0.057803468208092484,95.60000000000002,1,0.01,25,0.25,100,0.00033323137715342456,16337
hnp,sweeping,2,164,0.0574712643678161,95.50000000000003,1,0.01,25,0.25,100,0.0003916235403448809,16437
hnp,sweeping,2,165,0.05714285714285714,94.9,1,0.01,31,0.31,100,0.0005134288877889048,16537
hnp,sweeping,2,166,0.056818181818181816,97.50000000000003,0,0.0,25,0.25,100,0.0005077806688495912,16637
hnp,sweeping,2,167,0.05649717514124294,95.90000000000003,1,0.01,22,0.22,100,0.00029982050938997417,16737
hnp,sweeping,2,168,0.056179775280898875,93.80000000000004,2,0.02,23,0.23,100,0.00024329475447302685,16837
hnp,sweeping,2,169,0.0558659217877095,95.90000000000003,1,0.01,21,0.21,100,0.00022013767516909866,16937
hnp,sweeping,2,170,0.05555555555555555,95.50000000000003,1,0.01,26,0.26,100,0.0002603387485578423,17037
hnp,sweeping,2,171,0.055248618784530384,97.70000000000002,0,0.0,23,0.23,100,0.00035531500056094954,17137
hnp,sweeping,2,172,0.054945054945054944,97.20000000000005,0,0.0,28,0.28,100,0.00030402890100958755,17237
hnp,sweeping,2,173,0.0546448087431694,96.80000000000005,0,0.0,32,0.32,100,0.00027774578251410275,17337
hnp,sweeping,2,174,0.05434782608695653,97.00000000000006,0,0.0,30,0.3,100,0.00017402735044015573,17437
hnp,sweeping,2,175,0.05405405405405406,97.10000000000005,0,0.0,29,0.29,100,0.0002587241432047449,17537
hnp,sweeping,2,176,0.05376344086021505,97.60000000000002,0,0.0,24,0.24,100,0.00020909335609758272,17637
hnp,sweeping,2,177,0.053475935828877004,97.20000000000005,0,0.0,28,0.28,100,0.0002809927242196864,17737
hnp,sweeping,2,178,0.05319148936170213,97.90000000000002,0,0.0,21,0.21,100,0.00037270355060172735,17837
hnp,sweeping,2,179,0.052910052910052914,97.40000000000003,0,0.0,26,0.26,100,0.00026249838454532436,17937
hnp,sweeping,2,180,0.05263157894736842,94.20000000000007,1,0.01,39,0.39,100,0.0018561877275351435,18037
hnp,sweeping,2,181,0.05235602094240837,95.30000000000003,0,0.0,47,0.47,100,0.0017201564030256123,18137
hnp,sweeping,2,182,0.052083333333333336,96.70000000000005,0,0.0,33,0.33,100,0.0010134854528587312,18237
hnp,sweeping,2,183,0.05181347150259067,93.60000000000004,2,0.02,26,0.26,100,0.000514292428852059,18337
hnp,sweeping,2,184,0.051546391752577324,96.30000000000005,0,0.0,37,0.37,100,0.00042435065610334276,18437
hnp,sweeping,2,185,0.05128205128205128,97.40000000000003,0,0.0,26,0.26,100,0.00029786843828333076,18537
hnp,sweeping,2,186,0.0510204081632653,93.20000000000005,2,0.02,29,0.29,100,0.0002985168038867414,18637
hnp,sweeping,2,187,0.050761421319796954,97.00000000000003,0,0.0,30,0.3,100,0.0002538323002954712,18737
hnp,sweeping,2,188,0.050505050505050504,95.9,1,0.01,21,0.21,100,0.0002806584761128761,18837
hnp,sweeping,2,189,0.05025125628140704,95.60000000000002,1,0.01,25,0.25,100,0.00020522436432656832,18937
hnp,sweeping,2,190,0.05,93.90000000000003,2,0.02,23,0.23,100,0.00016058995031926316,19037
hnp,sweeping,2,191,0.04975124378109452,97.30000000000003,0,0.0,27,0.27,100,0.00020771743107616202,19137
hnp,sweeping,2,192,0.04950495049504951,94.90000000000006,1,0.01,32,0.32,100,0.0003781185069237836,19237
hnp,sweeping,2,193,0.04926108374384236,97.80000000000003,0,0.0,22,0.22,100,0.0003940533864079043,19337
hnp,sweeping,2,194,0.04901960784313726,93.20000000000005,2,0.02,29,0.29,100,0.0010571226938191102,19437
hnp,sweeping,2,195,0.04878048780487805,96.90000000000002,0,0.0,31,0.31,100,0.0008499697306251619,19537
hnp,sweeping,2,196,0.04854368932038835,93.40000000000003,2,0.02,27,0.27,100,0.00031038856905070135,19637
hnp,sweeping,2,197,0.04830917874396135,95.70000000000003,1,0.01,23,0.23,100,0.00023232101535541005,19737
hnp,sweeping,2,198,0.04807692307692307,97.80000000000003,0,0.0,22,0.22,100,0.0002119353551825043,19837
hnp,sweeping,2,199,0.04784688995215311,95.10000000000004,1,0.01,30,0.3,100,0.00021734744157583919,19937
hnp,sweeping,3,0,1.0,63.99999999999993,14,0.14,92,0.92,100,0.07789043543507924,37
hnp,sweeping,3,1,0.9090909090909091,72.1,10,0.1,87,0.87,100,0.009723173703532666,137
hnp,sweeping,3,2,0.8333333333333334,68.09999999999995,12,0.12,89,0.89,100,0.002379057233920321,237
hnp,sweeping,3,3,0.7692307692307692,63.09999999999993,15,0.15,81,0.81,100,0.001646237387903966,337
hnp,sweeping,3,4,0.7142857142857143,76.20000000000002,8,0.08,85,0.85,100,0.0013525632180972024,437
hnp,sweeping,3,5,0.6666666666666666,85.60000000000007,3,0.03,85,0.85,100,0.0011246253823628649,537
hnp,sweeping,3,6,0.625,70.89999999999998,11,0.11,80,0.8,100,0.001222821799456142,637
hnp,sweeping,3,7,0.5882352941176471,82.40000000000005,5,0.05,81,0.81,100,0.001226825113990344,737
hnp,sweeping,3,8,0.5555555555555556,81.90000000000002,5,0.05,85,0.85,100,0.001067973718745634,837
hnp,sweeping,3,9,0.5263157894736842,77.2,8,0.08,75,0.75,100,0.0011629224522039295,937
hnp,sweeping,3,10,0.5,85.20000000000005,4,0.04,72,0.72,100,0.001773899687686935,1037
hnp,sweeping,3,11,0.47619047619047616,79.50000000000004,7,0.07,71,0.71,100,0.0012109082675306126,1137
hnp,sweeping,3,12,0.45454545454545453,82.90000000000003,5,0.05,74,0.74,100,0.0010564877116121352,1237
hnp,sweeping,3,13,0.4347826086956522,78.20000000000002,8,0.08,64,0.64,100,0.001023596405866556,1337
hnp,sweeping,3,14,0.4166666666666667,87.90000000000006,3,0.03,64,0.64,100,0.0009765425903606229,1437
hnp,sweeping,3,15,0.4,83.20000000000002,5,0.05,72,0.72,100,0.0014454303344246,1537
hnp,sweeping,3,16,0.3846153846153846,80.70000000000003,7,0.07,58,0.58,100,0.0009851945308037102,1637
hnp,sweeping,3,17,0.37037037037037035,92.80000000000005,1,0.01,53,0.53,100,0.0010137746029067784,1737
hnp,sweeping,3,18,0.35714285714285715,87.40000000000003,4,0.04,49,0.49,100,0.0012004205118864774,1837
hnp,sweeping,3,19,0.3448275862068966,85.50000000000004,5,0.05,49,0.49,100,0.0009467857968411408,1937
hnp,sweeping,3,20,0.3333333333333333,85.60000000000004,5,0.05,48,0.48,100,0.0008646593490266242,2037
hnp,sweeping,3,21,0.3225806451612903,84.50000000000003,6,0.06,39,0.39,100,0.0007376339993788861,2137
hnp,sweeping,3,22,0.3125,85.60000000000004,5,0.05,47,0.47,100,0.0008742527701542713,2237
hnp,sweeping,3,23,0.30303030303030304,84.10000000000002,6,0.06,45,0.45,100,0.0007353859223076143,2337
hnp,sweeping,3,24,0.29411764705882354,91.80000000000004,2,0.02,44,0.44,100,0.0007825193484313786,2437
hnp,sweeping,3,25,0.2857142857142857,91.60000000000004,2,0.02,45,0.45,100,0.0006949951199931092,2537
hnp,sweeping,3,26,0.2777777777777778,89.20000000000002,3,0.03,51,0.51,100,0.0008853435068158433,2637
hnp,sweeping,3,27,0.27027027027027023,85.30000000000004,5,0.05,50,0.5,100,0.0009672700482769869,2737
hnp,sweeping,3,28,0.2631578947368421,82.00000000000006,7,0.07,44,0.44,100,0.0013591919947066344,2837
hnp,sweeping,3,29,0.25641025641025644,93.20000000000006,1,0.01,49,0.49,100,0.0016888713283697142,2937
hnp,sweeping,3,30,0.25,93.10000000000002,1,0.01,50,0.5,100,0.0009070582344429568,3037
hnp,sweeping,3,31,0.24390243902439027,88.60000000000005,4,0.04,38,0.38,100,0.0006074643821921199,3137
hnp,sweeping,3,32,0.23809523809523808,85.80000000000004,5,0.05,47,0.47,100,0.0006718238184112124,3237
hnp,sweeping,3,33,0.23255813953488372,90.30000000000004,3,0.03,40,0.4,100,0.0007606553085497581,3337
hnp,sweeping,3,34,0.22727272727272727,96.30000000000005,0,0.0,37,0.37,100,0.0008026857214281335,3437
hnp,sweeping,3,35,0.2222222222222222,94.10000000000004,1,0.01,40,0.4,100,0.0006930873452802189,3537
hnp,sweeping,3,36,0.2173913043478261,94.20000000000005,1,0.01,39,0.39,100,0.0006994606702937744,3637
hnp,sweeping,3,37,0.2127659574468085,92.40000000000002,2,0.02,38,0.38,100,0.000858243826078251,3737
hnp,sweeping,3,38,0.20833333333333334,91.30000000000001,2,0.02,48,0.48,100,0.0015977035777177662,3837
hnp,sweeping,3,39,0.2040816326530612,90.00000000000003,3,0.03,42,0.42,100,0.0007010927860392257,3937
hnp,sweeping,3,40,0.2,94.80000000000004,1,0.01,33,0.33,100,0.0006058500992367044,4037
hnp,sweeping,3,41,0.19607843137254904,94.70000000000006,1,0.01,33,0.33,100,0.0005927397133200429,4137
hnp,sweeping,3,42,0.1923076923076923,90.90000000000005,3,0.03,34,0.34,100,0.0006125688200700097,4237
hnp,sweeping,3,43,0.18867924528301888,94.80000000000004,1,0.01,33,0.33,100,0.0006545981284580193,4337
hnp,sweeping,3,44,0.18518518518518517,91.50000000000006,3,0.03,28,0.28,100,0.0006595058937091381,4437
hnp,sweeping,3,45,0.18181818181818182,86.10000000000001,5,0.05,44,0.44,100,0.000676256146398373,4537
hnp,sweeping,3,46,0.17857142857142858,85.50000000000009,5,0.05,49,0.49,100,0.00130126243311679,4637
hnp,sweeping,3,47,0.17543859649122806,89.90000000000006,3,0.03,43,0.43,100,0.001903888228116557,4737
hnp,sweeping,3,48,0.1724137931034483,84.00000000000006,6,0.06,45,0.45,100,0.0016557720382115804,4837
hnp,sweeping,3,49,0.1694915254237288,94.80000000000005,1,0.01,32,0.32,100,0.0011077772498538252,4937
hnp,sweeping,3,50,0.16666666666666666,94.80000000000003,1,0.01,32,0.32,100,0.0012796125753084197,5037
hnp,sweeping,3,51,0.1639344262295082,90.80000000000001,3,0.03,34,0.34,100,0.0006074189362698235,5137
hnp,sweeping,3,52,0.16129032258064516,94.20000000000005,1,0.01,39,0.39,100,0.001745720494654961,5237
hnp,sweeping,3,53,0.15873015873015872,96.70000000000003,0,0.0,33,0.33,100,0.001335057973919902,5337
hnp,sweeping,3,54,0.15625,96.10000000000004,0,0.0,39,0.39,100,0.0007265218382235617,5437
hnp,sweeping,3,55,0.15384615384615385,93.00000000000001,2,0.02,30,0.3,100,0.0007104560398147441,5537
hnp,sweeping,3,56,0.15151515151515152,83.3,7,0.07,34,0.34,100,0.0004912098882778082,5637
hnp,sweeping,3,57,0.14925373134328357,94.90000000000005,1,0.01,32,0.32,100,0.0004681934321706649,5737
hnp,sweeping,3,58,0.14705882352941177,96.40000000000006,0,0.0,36,0.36,100,0.0004544059363252018,5837
hnp,sweeping,3,59,0.14492753623188406,93.10000000000005,2,0.02,30,0.3,100,0.0005330224352655933,5937
hnp,sweeping,3,60,0.14285714285714285,96.60000000000005,0,0.0,34,0.34,100,0.0006027355845435522,6037
hnp,sweeping,3,61,0.14084507042253522,94.70000000000002,1,0.01,34,0.34,100,0.00046461366291623564,6137
hnp,sweeping,3,62,0.1388888888888889,90.90000000000002,3,0.03,34,0.34,100,0.0005074064567452297,6237
hnp,sweeping,3,63,0.136986301369863,92.90000000000003,2,0.02,32,0.32,100,0.0005263125497731381,6337
hnp,sweeping,3,64,0.13513513513513511,90.90000000000003,3,0.03,34,0.34,100,0.000512485978397308,6437
hnp,sweeping,3,65,0.13333333333333333,91.20000000000002,3,0.03,31,0.31,100,0.0008221642575517762,6537
hnp,sweeping,3,66,0.13157894736842105,91.00000000000001,3,0.03,32,0.32,100,0.0007982216114760377,6637
hnp,sweeping,3,67,0.12987012987012986,91.10000000000004,3,0.03,32,0.32,100,0.0012782966470695101,6737
hnp,sweeping,3,68,0.12820512820512822,93.40000000000003,2,0.02,28,0.28,100,0.0005676436086650937,6837
hnp,sweeping,3,69,0.12658227848101264,96.80000000000003,0,0.0,32,0.32,100,0.0004177293794055004,6937
hnp,sweeping,3,70,0.125,95.20000000000003,1,0.01,29,0.29,100,0.00046392149495659395,7037
hnp,sweeping,3,71,0.1234567901234568,97.50000000000003,0,0.0,25,0.25,100,0.0009369786515890155,7137
hnp,sweeping,3,72,0.12195121951219513,97.30000000000001,0,0.0,27,0.27,100,0.0006982165161753073,7237
hnp,sweeping,3,73,0.12048192771084336,94.50000000000004,1,0.01,36,0.36,100,0.0005769104250066448,7337
hnp,sweeping,3,74,0.11904761904761904,96.70000000000005,0,0.0,33,0.33,100,0.0004086674534482881,7437
hnp,sweeping,3,75,0.11764705882352941,97.20000000000002,0,0.0,28,0.28,100,0.00046633570760604924,7537
hnp,sweeping,3,76,0.11627906976744186,96.70000000000003,0,0.0,33,0.33,100,0.0004916494493954815,7637
hnp,sweeping,3,77,0.1149425287356322,89.50000000000003,4,0.04,28,0.28,100,0.0003735954697185662,7737
hnp,sweeping,3,78,0.11363636363636363,93.20000000000005,2,0.02,30,0.3,100,0.00035303867305628954,7837
hnp,sweeping,3,79,0.11235955056179775,97.90000000000003,0,0.0,21,0.21,100,0.00046681181323947384,7937
hnp,sweeping,3,80,0.1111111111111111,94.80000000000007,1,0.01,33,0.33,100,0.00045141207810956986,8037
hnp,sweeping,3,81,0.10989010989010989,93.40000000000003,2,0.02,28,0.28,100,0.0006910777041048277,8137
hnp,sweeping,3,82,0.10869565217391305,91.10000000000001,3,0.03,30,0.3,100,0.001294234633387532,8237
hnp,sweeping,3,83,0.1075268817204301,93.60000000000004,2,0.02,25,0.25,100,0.0007008105554268695,8337
hnp,sweeping,3,84,0.10638297872340426,93.60000000000002,2,0.02,26,0.26,100,0.0004504725743026938,8437
hnp,sweeping,3,85,0.10526315789473684,91.60000000000002,3,0.03,27,0.27,100,0.00033191051115863954,8537
hnp,sweeping,3,86,0.10416666666666667,96.90000000000006,0,0.0,31,0.31,100,0.00031489266562857666,8637
hnp,sweeping,3,87,0.10309278350515465,97.30000000000003,0,0.0,27,0.27,100,0.0004672786791343242,8737
hnp,sweeping,3,88,0.1020408163265306,97.30000000000004,0,0.0,27,0.27,100,0.0003818434318236541,8837
hnp,sweeping,3,89,0.10101010101010101,91.4,3,0.03,29,0.29,100,0.0002778241061605513,8937
hnp,sweeping,3,90,0.1,95.60000000000004,1,0.01,25,0.25,100,0.0003387943650886882,9037
hnp,sweeping,3,91,0.09900990099009901,91.60000000000002,3,0.03,26,0.26,100,0.00046789861255092547,9137
hnp,sweeping,3,92,0.09803921568627452,93.10000000000002,2,0.02,31,0.31,100,0.0003334523134981282,9237
hnp,sweeping,3,93,0.0970873786407767,95.40000000000003,1,0.01,27,0.27,100,0.00030327120693982577,9337
hnp,sweeping,3,94,0.09615384615384615,92.80000000000004,2,0.02,34,0.34,100,0.0005545039959542919,9437
hnp,sweeping,3,95,0.09523809523809523,92.70000000000005,2,0.02,34,0.34,100,0.001518878744391259,9537
hnp,sweeping,3,96,0.09433962264150944,94.60000000000005,1,0.01,34,0.34,100,0.0012264855741523206,9637
hnp,sweeping,3,97,0.09345794392523366,94.50000000000006,1,0.01,36,0.36,100,0.0006277771070017479,9737
hnp,sweeping,3,98,0.09259259259259259,97.10000000000004,0,0.0,29,0.29,100,0.0004673349083168432,9837
hnp,sweeping,3,99,0.09174311926605504,95.30000000000004,1,0.01,27,0.27,100,0.0005914375018619466,9937
hnp,sweeping,3,100,0.09090909090909091,95.10000000000002,1,0.01,30,0.3,100,0.0003332345900707878,10037
hnp,sweeping,3,101,0.0900900900900901,89.60000000000002,4,0.04,28,0.28,100,0.0003181502828374505,10137
hnp,sweeping,3,102,0.08928571428571429,93.40000000000002,2,0.02,28,0.28,100,0.0005896627261245158,10237
hnp,sweeping,3,103,0.08849557522123894,95.20000000000003,1,0.01,29,0.29,100,0.00041833409253740685,10337
hnp,sweeping,3,104,0.08771929824561403,93.30000000000003,2,0.02,28,0.28,100,0.00030480486268061216,10437
hnp,sweeping,3,105,0.08695652173913043,97.10000000000004,0,0.0,29,0.29,100,0.00034171160878031514,10537
hnp,sweeping,3,106,0.08620689655172414,95.50000000000003,1,0.01,26,0.26,100,0.00036734592315042393,10637
hnp,sweeping,3,107,0.08547008547008547,91.90000000000002,3,0.03,22,0.22,100,0.00031488327411352654,10737
hnp,sweeping,3,108,0.0847457627118644,93.10000000000005,2,0.02,30,0.3,100,0.00020848273059527854,10837
hnp,sweeping,3,109,0.08403361344537814,96.90000000000006,0,0.0,31,0.31,100,0.0002799708095699316,10937
hnp,sweeping,3,110,0.08333333333333333,95.40000000000005,1,0.01,27,0.27,100,0.0002572470039012842,11037
hnp,sweeping,3,111,0.08264462809917356,97.30000000000004,0,0.0,27,0.27,100,0.00032182144597754815,11137
hnp,sweeping,3,112,0.0819672131147541,91.30000000000003,3,0.03,30,0.3,100,0.0005724556252243929,11237
hnp,sweeping,3,113,0.08130081300813008,95.80000000000003,1,0.01,22,0.22,100,0.0005397470512252767,11337
hnp,sweeping,3,114,0.08064516129032258,95.50000000000001,1,0.01,25,0.25,100,0.000390370321838418,11437
hnp,sweeping,3,115,0.08,97.10000000000005,0,0.0,29,0.29,100,0.0002889557249727659,11537
hnp,sweeping,3,116,0.07936507936507936,95.20000000000005,1,0.01,29,0.29,100,0.0004118588256824296,11637
hnp,sweeping,3,117,0.07874015748031496,95.40000000000003,1,0.01,27,0.27,100,0.000369661477743648,11737
hnp,sweeping,3,118,0.078125,97.40000000000003,0,0.0,26,0.26,100,0.0003798396622005384,11837
hnp,sweeping,3,119,0.07751937984496124,96.40000000000003,0,0.0,36,0.36,100,0.0003724445585976355,11937
hnp,sweeping,3,120,0.07692307692307693,94.30000000000003,1,0.01,38,0.38,100,0.00041166403811075723,12037
hnp,sweeping,3,121,0.07633587786259542,95.50000000000003,1,0.01,26,0.26,100,0.00040317178281839005,12137
hnp,sweeping,3,122,0.07575757575757576,95.80000000000003,1,0.01,23,0.23,100,0.000286495215332252,12237
hnp,sweeping,3,123,0.07518796992481203,92.10000000000005,2,0.02,41,0.41,100,0.0002875219074485358,12337
hnp,sweeping,3,124,0.07462686567164178,95.00000000000003,1,0.01,31,0.31,100,0.0008543717164138798,12437
hnp,sweeping,3,125,0.07407407407407407,96.60000000000004,0,0.0,34,0.34,100,0.0016699550760677084,12537
hnp,sweeping,3,126,0.07352941176470588,97.90000000000003,0,0.0,21,0.21,100,0.000502525937918108,12637
hnp,sweeping,3,127,0.07299270072992702,97.60000000000002,0,0.0,24,0.24,100,0.00028659544870606623,12737
hnp,sweeping,3,128,0.07246376811594203,92.00000000000001,3,0.03,22,0.22,100,0.0002564160731708398,12837
hnp,sweeping,3,129,0.07194244604316546,97.00000000000003,0,0.0,30,0.3,100,0.0003838835685019148,12937
hnp,sweeping,3,130,0.07142857142857142,95.30000000000004,1,0.01,28,0.28,100,0.000641232374473475,13037
hnp,sweeping,3,131,0.07092198581560284,91.50000000000003,3,0.03,28,0.28,100,0.0003455624619527953,13137
hnp,sweeping,3,132,0.07042253521126761,92.10000000000002,3,0.03,20,0.2,100,0.0003318723245320143,13237
hnp,sweeping,3,133,0.06993006993006992,97.10000000000002,0,0.0,29,0.29,100,0.0005541016427741852,13337
hnp,sweeping,3,134,0.06944444444444445,94.90000000000003,1,0.01,32,0.32,100,0.0003805316163925454,13437
hnp,sweeping,3,135,0.06896551724137931,97.00000000000003,0,0.0,30,0.3,100,0.0007455707165354397,13537
hnp,sweeping,3,136,0.0684931506849315,96.80000000000004,0,0.0,32,0.32,100,0.0009145118895685301,13637
hnp,sweeping,3,137,0.06802721088435375,95.20000000000003,1,0.01,29,0.29,100,0.0004275262827286497,13737
hnp,sweeping,3,138,0.06756756756756756,97.10000000000002,0,0.0,29,0.29,100,0.00032491580852365585,13837
hnp,sweeping,3,139,0.06711409395973154,97.20000000000005,0,0.0,28,0.28,100,0.0003083735523978248,13937
hnp,sweeping,3,140,0.06666666666666667,93.70000000000005,2,0.02,24,0.24,100,0.0002521490101935342,14037
hnp,sweeping,3,141,0.06622516556291391,95.40000000000005,1,0.01,27,0.27,100,0.0002198434216552414,14137
hnp,sweeping,3,142,0.06578947368421052,94.90000000000003,1,0.01,31,0.31,100,0.0002340672646096209,14237
hnp,sweeping,3,143,0.06535947712418301,95.50000000000004,1,0.01,25,0.25,100,0.0001816191538819112,14337
hnp,sweeping,3,144,0.06493506493506493,95.40000000000003,1,0.01,26,0.26,100,0.0002138633003050927,14437
hnp,sweeping,3,145,0.06451612903225806,93.20000000000005,2,0.02,30,0.3,100,0.00022648719939752482,14537
hnp,sweeping,3,146,0.06410256410256411,95.60000000000004,1,0.01,25,0.25,100,0.0001988233441079501,14637
hnp,sweeping,3,147,0.06369426751592357,95.30000000000001,1,0.01,28,0.28,100,0.00021905347479332703,14737
hnp,sweeping,3,148,0.06329113924050632,97.50000000000003,0,0.0,25,0.25,100,0.00023521940827777143,14837
hnp,sweeping,3,149,0.06289308176100629,97.20000000000003,0,0.0,28,0.28,100,0.00033137916529085487,14937
hnp,sweeping,3,150,0.0625,93.50000000000003,2,0.02,26,0.26,100,0.0002471090485050809,15037
hnp,sweeping,3,151,0.06211180124223602,95.30000000000004,1,0.01,28,0.28,100,0.00036719335286761634,15137
hnp,sweeping,3,152,0.0617283950617284,95.20000000000005,1,0.01,29,0.29,100,0.0004711108437913936,15237
hnp,sweeping,3,153,0.06134969325153374,91.90000000000003,3,0.03,23,0.23,100,0.00033937725980649704,15337
hnp,sweeping,3,154,0.06097560975609757,97.60000000000005,0,0.0,24,0.24,100,0.00026116976187040564,15437
hnp,sweeping,3,155,0.06060606060606061,95.80000000000004,1,0.01,22,0.22,100,0.000223792321557994,15537
hnp,sweeping,3,156,0.06024096385542168,96.70000000000006,0,0.0,33,0.33,100,0.0012737002443464008,15637
hnp,sweeping,3,157,0.059880239520958084,96.80000000000004,0,0.0,32,0.32,100,0.0009427748929010704,15737
hnp,sweeping,3,158,0.05952380952380952,93.70000000000002,2,0.02,24,0.24,100,0.0004077411987236701,15837
hnp,sweeping,3,159,0.0591715976331361,97.30000000000005,0,0.0,27,0.27,100,0.0003488906251004664,15937
hnp,sweeping,3,160,0.058823529411764705,95.40000000000003,1,0.01,27,0.27,100,0.000613134864543099,16037
hnp,sweeping,3,161,0.05847953216374269,95.80000000000003,1,0.01,23,0.23,100,0.00039428264339221643,16137
hnp,sweeping,3,162,0.05813953488372093,97.30000000000004,0,0.0,27,0.27,100,0.0002471549060282996,16237
hnp,sweeping,3,163,0.057803468208092484,97.00000000000003,0,0.0,30,0.3,100,0.0002623770302307094,16337
hnp,sweeping,3,164,0.0574712643678161,96.00000000000003,1,0.01,21,0.21,100,0.000260070648000692,16437
hnp,sweeping,3,165,0.05714285714285714,97.40000000000005,0,0.0,26,0.26,100,0.0008615549872047268,16537
hnp,sweeping,3,166,0.056818181818181816,97.50000000000003,0,0.0,25,0.25,100,0.0020668813039083035,16637
hnp,sweeping,3,167,0.05649717514124294,95.60000000000002,1,0.01,25,0.25,100,0.0013126782413746697,16737
hnp,sweeping,3,168,0.056179775280898875,94.90000000000003,1,0.01,32,0.32,100,0.0006613509572343901,16837
hnp,sweeping,3,169,0.0558659217877095,95.30000000000004,1,0.01,28,0.28,100,0.0005962796458334196,16937
hnp,sweeping,3,170,0.05555555555555555,97.10000000000005,0,0.0,29,0.29,100,0.00036693465168355035,17037
hnp,sweeping,3,171,0.055248618784530384,95.50000000000003,1,0.01,26,0.26,100,0.0012867842748528347,17137
hnp,sweeping,3,172,0.054945054945054944,96.90000000000005,0,0.0,31,0.31,100,0.0009711169321963098,17237
hnp,sweeping,3,173,0.0546448087431694,95.30000000000004,1,0.01,27,0.27,100,0.0006998837181163253,17337
hnp,sweeping,3,174,0.05434782608695653,97.10000000000004,0,0.0,29,0.29,100,0.0009324433311121538,17437
hnp,sweeping,3,175,0.05405405405405406,93.30000000000001,2,0.02,29,0.29,100,0.0005149883369449526,17537
hnp,sweeping,3,176,0.05376344086021505,97.20000000000002,0,0.0,28,0.28,100,0.0008475316731346538,17637
hnp,sweeping,3,177,0.053475935828877004,94.80000000000004,1,0.01,33,0.33,100,0.0007432583707850426,17737
hnp,sweeping,3,178,0.05319148936170213,97.60000000000002,0,0.0,24,0.24,100,0.0005882799088431056,17837
hnp,sweeping,3,179,0.052910052910052914,96.80000000000003,0,0.0,32,0.32,100,0.000635926231771009,17937
hnp,sweeping,3,180,0.05263157894736842,93.40000000000002,2,0.02,28,0.28,100,0.0007331892478396185,18037
hnp,sweeping,3,181,0.05235602094240837,93.70000000000003,2,0.02,24,0.24,100,0.0003370204142993316,18137
hnp,sweeping,3,182,0.052083333333333336,97.10000000000004,0,0.0,29,0.29,100,0.0004641185991931707,18237
hnp,sweeping,3,183,0.05181347150259067,94.60000000000008,1,0.01,35,0.35,100,0.0004379706775944214,18337
hnp,sweeping,3,184,0.051546391752577324,95.50000000000003,1,0.01,25,0.25,100,0.00024403635376074817,18437
hnp,sweeping,3,185,0.05128205128205128,96.10000000000005,0,0.0,39,0.39,100,0.0009744971693726257,18537
hnp,sweeping,3,186,0.0510204081632653,96.50000000000004,0,0.0,35,0.35,100,0.00036371237627463415,18637
hnp,sweeping,3,187,0.050761421319796954,95.60000000000004,1,0.01,25,0.25,100,0.0002510176556825172,18737
hnp,sweeping,3,188,0.050505050505050504,97.00000000000004,0,0.0,30,0.3,100,0.00023600139771588147,18837
hnp,sweeping,3,189,0.05025125628140704,95.70000000000005,1,0.01,23,0.23,100,0.00018196634082414675,18937
hnp,sweeping,3,190,0.05,95.50000000000004,1,0.01,26,0.26,100,0.0001720400074191275,19037
hnp,sweeping,3,191,0.04975124378109452,91.80000000000003,3,0.03,24,0.24,100,0.00021969476743834095,19137
hnp,sweeping,3,192,0.04950495049504951,97.20000000000005,0,0.0,28,0.28,100,0.00021052840245829429,19237
hnp,sweeping,3,193,0.04926108374384236,97.70000000000005,0,0.0,23,0.23,100,0.00015189717203611508,19337
hnp,sweeping,3,194,0.04901960784313726,96.60000000000005,0,0.0,34,0.34,100,0.0005530242556415032,19437
hnp,sweeping,3,195,0.04878048780487805,95.60000000000004,1,0.01,25,0.25,100,0.0002857960987603292,19537
hnp,sweeping,3,196,0.04854368932038835,95.20000000000002,1,0.01,28,0.28,100,0.0004229886436951347,19637
hnp,sweeping,3,197,0.04830917874396135,97.30000000000003,0,0.0,27,0.27,100,0.00021125553837919142,19737
hnp,sweeping,3,198,0.04807692307692307,95.4,1,0.01,26,0.26,100,0.00024394956999458374,19837
hnp,sweeping,3,199,0.04784688995215311,97.30000000000003,0,0.0,27,0.27,100,0.00024372865715122316,19937
hnp,sweeping,4,0,1.0,71.79999999999997,10,0.1,91,0.91,100,0.07968852132860874,37
hnp,sweeping,4,1,0.9090909090909091,85.6000000000001,3,0.03,85,0.85,100,0.006727480073459446,137
hnp,sweeping,4,2,0.8333333333333334,73.79999999999998,9,0.09,91,0.91,100,0.00504180065356195,237
hnp,sweeping,4,3,0.7692307692307692,76.6,8,0.08,81,0.81,100,0.0024384195788297804,337
hnp,sweeping,4,4,0.7142857142857143,70.29999999999998,11,0.11,88,0.88,100,0.0018662353331455961,437
hnp,sweeping,4,5,0.6666666666666666,78.20000000000002,7,0.07,83,0.83,100,0.001708000028738752,537
hnp,sweeping,4,6,0.625,74.39999999999999,9,0.09,82,0.82,100,0.0017873099690768868,637
hnp,sweeping,4,7,0.5882352941176471,78.90000000000003,7,0.07,76,0.76,100,0.0016813631070544943,737
hnp,sweeping,4,8,0.5555555555555556,77.2,8,0.08,76,0.76,100,0.0018477423203876243,837
hnp,sweeping,4,9,0.5263157894736842,83.20000000000002,5,0.05,73,0.73,100,0.0013154058379586785,937
hnp,sweeping,4,10,0.5,80.90000000000002,6,0.06,77,0.77,100,0.001243608617805876,1037
hnp,sweeping,4,11,0.47619047619047616,83.00000000000004,5,0.05,74,0.74,100,0.001405076763476245,1137
hnp,sweeping,4,12,0.45454545454545453,85.90000000000005,4,0.04,65,0.65,100,0.0011481542815454304,1237
hnp,sweeping,4,13,0.4347826086956522,82.20000000000003,6,0.06,64,0.64,100,0.0009844115370651707,1337
hnp,sweeping,4,14,0.4166666666666667,87.90000000000008,3,0.03,64,0.64,100,0.0009312476980267093,1437
hnp,sweeping,4,15,0.4,84.80000000000004,5,0.05,57,0.57,100,0.0011816572467796506,1537
hnp,sweeping,4,16,0.3846153846153846,82.30000000000001,6,0.06,63,0.63,100,0.0012926651234738528,1637
hnp,sweeping,4,17,0.37037037037037035,89.30000000000003,3,0.03,49,0.49,100,0.001058262420410756,1737
hnp,sweeping,4,18,0.35714285714285715,85.10000000000004,5,0.05,54,0.54,100,0.0008522730460390448,1837
hnp,sweeping,4,19,0.3448275862068966,85.60000000000005,5,0.05,48,0.48,100,0.0008492325767292641,1937
hnp,sweeping,4,20,0.3333333333333333,86.60000000000001,5,0.05,39,0.39,100,0.0008147172565804795,2037
hnp,sweeping,4,21,0.3225806451612903,78.0,9,0.09,46,0.46,100,0.0007203389666392468,2137
hnp,sweeping,4,22,0.3125,90.90000000000003,2,0.02,53,0.53,100,0.0008190257445676252,2237
hnp,sweeping,4,23,0.30303030303030304,87.70000000000005,4,0.04,46,0.46,100,0.0008026628391235135,2337
hnp,sweeping,4,24,0.29411764705882354,89.80000000000003,3,0.03,44,0.44,100,0.0008953193540219218,2437
hnp,sweeping,4,25,0.2857142857142857,89.50000000000006,3,0.03,48,0.48,100,0.001000296863494441,2537
hnp,sweeping,4,26,0.2777777777777778,92.10000000000007,2,0.02,40,0.4,100,0.0008343593968311324,2637
hnp,sweeping,4,27,0.27027027027027023,85.90000000000002,5,0.05,45,0.45,100,0.0008952556495205499,2737
hnp,sweeping,4,28,0.2631578947368421,85.20000000000002,5,0.05,53,0.53,100,0.001484595939400606,2837
hnp,sweeping,4,29,0.25641025641025644,93.70000000000005,1,0.01,44,0.44,100,0.0008139197606942617,2937
hnp,sweeping,4,30,0.25,87.9,4,0.04,45,0.45,100,0.0006884451155201532,3037
hnp,sweeping,4,31,0.24390243902439027,92.20000000000005,2,0.02,40,0.4,100,0.0006755088840145618,3137
hnp,sweeping,4,32,0.23809523809523808,86.20000000000003,5,0.05,43,0.43,100,0.0006901348649989813,3237
hnp,sweeping,4,33,0.23255813953488372,94.90000000000003,1,0.01,32,0.32,100,0.0006058258010307327,3337
hnp,sweeping,4,34,0.22727272727272727,88.80000000000004,4,0.04,36,0.36,100,0.0006053363985847682,3437
hnp,sweeping,4,35,0.2222222222222222,95.30000000000005,1,0.01,28,0.28,100,0.0006175272006657906,3537
hnp,sweeping,4,36,0.2173913043478261,90.20000000000002,3,0.03,41,0.41,100,0.0006020480472943746,3637
hnp,sweeping,4,37,0.2127659574468085,90.90000000000005,3,0.03,34,0.34,100,0.0006345691200112924,3737
hnp,sweeping,4,38,0.20833333333333334,88.60000000000005,4,0.04,38,0.38,100,0.0021120134345255794,3837
hnp,sweeping,4,39,0.2040816326530612,94.90000000000003,1,0.01,31,0.31,100,0.001033608586876653,3937
hnp,sweeping,4,40,0.2,92.00000000000006,2,0.02,40,0.4,100,0.0007716840534703806,4037
hnp,sweeping,4,41,0.19607843137254904,94.10000000000007,1,0.01,40,0.4,100,0.0007257659386959858,4137
hnp,sweeping,4,42,0.1923076923076923,96.20000000000003,0,0.0,38,0.38,100,0.0007296864007366821,4237
hnp,sweeping,4,43,0.18867924528301888,89.80000000000004,3,0.03,44,0.44,100,0.0013268899457762019,4337
hnp,sweeping,4,44,0.18518518518518517,91.20000000000005,3,0.03,31,0.31,100,0.00077899077499751,4437
hnp,sweeping,4,45,0.18181818181818182,90.70000000000003,3,0.03,36,0.36,100,0.0007339248288189993,4537
hnp,sweeping,4,46,0.17857142857142858,94.70000000000005,1,0.01,34,0.34,100,0.0006178147505852394,4637
hnp,sweeping,4,47,0.17543859649122806,89.60000000000002,4,0.04,26,0.26,100,0.0006417953518393915,4737
hnp,sweeping,4,48,0.1724137931034483,92.90000000000002,2,0.02,32,0.32,100,0.0006149217498023063,4837
hnp,sweeping,4,49,0.1694915254237288,91.10000000000001,3,0.03,30,0.3,100,0.0006399491641786881,4937
hnp,sweeping,4,50,0.16666666666666666,90.70000000000003,3,0.03,36,0.36,100,0.0006090241455240175,5037
hnp,sweeping,4,51,0.1639344262295082,89.60000000000002,4,0.04,27,0.27,100,0.0005124553944915533,5137
hnp,sweeping,4,52,0.16129032258064516,95.00000000000004,1,0.01,30,0.3,100,0.0004671002776012756,5237
hnp,sweeping,4,53,0.15873015873015872,91.60000000000005,2,0.02,45,0.45,100,0.0009059479317511432,5337
hnp,sweeping,4,54,0.15625,95.60000000000008,0,0.0,44,0.44,100,0.0018142650925437919,5437
hnp,sweeping,4,55,0.15384615384615385,94.40000000000002,1,0.01,37,0.37,100,0.0012469721311936155,5537
hnp,sweeping,4,56,0.15151515151515152,93.00000000000003,2,0.02,32,0.32,100,0.0007260636409046128,5637
hnp,sweeping,4,57,0.14925373134328357,88.90000000000002,4,0.04,35,0.35,100,0.001251000676129479,5737
hnp,sweeping,4,58,0.14705882352941177,95.80000000000004,1,0.01,23,0.23,100,0.0005705576305626892,5837
hnp,sweeping,4,59,0.14492753623188406,97.10000000000004,0,0.0,29,0.29,100,0.0005261020579200704,5937
hnp,sweeping,4,60,0.14285714285714285,94.60000000000005,1,0.01,34,0.34,100,0.0004237449793436099,6037
hnp,sweeping,4,61,0.14084507042253522,97.00000000000006,0,0.0,30,0.3,100,0.000560969303624006,6137
hnp,sweeping,4,62,0.1388888888888889,90.30000000000007,3,0.03,39,0.39,100,0.0014427191339200362,6237
hnp,sweeping,4,63,0.136986301369863,92.90000000000003,2,0.02,33,0.33,100,0.0010864604666130618,6337
hnp,sweeping,4,64,0.13513513513513511,87.20000000000002,5,0.05,33,0.33,100,0.000607873157132417,6437
hnp,sweeping,4,65,0.13333333333333333,95.00000000000006,1,0.01,31,0.31,100,0.0005109906088910065,6537
hnp,sweeping,4,66,0.13157894736842105,95.20000000000005,1,0.01,29,0.29,100,0.0004915818900917656,6637
hnp,sweeping,4,67,0.12987012987012986,93.00000000000003,2,0.02,32,0.32,100,0.0005221276843803934,6737
hnp,sweeping,4,68,0.12820512820512822,93.80000000000001,2,0.02,23,0.23,100,0.0004156824224628508,6837
hnp,sweeping,4,69,0.12658227848101264,85.20000000000002,6,0.06,34,0.34,100,0.00047909496366628447,6937
hnp,sweeping,4,70,0.125,91.30000000000003,3,0.03,29,0.29,100,0.000599862621165812,7037
hnp,sweeping,4,71,0.1234567901234568,97.20000000000005,0,0.0,28,0.28,100,0.00044567522796569393,7137
hnp,sweeping,4,72,0.12195121951219513,94.90000000000003,1,0.01,32,0.32,100,0.00044734950715792366,7237
hnp,sweeping,4,73,0.12048192771084336,93.80000000000001,2,0.02,24,0.24,100,0.00041020822784048504,7337
hnp,sweeping,4,74,0.11904761904761904,95.40000000000003,1,0.01,27,0.27,100,0.0003803933711606078,7437
hnp,sweeping,4,75,0.11764705882352941,87.20000000000002,5,0.05,31,0.31,100,0.0004630015452858061,7537
hnp,sweeping,4,76,0.11627906976744186,95.50000000000006,1,0.01,26,0.26,100,0.00041742471817997286,7637
hnp,sweeping,4,77,0.1149425287356322,93.90000000000002,2,0.02,22,0.22,100,0.00040592518605990334,7737
hnp,sweeping,4,78,0.11363636363636363,93.70000000000002,2,0.02,25,0.25,100,0.0003585818510327954,7837
hnp,sweeping,4,79,0.11235955056179775,95.70000000000003,1,0.01,24,0.24,100,0.0004605484419153072,7937
hnp,sweeping,4,80,0.1111111111111111,96.90000000000005,0,0.0,31,0.31,100,0.0006511411607789342,8037
hnp,sweeping,4,81,0.10989010989010989,96.10000000000005,0,0.0,39,0.39,100,0.0011991020099958406,8137
hnp,sweeping,4,82,0.10869565217391305,92.80000000000004,2,0.02,34,0.34,100,0.0010214883304433897,8237
hnp,sweeping,4,83,0.1075268817204301,92.60000000000005,2,0.02,36,0.36,100,0.0006889398233033716,8337
hnp,sweeping,4,84,0.10638297872340426,97.40000000000002,0,0.0,26,0.26,100,0.0005950706105795688,8437
hnp,sweeping,4,85,0.10526315789473684,97.10000000000002,0,0.0,29,0.29,100,0.00046956791542470457,8537
hnp,sweeping,4,86,0.10416666666666667,94.50000000000003,1,0.01,36,0.36,100,0.0004053088495857082,8637
hnp,sweeping,4,87,0.10309278350515465,96.90000000000006,0,0.0,31,0.31,100,0.00037447765163960866,8737
hnp,sweeping,4,88,0.1020408163265306,88.50000000000004,4,0.04,37,0.37,100,0.0008401334614609368,8837
hnp,sweeping,4,89,0.10101010101010101,95.80000000000005,0,0.0,42,0.42,100,0.0015724770480301231,8937
hnp,sweeping,4,90,0.1,94.00000000000006,1,0.01,41,0.41,100,0.0013374532220768742,9037
hnp,sweeping,4,91,0.09900990099009901,91.40000000000003,3,0.03,29,0.29,100,0.0007392644623178058,9137
hnp,sweeping,4,92,0.09803921568627452,93.10000000000004,2,0.02,30,0.3,100,0.0004851751084788702,9237
hnp,sweeping,4,93,0.0970873786407767,93.50000000000003,2,0.02,27,0.27,100,0.00048594625797704794,9337
hnp,sweeping,4,94,0.09615384615384615,95.70000000000002,1,0.01,23,0.23,100,0.0003970460921118502,9437
hnp,sweeping,4,95,0.09523809523809523,97.20000000000006,0,0.0,28,0.28,100,0.0003441569211281603,9537
hnp,sweeping,4,96,0.09433962264150944,95.20000000000002,1,0.01,29,0.29,100,0.0003427949533215724,9637
hnp,sweeping,4,97,0.09345794392523366,97.30000000000004,0,0.0,27,0.27,100,0.00032517824176466094,9737
hnp,sweeping,4,98,0.09259259259259259,93.60000000000002,2,0.02,25,0.25,100,0.0003587955168040935,9837
hnp,sweeping,4,99,0.09174311926605504,97.60000000000005,0,0.0,24,0.24,100,0.00031263435288565234,9937
hnp,sweeping,4,100,0.09090909090909091,95.20000000000005,1,0.01,28,0.28,100,0.00034403839104925284,10037
hnp,sweeping,4,101,0.0900900900900901,93.80000000000001,2,0.02,23,0.23,100,0.0003301344279316254,10137
hnp,sweeping,4,102,0.08928571428571429,89.40000000000002,4,0.04,29,0.29,100,0.00032370126333262304,10237
hnp,sweeping,4,103,0.08849557522123894,93.70000000000002,2,0.02,24,0.24,100,0.0003382496305857785,10337
hnp,sweeping,4,104,0.08771929824561403,91.10000000000004,3,0.03,31,0.31,100,0.0004023457656148821,10437
hnp,sweeping,4,105,0.08695652173913043,93.40000000000003,2,0.02,28,0.28,100,0.0003819412543089129,10537
hnp,sweeping,4,106,0.08620689655172414,95.40000000000002,1,0.01,27,0.27,100,0.00040716848212468904,10637
hnp,sweeping,4,107,0.08547008547008547,91.90000000000002,3,0.03,23,0.23,100,0.00036204114148858936,10737
hnp,sweeping,4,108,0.0847457627118644,95.20000000000007,1,0.01,29,0.29,100,0.0008392951487621759,10837
hnp,sweeping,4,109,0.08403361344537814,93.50000000000003,2,0.02,26,0.26,100,0.000814268102258211,10937
hnp,sweeping,4,110,0.08333333333333333,97.10000000000002,0,0.0,29,0.29,100,0.00046264852251624687,11037
hnp,sweeping,4,111,0.08264462809917356,97.30000000000004,0,0.0,27,0.27,100,0.0006497716152807697,11137
hnp,sweeping,4,112,0.0819672131147541,93.40000000000002,2,0.02,28,0.28,100,0.0003925403722678311,11237
hnp,sweeping,4,113,0.08130081300813008,95.90000000000003,1,0.01,22,0.22,100,0.00027181497687706724,11337
hnp,sweeping,4,114,0.08064516129032258,95.90000000000003,1,0.01,21,0.21,100,0.0005682971667556558,11437
hnp,sweeping,4,115,0.08,97.80000000000003,0,0.0,22,0.22,100,0.0003443114097171929,11537
hnp,sweeping,4,116,0.07936507936507936,96.50000000000003,0,0.0,35,0.35,100,0.00040879889667849056,11637
hnp,sweeping,4,117,0.07874015748031496,95.70000000000002,1,0.01,23,0.23,100,0.00031502605372224935,11737
hnp,sweeping,4,118,0.078125,96.90000000000003,0,0.0,31,0.31,100,0.00042382196537801067,11837
hnp,sweeping,4,119,0.07751937984496124,93.20000000000003,2,0.02,30,0.3,100,0.0007502201708848588,11937
hnp,sweeping,4,120,0.07692307692307693,94.60000000000002,1,0.01,34,0.34,100,0.0012931734128505924,12037
hnp,sweeping,4,121,0.07633587786259542,93.50000000000003,2,0.02,27,0.27,100,0.0005534350866219029,12137
hnp,sweeping,4,122,0.07575757575757576,97.10000000000002,0,0.0,29,0.29,100,0.00042336348225944674,12237
hnp,sweeping,4,123,0.07518796992481203,97.40000000000003,0,0.0,26,0.26,100,0.00037604077835567295,12337
hnp,sweeping,4,124,0.07462686567164178,95.60000000000002,1,0.01,25,0.25,100,0.0002640071240602993,12437
hnp,sweeping,4,125,0.07407407407407407,95.10000000000002,1,0.01,29,0.29,100,0.0002793030698376242,12537
hnp,sweeping,4,126,0.07352941176470588,93.10000000000002,2,0.02,31,0.31,100,0.0004551023940439336,12637
hnp,sweeping,4,127,0.07299270072992702,93.70000000000005,2,0.02,25,0.25,100,0.00037668532007955946,12737
hnp,sweeping,4,128,0.07246376811594203,94.90000000000003,1,0.01,31,0.31,100,0.0017169125250075011,12837
hnp,sweeping,4,129,0.07194244604316546,96.90000000000003,0,0.0,31,0.31,100,0.001028354372829199,12937
hnp,sweeping,4,130,0.07142857142857142,97.70000000000003,0,0.0,23,0.23,100,0.0013469415839063004,13037
hnp,sweeping,4,131,0.07092198581560284,95.10000000000005,1,0.01,29,0.29,100,0.0005679652959224768,13137
hnp,sweeping,4,132,0.07042253521126761,93.40000000000003,2,0.02,28,0.28,100,0.00042299540888052434,13237
hnp,sweeping,4,133,0.06993006993006992,93.50000000000004,2,0.02,27,0.27,100,0.0002902733575319871,13337
hnp,sweeping,4,134,0.06944444444444445,95.10000000000005,1,0.01,30,0.3,100,0.00025161647463392003,13437
hnp,sweeping,4,135,0.06896551724137931,95.70000000000003,1,0.01,24,0.24,100,0.0002454264389234595,13537
hnp,sweeping,4,136,0.0684931506849315,93.70000000000002,2,0.02,25,0.25,100,0.0002373559617990395,13637
hnp,sweeping,4,137,0.06802721088435375,95.40000000000003,1,0.01,27,0.27,100,0.001121054031100357,13737
hnp,sweeping,4,138,0.06756756756756756,97.00000000000003,0,0.0,30,0.3,100,0.0005652430123882368,13837
hnp,sweeping,4,139,0.06711409395973154,95.40000000000003,1,0.01,27,0.27,100,0.0003565130112110637,13937
hnp,sweeping,4,140,0.06666666666666667,96.80000000000004,0,0.0,32,0.32,100,0.0003250136303540785,14037
hnp,sweeping,4,141,0.06622516556291391,97.00000000000003,0,0.0,30,0.3,100,0.00033303179268841633,14137
hnp,sweeping,4,142,0.06578947368421052,97.00000000000003,0,0.0,30,0.3,100,0.00033626394098973833,14237
hnp,sweeping,4,143,0.06535947712418301,91.70000000000005,3,0.03,25,0.25,100,0.00028465183990192597,14337
hnp,sweeping,4,144,0.06493506493506493,95.40000000000005,1,0.01,27,0.27,100,0.0002190366477589123,14437
hnp,sweeping,4,145,0.06451612903225806,97.70000000000003,0,0.0,23,0.23,100,0.0002997868055535946,14537
hnp,sweeping,4,146,0.06410256410256411,95.40000000000003,1,0.01,27,0.27,100,0.0002645647150347941,14637
hnp,sweeping,4,147,0.06369426751592357,97.40000000000005,0,0.0,26,0.26,100,0.000918883757549338,14737
hnp,sweeping,4,148,0.06329113924050632,95.10000000000004,1,0.01,29,0.29,100,0.0010356630770547782,14837
hnp,sweeping,4,149,0.06289308176100629,92.80000000000004,2,0.02,34,0.34,100,0.0007707450306043029,14937
hnp,sweeping,4,150,0.0625,94.90000000000005,1,0.01,31,0.31,100,0.0003986427708878182,15037
hnp,sweeping,4,151,0.06211180124223602,91.20000000000002,3,0.03,30,0.3,100,0.00033861164265545083,15137
hnp,sweeping,4,152,0.0617283950617284,91.70000000000002,3,0.03,25,0.25,100,0.00030111309242784043,15237
hnp,sweeping,4,153,0.06134969325153374,94.00000000000001,2,0.02,22,0.22,100,0.0003344996098894626,15337
hnp,sweeping,4,154,0.06097560975609757,97.90000000000003,0,0.0,21,0.21,100,0.0004527158775454154,15437
hnp,sweeping,4,155,0.06060606060606061,93.50000000000003,2,0.02,27,0.27,100,0.0004469191047246568,15537
hnp,sweeping,4,156,0.06024096385542168,95.30000000000004,1,0.01,28,0.28,100,0.0002956004420411773,15637
hnp,sweeping,4,157,0.059880239520958084,97.50000000000004,0,0.0,25,0.25,100,0.00027554129403142727,15737
hnp,sweeping,4,158,0.05952380952380952,93.90000000000003,2,0.02,23,0.23,100,0.0002740295147668803,15837
hnp,sweeping,4,159,0.0591715976331361,95.20000000000005,1,0.01,29,0.29,100,0.0004800546848855447,15937
hnp,sweeping,4,160,0.058823529411764705,95.00000000000004,1,0.01,31,0.31,100,0.0006892380460340064,16037
hnp,sweeping,4,161,0.05847953216374269,96.50000000000003,0,0.0,35,0.35,100,0.00039395264189806767,16137
hnp,sweeping,4,162,0.05813953488372093,94.80000000000001,1,0.01,33,0.33,100,0.0005920135573251173,16237
hnp,sweeping,4,163,0.057803468208092484,96.80000000000003,0,0.0,32,0.32,100,0.000506079005135689,16337
hnp,sweeping,4,164,0.0574712643678161,97.40000000000003,0,0.0,26,0.26,100,0.0005666854858282023,16437
hnp,sweeping,4,165,0.05714285714285714,93.80000000000001,2,0.02,24,0.24,100,0.0005441578566387762,16537
hnp,sweeping,4,166,0.056818181818181816,97.00000000000004,0,0.0,30,0.3,100,0.0005689780662942212,16637
hnp,sweeping,4,167,0.05649717514124294,95.30000000000004,1,0.01,27,0.27,100,0.00030852071402478034,16737
hnp,sweeping,4,168,0.056179775280898875,95.50000000000003,1,0.01,26,0.26,100,0.0002640989752399037,16837
hnp,sweeping,4,169,0.0558659217877095,97.60000000000002,0,0.0,24,0.24,100,0.00024126720440108328,16937
hnp,sweeping,4,170,0.05555555555555555,97.10000000000004,0,0.0,29,0.29,100,0.000595722073194338,17037
hnp,sweeping,4,171,0.055248618784530384,96.70000000000002,0,0.0,33,0.33,100,0.0012067438774101902,17137
hnp,sweeping,4,172,0.054945054945054944,95.50000000000003,1,0.01,26,0.26,100,0.00044155617055366745,17237
hnp,sweeping,4,173,0.0546448087431694,97.40000000000005,0,0.0,26,0.26,100,0.00027785234815382866,17337
hnp,sweeping,4,174,0.05434782608695653,96.80000000000004,0,0.0,32,0.32,100,0.0002494597387703834,17437
hnp,sweeping,4,175,0.05405405405405406,95.20000000000002,1,0.01,29,0.29,100,0.00023891809993074276,17537
hnp,sweeping,4,176,0.05376344086021505,97.70000000000003,0,0.0,23,0.23,100,0.0005778331779583823,17637
hnp,sweeping,4,177,0.053475935828877004,93.60000000000002,2,0.02,26,0.26,100,0.00047630953136831524,17737
hnp,sweeping,4,178,0.05319148936170213,94.00000000000003,2,0.02,22,0.22,100,0.00027588727709371597,17837
hnp,sweeping,4,179,0.052910052910052914,93.90000000000003,2,0.02,22,0.22,100,0.000432067313886364,17937
hnp,sweeping,4,180,0.05263157894736842,96.50000000000004,0,0.0,35,0.35,100,0.0015223624746431596,18037
hnp,sweeping,4,181,0.05235602094240837,96.70000000000005,0,0.0,33,0.33,100,0.000693649617896881,18137
hnp,sweeping,4,182,0.052083333333333336,97.60000000000002,0,0.0,24,0.24,100,0.00032647971587721256,18237
hnp,sweeping,4,183,0.05181347150259067,96.80000000000003,0,0.0,32,0.32,100,0.0003927275535534136,18337
hnp,sweeping,4,184,0.051546391752577324,97.00000000000006,0,0.0,30,0.3,100,0.0005310013767302735,18437
hnp,sweeping,4,185,0.05128205128205128,96.20000000000005,0,0.0,38,0.38,100,0.0004873388275154866,18537
hnp,sweeping,4,186,0.0510204081632653,95.40000000000003,1,0.01,27,0.27,100,0.0003023383858089801,18637
hnp,sweeping,4,187,0.050761421319796954,95.70000000000003,1,0.01,24,0.24,100,0.0003135748470958788,18737
hnp,sweeping,4,188,0.050505050505050504,95.20000000000003,1,0.01,28,0.28,100,0.0006071375871397322,18837
hnp,sweeping,4,189,0.05025125628140704,97.30000000000003,0,0.0,27,0.27,100,0.0005635773969697766,18937
hnp,sweeping,4,190,0.05,97.10000000000002,0,0.0,29,0.29,100,0.00032531373915844596,19037
hnp,sweeping,4,191,0.04975124378109452,97.50000000000003,0,0.0,25,0.25,100,0.00024636774243845137,19137
hnp,sweeping,4,192,0.04950495049504951,97.20000000000002,0,0.0,28,0.28,100,0.0003564723106683232,19237
hnp,sweeping,4,193,0.04926108374384236,95.60000000000002,1,0.01,24,0.24,100,0.0002905698829272296,19337
hnp,sweeping,4,194,0.04901960784313726,95.70000000000002,1,0.01,23,0.23,100,0.0002503930185775971,19437
hnp,sweeping,4,195,0.04878048780487805,97.20000000000005,0,0.0,28,0.28,100,0.00021203400639933535,19537
hnp,sweeping,4,196,0.04854368932038835,97.20000000000006,0,0.0,28,0.28,100,0.00022728694653778803,19637
hnp,sweeping,4,197,0.04830917874396135,93.70000000000003,2,0.02,24,0.24,100,0.0002007866712665418,19737
hnp,sweeping,4,198,0.04807692307692307,97.10000000000005,0,0.0,29,0.29,100,0.00022188533926964738,19837
hnp,sweeping,4,199,0.04784688995215311,95.90000000000003,1,0.01,22,0.22,100,0.0003357249549299013,19937
hnp,sweeping,5,0,1.0,68.09999999999994,12,0.12,91,0.91,100,0.097355325731474,37
hnp,sweeping,5,1,0.9090909090909091,60.799999999999926,16,0.16,85,0.85,100,0.009543476176913828,137
hnp,sweeping,5,2,0.8333333333333334,74.99999999999999,9,0.09,79,0.79,100,0.0024656249873805792,237
hnp,sweeping,5,3,0.7692307692307692,83.40000000000003,4,0.04,90,0.9,100,0.002149625979945995,337
hnp,sweeping,5,4,0.7142857142857143,66.79999999999995,13,0.13,79,0.79,100,0.0017395229294197634,437
hnp,sweeping,5,5,0.6666666666666666,77.10000000000001,8,0.08,72,0.72,100,0.0019198091980069875,537
hnp,sweeping,5,6,0.625,78.4,7,0.07,83,0.83,100,0.0014524391863960772,637
hnp,sweeping,5,7,0.5882352941176471,82.50000000000001,5,0.05,79,0.79,100,0.001214042128995061,737
hnp,sweeping,5,8,0.5555555555555556,85.30000000000005,4,0.04,71,0.71,100,0.001096299303462729,837
hnp,sweeping,5,9,0.5263157894736842,84.60000000000005,4,0.04,78,0.78,100,0.0010628811782225967,937
hnp,sweeping,5,10,0.5,80.60000000000001,6,0.06,80,0.8,100,0.0009696428547613323,1037
hnp,sweeping,5,11,0.47619047619047616,85.70000000000006,4,0.04,66,0.66,100,0.001201493715052493,1137
hnp,sweeping,5,12,0.45454545454545453,85.40000000000003,4,0.04,68,0.68,100,0.001193011871073395,1237
hnp,sweeping,5,13,0.4347826086956522,90.30000000000005,2,0.02,59,0.59,100,0.0010680326173314824,1337
hnp,sweeping,5,14,0.4166666666666667,90.60000000000004,2,0.02,54,0.54,100,0.0009930193249601872,1437
hnp,sweeping,5,15,0.4,84.90000000000003,5,0.05,56,0.56,100,0.0009504823619499803,1537
hnp,sweeping,5,16,0.3846153846153846,87.30000000000001,4,0.04,51,0.51,100,0.0008361092262202874,1637
hnp,sweeping,5,17,0.37037037037037035,87.20000000000006,4,0.04,52,0.52,100,0.0009158525196835399,1737
hnp,sweeping,5,18,0.35714285714285715,85.10000000000001,5,0.05,54,0.54,100,0.0013188104081200435,1837
hnp,sweeping,5,19,0.3448275862068966,87.80000000000004,4,0.04,45,0.45,100,0.001010504789883271,1937
hnp,sweeping,5,20,0.3333333333333333,93.10000000000007,1,0.01,50,0.5,100,0.0009291249039233662,2037
hnp,sweeping,5,21,0.3225806451612903,85.80000000000003,5,0.05,47,0.47,100,0.0007523226892226376,2137
hnp,sweeping,5,22,0.3125,83.30000000000004,6,0.06,52,0.52,100,0.0007843977733864449,2237
hnp,sweeping,5,23,0.30303030303030304,92.60000000000002,2,0.02,35,0.35,100,0.0007162112052901648,2337
hnp,sweeping,5,24,0.29411764705882354,92.00000000000004,2,0.02,41,0.41,100,0.0006358841943438165,2437
hnp,sweeping,5,25,0.2857142857142857,93.90000000000003,1,0.01,42,0.42,100,0.0006581009906949475,2537
hnp,sweeping,5,26,0.2777777777777778,94.50000000000006,1,0.01,36,0.36,100,0.0005921470536850393,2637
hnp,sweeping,5,27,0.27027027027027023,87.80000000000004,4,0.04,44,0.44,100,0.0009177860821364448,2737
hnp,sweeping,5,28,0.2631578947368421,90.0,3,0.03,42,0.42,100,0.0015336236968869342,2837
hnp,sweeping,5,29,0.25641025641025644,85.50000000000003,5,0.05,48,0.48,100,0.001451347673428245,2937
hnp,sweeping,5,30,0.25,92.50000000000003,2,0.02,36,0.36,100,0.0007802452187752351,3037
hnp,sweeping,5,31,0.24390243902439027,92.10000000000004,2,0.02,40,0.4,100,0.0006331519607920199,3137
hnp,sweeping,5,32,0.23809523809523808,96.40000000000006,0,0.0,36,0.36,100,0.0008309249588637613,3237
hnp,sweeping,5,33,0.23255813953488372,84.60000000000002,6,0.06,37,0.37,100,0.0008903701166855172,3337
hnp,sweeping,5,34,0.22727272727272727,90.10000000000002,3,0.03,42,0.42,100,0.0011719383610761724,3437
hnp,sweeping,5,35,0.2222222222222222,90.60000000000002,3,0.03,37,0.37,100,0.00072661343467189,3537
hnp,sweeping,5,36,0.2173913043478261,92.70000000000003,2,0.02,34,0.34,100,0.0006598157319240273,3637
hnp,sweeping,5,37,0.2127659574468085,92.40000000000003,2,0.02,37,0.37,100,0.0006440124911023304,3737
hnp,sweeping,5,38,0.20833333333333334,94.40000000000003,1,0.01,37,0.37,100,0.0006193242355948314,3837
hnp,sweeping,5,39,0.2040816326530612,87.30000000000003,4,0.04,49,0.49,100,0.0014534502848982812,3937
hnp,sweeping,5,40,0.2,94.10000000000004,1,0.01,39,0.39,100,0.000831799762963783,4037
hnp,sweeping,5,41,0.19607843137254904,92.30000000000004,2,0.02,38,0.38,100,0.0009689931283355691,4137
hnp,sweeping,5,42,0.1923076923076923,94.40000000000003,1,0.01,36,0.36,100,0.0006400106722139753,4237
hnp,sweeping,5,43,0.18867924528301888,87.10000000000002,5,0.05,33,0.33,100,0.0005533084564376623,4337
hnp,sweeping,5,44,0.18518518518518517,97.20000000000005,0,0.0,28,0.28,100,0.0005586832357221283,4437
hnp,sweeping,5,45,0.18181818181818182,90.40000000000002,3,0.03,39,0.39,100,0.0004410083942639176,4537
hnp,sweeping,5,46,0.17857142857142858,93.20000000000005,2,0.02,30,0.3,100,0.000573439943837002,4637
hnp,sweeping,5,47,0.17543859649122806,90.80000000000004,2,0.02,54,0.54,100,0.0020336407379363663,4737
hnp,sweeping,5,48,0.1724137931034483,91.70000000000002,2,0.02,44,0.44,100,0.0014411765191471204,4837
hnp,sweeping,5,49,0.1694915254237288,96.80000000000001,0,0.0,32,0.32,100,0.0015436390790273436,4937
hnp,sweeping,5,50,0.16666666666666666,86.90000000000003,5,0.05,34,0.34,100,0.0007523326546652242,5037
hnp,sweeping,5,51,0.1639344262295082,92.90000000000002,2,0.02,33,0.33,100,0.0006491022362024524,5137
hnp,sweeping,5,52,0.16129032258064516,96.90000000000003,0,0.0,31,0.31,100,0.0005084445702959783,5237
hnp,sweeping,5,53,0.15873015873015872,95.00000000000003,1,0.01,31,0.31,100,0.0005635404048371129,5337
hnp,sweeping,5,54,0.15625,94.70000000000005,1,0.01,34,0.34,100,0.0005543497079634108,5437
hnp,sweeping,5,55,0.15384615384615385,91.3,3,0.03,29,0.29,100,0.000507584522711113,5537
hnp,sweeping,5,56,0.15151515151515152,96.80000000000004,0,0.0,32,0.32,100,0.0003914126183371991,5637
hnp,sweeping,5,57,0.14925373134328357,93.60000000000002,2,0.02,25,0.25,100,0.00036924591680872256,5737
hnp,sweeping,5,58,0.14705882352941177,90.90000000000003,3,0.03,33,0.33,100,0.00042206406782497653,5837
hnp,sweeping,5,59,0.14492753623188406,92.90000000000002,2,0.02,33,0.33,100,0.0004071374732302502,5937
hnp,sweeping,5,60,0.14285714285714285,97.10000000000005,0,0.0,29,0.29,100,0.00037954145431285725,6037
hnp,sweeping,5,61,0.14084507042253522,91.60000000000002,3,0.03,26,0.26,100,0.000424259156716289,6137
hnp,sweeping,5,62,0.1388888888888889,89.30000000000003,4,0.04,31,0.31,100,0.0008890590092050843,6237
hnp,sweeping,5,63,0.136986301369863,95.60000000000002,1,0.01,25,0.25,100,0.00047846203349763525,6337
hnp,sweeping,5,64,0.13513513513513511,95.20000000000005,1,0.01,29,0.29,100,0.0004148583917412907,6437
hnp,sweeping,5,65,0.13333333333333333,92.90000000000003,2,0.02,33,0.33,100,0.0003766765593900345,6537
hnp,sweeping,5,66,0.13157894736842105,94.20000000000005,1,0.01,39,0.39,100,0.0013561438936449122,6637
hnp,sweeping,5,67,0.12987012987012986,94.20000000000005,1,0.01,39,0.39,100,0.001096404607524164,6737
hnp,sweeping,5,68,0.12820512820512822,93.30000000000003,2,0.02,29,0.29,100,0.000556619797134772,6837
hnp,sweeping,5,69,0.12658227848101264,97.00000000000003,0,0.0,30,0.3,100,0.0004218113077513408,6937
hnp,sweeping,5,70,0.125,93.10000000000002,2,0.02,31,0.31,100,0.0003889459843048826,7037
hnp,sweeping,5,71,0.1234567901234568,91.10000000000004,3,0.03,32,0.32,100,0.0016366829875914845,7137
hnp,sweeping,5,72,0.12195121951219513,89.10000000000002,4,0.04,31,0.31,100,0.0006267664970073383,7237
hnp,sweeping,5,73,0.12048192771084336,89.10000000000004,4,0.04,30,0.3,100,0.0005379277837346308,7337
hnp,sweeping,5,74,0.11904761904761904,97.20000000000002,0,0.0,28,0.28,100,0.0005484192410949618,7437
hnp,sweeping,5,75,0.11764705882352941,94.00000000000003,1,0.01,41,0.41,100,0.0010155521007254719,7537
hnp,sweeping,5,76,0.11627906976744186,95.10000000000002,1,0.01,29,0.29,100,0.0006232458201702684,7637
hnp,sweeping,5,77,0.1149425287356322,94.50000000000006,1,0.01,36,0.36,100,0.0009245997735706624,7737
hnp,sweeping,5,78,0.11363636363636363,93.30000000000005,2,0.02,29,0.29,100,0.0005346409360936377,7837
hnp,sweeping,5,79,0.11235955056179775,94.20000000000006,1,0.01,39,0.39,100,0.0004398375077289529,7937
hnp,sweeping,5,80,0.1111111111111111,95.50000000000001,1,0.01,26,0.26,100,0.0005125223622599151,8037
hnp,sweeping,5,81,0.10989010989010989,88.50000000000003,4,0.04,38,0.38,100,0.000414208338042954,8137
hnp,sweeping,5,82,0.10869565217391305,97.30000000000005,0,0.0,27,0.27,100,0.00036680084551335315,8237
hnp,sweeping,5,83,0.1075268817204301,95.50000000000004,1,0.01,26,0.26,100,0.00046022698443266564,8337
hnp,sweeping,5,84,0.10638297872340426,95.30000000000004,1,0.01,27,0.27,100,0.0005480174312833696,8437
hnp,sweeping,5,85,0.10526315789473684,93.30000000000003,2,0.02,29,0.29,100,0.00034064736231812274,8537
hnp,sweeping,5,86,0.10416666666666667,93.00000000000003,2,0.02,31,0.31,100,0.0005686299815715756,8637
hnp,sweeping,5,87,0.10309278350515465,97.20000000000002,0,0.0,28,0.28,100,0.0007628744546673261,8737
hnp,sweeping,5,88,0.1020408163265306,95.40000000000003,1,0.01,27,0.27,100,0.0004249737857026048,8837
hnp,sweeping,5,89,0.10101010101010101,93.60000000000002,2,0.02,26,0.26,100,0.0003456925197679084,8937
hnp,sweeping,5,90,0.1,97.30000000000004,0,0.0,27,0.27,100,0.0003468618370970944,9037
hnp,sweeping,5,91,0.09900990099009901,95.30000000000003,1,0.01,28,0.28,100,0.0003687005380925257,9137
hnp,sweeping,5,92,0.09803921568627452,93.50000000000003,2,0.02,26,0.26,100,0.0003526160771434661,9237
hnp,sweeping,5,93,0.0970873786407767,95.20000000000003,1,0.01,29,0.29,100,0.0003294746451138053,9337
hnp,sweeping,5,94,0.09615384615384615,95.40000000000005,1,0.01,27,0.27,100,0.0002488295872171875,9437
hnp,sweeping,5,95,0.09523809523809523,96.80000000000004,0,0.0,32,0.32,100,0.0002841536224150332,9537
hnp,sweeping,5,96,0.09433962264150944,93.80000000000001,2,0.02,23,0.23,100,0.0003097649256233126,9637
hnp,sweeping,5,97,0.09345794392523366,91.20000000000003,3,0.03,29,0.29,100,0.0003409635885327589,9737
hnp,sweeping,5,98,0.09259259259259259,95.90000000000003,1,0.01,21,0.21,100,0.0003233372575778048,9837
hnp,sweeping,5,99,0.09174311926605504,93.80000000000003,2,0.02,24,0.24,100,0.00031601721435436047,9937
hnp,sweeping,5,100,0.09090909090909091,96.70000000000005,0,0.0,33,0.33,100,0.00029672234813915566,10037
hnp,sweeping,5,101,0.0900900900900901,96.90000000000002,0,0.0,31,0.31,100,0.00032935847018961795,10137
hnp,sweeping,5,102,0.08928571428571429,93.40000000000002,2,0.02,27,0.27,100,0.0002831863054598216,10237
hnp,sweeping,5,103,0.08849557522123894,94.70000000000003,1,0.01,34,0.34,100,0.0003981428738916293,10337
hnp,sweeping,5,104,0.08771929824561403,94.60000000000005,1,0.01,34,0.34,100,0.000412071561004268,10437
hnp,sweeping,5,105,0.08695652173913043,96.60000000000004,0,0.0,34,0.34,100,0.0006294365666690283,10537
hnp,sweeping,5,106,0.08620689655172414,96.10000000000007,0,0.0,39,0.39,100,0.0025642162884469146,10637
hnp,sweeping,5,107,0.08547008547008547,94.90000000000003,1,0.01,32,0.32,100,0.001538062740874011,10737
hnp,sweeping,5,108,0.0847457627118644,95.00000000000004,1,0.01,31,0.31,100,0.0008146028462215327,10837
hnp,sweeping,5,109,0.08403361344537814,91.10000000000002,3,0.03,31,0.31,100,0.0005195122328586876,10937
hnp,sweeping,5,110,0.08333333333333333,95.20000000000006,1,0.01,29,0.29,100,0.0003434361409745179,11037
hnp,sweeping,5,111,0.08264462809917356,89.20000000000002,4,0.04,32,0.32,100,0.0003538377958466299,11137
hnp,sweeping,5,112,0.0819672131147541,95.10000000000005,1,0.01,30,0.3,100,0.0004899493447737769,11237
hnp,sweeping,5,113,0.08130081300813008,97.60000000000004,0,0.0,24,0.24,100,0.0003233056436874904,11337
hnp,sweeping,5,114,0.08064516129032258,97.20000000000003,0,0.0,28,0.28,100,0.0004057327336340677,11437
hnp,sweeping,5,115,0.08,93.60000000000004,2,0.02,25,0.25,100,0.0003373813377402257,11537
hnp,sweeping,5,116,0.07936507936507936,96.90000000000005,0,0.0,31,0.31,100,0.0005135188598069363,11637
hnp,sweeping,5,117,0.07874015748031496,95.40000000000005,1,0.01,26,0.26,100,0.00030503560148645195,11737
hnp,sweeping,5,118,0.078125,94.00000000000003,2,0.02,22,0.22,100,0.00028235697121999694,11837
hnp,sweeping,5,119,0.07751937984496124,97.40000000000003,0,0.0,26,0.26,100,0.0002555694010516163,11937
hnp,sweeping,5,120,0.07692307692307693,91.60000000000002,3,0.03,26,0.26,100,0.0002185323862795485,12037
hnp,sweeping,5,121,0.07633587786259542,97.10000000000007,0,0.0,29,0.29,100,0.000936071681935573,12137
hnp,sweeping,5,122,0.07575757575757576,95.40000000000003,1,0.01,27,0.27,100,0.0005126207901048474,12237
hnp,sweeping,5,123,0.07518796992481203,97.00000000000003,0,0.0,30,0.3,100,0.0006221495001227595,12337
hnp,sweeping,5,124,0.07462686567164178,95.60000000000002,1,0.01,25,0.25,100,0.00036164890523650685,12437
hnp,sweeping,5,125,0.07407407407407407,95.00000000000004,1,0.01,31,0.31,100,0.00025016556814080106,12537
hnp,sweeping,5,126,0.07352941176470588,95.40000000000003,1,0.01,26,0.26,100,0.0002289670782920439,12637
hnp,sweeping,5,127,0.07299270072992702,93.60000000000002,2,0.02,26,0.26,100,0.00046835641784127803,12737
hnp,sweeping,5,128,0.07246376811594203,97.10000000000004,0,0.0,29,0.29,100,0.0004007432011712808,12837
hnp,sweeping,5,129,0.07194244604316546,95.60000000000004,1,0.01,25,0.25,100,0.00022760431413189507,12937
hnp,sweeping,5,130,0.07142857142857142,95.30000000000004,1,0.01,28,0.28,100,0.00026017345269792715,13037
hnp,sweeping,5,131,0.07092198581560284,93.40000000000002,2,0.02,27,0.27,100,0.00027027593278035057,13137
hnp,sweeping,5,132,0.07042253521126761,97.40000000000003,0,0.0,26,0.26,100,0.00019080065547314007,13237
hnp,sweeping,5,133,0.06993006993006992,89.60000000000002,4,0.04,26,0.26,100,0.00027228779028519055,13337
hnp,sweeping,5,134,0.06944444444444445,96.70000000000005,0,0.0,33,0.33,100,0.00026776633218105416,13437
hnp,sweeping,5,135,0.06896551724137931,97.60000000000004,0,0.0,24,0.24,100,0.0002518720693478826,13537
hnp,sweeping,5,136,0.0684931506849315,95.70000000000007,0,0.0,43,0.43,100,0.002082832286541816,13637
hnp,sweeping,5,137,0.06802721088435375,94.20000000000005,1,0.01,39,0.39,100,0.002771945889107883,13737
hnp,sweeping,5,138,0.06756756756756756,92.60000000000002,2,0.02,36,0.36,100,0.0008659550183801912,13837
hnp,sweeping,5,139,0.06711409395973154,93.20000000000002,2,0.02,29,0.29,100,0.0009677907163859345,13937
hnp,sweeping,5,140,0.06666666666666667,95.60000000000002,1,0.01,24,0.24,100,0.00044376828300300984,14037
hnp,sweeping,5,141,0.06622516556291391,93.60000000000002,2,0.02,25,0.25,100,0.00029105246663675645,14137
hnp,sweeping,5,142,0.06578947368421052,97.50000000000003,0,0.0,25,0.25,100,0.0002636129699385492,14237
hnp,sweeping,5,143,0.06535947712418301,95.30000000000003,1,0.01,28,0.28,100,0.00027919773790927136,14337
hnp,sweeping,5,144,0.06493506493506493,96.60000000000008,0,0.0,34,0.34,100,0.000300189160334412,14437
hnp,sweeping,5,145,0.06451612903225806,97.30000000000004,0,0.0,27,0.27,100,0.0002830347608687589,14537
hnp,sweeping,5,146,0.06410256410256411,97.60000000000002,0,0.0,24,0.24,100,0.00019619651036919094,14637
hnp,sweeping,5,147,0.06369426751592357,97.00000000000006,0,0.0,30,0.3,100,0.000550309097598074,14737
hnp,sweeping,5,148,0.06329113924050632,97.00000000000003,0,0.0,30,0.3,100,0.00033676744111289737,14837
hnp,sweeping,5,149,0.06289308176100629,95.10000000000004,1,0.01,29,0.29,100,0.0002974986441404326,14937
hnp,sweeping,5,150,0.0625,95.10000000000002,1,0.01,30,0.3,100,0.00028603667633433363,15037
hnp,sweeping,5,151,0.06211180124223602,95.40000000000003,1,0.01,27,0.27,100,0.0002926714516070206,15137
hnp,sweeping,5,152,0.0617283950617284,97.10000000000005,0,0.0,29,0.29,100,0.00023108813424187245,15237
hnp,sweeping,5,153,0.06134969325153374,95.20000000000002,1,0.01,29,0.29,100,0.00036893115349812434,15337
hnp,sweeping,5,154,0.06097560975609757,95.00000000000004,1,0.01,31,0.31,100,0.00024423615061095914,15437
hnp,sweeping,5,155,0.06060606060606061,97.50000000000004,0,0.0,25,0.25,100,0.0008665429661050439,15537
hnp,sweeping,5,156,0.06024096385542168,96.80000000000004,0,0.0,32,0.32,100,0.0010221184667898342,15637
hnp,sweeping,5,157,0.059880239520958084,96.90000000000005,0,0.0,31,0.31,100,0.0006238265222054906,15737
hnp,sweeping,5,158,0.05952380952380952,97.30000000000004,0,0.0,27,0.27,100,0.0003402965153509285,15837
hnp,sweeping,5,159,0.0591715976331361,97.10000000000004,0,0.0,29,0.29,100,0.0005026242644817103,15937
hnp,sweeping,5,160,0.058823529411764705,97.50000000000001,0,0.0,25,0.25,100,0.00033246740327740553,16037
hnp,sweeping,5,161,0.05847953216374269,97.00000000000001,0,0.0,30,0.3,100,0.0002406115014309762,16137
hnp,sweeping,5,162,0.05813953488372093,93.20000000000002,2,0.02,30,0.3,100,0.0003067066398944007,16237
hnp,sweeping,5,163,0.057803468208092484,97.20000000000002,0,0.0,28,0.28,100,0.00036502698654658163,16337
hnp,sweeping,5,164,0.0574712643678161,95.50000000000003,1,0.01,26,0.26,100,0.00023001316425506956,16437
hnp,sweeping,5,165,0.05714285714285714,93.30000000000004,2,0.02,28,0.28,100,0.00018881553325627464,16537
hnp,sweeping,5,166,0.056818181818181816,94.10000000000002,2,0.02,21,0.21,100,0.0001920446335861925,16637
hnp,sweeping,5,167,0.05649717514124294,93.60000000000001,2,0.02,25,0.25,100,0.00020481540075707017,16737
hnp,sweeping,5,168,0.056179775280898875,97.00000000000003,0,0.0,30,0.3,100,0.00022741465603758114,16837
hnp,sweeping,5,169,0.0558659217877095,97.20000000000003,0,0.0,28,0.28,100,0.00018861489894334227,16937
hnp,sweeping,5,170,0.05555555555555555,95.50000000000003,1,0.01,26,0.26,100,0.0001854349706263747,17037
hnp,sweeping,5,171,0.055248618784530384,95.20000000000002,1,0.01,29,0.29,100,0.00023907826718641445,17137
hnp,sweeping,5,172,0.054945054945054944,95.60000000000002,1,0.01,25,0.25,100,0.00045320161691051906,17237
hnp,sweeping,5,173,0.0546448087431694,97.30000000000004,0,0.0,27,0.27,100,0.0006698449225223158,17337
hnp,sweeping,5,174,0.05434782608695653,95.90000000000003,1,0.01,22,0.22,100,0.000356043179781409,17437
hnp,sweeping,5,175,0.05405405405405406,93.60000000000002,2,0.02,26,0.26,100,0.0003171792993089184,17537
hnp,sweeping,5,176,0.05376344086021505,95.70000000000003,1,0.01,23,0.23,100,0.0003104566330148373,17637
hnp,sweeping,5,177,0.053475935828877004,93.90000000000002,2,0.02,23,0.23,100,0.00021624793353112182,17737
hnp,sweeping,5,178,0.05319148936170213,97.60000000000004,0,0.0,24,0.24,100,0.00018526783605921082,17837
hnp,sweeping,5,179,0.052910052910052914,95.50000000000004,1,0.01,26,0.26,100,0.00022954196865612175,17937
hnp,sweeping,5,180,0.05263157894736842,95.50000000000004,1,0.01,26,0.26,100,0.00021451951084600296,18037
hnp,sweeping,5,181,0.05235602094240837,95.70000000000002,1,0.01,23,0.23,100,0.00021981909820169675,18137
hnp,sweeping,5,182,0.052083333333333336,97.40000000000003,0,0.0,26,0.26,100,0.00022457803250290455,18237
hnp,sweeping,5,183,0.05181347150259067,97.40000000000005,0,0.0,26,0.26,100,0.00026999747671652586,18337
hnp,sweeping,5,184,0.051546391752577324,97.30000000000004,0,0.0,27,0.27,100,0.00040474534704117106,18437
hnp,sweeping,5,185,0.05128205128205128,97.70000000000005,0,0.0,23,0.23,100,0.0007044600317021832,18537
hnp,sweeping,5,186,0.0510204081632653,97.60000000000004,0,0.0,24,0.24,100,0.0007127739810675848,18637
hnp,sweeping,5,187,0.050761421319796954,95.20000000000002,1,0.01,29,0.29,100,0.00041343129109009167,18737
hnp,sweeping,5,188,0.050505050505050504,97.60000000000002,0,0.0,24,0.24,100,0.00026544390675553586,18837
hnp,sweeping,5,189,0.05025125628140704,97.10000000000002,0,0.0,29,0.29,100,0.000438123224012088,18937
hnp,sweeping,5,190,0.05,96.90000000000005,0,0.0,31,0.31,100,0.0004183923920209054,19037
hnp,sweeping,5,191,0.04975124378109452,95.70000000000002,1,0.01,24,0.24,100,0.00030849273709463885,19137
hnp,sweeping,5,192,0.04950495049504951,97.80000000000003,0,0.0,22,0.22,100,0.00020660134985519106,19237
hnp,sweeping,5,193,0.04926108374384236,97.30000000000004,0,0.0,27,0.27,100,0.000947079874240444,19337
hnp,sweeping,5,194,0.04901960784313726,97.00000000000001,0,0.0,30,0.3,100,0.000440485205326695,19437
hnp,sweeping,5,195,0.04878048780487805,93.70000000000002,2,0.02,23,0.23,100,0.00031968629387847615,19537
hnp,sweeping,5,196,0.04854368932038835,97.10000000000002,0,0.0,29,0.29,100,0.00032404903904534874,19637
hnp,sweeping,5,197,0.04830917874396135,97.00000000000003,0,0.0,30,0.3,100,0.0006476046134048374,19737
hnp,sweeping,5,198,0.04807692307692307,97.00000000000003,0,0.0,30,0.3,100,0.0003537065439013531,19837
hnp,sweeping,5,199,0.04784688995215311,97.10000000000002,0,0.0,29,0.29,100,0.00024233479191025254,19937
hnp,sweeping,6,0,1.0,68.69999999999997,12,0.12,83,0.83,100,0.10635795766437375,37
hnp,sweeping,6,1,0.9090909090909091,63.29999999999994,15,0.15,80,0.8,100,0.009759803470224142,137
hnp,sweeping,6,2,0.8333333333333334,71.89999999999996,10,0.1,91,0.91,100,0.0024583018565317617,237
hnp,sweeping,6,3,0.7692307692307692,75.00000000000001,9,0.09,79,0.79,100,0.0018604356155265123,337
hnp,sweeping,6,4,0.7142857142857143,78.80000000000001,7,0.07,79,0.79,100,0.0019083578733261675,437
hnp,sweeping,6,5,0.6666666666666666,74.79999999999998,9,0.09,81,0.81,100,0.002176375387934968,537
hnp,sweeping,6,6,0.625,72.8,10,0.1,80,0.8,100,0.001430336722987704,637
hnp,sweeping,6,7,0.5882352941176471,86.70000000000002,3,0.03,76,0.76,100,0.001310868346481584,737
hnp,sweeping,6,8,0.5555555555555556,89.60000000000005,2,0.02,66,0.66,100,0.0012876846361905337,837
hnp,sweeping,6,9,0.5263157894736842,81.40000000000002,6,0.06,71,0.71,100,0.0010994760278845205,937
hnp,sweeping,6,10,0.5,89.20000000000007,2,0.02,69,0.69,100,0.0012372525682440027,1037
hnp,sweeping,6,11,0.47619047619047616,79.90000000000003,7,0.07,68,0.68,100,0.001235223232069984,1137
hnp,sweeping,6,12,0.45454545454545453,79.50000000000001,7,0.07,69,0.69,100,0.0018043639551615343,1237
hnp,sweeping,6,13,0.4347826086956522,80.10000000000004,7,0.07,66,0.66,100,0.0012829088838770986,1337
hnp,sweeping,6,14,0.4166666666666667,90.40000000000008,2,0.02,58,0.58,100,0.0011407742768642492,1437
hnp,sweeping,6,15,0.4,90.90000000000005,2,0.02,52,0.52,100,0.0009891196322860197,1537
hnp,sweeping,6,16,0.3846153846153846,78.30000000000001,8,0.08,62,0.62,100,0.0009874046733602882,1637
hnp,sweeping,6,17,0.37037037037037035,89.80000000000005,3,0.03,45,0.45,100,0.0007839653483824805,1737
hnp,sweeping,6,18,0.35714285714285715,82.70000000000003,6,0.06,58,0.58,100,0.0009480695790261962,1837
hnp,sweeping,6,19,0.3448275862068966,91.80000000000004,2,0.02,44,0.44,100,0.0009135870548198,1937
hnp,sweeping,6,20,0.3333333333333333,87.20000000000006,4,0.04,51,0.51,100,0.0007485775303211994,2037
hnp,sweeping,6,21,0.3225806451612903,87.50000000000006,4,0.04,49,0.49,100,0.0010347754441318103,2137
hnp,sweeping,6,22,0.3125,83.30000000000004,6,0.06,53,0.53,100,0.0009445633622817695,2237
hnp,sweeping,6,23,0.30303030303030304,92.20000000000003,2,0.02,39,0.39,100,0.0008151380214258097,2337
hnp,sweeping,6,24,0.29411764705882354,89.70000000000005,3,0.03,45,0.45,100,0.0007817838017945178,2437
hnp,sweeping,6,25,0.2857142857142857,81.00000000000001,8,0.08,34,0.34,100,0.0006833676018868573,2537
hnp,sweeping,6,26,0.2777777777777778,94.30000000000003,1,0.01,38,0.38,100,0.0007160321433912031,2637
hnp,sweeping,6,27,0.27027027027027023,96.70000000000005,0,0.0,33,0.33,100,0.0007353026841883548,2737
hnp,sweeping,6,28,0.2631578947368421,90.20000000000005,3,0.03,41,0.41,100,0.0008973263495136053,2837
hnp,sweeping,6,29,0.25641025641025644,90.50000000000003,3,0.03,37,0.37,100,0.0007814342924393713,2937
hnp,sweeping,6,30,0.25,90.90000000000003,3,0.03,34,0.34,100,0.0006906673064804636,3037
hnp,sweeping,6,31,0.24390243902439027,90.00000000000006,3,0.03,43,0.43,100,0.0007157759394613095,3137
hnp,sweeping,6,32,0.23809523809523808,90.30000000000004,3,0.03,40,0.4,100,0.0007921113722841256,3237
hnp,sweeping,6,33,0.23255813953488372,84.10000000000004,6,0.06,44,0.44,100,0.0017857099577668124,3337
hnp,sweeping,6,34,0.22727272727272727,91.20000000000005,2,0.02,50,0.5,100,0.0024821387126576157,3437
hnp,sweeping,6,35,0.2222222222222222,93.90000000000003,1,0.01,42,0.42,100,0.0012334587587974966,3537
hnp,sweeping,6,36,0.2173913043478261,90.20000000000005,3,0.03,40,0.4,100,0.0008610372277325951,3637
hnp,sweeping,6,37,0.2127659574468085,95.10000000000005,1,0.01,29,0.29,100,0.0007245927004260011,3737
hnp,sweeping,6,38,0.20833333333333334,92.80000000000004,2,0.02,34,0.34,100,0.0009723687003133819,3837
hnp,sweeping,6,39,0.2040816326530612,87.9,4,0.04,43,0.43,100,0.0014249664166709408,3937
hnp,sweeping,6,40,0.2,94.10000000000005,1,0.01,40,0.4,100,0.0007842914608772844,4037
hnp,sweeping,6,41,0.19607843137254904,93.30000000000001,2,0.02,28,0.28,100,0.0006128812648239546,4137
hnp,sweeping,6,42,0.1923076923076923,81.7,7,0.07,49,0.49,100,0.0008851447561755776,4237
hnp,sweeping,6,43,0.18867924528301888,94.60000000000004,1,0.01,35,0.35,100,0.0008124536238028668,4337
hnp,sweeping,6,44,0.18518518518518517,93.00000000000006,2,0.02,31,0.31,100,0.0006598633198882453,4437
hnp,sweeping,6,45,0.18181818181818182,92.20000000000005,2,0.02,38,0.38,100,0.0006858865701360628,4537
hnp,sweeping,6,46,0.17857142857142858,96.40000000000006,0,0.0,36,0.36,100,0.0013731133274268359,4637
hnp,sweeping,6,47,0.17543859649122806,92.50000000000004,2,0.02,37,0.37,100,0.0007921154334326275,4737
hnp,sweeping,6,48,0.1724137931034483,92.90000000000003,2,0.02,32,0.32,100,0.0006125847817747853,4837
hnp,sweeping,6,49,0.1694915254237288,96.90000000000003,0,0.0,31,0.31,100,0.00047902804595651105,4937
hnp,sweeping,6,50,0.16666666666666666,92.80000000000003,2,0.02,33,0.33,100,0.0005348495559883304,5037
hnp,sweeping,6,51,0.1639344262295082,88.80000000000001,4,0.04,34,0.34,100,0.0005189390473242383,5137
hnp,sweeping,6,52,0.16129032258064516,91.20000000000002,3,0.03,31,0.31,100,0.000572337811026955,5237
hnp,sweeping,6,53,0.15873015873015872,96.60000000000005,0,0.0,34,0.34,100,0.0005261483683716506,5337
hnp,sweeping,6,54,0.15625,88.50000000000003,4,0.04,38,0.38,100,0.0005181149538839236,5437
hnp,sweeping,6,55,0.15384615384615385,95.10000000000002,1,0.01,30,0.3,100,0.0005072055669734254,5537
hnp,sweeping,6,56,0.15151515151515152,95.30000000000004,1,0.01,28,0.28,100,0.0005464152520289645,5637
hnp,sweeping,6,57,0.14925373134328357,94.90000000000005,1,0.01,32,0.32,100,0.000535567159531638,5737
hnp,sweeping,6,58,0.14705882352941177,90.40000000000003,3,0.03,39,0.39,100,0.0014165724982740358,5837
hnp,sweeping,6,59,0.14492753623188406,92.10000000000005,2,0.02,41,0.41,100,0.0025236709078308196,5937
hnp,sweeping,6,60,0.14285714285714285,95.00000000000001,1,0.01,30,0.3,100,0.0009872285148594527,6037
hnp,sweeping,6,61,0.14084507042253522,87.20000000000002,5,0.05,32,0.32,100,0.0005944820612785406,6137
hnp,sweeping,6,62,0.1388888888888889,93.40000000000003,2,0.02,28,0.28,100,0.0005307191167958081,6237
hnp,sweeping,6,63,0.136986301369863,97.40000000000003,0,0.0,26,0.26,100,0.0004821528667525854,6337
hnp,sweeping,6,64,0.13513513513513511,94.90000000000003,1,0.01,32,0.32,100,0.0004800617713772226,6437
hnp,sweeping,6,65,0.13333333333333333,97.00000000000003,0,0.0,30,0.3,100,0.0006475642407895066,6537
hnp,sweeping,6,66,0.13157894736842105,93.30000000000004,2,0.02,29,0.29,100,0.0007095665397355333,6637
hnp,sweeping,6,67,0.12987012987012986,94.80000000000004,1,0.01,32,0.32,100,0.0006146473169792444,6737
hnp,sweeping,6,68,0.12820512820512822,95.00000000000003,1,0.01,31,0.31,100,0.0006010685401270166,6837
hnp,sweeping,6,69,0.12658227848101264,96.60000000000005,0,0.0,34,0.34,100,0.00048033156839665024,6937
hnp,sweeping,6,70,0.125,97.40000000000003,0,0.0,26,0.26,100,0.0004386758034524974,7037
hnp,sweeping,6,71,0.1234567901234568,94.50000000000003,1,0.01,36,0.36,100,0.0014314772069337778,7137
hnp,sweeping,6,72,0.12195121951219513,92.30000000000004,2,0.02,39,0.39,100,0.0015970833553001285,7237
hnp,sweeping,6,73,0.12048192771084336,96.30000000000004,0,0.0,37,0.37,100,0.0006588282680604607,7337
hnp,sweeping,6,74,0.11904761904761904,93.60000000000002,2,0.02,26,0.26,100,0.0006974166643340141,7437
hnp,sweeping,6,75,0.11764705882352941,94.90000000000003,1,0.01,31,0.31,100,0.00045524449727963657,7537
hnp,sweeping,6,76,0.11627906976744186,95.40000000000003,1,0.01,27,0.27,100,0.0003992166162061039,7637
hnp,sweeping,6,77,0.1149425287356322,97.40000000000003,0,0.0,26,0.26,100,0.00036478357360465453,7737
hnp,sweeping,6,78,0.11363636363636363,97.30000000000004,0,0.0,27,0.27,100,0.0004693721121293493,7837
hnp,sweeping,6,79,0.11235955056179775,92.80000000000007,2,0.02,33,0.33,100,0.0009993148453941102,7937
hnp,sweeping,6,80,0.1111111111111111,95.10000000000005,1,0.01,30,0.3,100,0.0006831761686771642,8037
hnp,sweeping,6,81,0.10989010989010989,93.30000000000004,2,0.02,28,0.28,100,0.0004540373080817517,8137
hnp,sweeping,6,82,0.10869565217391305,95.20000000000005,1,0.01,29,0.29,100,0.00043527729227207603,8237
hnp,sweeping,6,83,0.1075268817204301,93.70000000000003,2,0.02,24,0.24,100,0.0003654208617808763,8337
hnp,sweeping,6,84,0.10638297872340426,89.20000000000002,4,0.04,31,0.31,100,0.0003459805877355393,8437
hnp,sweeping,6,85,0.10526315789473684,92.60000000000002,2,0.02,35,0.35,100,0.0003089853108394891,8537
hnp,sweeping,6,86,0.10416666666666667,95.20000000000003,1,0.01,28,0.28,100,0.00037533661554334686,8637
hnp,sweeping,6,87,0.10309278350515465,95.10000000000004,1,0.01,30,0.3,100,0.0003719275529147126,8737
hnp,sweeping,6,88,0.1020408163265306,97.30000000000004,0,0.0,27,0.27,100,0.00032726687444665,8837
hnp,sweeping,6,89,0.10101010101010101,97.40000000000006,0,0.0,26,0.26,100,0.00033297888076049275,8937
hnp,sweeping,6,90,0.1,95.70000000000002,1,0.01,23,0.23,100,0.000746237953135278,9037
hnp,sweeping,6,91,0.09900990099009901,94.90000000000005,1,0.01,32,0.32,100,0.0007445867989736144,9137
hnp,sweeping,6,92,0.09803921568627452,95.50000000000003,1,0.01,25,0.25,100,0.00047965169345843607,9237
hnp,sweeping,6,93,0.0970873786407767,94.50000000000004,1,0.01,36,0.36,100,0.00037965755778714084,9337
hnp,sweeping,6,94,0.09615384615384615,92.90000000000003,2,0.02,33,0.33,100,0.00039920221315696834,9437
hnp,sweeping,6,95,0.09523809523809523,97.40000000000003,0,0.0,26,0.26,100,0.0003681704979680944,9537
hnp,sweeping,6,96,0.09433962264150944,96.70000000000005,0,0.0,33,0.33,100,0.0008276361032039858,9637
hnp,sweeping,6,97,0.09345794392523366,94.70000000000002,1,0.01,34,0.34,100,0.0011317617443273775,9737
hnp,sweeping,6,98,0.09259259259259259,87.30000000000001,5,0.05,30,0.3,100,0.0005981229722965509,9837
hnp,sweeping,6,99,0.09174311926605504,95.60000000000002,1,0.01,25,0.25,100,0.0006176951320958323,9937
hnp,sweeping,6,100,0.09090909090909091,97.60000000000005,0,0.0,24,0.24,100,0.0004928534696227871,10037
hnp,sweeping,6,101,0.0900900900900901,94.50000000000003,1,0.01,35,0.35,100,0.00040767621554550716,10137
hnp,sweeping,6,102,0.08928571428571429,95.10000000000005,1,0.01,30,0.3,100,0.0004061475515482016,10237
hnp,sweeping,6,103,0.08849557522123894,97.10000000000004,0,0.0,29,0.29,100,0.0003854380184202455,10337
hnp,sweeping,6,104,0.08771929824561403,91.40000000000002,3,0.03,29,0.29,100,0.00031929610908264293,10437
hnp,sweeping,6,105,0.08695652173913043,91.50000000000001,3,0.03,28,0.28,100,0.0002795160403184127,10537
hnp,sweeping,6,106,0.08620689655172414,97.40000000000003,0,0.0,26,0.26,100,0.0002936907976982184,10637
hnp,sweeping,6,107,0.08547008547008547,97.00000000000004,0,0.0,30,0.3,100,0.0003544595951098017,10737
hnp,sweeping,6,108,0.0847457627118644,97.30000000000004,0,0.0,27,0.27,100,0.0003490749656339176,10837
hnp,sweeping,6,109,0.08403361344537814,95.00000000000003,1,0.01,31,0.31,100,0.00032488595839822663,10937
hnp,sweeping,6,110,0.08333333333333333,97.20000000000005,0,0.0,28,0.28,100,0.000343371590715833,11037
hnp,sweeping,6,111,0.08264462809917356,97.00000000000004,0,0.0,30,0.3,100,0.00029958579572848977,11137
hnp,sweeping,6,112,0.0819672131147541,97.20000000000002,0,0.0,28,0.28,100,0.0002710183399176458,11237
hnp,sweeping,6,113,0.08130081300813008,95.90000000000003,1,0.01,22,0.22,100,0.00043044293532148005,11337
hnp,sweeping,6,114,0.08064516129032258,97.20000000000002,0,0.0,28,0.28,100,0.000872959599364549,11437
hnp,sweeping,6,115,0.08,97.00000000000003,0,0.0,30,0.3,100,0.0005483958445256575,11537
hnp,sweeping,6,116,0.07936507936507936,96.80000000000003,0,0.0,32,0.32,100,0.0006138246308546513,11637
hnp,sweeping,6,117,0.07874015748031496,97.00000000000003,0,0.0,30,0.3,100,0.0003765165053482633,11737
hnp,sweeping,6,118,0.078125,97.10000000000004,0,0.0,29,0.29,100,0.0002791424817405641,11837
hnp,sweeping,6,119,0.07751937984496124,97.20000000000005,0,0.0,28,0.28,100,0.00036520693538477644,11937
hnp,sweeping,6,120,0.07692307692307693,95.20000000000002,1,0.01,29,0.29,100,0.00040046645925031045,12037
hnp,sweeping,6,121,0.07633587786259542,93.60000000000004,2,0.02,25,0.25,100,0.0003398470999673009,12137
hnp,sweeping,6,122,0.07575757575757576,94.80000000000004,1,0.01,33,0.33,100,0.0002766090063232696,12237
hnp,sweeping,6,123,0.07518796992481203,93.70000000000003,2,0.02,24,0.24,100,0.0003738685173448175,12337
hnp,sweeping,6,124,0.07462686567164178,97.50000000000004,0,0.0,25,0.25,100,0.0006801434644148685,12437
hnp,sweeping,6,125,0.07407407407407407,97.30000000000004,0,0.0,27,0.27,100,0.00046344294227310454,12537
hnp,sweeping,6,126,0.07352941176470588,95.70000000000005,1,0.01,24,0.24,100,0.0003468285647977609,12637
hnp,sweeping,6,127,0.07299270072992702,96.80000000000004,0,0.0,32,0.32,100,0.00035706266076886096,12737
hnp,sweeping,6,128,0.07246376811594203,97.40000000000003,0,0.0,26,0.26,100,0.0002678867742361035,12837
hnp,sweeping,6,129,0.07194244604316546,95.80000000000001,1,0.01,23,0.23,100,0.00036781883936782834,12937
hnp,sweeping,6,130,0.07142857142857142,95.30000000000001,1,0.01,27,0.27,100,0.0003995601118367631,13037
hnp,sweeping,6,131,0.07092198581560284,97.30000000000004,0,0.0,27,0.27,100,0.0005221947328391252,13137
hnp,sweeping,6,132,0.07042253521126761,95.30000000000004,1,0.01,27,0.27,100,0.0007846030751534272,13237
hnp,sweeping,6,133,0.06993006993006992,91.9,3,0.03,23,0.23,100,0.0003215881419600919,13337
hnp,sweeping,6,134,0.06944444444444445,96.80000000000003,0,0.0,32,0.32,100,0.00038624749548034744,13437
hnp,sweeping,6,135,0.06896551724137931,95.30000000000004,1,0.01,27,0.27,100,0.00037806394844665193,13537
hnp,sweeping,6,136,0.0684931506849315,95.50000000000003,1,0.01,26,0.26,100,0.00042412597409565935,13637
hnp,sweeping,6,137,0.06802721088435375,97.20000000000003,0,0.0,28,0.28,100,0.0005065405808272771,13737
hnp,sweeping,6,138,0.06756756756756756,97.20000000000002,0,0.0,28,0.28,100,0.00041261042642872783,13837
hnp,sweeping,6,139,0.06711409395973154,97.30000000000005,0,0.0,27,0.27,100,0.00029815062807756474,13937
hnp,sweeping,6,140,0.06666666666666667,97.20000000000002,0,0.0,28,0.28,100,0.0003318503663467709,14037
hnp,sweeping,6,141,0.06622516556291391,96.90000000000003,0,0.0,31,0.31,100,0.00029972930809890386,14137
hnp,sweeping,6,142,0.06578947368421052,97.40000000000003,0,0.0,26,0.26,100,0.0002394546441064449,14237
hnp,sweeping,6,143,0.06535947712418301,97.00000000000003,0,0.0,30,0.3,100,0.00024638908842462116,14337
hnp,sweeping,6,144,0.06493506493506493,93.90000000000002,2,0.02,23,0.23,100,0.00032536789192818107,14437
hnp,sweeping,6,145,0.06451612903225806,97.10000000000005,0,0.0,29,0.29,100,0.0003669236510177143,14537
hnp,sweeping,6,146,0.06410256410256411,93.70000000000002,2,0.02,24,0.24,100,0.00033003000644384886,14637
hnp,sweeping,6,147,0.06369426751592357,97.10000000000002,0,0.0,29,0.29,100,0.00028745311545208096,14737
hnp,sweeping,6,148,0.06329113924050632,93.50000000000001,2,0.02,26,0.26,100,0.0003105435953330016,14837
hnp,sweeping,6,149,0.06289308176100629,97.10000000000005,0,0.0,29,0.29,100,0.0005057006348215509,14937
hnp,sweeping,6,150,0.0625,94.50000000000004,1,0.01,35,0.35,100,0.000703566529264208,15037
hnp,sweeping,6,151,0.06211180124223602,95.30000000000004,1,0.01,28,0.28,100,0.0005195946761523373,15137
hnp,sweeping,6,152,0.0617283950617284,96.90000000000003,0,0.0,31,0.31,100,0.00031305537326261403,15237
hnp,sweeping,6,153,0.06134969325153374,97.10000000000005,0,0.0,29,0.29,100,0.0003744852388626896,15337
hnp,sweeping,6,154,0.06097560975609757,91.50000000000003,3,0.03,26,0.26,100,0.00042042890083394014,15437
hnp,sweeping,6,155,0.06060606060606061,97.00000000000006,0,0.0,30,0.3,100,0.00025444390732445757,15537
hnp,sweeping,6,156,0.06024096385542168,94.80000000000004,1,0.01,33,0.33,100,0.0003309339984843973,15637
hnp,sweeping,6,157,0.059880239520958084,95.30000000000003,1,0.01,28,0.28,100,0.0003025733739195857,15737
hnp,sweeping,6,158,0.05952380952380952,93.20000000000003,2,0.02,30,0.3,100,0.0002932639027858386,15837
hnp,sweeping,6,159,0.0591715976331361,95.20000000000002,1,0.01,28,0.28,100,0.0002844732748053502,15937
hnp,sweeping,6,160,0.058823529411764705,95.20000000000005,1,0.01,28,0.28,100,0.0002591807176213479,16037
hnp,sweeping,6,161,0.05847953216374269,97.20000000000005,0,0.0,28,0.28,100,0.00020376683918584603,16137
hnp,sweeping,6,162,0.05813953488372093,97.90000000000003,0,0.0,21,0.21,100,0.00022755916870664805,16237
hnp,sweeping,6,163,0.057803468208092484,91.50000000000006,3,0.03,27,0.27,100,0.000531792000765563,16337
hnp,sweeping,6,164,0.0574712643678161,97.10000000000005,0,0.0,29,0.29,100,0.0018937643834215122,16437
hnp,sweeping,6,165,0.05714285714285714,97.10000000000004,0,0.0,29,0.29,100,0.0006634990533348173,16537
hnp,sweeping,6,166,0.056818181818181816,97.20000000000006,0,0.0,28,0.28,100,0.0006964569518459029,16637
hnp,sweeping,6,167,0.05649717514124294,95.20000000000005,1,0.01,29,0.29,100,0.0004292075533885509,16737
hnp,sweeping,6,168,0.056179775280898875,95.40000000000003,1,0.01,27,0.27,100,0.00023360873718047514,16837
hnp,sweeping,6,169,0.0558659217877095,91.60000000000002,3,0.03,27,0.27,100,0.00044235942244995384,16937
hnp,sweeping,6,170,0.05555555555555555,92.90000000000003,2,0.02,32,0.32,100,0.00024392996849201154,17037
hnp,sweeping,6,171,0.055248618784530384,97.80000000000004,0,0.0,22,0.22,100,0.00045562153391074387,17137
hnp,sweeping,6,172,0.054945054945054944,97.40000000000003,0,0.0,26,0.26,100,0.0008571659494191409,17237
hnp,sweeping,6,173,0.0546448087431694,94.80000000000003,1,0.01,33,0.33,100,0.0005201729954569601,17337
hnp,sweeping,6,174,0.05434782608695653,94.90000000000006,1,0.01,32,0.32,100,0.000301163876283681,17437
hnp,sweeping,6,175,0.05405405405405406,96.80000000000004,0,0.0,32,0.32,100,0.0002913458729017293,17537
hnp,sweeping,6,176,0.05376344086021505,96.90000000000002,0,0.0,31,0.31,100,0.0002650768234889256,17637
hnp,sweeping,6,177,0.053475935828877004,95.30000000000001,1,0.01,28,0.28,100,0.0002341719705145806,17737
hnp,sweeping,6,178,0.05319148936170213,95.60000000000002,1,0.01,25,0.25,100,0.0002414035185574903,17837
hnp,sweeping,6,179,0.052910052910052914,93.40000000000002,2,0.02,28,0.28,100,0.0002063272885425249,17937
hnp,sweeping,6,180,0.05263157894736842,96.60000000000004,0,0.0,34,0.34,100,0.0008132496676262236,18037
hnp,sweeping,6,181,0.05235602094240837,95.00000000000003,1,0.01,30,0.3,100,0.0006411760227638297,18137
hnp,sweeping,6,182,0.052083333333333336,97.60000000000004,0,0.0,24,0.24,100,0.00040469951411068903,18237
hnp,sweeping,6,183,0.05181347150259067,97.00000000000004,0,0.0,30,0.3,100,0.00036810216275625865,18337
hnp,sweeping,6,184,0.051546391752577324,95.30000000000004,1,0.01,27,0.27,100,0.0003112254982988816,18437
hnp,sweeping,6,185,0.05128205128205128,95.10000000000004,1,0.01,30,0.3,100,0.00035171140822058076,18537
hnp,sweeping,6,186,0.0510204081632653,93.80000000000001,2,0.02,23,0.23,100,0.0002206189159915084,18637
hnp,sweeping,6,187,0.050761421319796954,97.50000000000006,0,0.0,25,0.25,100,0.00018447810289217158,18737
hnp,sweeping,6,188,0.050505050505050504,97.10000000000005,0,0.0,29,0.29,100,0.00023172517656348647,18837
hnp,sweeping,6,189,0.05025125628140704,97.20000000000003,0,0.0,28,0.28,100,0.00023645332272280938,18937
hnp,sweeping,6,190,0.05,95.40000000000002,1,0.01,26,0.26,100,0.0003409846921931603,19037
hnp,sweeping,6,191,0.04975124378109452,96.80000000000005,0,0.0,32,0.32,100,0.0003296149329980835,19137
hnp,sweeping,6,192,0.04950495049504951,97.20000000000005,0,0.0,28,0.28,100,0.0002797752343030879,19237
hnp,sweeping,6,193,0.04926108374384236,97.30000000000003,0,0.0,27,0.27,100,0.0009808514393807855,19337
hnp,sweeping,6,194,0.04901960784313726,97.40000000000003,0,0.0,26,0.26,100,0.0003252246724150609,19437
hnp,sweeping,6,195,0.04878048780487805,97.50000000000004,0,0.0,25,0.25,100,0.0002178361852566013,19537
hnp,sweeping,6,196,0.04854368932038835,97.50000000000003,0,0.0,25,0.25,100,0.00019099656565231272,19637
hnp,sweeping,6,197,0.04830917874396135,97.60000000000005,0,0.0,24,0.24,100,0.000760386273614131,19737
hnp,sweeping,6,198,0.04807692307692307,95.9,1,0.01,22,0.22,100,0.0004189288652560208,19837
hnp,sweeping,6,199,0.04784688995215311,94.50000000000004,1,0.01,36,0.36,100,0.0006570692107197829,19937
hnp,sweeping,7,0,1.0,64.39999999999993,14,0.14,88,0.88,100,0.09215796990571795,37
hnp,sweeping,7,1,0.9090909090909091,81.80000000000004,5,0.05,87,0.87,100,0.008813504332210868,137
hnp,sweeping,7,2,0.8333333333333334,73.89999999999999,9,0.09,90,0.9,100,0.004491663603112102,237
hnp,sweeping,7,3,0.7692307692307692,70.39999999999996,11,0.11,83,0.83,100,0.0026195401360746473,337
hnp,sweeping,7,4,0.7142857142857143,80.30000000000003,6,0.06,82,0.82,100,0.0018740659439936281,437
hnp,sweeping,7,5,0.6666666666666666,74.09999999999997,9,0.09,88,0.88,100,0.001916762813925743,537
hnp,sweeping,7,6,0.625,83.60000000000002,4,0.04,87,0.87,100,0.0015534689713967965,637
hnp,sweeping,7,7,0.5882352941176471,82.50000000000006,5,0.05,79,0.79,100,0.0016044724761741236,737
hnp,sweeping,7,8,0.5555555555555556,66.99999999999994,13,0.13,83,0.83,100,0.0012190763937542214,837
hnp,sweeping,7,9,0.5263157894736842,78.50000000000001,7,0.07,80,0.8,100,0.0015459252445725723,937
hnp,sweeping,7,10,0.5,79.70000000000002,7,0.07,67,0.67,100,0.0011166965233860538,1037
hnp,sweeping,7,11,0.47619047619047616,81.20000000000003,6,0.06,74,0.74,100,0.0012106899145874195,1137
hnp,sweeping,7,12,0.45454545454545453,83.90000000000003,5,0.05,66,0.66,100,0.001094863697362598,1237
hnp,sweeping,7,13,0.4347826086956522,84.00000000000003,5,0.05,64,0.64,100,0.0010426588577684016,1337
hnp,sweeping,7,14,0.4166666666666667,84.40000000000003,5,0.05,61,0.61,100,0.0012641061685280874,1437
hnp,sweeping,7,15,0.4,83.70000000000005,5,0.05,68,0.68,100,0.0012146223307354376,1537
hnp,sweeping,7,16,0.3846153846153846,80.8,7,0.07,58,0.58,100,0.0011274308268912137,1637
hnp,sweeping,7,17,0.37037037037037035,82.40000000000006,6,0.06,61,0.61,100,0.00117770844779443,1737
hnp,sweeping,7,18,0.35714285714285715,88.90000000000005,3,0.03,54,0.54,100,0.0010374639515066519,1837
hnp,sweeping,7,19,0.3448275862068966,92.50000000000006,1,0.01,56,0.56,100,0.0009282104662270285,1937
hnp,sweeping,7,20,0.3333333333333333,88.90000000000003,3,0.03,53,0.53,100,0.0008380307792685926,2037
hnp,sweeping,7,21,0.3225806451612903,87.40000000000002,4,0.04,49,0.49,100,0.0007753957185195759,2137
hnp,sweeping,7,22,0.3125,89.50000000000004,3,0.03,47,0.47,100,0.0007913632373674772,2237
hnp,sweeping,7,23,0.30303030303030304,87.10000000000002,4,0.04,52,0.52,100,0.001055068548885174,2337
hnp,sweeping,7,24,0.29411764705882354,82.90000000000003,6,0.06,57,0.57,100,0.00312931414518971,2437
hnp,sweeping,7,25,0.2857142857142857,89.60000000000002,3,0.03,46,0.46,100,0.0015097935410449282,2537
hnp,sweeping,7,26,0.2777777777777778,83.90000000000003,6,0.06,45,0.45,100,0.0009393402811838314,2637
hnp,sweeping,7,27,0.27027027027027023,84.90000000000002,6,0.06,35,0.35,100,0.0008261177255189978,2737
hnp,sweeping,7,28,0.2631578947368421,85.00000000000003,6,0.06,34,0.34,100,0.0007159950453205965,2837
hnp,sweeping,7,29,0.25641025641025644,88.20000000000002,4,0.04,42,0.42,100,0.0007608495361637324,2937
hnp,sweeping,7,30,0.25,86.50000000000001,5,0.05,39,0.39,100,0.000623864847002551,3037
hnp,sweeping,7,31,0.24390243902439027,92.00000000000004,2,0.02,40,0.4,100,0.0007183139515109361,3137
hnp,sweeping,7,32,0.23809523809523808,88.20000000000003,4,0.04,40,0.4,100,0.000803268399904482,3237
hnp,sweeping,7,33,0.23255813953488372,90.50000000000003,3,0.03,37,0.37,100,0.0007468666546628811,3337
hnp,sweeping,7,34,0.22727272727272727,85.70000000000002,5,0.05,47,0.47,100,0.0007151498860912398,3437
hnp,sweeping,7,35,0.2222222222222222,94.00000000000001,1,0.01,41,0.41,100,0.0010058174550067634,3537
hnp,sweeping,7,36,0.2173913043478261,90.50000000000003,3,0.03,38,0.38,100,0.0010360727182705887,3637
hnp,sweeping,7,37,0.2127659574468085,91.40000000000008,2,0.02,48,0.48,100,0.001095116538053844,3737
hnp,sweeping,7,38,0.20833333333333334,96.10000000000005,0,0.0,39,0.39,100,0.0009129649502574466,3837
hnp,sweeping,7,39,0.2040816326530612,90.10000000000001,3,0.03,42,0.42,100,0.000719595247937832,3937
hnp,sweeping,7,40,0.2,89.90000000000006,3,0.03,42,0.42,100,0.0011817936593433841,4037
hnp,sweeping,7,41,0.19607843137254904,90.10000000000004,3,0.03,42,0.42,100,0.0025976652960525825,4137
hnp,sweeping,7,42,0.1923076923076923,91.80000000000007,2,0.02,44,0.44,100,0.0019919555506203324,4237
hnp,sweeping,7,43,0.18867924528301888,93.70000000000006,1,0.01,43,0.43,100,0.0010653671721229329,4337
hnp,sweeping,7,44,0.18518518518518517,94.30000000000007,1,0.01,38,0.38,100,0.0011267708751256577,4437
hnp,sweeping,7,45,0.18181818181818182,90.20000000000002,3,0.03,41,0.41,100,0.0009062583310878835,4537
hnp,sweeping,7,46,0.17857142857142858,90.6,3,0.03,36,0.36,100,0.0006707678301609121,4637
hnp,sweeping,7,47,0.17543859649122806,90.90000000000002,3,0.03,33,0.33,100,0.0006133675068849697,4737
hnp,sweeping,7,48,0.1724137931034483,96.80000000000007,0,0.0,32,0.32,100,0.0006657029717462138,4837
hnp,sweeping,7,49,0.1694915254237288,95.80000000000007,0,0.0,42,0.42,100,0.0007336866884725168,4937
hnp,sweeping,7,50,0.16666666666666666,89.20000000000003,4,0.04,31,0.31,100,0.0006192953899153508,5037
hnp,sweeping,7,51,0.1639344262295082,91.30000000000004,3,0.03,30,0.3,100,0.0005369856854667887,5137
hnp,sweeping,7,52,0.16129032258064516,90.30000000000004,3,0.03,39,0.39,100,0.0005026547887246125,5237
hnp,sweeping,7,53,0.15873015873015872,92.50000000000001,2,0.02,37,0.37,100,0.0006114449058077298,5337
hnp,sweeping,7,54,0.15625,88.30000000000004,4,0.04,41,0.41,100,0.0006553871225332841,5437
hnp,sweeping,7,55,0.15384615384615385,90.70000000000003,3,0.03,36,0.36,100,0.000571820541517809,5537
hnp,sweeping,7,56,0.15151515151515152,92.20000000000002,2,0.02,40,0.4,100,0.0008116856490960344,5637
hnp,sweeping,7,57,0.14925373134328357,92.40000000000003,2,0.02,38,0.38,100,0.0008911701475153677,5737
hnp,sweeping,7,58,0.14705882352941177,96.60000000000004,0,0.0,34,0.34,100,0.0007706304945168086,5837
hnp,sweeping,7,59,0.14492753623188406,94.60000000000004,1,0.01,35,0.35,100,0.0005681183822161984,5937
hnp,sweeping,7,60,0.14285714285714285,93.10000000000005,2,0.02,30,0.3,100,0.0005156805976002943,6037
hnp,sweeping,7,61,0.14084507042253522,91.10000000000002,3,0.03,32,0.32,100,0.0007568977246410213,6137
hnp,sweeping,7,62,0.1388888888888889,96.60000000000004,0,0.0,34,0.34,100,0.0006910597503883764,6237
hnp,sweeping,7,63,0.136986301369863,92.80000000000004,2,0.02,34,0.34,100,0.0005684313421079423,6337
hnp,sweeping,7,64,0.13513513513513511,92.90000000000003,2,0.02,33,0.33,100,0.0006245815829606727,6437
hnp,sweeping,7,65,0.13333333333333333,93.10000000000005,2,0.02,31,0.31,100,0.0006557310977950692,6537
hnp,sweeping,7,66,0.13157894736842105,93.20000000000002,2,0.02,29,0.29,100,0.0005908051307778805,6637
hnp,sweeping,7,67,0.12987012987012986,95.20000000000005,1,0.01,29,0.29,100,0.0005267338297562673,6737
hnp,sweeping,7,68,0.12820512820512822,95.50000000000004,0,0.0,45,0.45,100,0.0009366650675656274,6837
hnp,sweeping,7,69,0.12658227848101264,94.90000000000006,1,0.01,32,0.32,100,0.0005273801484145225,6937
hnp,sweeping,7,70,0.125,93.50000000000003,2,0.02,27,0.27,100,0.0004689194046659395,7037
hnp,sweeping,7,71,0.1234567901234568,93.30000000000004,2,0.02,28,0.28,100,0.0005009363270073664,7137
hnp,sweeping,7,72,0.12195121951219513,95.20000000000002,1,0.01,29,0.29,100,0.0006834594550309702,7237
hnp,sweeping,7,73,0.12048192771084336,96.70000000000002,0,0.0,33,0.33,100,0.001052017636829987,7337
hnp,sweeping,7,74,0.11904761904761904,92.10000000000005,2,0.02,40,0.4,100,0.0008336454920936376,7437
hnp,sweeping,7,75,0.11764705882352941,94.70000000000002,1,0.01,33,0.33,100,0.0013938184175640344,7537
hnp,sweeping,7,76,0.11627906976744186,91.30000000000001,3,0.03,29,0.29,100,0.00047852215269813316,7637
hnp,sweeping,7,77,0.1149425287356322,87.70000000000003,5,0.05,28,0.28,100,0.00044141558217233976,7737
hnp,sweeping,7,78,0.11363636363636363,94.90000000000003,1,0.01,31,0.31,100,0.0004747551665059291,7837
hnp,sweeping,7,79,0.11235955056179775,97.50000000000004,0,0.0,25,0.25,100,0.0004551185524906032,7937
hnp,sweeping,7,80,0.1111111111111111,95.10000000000002,1,0.01,29,0.29,100,0.0003738697660446633,8037
hnp,sweeping,7,81,0.10989010989010989,95.40000000000002,1,0.01,27,0.27,100,0.0003478502715006471,8137
hnp,sweeping,7,82,0.10869565217391305,93.20000000000002,2,0.02,30,0.3,100,0.0009179106340161525,8237
hnp,sweeping,7,83,0.1075268817204301,93.20000000000003,2,0.02,30,0.3,100,0.0008859850253793411,8337
hnp,sweeping,7,84,0.10638297872340426,94.80000000000005,1,0.01,33,0.33,100,0.0006888574840559159,8437
hnp,sweeping,7,85,0.10526315789473684,93.4,2,0.02,27,0.27,100,0.0005897859029937536,8537
hnp,sweeping,7,86,0.10416666666666667,95.60000000000002,1,0.01,25,0.25,100,0.00038724585800082423,8637
hnp,sweeping,7,87,0.10309278350515465,94.80000000000004,1,0.01,32,0.32,100,0.00045241649699164556,8737
hnp,sweeping,7,88,0.1020408163265306,95.10000000000005,1,0.01,30,0.3,100,0.0005086871224921197,8837
hnp,sweeping,7,89,0.10101010101010101,93.00000000000003,2,0.02,32,0.32,100,0.00048250726045807825,8937
hnp,sweeping,7,90,0.1,97.30000000000004,0,0.0,27,0.27,100,0.0003762248791463207,9037
hnp,sweeping,7,91,0.09900990099009901,97.20000000000005,0,0.0,28,0.28,100,0.00035303222684888167,9137
hnp,sweeping,7,92,0.09803921568627452,91.80000000000001,3,0.03,24,0.24,100,0.000347953068849165,9237
hnp,sweeping,7,93,0.0970873786407767,89.40000000000003,4,0.04,29,0.29,100,0.0003293058968847618,9337
hnp,sweeping,7,94,0.09615384615384615,95.10000000000005,1,0.01,30,0.3,100,0.0003255339652969269,9437
hnp,sweeping,7,95,0.09523809523809523,96.90000000000005,0,0.0,31,0.31,100,0.00054041567913373,9537
hnp,sweeping,7,96,0.09433962264150944,94.50000000000009,1,0.01,36,0.36,100,0.0011349716378026642,9637
hnp,sweeping,7,97,0.09345794392523366,95.40000000000006,0,0.0,46,0.46,100,0.0024138445762218906,9737
hnp,sweeping,7,98,0.09259259259259259,95.30000000000004,1,0.01,28,0.28,100,0.0008198350048041902,9837
hnp,sweeping,7,99,0.09174311926605504,94.5,1,0.01,36,0.36,100,0.000458432065352099,9937
hnp,sweeping,7,100,0.09090909090909091,93.40000000000003,2,0.02,28,0.28,100,0.00039752835844410585,10037
hnp,sweeping,7,101,0.0900900900900901,91.60000000000002,3,0.03,27,0.27,100,0.0003652558158501051,10137
hnp,sweeping,7,102,0.08928571428571429,94.70000000000007,1,0.01,33,0.33,100,0.00034628383029485123,10237
hnp,sweeping,7,103,0.08849557522123894,97.10000000000005,0,0.0,29,0.29,100,0.00032054995055659676,10337
hnp,sweeping,7,104,0.08771929824561403,97.60000000000004,0,0.0,24,0.24,100,0.0003058264795981813,10437
hnp,sweeping,7,105,0.08695652173913043,93.60000000000002,2,0.02,24,0.24,100,0.00041175749895046467,10537
hnp,sweeping,7,106,0.08620689655172414,97.40000000000005,0,0.0,26,0.26,100,0.0005035236437106505,10637
hnp,sweeping,7,107,0.08547008547008547,95.20000000000005,1,0.01,29,0.29,100,0.0005111223470885307,10737
hnp,sweeping,7,108,0.0847457627118644,94.70000000000003,1,0.01,34,0.34,100,0.0006005276886571665,10837
hnp,sweeping,7,109,0.08403361344537814,97.50000000000003,0,0.0,25,0.25,100,0.000423957501334371,10937
hnp,sweeping,7,110,0.08333333333333333,97.10000000000004,0,0.0,29,0.29,100,0.00031416771475051064,11037
hnp,sweeping,7,111,0.08264462809917356,95.30000000000004,1,0.01,27,0.27,100,0.0004493250828818418,11137
hnp,sweeping,7,112,0.0819672131147541,95.10000000000004,1,0.01,30,0.3,100,0.0009326684731058776,11237
hnp,sweeping,7,113,0.08130081300813008,93.00000000000003,2,0.02,30,0.3,100,0.0005764386749069672,11337
hnp,sweeping,7,114,0.08064516129032258,97.20000000000003,0,0.0,28,0.28,100,0.00035999431609525347,11437
hnp,sweeping,7,115,0.08,91.70000000000002,3,0.03,25,0.25,100,0.00029240251365990843,11537
hnp,sweeping,7,116,0.07936507936507936,95.50000000000003,1,0.01,26,0.26,100,0.0005329218531551305,11637
hnp,sweeping,7,117,0.07874015748031496,92.80000000000004,2,0.02,33,0.33,100,0.0006569027429213747,11737
hnp,sweeping,7,118,0.078125,97.50000000000003,0,0.0,25,0.25,100,0.00037075300322612746,11837
hnp,sweeping,7,119,0.07751937984496124,95.50000000000003,1,0.01,26,0.26,100,0.0003537701755703893,11937
hnp,sweeping,7,120,0.07692307692307693,95.20000000000003,1,0.01,28,0.28,100,0.0003127521924034227,12037
hnp,sweeping,7,121,0.07633587786259542,94.80000000000004,1,0.01,33,0.33,100,0.0003329392675368581,12137
hnp,sweeping,7,122,0.07575757575757576,94.90000000000003,1,0.01,32,0.32,100,0.0003713971989054699,12237
hnp,sweeping,7,123,0.07518796992481203,95.20000000000002,1,0.01,29,0.29,100,0.000283894133171998,12337
hnp,sweeping,7,124,0.07462686567164178,97.00000000000003,0,0.0,30,0.3,100,0.0003931814023235347,12437
hnp,sweeping,7,125,0.07407407407407407,93.60000000000004,2,0.02,25,0.25,100,0.0003602957355906256,12537
hnp,sweeping,7,126,0.07352941176470588,95.50000000000006,1,0.01,26,0.26,100,0.0006255890915053897,12637
hnp,sweeping,7,127,0.07299270072992702,94.50000000000006,1,0.01,35,0.35,100,0.0014554323206539266,12737
hnp,sweeping,7,128,0.07246376811594203,96.20000000000005,0,0.0,38,0.38,100,0.0016479515578248537,12837
hnp,sweeping,7,129,0.07194244604316546,97.00000000000004,0,0.0,30,0.3,100,0.0005361214146250859,12937
hnp,sweeping,7,130,0.07142857142857142,93.30000000000001,2,0.02,28,0.28,100,0.00035472700285026803,13037
hnp,sweeping,7,131,0.07092198581560284,89.60000000000002,4,0.04,28,0.28,100,0.0005169641348766164,13137
hnp,sweeping,7,132,0.07042253521126761,95.10000000000002,1,0.01,30,0.3,100,0.0006480731863121036,13237
hnp,sweeping,7,133,0.06993006993006992,94.70000000000002,1,0.01,34,0.34,100,0.00039166342670796437,13337
hnp,sweeping,7,134,0.06944444444444445,96.80000000000003,0,0.0,32,0.32,100,0.0002683449634059798,13437
hnp,sweeping,7,135,0.06896551724137931,96.90000000000003,0,0.0,31,0.31,100,0.00023884978829300963,13537
hnp,sweeping,7,136,0.0684931506849315,95.40000000000003,1,0.01,27,0.27,100,0.00032842941975104624,13637
hnp,sweeping,7,137,0.06802721088435375,96.70000000000003,0,0.0,33,0.33,100,0.000309602005436318,13737
hnp,sweeping,7,138,0.06756756756756756,97.10000000000002,0,0.0,29,0.29,100,0.00030232674776925706,13837
hnp,sweeping,7,139,0.06711409395973154,97.30000000000005,0,0.0,27,0.27,100,0.00027989449707092716,13937
hnp,sweeping,7,140,0.06666666666666667,97.60000000000004,0,0.0,24,0.24,100,0.00023636106794583611,14037
hnp,sweeping,7,141,0.06622516556291391,95.40000000000003,1,0.01,27,0.27,100,0.0002288733216118999,14137
hnp,sweeping,7,142,0.06578947368421052,97.00000000000003,0,0.0,30,0.3,100,0.0002340248196560424,14237
hnp,sweeping,7,143,0.06535947712418301,95.40000000000003,1,0.01,27,0.27,100,0.00023410964851791505,14337
hnp,sweeping,7,144,0.06493506493506493,97.30000000000001,0,0.0,27,0.27,100,0.0002387722479761578,14437
hnp,sweeping,7,145,0.06451612903225806,93.90000000000003,2,0.02,23,0.23,100,0.0003240061829274055,14537
hnp,sweeping,7,146,0.06410256410256411,97.50000000000003,0,0.0,25,0.25,100,0.00034040556827676484,14637
hnp,sweeping,7,147,0.06369426751592357,96.80000000000005,0,0.0,32,0.32,100,0.0005423917651933152,14737
hnp,sweeping,7,148,0.06329113924050632,95.70000000000003,1,0.01,24,0.24,100,0.00040862463400117123,14837
hnp,sweeping,7,149,0.06289308176100629,97.90000000000003,0,0.0,21,0.21,100,0.00031858321817708203,14937
hnp,sweeping,7,150,0.0625,95.60000000000004,1,0.01,24,0.24,100,0.0003064672095933929,15037
hnp,sweeping,7,151,0.06211180124223602,96.70000000000007,0,0.0,33,0.33,100,0.000668952435371466,15137
hnp,sweeping,7,152,0.0617283950617284,93.80000000000001,2,0.02,24,0.24,100,0.0005398964833875652,15237
hnp,sweeping,7,153,0.06134969325153374,95.80000000000003,1,0.01,23,0.23,100,0.000268189145863289,15337
hnp,sweeping,7,154,0.06097560975609757,96.80000000000005,0,0.0,32,0.32,100,0.002068903418548871,15437
hnp,sweeping,7,155,0.06060606060606061,95.10000000000005,1,0.01,30,0.3,100,0.0006726277072448283,15537
hnp,sweeping,7,156,0.06024096385542168,95.50000000000003,1,0.01,26,0.26,100,0.00045813257311237975,15637
hnp,sweeping,7,157,0.059880239520958084,97.20000000000003,0,0.0,28,0.28,100,0.0003761632436362561,15737
hnp,sweeping,7,158,0.05952380952380952,96.90000000000003,0,0.0,31,0.31,100,0.00042167282255832104,15837
hnp,sweeping,7,159,0.0591715976331361,95.10000000000005,1,0.01,30,0.3,100,0.0003718977858079597,15937
hnp,sweeping,7,160,0.058823529411764705,97.50000000000006,0,0.0,25,0.25,100,0.00032506655261386184,16037
hnp,sweeping,7,161,0.05847953216374269,97.00000000000004,0,0.0,30,0.3,100,0.0003874948070006212,16137
hnp,sweeping,7,162,0.05813953488372093,94.50000000000006,1,0.01,35,0.35,100,0.000708624924736796,16237
hnp,sweeping,7,163,0.057803468208092484,96.90000000000005,0,0.0,31,0.31,100,0.00031283214862924067,16337
hnp,sweeping,7,164,0.0574712643678161,93.20000000000005,2,0.02,29,0.29,100,0.000502522963215597,16437
hnp,sweeping,7,165,0.05714285714285714,95.70000000000003,1,0.01,24,0.24,100,0.00030107463127933444,16537
hnp,sweeping,7,166,0.056818181818181816,97.30000000000004,0,0.0,27,0.27,100,0.00023268362230737693,16637
hnp,sweeping,7,167,0.05649717514124294,95.30000000000003,1,0.01,27,0.27,100,0.00037200810649665075,16737
hnp,sweeping,7,168,0.056179775280898875,97.20000000000003,0,0.0,28,0.28,100,0.00026816269048140384,16837
hnp,sweeping,7,169,0.0558659217877095,95.60000000000002,1,0.01,25,0.25,100,0.0002520702328911284,16937
hnp,sweeping,7,170,0.05555555555555555,95.30000000000004,1,0.01,28,0.28,100,0.00023254495259607212,17037
hnp,sweeping,7,171,0.055248618784530384,95.70000000000002,1,0.01,24,0.24,100,0.0002234037662128685,17137
hnp,sweeping,7,172,0.054945054945054944,91.50000000000003,3,0.03,28,0.28,100,0.00020825789353693836,17237
hnp,sweeping,7,173,0.0546448087431694,97.00000000000006,0,0.0,30,0.3,100,0.00027138769313751255,17337
hnp,sweeping,7,174,0.05434782608695653,97.30000000000004,0,0.0,27,0.27,100,0.0008294309651682852,17437
hnp,sweeping,7,175,0.05405405405405406,97.20000000000003,0,0.0,28,0.28,100,0.0008271403533581179,17537
hnp,sweeping,7,176,0.05376344086021505,95.30000000000003,1,0.01,28,0.28,100,0.0004256659731618129,17637
hnp,sweeping,7,177,0.053475935828877004,97.60000000000004,0,0.0,24,0.24,100,0.0006239998337696307,17737
hnp,sweeping,7,178,0.05319148936170213,97.40000000000005,0,0.0,26,0.26,100,0.001923132520460058,17837
hnp,sweeping,7,179,0.052910052910052914,95.30000000000004,1,0.01,28,0.28,100,0.0005329166188312228,17937
hnp,sweeping,7,180,0.05263157894736842,95.80000000000003,1,0.01,23,0.23,100,0.0003266025042103138,18037
hnp,sweeping,7,181,0.05235602094240837,95.70000000000002,1,0.01,24,0.24,100,0.0002650272320897784,18137
hnp,sweeping,7,182,0.052083333333333336,95.80000000000004,1,0.01,23,0.23,100,0.0006702099195535993,18237
hnp,sweeping,7,183,0.05181347150259067,95.40000000000002,1,0.01,26,0.26,100,0.0005411678290693089,18337
hnp,sweeping,7,184,0.051546391752577324,96.10000000000002,1,0.01,20,0.2,100,0.00044402056126273236,18437
hnp,sweeping,7,185,0.05128205128205128,97.40000000000002,0,0.0,26,0.26,100,0.0002596422537317267,18537
hnp,sweeping,7,186,0.0510204081632653,97.50000000000003,0,0.0,25,0.25,100,0.0001974635509395739,18637
hnp,sweeping,7,187,0.050761421319796954,97.40000000000003,0,0.0,26,0.26,100,0.00020619264083507005,18737
hnp,sweeping,7,188,0.050505050505050504,97.40000000000003,0,0.0,26,0.26,100,0.00023427670159435366,18837
hnp,sweeping,7,189,0.05025125628140704,95.10000000000002,1,0.01,30,0.3,100,0.00022284878992650191,18937
hnp,sweeping,7,190,0.05,95.60000000000001,1,0.01,25,0.25,100,0.0004276494889927562,19037
hnp,sweeping,7,191,0.04975124378109452,95.80000000000004,1,0.01,23,0.23,100,0.00022821491380454974,19137
hnp,sweeping,7,192,0.04950495049504951,96.00000000000003,1,0.01,20,0.2,100,0.00018105341914633754,19237
hnp,sweeping,7,193,0.04926108374384236,91.70000000000002,3,0.03,26,0.26,100,0.0002127735488465987,19337
hnp,sweeping,7,194,0.04901960784313726,95.80000000000004,1,0.01,23,0.23,100,0.00018671079535124592,19437
hnp,sweeping,7,195,0.04878048780487805,93.70000000000003,2,0.02,25,0.25,100,0.00024038898140133825,19537
hnp,sweeping,7,196,0.04854368932038835,97.40000000000003,0,0.0,26,0.26,100,0.00025599516455258707,19637
hnp,sweeping,7,197,0.04830917874396135,97.30000000000003,0,0.0,27,0.27,100,0.00020397215557750316,19737
hnp,sweeping,7,198,0.04807692307692307,95.10000000000005,1,0.01,30,0.3,100,0.00023404790925269481,19837
hnp,sweeping,7,199,0.04784688995215311,93.50000000000003,2,0.02,27,0.27,100,0.0003770606650505215,19937
hnp,sweeping,8,0,1.0,78.10000000000001,7,0.07,84,0.84,100,0.10455591489586073,37
hnp,sweeping,8,1,0.9090909090909091,76.90000000000002,8,0.08,79,0.79,100,0.008891629315912723,137
hnp,sweeping,8,2,0.8333333333333334,73.89999999999998,9,0.09,90,0.9,100,0.0059318197274114935,237
hnp,sweeping,8,3,0.7692307692307692,72.0,10,0.1,89,0.89,100,0.002817894348409027,337
hnp,sweeping,8,4,0.7142857142857143,76.4,8,0.08,83,0.83,100,0.001870121780084446,437
hnp,sweeping,8,5,0.6666666666666666,82.4,5,0.05,81,0.81,100,0.0017834276281064377,537
hnp,sweeping,8,6,0.625,73.89999999999999,9,0.09,86,0.86,100,0.0013651957415277138,637
hnp,sweeping,8,7,0.5882352941176471,91.30000000000007,1,0.01,68,0.68,100,0.0012710929609602317,737
hnp,sweeping,8,8,0.5555555555555556,84.70000000000006,4,0.04,76,0.76,100,0.0013990505918627604,837
hnp,sweeping,8,9,0.5263157894736842,82.40000000000005,5,0.05,78,0.78,100,0.0012253353046253323,937
hnp,sweeping,8,10,0.5,79.80000000000001,7,0.07,69,0.69,100,0.0012108704179991036,1037
hnp,sweeping,8,11,0.47619047619047616,83.30000000000003,5,0.05,70,0.7,100,0.0009608649532310664,1137
hnp,sweeping,8,12,0.45454545454545453,78.6,8,0.08,61,0.61,100,0.0012142691525514238,1237
hnp,sweeping,8,13,0.4347826086956522,77.6,8,0.08,70,0.7,100,0.0012256819318281487,1337
hnp,sweeping,8,14,0.4166666666666667,83.30000000000005,5,0.05,71,0.71,100,0.0011699675663840025,1437
hnp,sweeping,8,15,0.4,88.40000000000003,3,0.03,59,0.59,100,0.0008445081769605168,1537
hnp,sweeping,8,16,0.3846153846153846,77.2,9,0.09,54,0.54,100,0.0010543309224885888,1637
hnp,sweeping,8,17,0.37037037037037035,76.5,9,0.09,64,0.64,100,0.0009142092772526666,1737
hnp,sweeping,8,18,0.35714285714285715,84.90000000000005,5,0.05,55,0.55,100,0.0008875200635520741,1837
hnp,sweeping,8,19,0.3448275862068966,79.1,8,0.08,55,0.55,100,0.0008490170483128167,1937
hnp,sweeping,8,20,0.3333333333333333,85.00000000000006,5,0.05,53,0.53,100,0.001017665826366283,2037
hnp,sweeping,8,21,0.3225806451612903,91.20000000000007,2,0.02,49,0.49,100,0.0008041400034562684,2137
hnp,sweeping,8,22,0.3125,84.19999999999999,6,0.06,44,0.44,100,0.0007315460426616482,2237
hnp,sweeping,8,23,0.30303030303030304,86.50000000000007,4,0.04,59,0.59,100,0.001172295189171564,2337
hnp,sweeping,8,24,0.29411764705882354,87.50000000000003,4,0.04,48,0.48,100,0.001083075755450409,2437
hnp,sweeping,8,25,0.2857142857142857,91.60000000000005,2,0.02,44,0.44,100,0.0009389587590703741,2537
hnp,sweeping,8,26,0.2777777777777778,89.70000000000005,3,0.03,46,0.46,100,0.0011417555931257084,2637
hnp,sweeping,8,27,0.27027027027027023,89.20000000000003,3,0.03,49,0.49,100,0.0013563410544884392,2737
hnp,sweeping,8,28,0.2631578947368421,91.30000000000007,2,0.02,48,0.48,100,0.0022832326602656395,2837
hnp,sweeping,8,29,0.25641025641025644,91.30000000000004,2,0.02,49,0.49,100,0.0011698367039207369,2937
hnp,sweeping,8,30,0.25,91.80000000000004,2,0.02,43,0.43,100,0.0008644472240121104,3037
hnp,sweeping,8,31,0.24390243902439027,93.60000000000004,1,0.01,45,0.45,100,0.0007858040832797997,3137
hnp,sweeping,8,32,0.23809523809523808,86.80000000000003,5,0.05,35,0.35,100,0.0007605630441685207,3237
hnp,sweeping,8,33,0.23255813953488372,86.10000000000005,5,0.05,44,0.44,100,0.000755773076962214,3337
hnp,sweeping,8,34,0.22727272727272727,91.80000000000003,2,0.02,44,0.44,100,0.0006828531710198149,3437
hnp,sweeping,8,35,0.2222222222222222,96.70000000000003,0,0.0,33,0.33,100,0.0006015443446813151,3537
hnp,sweeping,8,36,0.2173913043478261,94.80000000000007,1,0.01,32,0.32,100,0.0005612625347566791,3637
hnp,sweeping,8,37,0.2127659574468085,90.70000000000005,3,0.03,35,0.35,100,0.0005490098774316721,3737
hnp,sweeping,8,38,0.20833333333333334,92.00000000000003,2,0.02,42,0.42,100,0.0009176536061568186,3837
hnp,sweeping,8,39,0.2040816326530612,91.10000000000002,3,0.03,30,0.3,100,0.0006812501046806574,3937
hnp,sweeping,8,40,0.2,91.40000000000002,3,0.03,27,0.27,100,0.001222494598478079,4037
hnp,sweeping,8,41,0.19607843137254904,89.00000000000001,4,0.04,34,0.34,100,0.0008313029003329575,4137
hnp,sweeping,8,42,0.1923076923076923,90.80000000000003,3,0.03,35,0.35,100,0.0006573169873445295,4237
hnp,sweeping,8,43,0.18867924528301888,91.50000000000004,3,0.03,27,0.27,100,0.0005554047258920036,4337
hnp,sweeping,8,44,0.18518518518518517,92.10000000000004,2,0.02,41,0.41,100,0.0006180180766386912,4437
hnp,sweeping,8,45,0.18181818181818182,96.90000000000006,0,0.0,31,0.31,100,0.0006894806955824606,4537
hnp,sweeping,8,46,0.17857142857142858,91.10000000000004,3,0.03,31,0.31,100,0.0006080715270945802,4637
hnp,sweeping,8,47,0.17543859649122806,90.20000000000007,3,0.03,40,0.4,100,0.0009675325095304288,4737
hnp,sweeping,8,48,0.1724137931034483,91.00000000000001,3,0.03,33,0.33,100,0.0007510966551490128,4837
hnp,sweeping,8,49,0.1694915254237288,92.90000000000003,2,0.02,33,0.33,100,0.000560160176246427,4937
hnp,sweeping,8,50,0.16666666666666666,92.50000000000003,2,0.02,36,0.36,100,0.0005775924838962964,5037
hnp,sweeping,8,51,0.1639344262295082,93.30000000000004,2,0.02,28,0.28,100,0.0004976785785402171,5137
hnp,sweeping,8,52,0.16129032258064516,95.10000000000005,1,0.01,30,0.3,100,0.0009361136684310623,5237
hnp,sweeping,8,53,0.15873015873015872,94.70000000000003,1,0.01,34,0.34,100,0.0008973096188856288,5337
hnp,sweeping,8,54,0.15625,96.30000000000007,0,0.0,37,0.37,100,0.0007825138216139749,5437
hnp,sweeping,8,55,0.15384615384615385,94.60000000000004,1,0.01,35,0.35,100,0.0006705498724477366,5537
hnp,sweeping,8,56,0.15151515151515152,92.90000000000003,2,0.02,32,0.32,100,0.0006143105422961526,5637
hnp,sweeping,8,57,0.14925373134328357,93.60000000000002,2,0.02,25,0.25,100,0.0007267882360611111,5737
hnp,sweeping,8,58,0.14705882352941177,97.00000000000003,0,0.0,30,0.3,100,0.0005240639374824241,5837
hnp,sweeping,8,59,0.14492753623188406,91.10000000000004,3,0.03,31,0.31,100,0.00044334045320283623,5937
hnp,sweeping,8,60,0.14285714285714285,95.00000000000003,1,0.01,31,0.31,100,0.00045816190831828865,6037
hnp,sweeping,8,61,0.14084507042253522,94.70000000000005,1,0.01,33,0.33,100,0.0006807849634787999,6137
hnp,sweeping,8,62,0.1388888888888889,96.80000000000007,0,0.0,32,0.32,100,0.0006216840265551582,6237
hnp,sweeping,8,63,0.136986301369863,85.10000000000002,6,0.06,34,0.34,100,0.0006344997312407941,6337
hnp,sweeping,8,64,0.13513513513513511,94.70000000000005,1,0.01,34,0.34,100,0.0006497193264658563,6437
hnp,sweeping,8,65,0.13333333333333333,87.20000000000002,5,0.05,33,0.33,100,0.0004816405675956048,6537
hnp,sweeping,8,66,0.13157894736842105,93.30000000000004,2,0.02,29,0.29,100,0.0003763883624924347,6637
hnp,sweeping,8,67,0.12987012987012986,94.80000000000004,1,0.01,33,0.33,100,0.0008661671433947049,6737
hnp,sweeping,8,68,0.12820512820512822,94.90000000000003,1,0.01,32,0.32,100,0.0006387130008079112,6837
hnp,sweeping,8,69,0.12658227848101264,93.60000000000004,2,0.02,25,0.25,100,0.000522617430833634,6937
hnp,sweeping,8,70,0.125,93.90000000000003,2,0.02,23,0.23,100,0.0004444391280412674,7037
hnp,sweeping,8,71,0.1234567901234568,93.70000000000003,2,0.02,24,0.24,100,0.00039122830639826134,7137
hnp,sweeping,8,72,0.12195121951219513,93.40000000000002,2,0.02,28,0.28,100,0.0003749758048797958,7237
hnp,sweeping,8,73,0.12048192771084336,91.20000000000002,3,0.03,29,0.29,100,0.00046615426166681575,7337
hnp,sweeping,8,74,0.11904761904761904,93.70000000000002,2,0.02,25,0.25,100,0.00044008447395754046,7437
hnp,sweeping,8,75,0.11764705882352941,91.40000000000003,3,0.03,28,0.28,100,0.0004285991813230794,7537
hnp,sweeping,8,76,0.11627906976744186,93.20000000000005,2,0.02,30,0.3,100,0.0004810830802307464,7637
hnp,sweeping,8,77,0.1149425287356322,95.50000000000003,1,0.01,26,0.26,100,0.0006750349517096765,7737
hnp,sweeping,8,78,0.11363636363636363,93.20000000000003,2,0.02,30,0.3,100,0.00045809386938344687,7837
hnp,sweeping,8,79,0.11235955056179775,97.10000000000005,0,0.0,29,0.29,100,0.0004378028951759916,7937
hnp,sweeping,8,80,0.1111111111111111,93.60000000000002,2,0.02,26,0.26,100,0.00046923534435336475,8037
hnp,sweeping,8,81,0.10989010989010989,93.10000000000004,2,0.02,31,0.31,100,0.0004886238616018091,8137
hnp,sweeping,8,82,0.10869565217391305,92.90000000000008,2,0.02,33,0.33,100,0.0007504510076250881,8237
hnp,sweeping,8,83,0.1075268817204301,95.40000000000003,1,0.01,26,0.26,100,0.00047596829332178457,8337
hnp,sweeping,8,84,0.10638297872340426,92.80000000000004,2,0.02,32,0.32,100,0.0005904791079228744,8437
hnp,sweeping,8,85,0.10526315789473684,94.70000000000002,1,0.01,34,0.34,100,0.0008213933632941916,8537
hnp,sweeping,8,86,0.10416666666666667,92.30000000000005,2,0.02,38,0.38,100,0.0017182284471346065,8637
hnp,sweeping,8,87,0.10309278350515465,92.60000000000002,2,0.02,35,0.35,100,0.0009812661266187207,8737
hnp,sweeping,8,88,0.1020408163265306,97.20000000000005,0,0.0,28,0.28,100,0.0006072490834048949,8837
hnp,sweeping,8,89,0.10101010101010101,91.70000000000003,3,0.03,24,0.24,100,0.0005522057505731936,8937
hnp,sweeping,8,90,0.1,91.40000000000002,3,0.03,28,0.28,100,0.0004734064771037083,9037
hnp,sweeping,8,91,0.09900990099009901,95.30000000000001,1,0.01,27,0.27,100,0.0003751735034165904,9137
hnp,sweeping,8,92,0.09803921568627452,97.00000000000004,0,0.0,30,0.3,100,0.0003987918839266058,9237
hnp,sweeping,8,93,0.0970873786407767,95.80000000000001,1,0.01,23,0.23,100,0.0003339988988591358,9337
hnp,sweeping,8,94,0.09615384615384615,97.50000000000003,0,0.0,25,0.25,100,0.00031057457163115033,9437
hnp,sweeping,8,95,0.09523809523809523,92.80000000000003,2,0.02,33,0.33,100,0.00030749541692784985,9537
hnp,sweeping,8,96,0.09433962264150944,96.80000000000004,0,0.0,32,0.32,100,0.000279607589909574,9637
hnp,sweeping,8,97,0.09345794392523366,97.10000000000004,0,0.0,29,0.29,100,0.00044389784467057324,9737
hnp,sweeping,8,98,0.09259259259259259,95.60000000000002,1,0.01,25,0.25,100,0.000614915412152186,9837
hnp,sweeping,8,99,0.09174311926605504,95.00000000000003,1,0.01,31,0.31,100,0.000352418366674101,9937
hnp,sweeping,8,100,0.09090909090909091,96.40000000000003,0,0.0,36,0.36,100,0.0004878416302381083,10037
hnp,sweeping,8,101,0.0900900900900901,97.30000000000004,0,0.0,27,0.27,100,0.0003403373513719998,10137
hnp,sweeping,8,102,0.08928571428571429,96.40000000000005,0,0.0,36,0.36,100,0.00031956383587385063,10237
hnp,sweeping,8,103,0.08849557522123894,89.50000000000001,4,0.04,28,0.28,100,0.00033661700203083453,10337
hnp,sweeping,8,104,0.08771929824561403,95.40000000000003,1,0.01,26,0.26,100,0.0007673341348709072,10437
hnp,sweeping,8,105,0.08695652173913043,97.00000000000004,0,0.0,30,0.3,100,0.0004301427389145829,10537
hnp,sweeping,8,106,0.08620689655172414,94.80000000000004,1,0.01,32,0.32,100,0.0003277721175982151,10637
hnp,sweeping,8,107,0.08547008547008547,91.70000000000002,3,0.03,25,0.25,100,0.0003257738827960566,10737
hnp,sweeping,8,108,0.0847457627118644,95.10000000000004,1,0.01,30,0.3,100,0.0003079507450456731,10837
hnp,sweeping,8,109,0.08403361344537814,97.10000000000002,0,0.0,29,0.29,100,0.00030884631691151297,10937
hnp,sweeping,8,110,0.08333333333333333,95.50000000000003,1,0.01,26,0.26,100,0.00026566581866063646,11037
hnp,sweeping,8,111,0.08264462809917356,95.70000000000003,1,0.01,24,0.24,100,0.00021666516520781442,11137
hnp,sweeping,8,112,0.0819672131147541,95.40000000000006,1,0.01,26,0.26,100,0.0005360307414957788,11237
hnp,sweeping,8,113,0.08130081300813008,95.10000000000002,1,0.01,30,0.3,100,0.0006606849390664137,11337
hnp,sweeping,8,114,0.08064516129032258,95.50000000000004,1,0.01,25,0.25,100,0.0005232851376058534,11437
hnp,sweeping,8,115,0.08,93.70000000000003,2,0.02,25,0.25,100,0.0008667772565968335,11537
hnp,sweeping,8,116,0.07936507936507936,95.70000000000002,1,0.01,24,0.24,100,0.00030153061234159393,11637
hnp,sweeping,8,117,0.07874015748031496,96.90000000000006,0,0.0,31,0.31,100,0.0013671894352592063,11737
hnp,sweeping,8,118,0.078125,97.30000000000005,0,0.0,27,0.27,100,0.0010615885774313937,11837
hnp,sweeping,8,119,0.07751937984496124,97.40000000000003,0,0.0,26,0.26,100,0.000710861932602711,11937
hnp,sweeping,8,120,0.07692307692307693,97.20000000000002,0,0.0,28,0.28,100,0.00038092086106189527,12037
hnp,sweeping,8,121,0.07633587786259542,97.90000000000003,0,0.0,21,0.21,100,0.00028803515459003393,12137
hnp,sweeping,8,122,0.07575757575757576,91.20000000000002,3,0.03,30,0.3,100,0.0007154630339937285,12237
hnp,sweeping,8,123,0.07518796992481203,95.90000000000003,1,0.01,22,0.22,100,0.0003341791192360688,12337
hnp,sweeping,8,124,0.07462686567164178,90.1,4,0.04,21,0.21,100,0.00027350573102012275,12437
hnp,sweeping,8,125,0.07407407407407407,93.30000000000003,2,0.02,29,0.29,100,0.0010725071388878859,12537
hnp,sweeping,8,126,0.07352941176470588,97.30000000000003,0,0.0,27,0.27,100,0.00039825898129493,12637
hnp,sweeping,8,127,0.07299270072992702,95.10000000000001,1,0.01,30,0.3,100,0.001496592398325447,12737
hnp,sweeping,8,128,0.07246376811594203,94.20000000000005,1,0.01,39,0.39,100,0.0014284050138667227,12837
hnp,sweeping,8,129,0.07194244604316546,94.90000000000005,1,0.01,32,0.32,100,0.0008366043906426057,12937
hnp,sweeping,8,130,0.07142857142857142,95.30000000000004,1,0.01,28,0.28,100,0.0018904875675798394,13037
hnp,sweeping,8,131,0.07092198581560284,97.30000000000004,0,0.0,27,0.27,100,0.0004400279298715759,13137
hnp,sweeping,8,132,0.07042253521126761,93.40000000000002,2,0.02,28,0.28,100,0.0015126371043152175,13237
hnp,sweeping,8,133,0.06993006993006992,93.40000000000002,2,0.02,27,0.27,100,0.000600841412669979,13337
hnp,sweeping,8,134,0.06944444444444445,96.80000000000005,0,0.0,32,0.32,100,0.001083883526007412,13437
hnp,sweeping,8,135,0.06896551724137931,97.50000000000004,0,0.0,25,0.25,100,0.000452187371411128,13537
hnp,sweeping,8,136,0.0684931506849315,95.00000000000003,1,0.01,31,0.31,100,0.0007166500511812047,13637
hnp,sweeping,8,137,0.06802721088435375,96.30000000000003,0,0.0,37,0.37,100,0.0004785477516998071,13737
hnp,sweeping,8,138,0.06756756756756756,95.20000000000005,1,0.01,28,0.28,100,0.0012578372441930696,13837
hnp,sweeping,8,139,0.06711409395973154,97.00000000000003,0,0.0,30,0.3,100,0.0007615582946164068,13937
hnp,sweeping,8,140,0.06666666666666667,91.80000000000001,3,0.03,25,0.25,100,0.0004485699687211309,14037
hnp,sweeping,8,141,0.06622516556291391,94.10000000000005,1,0.01,40,0.4,100,0.0003720970627909992,14137
hnp,sweeping,8,142,0.06578947368421052,95.20000000000005,1,0.01,28,0.28,100,0.00039173262819531374,14237
hnp,sweeping,8,143,0.06535947712418301,97.40000000000003,0,0.0,26,0.26,100,0.00042601814173394816,14337
hnp,sweeping,8,144,0.06493506493506493,95.20000000000003,1,0.01,29,0.29,100,0.0006053110350330826,14437
hnp,sweeping,8,145,0.06451612903225806,95.20000000000002,1,0.01,28,0.28,100,0.0003072903203428723,14537
hnp,sweeping,8,146,0.06410256410256411,95.50000000000004,1,0.01,26,0.26,100,0.00030027875996893274,14637
hnp,sweeping,8,147,0.06369426751592357,97.40000000000003,0,0.0,26,0.26,100,0.000404176000301959,14737
hnp,sweeping,8,148,0.06329113924050632,95.10000000000005,1,0.01,30,0.3,100,0.0006290979811456054,14837
hnp,sweeping,8,149,0.06289308176100629,96.90000000000005,0,0.0,31,0.31,100,0.00029579782087239435,14937
hnp,sweeping,8,150,0.0625,95.20000000000005,1,0.01,28,0.28,100,0.0008541651096311398,15037
hnp,sweeping,8,151,0.06211180124223602,94.10000000000002,1,0.01,40,0.4,100,0.0008623964976868593,15137
hnp,sweeping,8,152,0.0617283950617284,97.10000000000007,0,0.0,29,0.29,100,0.0006030856099096127,15237
hnp,sweeping,8,153,0.06134969325153374,97.50000000000003,0,0.0,25,0.25,100,0.0003132967842975631,15337
hnp,sweeping,8,154,0.06097560975609757,95.50000000000004,1,0.01,25,0.25,100,0.0002582865793374367,15437
hnp,sweeping,8,155,0.06060606060606061,96.90000000000003,0,0.0,31,0.31,100,0.0002551909232715843,15537
hnp,sweeping,8,156,0.06024096385542168,95.10000000000002,1,0.01,30,0.3,100,0.0002957604316179641,15637
hnp,sweeping,8,157,0.059880239520958084,97.00000000000006,0,0.0,30,0.3,100,0.00032695200679881963,15737
hnp,sweeping,8,158,0.05952380952380952,97.50000000000003,0,0.0,25,0.25,100,0.000375284528490738,15837
hnp,sweeping,8,159,0.0591715976331361,97.30000000000003,0,0.0,27,0.27,100,0.00030300686667033004,15937
hnp,sweeping,8,160,0.058823529411764705,95.70000000000005,1,0.01,24,0.24,100,0.0003615594248549314,16037
hnp,sweeping,8,161,0.05847953216374269,97.30000000000004,0,0.0,27,0.27,100,0.0003214711173495743,16137
hnp,sweeping,8,162,0.05813953488372093,93.90000000000002,2,0.02,23,0.23,100,0.0003700965642929077,16237
hnp,sweeping,8,163,0.057803468208092484,97.90000000000002,0,0.0,21,0.21,100,0.00040002224959607703,16337
hnp,sweeping,8,164,0.0574712643678161,97.20000000000002,0,0.0,28,0.28,100,0.00031741745755425654,16437
hnp,sweeping,8,165,0.05714285714285714,95.60000000000002,1,0.01,25,0.25,100,0.0002612615324323997,16537
hnp,sweeping,8,166,0.056818181818181816,97.40000000000003,0,0.0,26,0.26,100,0.0002596743709000293,16637
hnp,sweeping,8,167,0.05649717514124294,95.50000000000006,1,0.01,25,0.25,100,0.00036764018906978893,16737
hnp,sweeping,8,168,0.056179775280898875,95.10000000000005,1,0.01,30,0.3,100,0.0003048969049268635,16837
hnp,sweeping,8,169,0.0558659217877095,95.10000000000004,1,0.01,29,0.29,100,0.0003234300617623376,16937
hnp,sweeping,8,170,0.05555555555555555,95.60000000000002,1,0.01,25,0.25,100,0.0003247802545229206,17037
hnp,sweeping,8,171,0.055248618784530384,93.70000000000002,2,0.02,25,0.25,100,0.0005244636353745591,17137
hnp,sweeping,8,172,0.054945054945054944,97.50000000000004,0,0.0,25,0.25,100,0.0004250781992595876,17237
hnp,sweeping,8,173,0.0546448087431694,92.00000000000003,3,0.03,22,0.22,100,0.00025077065532968845,17337
hnp,sweeping,8,174,0.05434782608695653,97.10000000000002,0,0.0,29,0.29,100,0.00023724492486508098,17437
hnp,sweeping,8,175,0.05405405405405406,95.60000000000004,1,0.01,25,0.25,100,0.00031943624970153905,17537
hnp,sweeping,8,176,0.05376344086021505,95.80000000000007,0,0.0,42,0.42,100,0.0017122347530676052,17637
hnp,sweeping,8,177,0.053475935828877004,91.60000000000002,2,0.02,46,0.46,100,0.0011550851864740252,17737
hnp,sweeping,8,178,0.05319148936170213,92.90000000000003,2,0.02,33,0.33,100,0.0005074488928948995,17837
hnp,sweeping,8,179,0.052910052910052914,97.60000000000002,0,0.0,24,0.24,100,0.0006319026475830469,17937
hnp,sweeping,8,180,0.05263157894736842,95.70000000000002,1,0.01,23,0.23,100,0.0008095332569791935,18037
hnp,sweeping,8,181,0.05235602094240837,95.70000000000002,1,0.01,23,0.23,100,0.0005383849883219227,18137
hnp,sweeping,8,182,0.052083333333333336,97.80000000000004,0,0.0,22,0.22,100,0.000326504887198098,18237
hnp,sweeping,8,183,0.05181347150259067,95.40000000000003,1,0.01,27,0.27,100,0.00029954850717331285,18337
hnp,sweeping,8,184,0.051546391752577324,97.40000000000003,0,0.0,26,0.26,100,0.0009632806206354872,18437
hnp,sweeping,8,185,0.05128205128205128,92.30000000000004,2,0.02,39,0.39,100,0.0015898735824157483,18537
hnp,sweeping,8,186,0.0510204081632653,91.80000000000003,3,0.03,24,0.24,100,0.0004261508748459164,18637
hnp,sweeping,8,187,0.050761421319796954,97.70000000000003,0,0.0,23,0.23,100,0.0003176550324860727,18737
hnp,sweeping,8,188,0.050505050505050504,97.60000000000002,0,0.0,24,0.24,100,0.00022996683655946982,18837
hnp,sweeping,8,189,0.05025125628140704,97.50000000000006,0,0.0,25,0.25,100,0.00024010933564568403,18937
hnp,sweeping,8,190,0.05,97.60000000000002,0,0.0,24,0.24,100,0.0002099697538142209,19037
hnp,sweeping,8,191,0.04975124378109452,97.00000000000006,0,0.0,30,0.3,100,0.0002802315314329462,19137
hnp,sweeping,8,192,0.04950495049504951,93.50000000000003,2,0.02,26,0.26,100,0.0002991090626164805,19237
hnp,sweeping,8,193,0.04926108374384236,97.40000000000003,0,0.0,26,0.26,100,0.00025871119112707674,19337
hnp,sweeping,8,194,0.04901960784313726,95.40000000000002,1,0.01,27,0.27,100,0.0006331353934365324,19437
hnp,sweeping,8,195,0.04878048780487805,97.40000000000003,0,0.0,26,0.26,100,0.00038983321937848816,19537
hnp,sweeping,8,196,0.04854368932038835,97.00000000000003,0,0.0,30,0.3,100,0.000600465788738802,19637
hnp,sweeping,8,197,0.04830917874396135,97.10000000000004,0,0.0,29,0.29,100,0.0005963886981771794,19737
hnp,sweeping,8,198,0.04807692307692307,95.60000000000005,1,0.01,25,0.25,100,0.000498760502305231,19837
hnp,sweeping,8,199,0.04784688995215311,97.70000000000003,0,0.0,23,0.23,100,0.0008136944814759773,19937
hnp,sweeping,9,0,1.0,64.19999999999992,14,0.14,91,0.91,100,0.09713701916405477,37
hnp,sweeping,9,1,0.9090909090909091,80.30000000000001,6,0.06,83,0.83,100,0.009395276478026062,137
hnp,sweeping,9,2,0.8333333333333334,70.19999999999996,11,0.11,87,0.87,100,0.0029009320482145996,237
hnp,sweeping,9,3,0.7692307692307692,70.09999999999997,11,0.11,87,0.87,100,0.0018227154912892729,337
hnp,sweeping,9,4,0.7142857142857143,74.90000000000002,9,0.09,76,0.76,100,0.0015870799036929383,437
hnp,sweeping,9,5,0.6666666666666666,76.60000000000001,8,0.08,82,0.82,100,0.0016595498146489262,537
hnp,sweeping,9,6,0.625,86.50000000000006,3,0.03,78,0.78,100,0.001452155796578154,637
hnp,sweeping,9,7,0.5882352941176471,78.30000000000001,7,0.07,83,0.83,100,0.0012930847884854303,737
hnp,sweeping,9,8,0.5555555555555556,71.49999999999999,11,0.11,76,0.76,100,0.001254511855659075,837
hnp,sweeping,9,9,0.5263157894736842,73.99999999999999,10,0.1,68,0.68,100,0.0010817562160082162,937
hnp,sweeping,9,10,0.5,84.70000000000005,4,0.04,77,0.77,100,0.0011314514797413722,1037
hnp,sweeping,9,11,0.47619047619047616,87.40000000000006,3,0.03,69,0.69,100,0.0010877861600602045,1137
hnp,sweeping,9,12,0.45454545454545453,84.40000000000003,5,0.05,61,0.61,100,0.0008588166336994618,1237
hnp,sweeping,9,13,0.4347826086956522,78.30000000000001,8,0.08,64,0.64,100,0.0009773958037840203,1337
hnp,sweeping,9,14,0.4166666666666667,84.30000000000004,5,0.05,61,0.61,100,0.0010098099926835857,1437
hnp,sweeping,9,15,0.4,80.4,7,0.07,63,0.63,100,0.0009112141301739029,1537
hnp,sweeping,9,16,0.3846153846153846,86.60000000000007,4,0.04,58,0.58,100,0.0010717512579867616,1637
hnp,sweeping,9,17,0.37037037037037035,86.90000000000005,4,0.04,55,0.55,100,0.0017891327617689968,1737
hnp,sweeping,9,18,0.35714285714285715,87.10000000000002,4,0.04,53,0.53,100,0.0012189305701758712,1837
hnp,sweeping,9,19,0.3448275862068966,84.30000000000004,5,0.05,62,0.62,100,0.0009251768095418811,1937
hnp,sweeping,9,20,0.3333333333333333,81.80000000000003,7,0.07,48,0.48,100,0.0007110267397365533,2037
hnp,sweeping,9,21,0.3225806451612903,89.8,3,0.03,45,0.45,100,0.0014167076483136043,2137
hnp,sweeping,9,22,0.3125,87.20000000000003,4,0.04,52,0.52,100,0.0011267114532529376,2237
hnp,sweeping,9,23,0.30303030303030304,85.80000000000001,5,0.05,47,0.47,100,0.0009941455029184,2337
hnp,sweeping,9,24,0.29411764705882354,93.80000000000005,1,0.01,43,0.43,100,0.0010857961789588445,2437
hnp,sweeping,9,25,0.2857142857142857,93.10000000000005,1,0.01,49,0.49,100,0.0008511350239859893,2537
hnp,sweeping,9,26,0.2777777777777778,87.80000000000004,4,0.04,46,0.46,100,0.001320404329453595,2637
hnp,sweeping,9,27,0.27027027027027023,93.90000000000006,1,0.01,42,0.42,100,0.0007655827884445898,2737
hnp,sweeping,9,28,0.2631578947368421,87.00000000000001,5,0.05,34,0.34,100,0.0007232170831412077,2837
hnp,sweeping,9,29,0.25641025641025644,89.90000000000002,3,0.03,44,0.44,100,0.0006749668167321943,2937
hnp,sweeping,9,30,0.25,89.60000000000005,3,0.03,47,0.47,100,0.000746521431428846,3037
hnp,sweeping,9,31,0.24390243902439027,94.40000000000006,1,0.01,37,0.37,100,0.0008305371485766954,3137
hnp,sweeping,9,32,0.23809523809523808,86.20000000000005,5,0.05,41,0.41,100,0.0007424263528082519,3237
hnp,sweeping,9,33,0.23255813953488372,88.40000000000002,4,0.04,40,0.4,100,0.0005834222724661231,3337
hnp,sweeping,9,34,0.22727272727272727,94.80000000000003,1,0.01,33,0.33,100,0.0006233906024135649,3437
hnp,sweeping,9,35,0.2222222222222222,84.30000000000004,6,0.06,41,0.41,100,0.0005466868911753409,3537
hnp,sweeping,9,36,0.2173913043478261,92.40000000000002,2,0.02,37,0.37,100,0.0005517273640725761,3637
hnp,sweeping,9,37,0.2127659574468085,92.80000000000003,2,0.02,33,0.33,100,0.0007416828846908175,3737
hnp,sweeping,9,38,0.20833333333333334,86.80000000000003,5,0.05,37,0.37,100,0.0009348602953832597,3837
hnp,sweeping,9,39,0.2040816326530612,91.10000000000001,3,0.03,32,0.32,100,0.0006618051722762175,3937
hnp,sweeping,9,40,0.2,92.10000000000004,2,0.02,41,0.41,100,0.0005690904567018151,4037
hnp,sweeping,9,41,0.19607843137254904,96.90000000000006,0,0.0,31,0.31,100,0.0006736043535056524,4137
hnp,sweeping,9,42,0.1923076923076923,90.70000000000005,3,0.03,35,0.35,100,0.0005671341414563357,4237
hnp,sweeping,9,43,0.18867924528301888,92.10000000000004,2,0.02,40,0.4,100,0.0006244104771758429,4337
hnp,sweeping,9,44,0.18518518518518517,90.70000000000003,3,0.03,36,0.36,100,0.0007398927668691613,4437
hnp,sweeping,9,45,0.18181818181818182,91.20000000000003,3,0.03,30,0.3,100,0.000582684128312394,4537
hnp,sweeping,9,46,0.17857142857142858,88.50000000000003,4,0.04,38,0.38,100,0.0007690932333935053,4637
hnp,sweeping,9,47,0.17543859649122806,94.80000000000005,1,0.01,33,0.33,100,0.000619145319215022,4737
hnp,sweeping,9,48,0.1724137931034483,90.70000000000003,3,0.03,36,0.36,100,0.0013720135897165163,4837
hnp,sweeping,9,49,0.1694915254237288,91.80000000000003,2,0.02,43,0.43,100,0.0006939655108726584,4937
hnp,sweeping,9,50,0.16666666666666666,94.70000000000006,1,0.01,34,0.34,100,0.0005586949527787511,5037
hnp,sweeping,9,51,0.1639344262295082,92.70000000000005,2,0.02,35,0.35,100,0.00042771529071615076,5137
hnp,sweeping,9,52,0.16129032258064516,93.10000000000002,2,0.02,30,0.3,100,0.0005191733586252667,5237
hnp,sweeping,9,53,0.15873015873015872,91.20000000000005,3,0.03,31,0.31,100,0.0006962282716995106,5337
hnp,sweeping,9,54,0.15625,93.00000000000004,2,0.02,31,0.31,100,0.0006096066551981494,5437
hnp,sweeping,9,55,0.15384615384615385,94.90000000000006,1,0.01,31,0.31,100,0.0005371330500929616,5537
hnp,sweeping,9,56,0.15151515151515152,90.50000000000003,3,0.03,37,0.37,100,0.00047205514871166086,5637
hnp,sweeping,9,57,0.14925373134328357,92.50000000000004,2,0.02,36,0.36,100,0.00037162633074331095,5737
hnp,sweeping,9,58,0.14705882352941177,96.40000000000003,0,0.0,36,0.36,100,0.0005873754897038452,5837
hnp,sweeping,9,59,0.14492753623188406,90.70000000000002,3,0.03,36,0.36,100,0.0011127286561531946,5937
hnp,sweeping,9,60,0.14285714285714285,90.70000000000003,3,0.03,33,0.33,100,0.0007900355121819302,6037
hnp,sweeping,9,61,0.14084507042253522,93.20000000000007,1,0.01,49,0.49,100,0.0021124388801399617,6137
hnp,sweeping,9,62,0.1388888888888889,92.90000000000003,2,0.02,33,0.33,100,0.0007124609182938002,6237
hnp,sweeping,9,63,0.136986301369863,96.80000000000003,0,0.0,32,0.32,100,0.00045620654243975876,6337
hnp,sweeping,9,64,0.13513513513513511,91.50000000000003,3,0.03,27,0.27,100,0.0004661880682397168,6437
hnp,sweeping,9,65,0.13333333333333333,89.00000000000006,4,0.04,34,0.34,100,0.00039671980965067633,6537
hnp,sweeping,9,66,0.13157894736842105,95.00000000000003,1,0.01,30,0.3,100,0.00037678016829886476,6637
hnp,sweeping,9,67,0.12987012987012986,93.40000000000003,2,0.02,28,0.28,100,0.0004503390750323888,6737
hnp,sweeping,9,68,0.12820512820512822,95.10000000000002,1,0.01,29,0.29,100,0.00041938212176319213,6837
hnp,sweeping,9,69,0.12658227848101264,91.4,3,0.03,29,0.29,100,0.0007414978963788598,6937
hnp,sweeping,9,70,0.125,95.30000000000004,1,0.01,28,0.28,100,0.0005111010011751205,7037
hnp,sweeping,9,71,0.1234567901234568,94.80000000000004,1,0.01,33,0.33,100,0.00042156781230005434,7137
hnp,sweeping,9,72,0.12195121951219513,95.20000000000005,1,0.01,29,0.29,100,0.0002846303259138949,7237
hnp,sweeping,9,73,0.12048192771084336,95.50000000000006,0,0.0,45,0.45,100,0.0010629480516945477,7337
hnp,sweeping,9,74,0.11904761904761904,87.40000000000002,4,0.04,49,0.49,100,0.0016984846210107208,7437
hnp,sweeping,9,75,0.11764705882352941,95.10000000000002,1,0.01,29,0.29,100,0.0006126948079327122,7537
hnp,sweeping,9,76,0.11627906976744186,97.10000000000004,0,0.0,29,0.29,100,0.0004441818603663705,7637
hnp,sweeping,9,77,0.1149425287356322,95.60000000000005,1,0.01,25,0.25,100,0.00034236122883157805,7737
hnp,sweeping,9,78,0.11363636363636363,95.20000000000005,1,0.01,28,0.28,100,0.0005203419202007353,7837
hnp,sweeping,9,79,0.11235955056179775,96.60000000000005,0,0.0,34,0.34,100,0.000680684580875095,7937
hnp,sweeping,9,80,0.1111111111111111,88.9,4,0.04,35,0.35,100,0.0006175275632995181,8037
hnp,sweeping,9,81,0.10989010989010989,92.80000000000004,2,0.02,34,0.34,100,0.0007788469710794743,8137
hnp,sweeping,9,82,0.10869565217391305,94.80000000000004,1,0.01,33,0.33,100,0.0004863520871731453,8237
hnp,sweeping,9,83,0.1075268817204301,96.90000000000003,0,0.0,31,0.31,100,0.0005002767017867882,8337
hnp,sweeping,9,84,0.10638297872340426,95.30000000000003,1,0.01,28,0.28,100,0.0003852806046779733,8437
hnp,sweeping,9,85,0.10526315789473684,97.00000000000006,0,0.0,30,0.3,100,0.00029880802001571284,8537
hnp,sweeping,9,86,0.10416666666666667,97.40000000000003,0,0.0,26,0.26,100,0.00031727721347124316,8637
hnp,sweeping,9,87,0.10309278350515465,95.10000000000004,1,0.01,30,0.3,100,0.0005454803897009697,8737
hnp,sweeping,9,88,0.1020408163265306,95.30000000000004,1,0.01,28,0.28,100,0.0005979263546760194,8837
hnp,sweeping,9,89,0.10101010101010101,95.10000000000004,1,0.01,30,0.3,100,0.0003263302962295711,8937
hnp,sweeping,9,90,0.1,94.90000000000005,1,0.01,32,0.32,100,0.0007592211311566643,9037
hnp,sweeping,9,91,0.09900990099009901,89.30000000000001,4,0.04,31,0.31,100,0.0008112814649939537,9137
hnp,sweeping,9,92,0.09803921568627452,93.60000000000002,2,0.02,25,0.25,100,0.00040643262036610395,9237
hnp,sweeping,9,93,0.0970873786407767,93.60000000000002,2,0.02,26,0.26,100,0.0002822311564523261,9337
hnp,sweeping,9,94,0.09615384615384615,95.30000000000003,1,0.01,28,0.28,100,0.0003006578483473277,9437
hnp,sweeping,9,95,0.09523809523809523,93.60000000000002,2,0.02,26,0.26,100,0.0002996908397471998,9537
hnp,sweeping,9,96,0.09433962264150944,97.50000000000003,0,0.0,25,0.25,100,0.0002917691734910477,9637
hnp,sweeping,9,97,0.09345794392523366,91.40000000000003,3,0.03,29,0.29,100,0.00025403609513887206,9737
hnp,sweeping,9,98,0.09259259259259259,92.80000000000001,2,0.02,34,0.34,100,0.00030610572357545605,9837
hnp,sweeping,9,99,0.09174311926605504,97.00000000000003,0,0.0,30,0.3,100,0.00029795546637615187,9937
hnp,sweeping,9,100,0.09090909090909091,97.40000000000003,0,0.0,26,0.26,100,0.0003555875415622722,10037
hnp,sweeping,9,101,0.0900900900900901,95.10000000000004,1,0.01,29,0.29,100,0.0005695154778368306,10137
hnp,sweeping,9,102,0.08928571428571429,94.80000000000004,1,0.01,33,0.33,100,0.0010095617303159088,10237
hnp,sweeping,9,103,0.08849557522123894,96.60000000000005,0,0.0,34,0.34,100,0.0029561757235205734,10337
hnp,sweeping,9,104,0.08771929824561403,92.90000000000003,2,0.02,33,0.33,100,0.002138325023697689,10437
hnp,sweeping,9,105,0.08695652173913043,94.50000000000003,1,0.01,35,0.35,100,0.0023428955679992212,10537
hnp,sweeping,9,106,0.08620689655172414,92.90000000000002,2,0.02,32,0.32,100,0.0011366307592834345,10637
hnp,sweeping,9,107,0.08547008547008547,96.90000000000003,0,0.0,31,0.31,100,0.0012246548439725303,10737
hnp,sweeping,9,108,0.0847457627118644,95.20000000000002,1,0.01,28,0.28,100,0.0005627567079500295,10837
hnp,sweeping,9,109,0.08403361344537814,95.4,1,0.01,27,0.27,100,0.0005154678641702048,10937
hnp,sweeping,9,110,0.08333333333333333,97.70000000000003,0,0.0,23,0.23,100,0.0005310515228484292,11037
hnp,sweeping,9,111,0.08264462809917356,92.50000000000003,2,0.02,37,0.37,100,0.0003649684283300303,11137
hnp,sweeping,9,112,0.0819672131147541,95.70000000000002,1,0.01,24,0.24,100,0.00030924331047572196,11237
hnp,sweeping,9,113,0.08130081300813008,95.20000000000003,1,0.01,29,0.29,100,0.00027136168326251207,11337
hnp,sweeping,9,114,0.08064516129032258,93.30000000000004,2,0.02,29,0.29,100,0.0002909848243871238,11437
hnp,sweeping,9,115,0.08,94.90000000000003,1,0.01,32,0.32,100,0.00037288508014171384,11537
hnp,sweeping,9,116,0.07936507936507936,95.70000000000005,1,0.01,23,0.23,100,0.0007288614356366452,11637
hnp,sweeping,9,117,0.07874015748031496,97.40000000000003,0,0.0,26,0.26,100,0.0005380541473277845,11737
hnp,sweeping,9,118,0.078125,96.30000000000004,0,0.0,37,0.37,100,0.0005632975581102073,11837
hnp,sweeping,9,119,0.07751937984496124,95.60000000000004,1,0.01,25,0.25,100,0.000393490760907298,11937
hnp,sweeping,9,120,0.07692307692307693,97.60000000000002,0,0.0,24,0.24,100,0.00034766997210681436,12037
hnp,sweeping,9,121,0.07633587786259542,97.10000000000002,0,0.0,29,0.29,100,0.00032170397200388835,12137
hnp,sweeping,9,122,0.07575757575757576,96.60000000000002,0,0.0,34,0.34,100,0.0008715191396186129,12237
hnp,sweeping,9,123,0.07518796992481203,93.60000000000002,2,0.02,26,0.26,100,0.00035738550752284937,12337
hnp,sweeping,9,124,0.07462686567164178,97.00000000000004,0,0.0,30,0.3,100,0.0009051450096012559,12437
hnp,sweeping,9,125,0.07407407407407407,96.60000000000002,0,0.0,34,0.34,100,0.0009290091633738485,12537
hnp,sweeping,9,126,0.07352941176470588,96.60000000000005,0,0.0,34,0.34,100,0.0005512865718628746,12637
hnp,sweeping,9,127,0.07299270072992702,95.30000000000001,1,0.01,28,0.28,100,0.0006368913120240905,12737
hnp,sweeping,9,128,0.07246376811594203,97.60000000000002,0,0.0,24,0.24,100,0.0004942863725591451,12837
hnp,sweeping,9,129,0.07194244604316546,95.20000000000005,1,0.01,29,0.29,100,0.00040746291080722585,12937
hnp,sweeping,9,130,0.07142857142857142,95.60000000000005,1,0.01,24,0.24,100,0.00031993217213312165,13037
hnp,sweeping,9,131,0.07092198581560284,97.50000000000003,0,0.0,25,0.25,100,0.0002914259456156287,13137
hnp,sweeping,9,132,0.07042253521126761,95.40000000000002,1,0.01,27,0.27,100,0.00026414251209644135,13237
hnp,sweeping,9,133,0.06993006993006992,97.30000000000004,0,0.0,27,0.27,100,0.0003313179953693179,13337
hnp,sweeping,9,134,0.06944444444444445,97.20000000000005,0,0.0,28,0.28,100,0.0003945421671960503,13437
hnp,sweeping,9,135,0.06896551724137931,97.40000000000003,0,0.0,26,0.26,100,0.0003821610618615523,13537
hnp,sweeping,9,136,0.0684931506849315,97.10000000000005,0,0.0,29,0.29,100,0.00025005280760524327,13637
hnp,sweeping,9,137,0.06802721088435375,97.80000000000003,0,0.0,22,0.22,100,0.0002889190972200595,13737
hnp,sweeping,9,138,0.06756756756756756,95.90000000000003,1,0.01,21,0.21,100,0.0005422288606496295,13837
hnp,sweeping,9,139,0.06711409395973154,93.10000000000001,2,0.02,31,0.31,100,0.0009902397874975578,13937
hnp,sweeping,9,140,0.06666666666666667,95.70000000000002,1,0.01,24,0.24,100,0.0005947243786067702,14037
hnp,sweeping,9,141,0.06622516556291391,96.30000000000007,0,0.0,37,0.37,100,0.0016254311290686018,14137
hnp,sweeping,9,142,0.06578947368421052,95.30000000000004,1,0.01,27,0.27,100,0.0007518634365987964,14237
hnp,sweeping,9,143,0.06535947712418301,97.60000000000004,0,0.0,24,0.24,100,0.0003588228810986038,14337
hnp,sweeping,9,144,0.06493506493506493,97.20000000000003,0,0.0,28,0.28,100,0.00028855472468421796,14437
hnp,sweeping,9,145,0.06451612903225806,91.80000000000001,3,0.03,25,0.25,100,0.00030393765700864606,14537
hnp,sweeping,9,146,0.06410256410256411,97.50000000000006,0,0.0,25,0.25,100,0.00026878438198764344,14637
hnp,sweeping,9,147,0.06369426751592357,95.30000000000004,1,0.01,28,0.28,100,0.00023338710227108095,14737
hnp,sweeping,9,148,0.06329113924050632,95.40000000000006,1,0.01,27,0.27,100,0.0007357584054989275,14837
hnp,sweeping,9,149,0.06289308176100629,95.00000000000003,1,0.01,31,0.31,100,0.00068628106120741,14937
hnp,sweeping,9,150,0.0625,97.10000000000005,0,0.0,29,0.29,100,0.0011391242244280875,15037
hnp,sweeping,9,151,0.06211180124223602,95.00000000000004,1,0.01,31,0.31,100,0.0005610936692391988,15137
hnp,sweeping,9,152,0.0617283950617284,93.50000000000003,2,0.02,27,0.27,100,0.00032306313078152017,15237
hnp,sweeping,9,153,0.06134969325153374,97.20000000000003,0,0.0,28,0.28,100,0.00026884593928116373,15337
hnp,sweeping,9,154,0.06097560975609757,97.30000000000004,0,0.0,27,0.27,100,0.00029583807758172044,15437
hnp,sweeping,9,155,0.06060606060606061,97.30000000000004,0,0.0,27,0.27,100,0.00043045091137173586,15537
hnp,sweeping,9,156,0.06024096385542168,95.50000000000001,1,0.01,26,0.26,100,0.0002725881198421121,15637
hnp,sweeping,9,157,0.059880239520958084,97.60000000000002,0,0.0,24,0.24,100,0.00023987631007912568,15737
hnp,sweeping,9,158,0.05952380952380952,95.90000000000003,1,0.01,21,0.21,100,0.00024022194163990208,15837
hnp,sweeping,9,159,0.0591715976331361,92.10000000000002,3,0.03,22,0.22,100,0.00021330212788598147,15937
hnp,sweeping,9,160,0.058823529411764705,95.50000000000001,1,0.01,25,0.25,100,0.00022030911932233722,16037
hnp,sweeping,9,161,0.05847953216374269,96.80000000000007,0,0.0,32,0.32,100,0.0009084739035461098,16137
hnp,sweeping,9,162,0.05813953488372093,93.50000000000003,2,0.02,27,0.27,100,0.000572688731335802,16237
hnp,sweeping,9,163,0.057803468208092484,96.80000000000003,0,0.0,32,0.32,100,0.0004962498406530358,16337
hnp,sweeping,9,164,0.0574712643678161,97.20000000000003,0,0.0,28,0.28,100,0.00047498379251919686,16437
hnp,sweeping,9,165,0.05714285714285714,97.50000000000003,0,0.0,25,0.25,100,0.0004041162008070387,16537
hnp,sweeping,9,166,0.056818181818181816,95.60000000000004,1,0.01,25,0.25,100,0.0003076067833171692,16637
hnp,sweeping,9,167,0.05649717514124294,97.60000000000002,0,0.0,24,0.24,100,0.0002573439676780254,16737
hnp,sweeping,9,168,0.056179775280898875,96.70000000000003,0,0.0,33,0.33,100,0.00028357366856653245,16837
hnp,sweeping,9,169,0.0558659217877095,93.10000000000002,2,0.02,31,0.31,100,0.0006081238946353551,16937
hnp,sweeping,9,170,0.05555555555555555,95.30000000000001,1,0.01,28,0.28,100,0.00032645315826812293,17037
hnp,sweeping,9,171,0.055248618784530384,94.60000000000004,1,0.01,35,0.35,100,0.00031085793329111767,17137
hnp,sweeping,9,172,0.054945054945054944,97.20000000000005,0,0.0,28,0.28,100,0.00038083639592514376,17237
hnp,sweeping,9,173,0.0546448087431694,95.00000000000004,1,0.01,31,0.31,100,0.00041242551546019965,17337
hnp,sweeping,9,174,0.05434782608695653,95.90000000000002,1,0.01,22,0.22,100,0.0002405273511976702,17437
hnp,sweeping,9,175,0.05405405405405406,96.80000000000004,0,0.0,32,0.32,100,0.00030027544642507564,17537
hnp,sweeping,9,176,0.05376344086021505,92.40000000000003,3,0.03,19,0.19,100,0.00025763540004845707,17637
hnp,sweeping,9,177,0.053475935828877004,95.50000000000003,1,0.01,26,0.26,100,0.00021807767065183724,17737
hnp,sweeping,9,178,0.05319148936170213,97.70000000000005,0,0.0,23,0.23,100,0.0002796549415506888,17837
hnp,sweeping,9,179,0.052910052910052914,95.50000000000003,1,0.01,26,0.26,100,0.00022902061617060098,17937
hnp,sweeping,9,180,0.05263157894736842,97.30000000000004,0,0.0,27,0.27,100,0.00024314453119586688,18037
hnp,sweeping,9,181,0.05235602094240837,97.40000000000003,0,0.0,26,0.26,100,0.00021142886027519125,18137
hnp,sweeping,9,182,0.052083333333333336,97.50000000000004,0,0.0,25,0.25,100,0.0001897915342124179,18237
hnp,sweeping,9,183,0.05181347150259067,97.60000000000004,0,0.0,24,0.24,100,0.00019344500440638513,18337
hnp,sweeping,9,184,0.051546391752577324,93.60000000000002,2,0.02,26,0.26,100,0.00020058360358234494,18437
hnp,sweeping,9,185,0.05128205128205128,97.50000000000003,0,0.0,25,0.25,100,0.00019340378359629539,18537
hnp,sweeping,9,186,0.0510204081632653,97.60000000000002,0,0.0,24,0.24,100,0.00019416390139667783,18637
hnp,sweeping,9,187,0.050761421319796954,97.80000000000003,0,0.0,22,0.22,100,0.0002003811662143562,18737
hnp,sweeping,9,188,0.050505050505050504,97.60000000000004,0,0.0,24,0.24,100,0.00022918363254575524,18837
hnp,sweeping,9,189,0.05025125628140704,96.80000000000003,0,0.0,32,0.32,100,0.00027959114850091283,18937
hnp,sweeping,9,190,0.05,94.90000000000005,1,0.01,32,0.32,100,0.0007021344891109038,19037
hnp,sweeping,9,191,0.04975124378109452,97.40000000000003,0,0.0,26,0.26,100,0.0004282340095960535,19137
hnp,sweeping,9,192,0.04950495049504951,97.30000000000004,0,0.0,27,0.27,100,0.0007584622909780591,19237
hnp,sweeping,9,193,0.04926108374384236,95.70000000000006,0,0.0,43,0.43,100,0.001709514814428985,19337
hnp,sweeping,9,194,0.04901960784313726,97.50000000000003,0,0.0,25,0.25,100,0.0007123863472952508,19437
hnp,sweeping,9,195,0.04878048780487805,93.70000000000002,2,0.02,25,0.25,100,0.0003497108354349621,19537
hnp,sweeping,9,196,0.04854368932038835,97.50000000000003,0,0.0,25,0.25,100,0.00030363511068571826,19637
hnp,sweeping,9,197,0.04830917874396135,94.20000000000003,2,0.02,19,0.19,100,0.0002558096998836845,19737
hnp,sweeping,9,198,0.04807692307692307,95.80000000000004,1,0.01,23,0.23,100,0.0002943526599847246,19837
hnp,sweeping,9,199,0.04784688995215311,97.00000000000004,0,0.0,30,0.3,100,0.00023297436877328437,19937
hnp,sweeping,10,0,1.0,75.8,8,0.08,90,0.9,100,0.07434475978181974,37
hnp,sweeping,10,1,0.9090909090909091,80.70000000000005,6,0.06,78,0.78,100,0.007772855053190142,137
hnp,sweeping,10,2,0.8333333333333334,59.19999999999994,17,0.17,83,0.83,100,0.00300616554915905,237
hnp,sweeping,10,3,0.7692307692307692,72.49999999999999,10,0.1,85,0.85,100,0.001721970437793061,337
hnp,sweeping,10,4,0.7142857142857143,72.19999999999996,10,0.1,86,0.86,100,0.001467500578146428,437
hnp,sweeping,10,5,0.6666666666666666,75.00000000000001,9,0.09,78,0.78,100,0.0022349182766629385,537
hnp,sweeping,10,6,0.625,81.90000000000003,5,0.05,84,0.84,100,0.002361567837651819,637
hnp,sweeping,10,7,0.5882352941176471,81.10000000000001,6,0.06,74,0.74,100,0.0015244957682443783,737
hnp,sweeping,10,8,0.5555555555555556,69.19999999999997,12,0.12,80,0.8,100,0.0012999043497256934,837
hnp,sweeping,10,9,0.5263157894736842,82.00000000000004,6,0.06,65,0.65,100,0.0010960734490072354,937
hnp,sweeping,10,10,0.5,75.8,9,0.09,71,0.71,100,0.001025331225246191,1037
hnp,sweeping,10,11,0.47619047619047616,85.40000000000003,4,0.04,70,0.7,100,0.0008966805209638551,1137
hnp,sweeping,10,12,0.45454545454545453,79.70000000000002,7,0.07,69,0.69,100,0.001094733759528026,1237
hnp,sweeping,10,13,0.4347826086956522,80.6,7,0.07,61,0.61,100,0.000904693040647544,1337
hnp,sweeping,10,14,0.4166666666666667,83.80000000000004,5,0.05,65,0.65,100,0.0010740160790737717,1437
hnp,sweeping,10,15,0.4,88.20000000000005,3,0.03,61,0.61,100,0.0009267943014856428,1537
hnp,sweeping,10,16,0.3846153846153846,85.10000000000002,5,0.05,52,0.52,100,0.0009433480550069362,1637
hnp,sweeping,10,17,0.37037037037037035,81.6,7,0.07,51,0.51,100,0.0007441485760500654,1737
hnp,sweeping,10,18,0.35714285714285715,90.70000000000003,2,0.02,55,0.55,100,0.0008145495917415246,1837
hnp,sweeping,10,19,0.3448275862068966,91.00000000000006,2,0.02,51,0.51,100,0.0008620245460770093,1937
hnp,sweeping,10,20,0.3333333333333333,91.40000000000006,2,0.02,48,0.48,100,0.000843385657062754,2037
hnp,sweeping,10,21,0.3225806451612903,90.40000000000005,3,0.03,39,0.39,100,0.000773472489672713,2137
hnp,sweeping,10,22,0.3125,89.80000000000003,3,0.03,45,0.45,100,0.0007415079476777464,2237
hnp,sweeping,10,23,0.30303030303030304,83.50000000000003,6,0.06,50,0.5,100,0.0008167956204852089,2337
hnp,sweeping,10,24,0.29411764705882354,82.90000000000003,6,0.06,54,0.54,100,0.0015239890292286873,2437
hnp,sweeping,10,25,0.2857142857142857,90.20000000000002,3,0.03,40,0.4,100,0.0010387747306958772,2537
hnp,sweeping,10,26,0.2777777777777778,82.1,7,0.07,43,0.43,100,0.0007688049224088899,2637
hnp,sweeping,10,27,0.27027027027027023,93.40000000000005,1,0.01,47,0.47,100,0.000956001381855458,2737
hnp,sweeping,10,28,0.2631578947368421,81.8,7,0.07,47,0.47,100,0.0006269645344582387,2837
hnp,sweeping,10,29,0.25641025641025644,90.10000000000005,3,0.03,40,0.4,100,0.0007717830172623508,2937
hnp,sweeping,10,30,0.25,92.00000000000006,2,0.02,41,0.41,100,0.0006692499763448723,3037
hnp,sweeping,10,31,0.24390243902439027,91.10000000000007,2,0.02,51,0.51,100,0.0020785868645180018,3137
hnp,sweeping,10,32,0.23809523809523808,88.50000000000003,3,0.03,58,0.58,100,0.00153797562350519,3237
hnp,sweeping,10,33,0.23255813953488372,88.50000000000004,4,0.04,38,0.38,100,0.0008761743461946026,3337
hnp,sweeping,10,34,0.22727272727272727,89.60000000000005,3,0.03,47,0.47,100,0.0006435957702342421,3437
hnp,sweeping,10,35,0.2222222222222222,91.80000000000004,2,0.02,44,0.44,100,0.0007493083822191693,3537
hnp,sweeping,10,36,0.2173913043478261,90.60000000000004,3,0.03,36,0.36,100,0.0006956270409864373,3637
hnp,sweeping,10,37,0.2127659574468085,92.00000000000003,2,0.02,42,0.42,100,0.0005787089999648742,3737
hnp,sweeping,10,38,0.20833333333333334,92.00000000000006,2,0.02,42,0.42,100,0.0009872427364462056,3837
hnp,sweeping,10,39,0.2040816326530612,83.90000000000002,6,0.06,45,0.45,100,0.003190812796819955,3937
hnp,sweeping,10,40,0.2,82.60000000000001,6,0.06,60,0.6,100,0.0019396198017057032,4037
hnp,sweeping,10,41,0.19607843137254904,90.00000000000004,3,0.03,43,0.43,100,0.001278649433515966,4137
hnp,sweeping,10,42,0.1923076923076923,88.80000000000004,4,0.04,34,0.34,100,0.0007380016474053264,4237
hnp,sweeping,10,43,0.18867924528301888,90.80000000000003,3,0.03,35,0.35,100,0.0004970189239247702,4337
hnp,sweeping,10,44,0.18518518518518517,92.50000000000003,2,0.02,36,0.36,100,0.000520814731135033,4437
hnp,sweeping,10,45,0.18181818181818182,87.20000000000002,5,0.05,33,0.33,100,0.000547767499811016,4537
hnp,sweeping,10,46,0.17857142857142858,90.50000000000003,3,0.03,36,0.36,100,0.0007001393847167491,4637
hnp,sweeping,10,47,0.17543859649122806,92.50000000000004,2,0.02,37,0.37,100,0.0005489055889484007,4737
hnp,sweeping,10,48,0.1724137931034483,87.10000000000002,5,0.05,33,0.33,100,0.0005587077331438195,4837
hnp,sweeping,10,49,0.1694915254237288,92.80000000000001,2,0.02,34,0.34,100,0.0005665122545906343,4937
hnp,sweeping,10,50,0.16666666666666666,95.30000000000004,1,0.01,27,0.27,100,0.00047502747605904005,5037
hnp,sweeping,10,51,0.1639344262295082,96.60000000000005,0,0.0,34,0.34,100,0.0005752323330671061,5137
hnp,sweeping,10,52,0.16129032258064516,93.50000000000003,2,0.02,27,0.27,100,0.0004749477277800906,5237
hnp,sweeping,10,53,0.15873015873015872,90.60000000000005,3,0.03,37,0.37,100,0.0004528594650037121,5337
hnp,sweeping,10,54,0.15625,94.90000000000005,1,0.01,32,0.32,100,0.0004827995243249461,5437
hnp,sweeping,10,55,0.15384615384615385,93.80000000000007,1,0.01,43,0.43,100,0.001036158903152682,5537
hnp,sweeping,10,56,0.15151515151515152,94.40000000000005,1,0.01,37,0.37,100,0.0017816846579080448,5637
hnp,sweeping,10,57,0.14925373134328357,92.30000000000004,2,0.02,38,0.38,100,0.0010141285505960696,5737
hnp,sweeping,10,58,0.14705882352941177,92.60000000000002,2,0.02,34,0.34,100,0.0006683924488606863,5837
hnp,sweeping,10,59,0.14492753623188406,93.60000000000005,2,0.02,25,0.25,100,0.000516564336430747,5937
hnp,sweeping,10,60,0.14285714285714285,94.60000000000004,1,0.01,35,0.35,100,0.0006696074959472753,6037
hnp,sweeping,10,61,0.14084507042253522,92.90000000000003,2,0.02,33,0.33,100,0.00053404140388011,6137
hnp,sweeping,10,62,0.1388888888888889,96.80000000000004,0,0.0,32,0.32,100,0.00042239489368512296,6237
hnp,sweeping,10,63,0.136986301369863,95.50000000000003,1,0.01,26,0.26,100,0.0004604725139506627,6337
hnp,sweeping,10,64,0.13513513513513511,94.90000000000002,1,0.01,32,0.32,100,0.0005243927720584906,6437
hnp,sweeping,10,65,0.13333333333333333,95.80000000000001,1,0.01,22,0.22,100,0.00044094460012274796,6537
hnp,sweeping,10,66,0.13157894736842105,91.10000000000004,3,0.03,31,0.31,100,0.00040822616530931553,6637
hnp,sweeping,10,67,0.12987012987012986,89.70000000000002,4,0.04,26,0.26,100,0.0004044883450842463,6737
hnp,sweeping,10,68,0.12820512820512822,97.10000000000005,0,0.0,29,0.29,100,0.00037423408211907373,6837
hnp,sweeping,10,69,0.12658227848101264,96.90000000000003,0,0.0,31,0.31,100,0.0005508451367495582,6937
hnp,sweeping,10,70,0.125,95.00000000000003,1,0.01,31,0.31,100,0.000603570536186453,7037
hnp,sweeping,10,71,0.1234567901234568,90.20000000000006,3,0.03,40,0.4,100,0.0015041117646615021,7137
hnp,sweeping,10,72,0.12195121951219513,89.30000000000001,4,0.04,31,0.31,100,0.0011647434261976741,7237
hnp,sweeping,10,73,0.12048192771084336,92.80000000000004,2,0.02,34,0.34,100,0.0007648172657354734,7337
hnp,sweeping,10,74,0.11904761904761904,93.20000000000006,2,0.02,30,0.3,100,0.0005500380380544811,7437
hnp,sweeping,10,75,0.11764705882352941,97.60000000000004,0,0.0,24,0.24,100,0.0006044087230111472,7537
hnp,sweeping,10,76,0.11627906976744186,94.90000000000006,1,0.01,32,0.32,100,0.0005653548579721246,7637
hnp,sweeping,10,77,0.1149425287356322,95.60000000000002,1,0.01,24,0.24,100,0.0005467576501541771,7737
hnp,sweeping,10,78,0.11363636363636363,96.90000000000003,0,0.0,31,0.31,100,0.0004346115326916333,7837
hnp,sweeping,10,79,0.11235955056179775,90.90000000000003,3,0.03,34,0.34,100,0.0006183630888699554,7937
hnp,sweeping,10,80,0.1111111111111111,97.00000000000004,0,0.0,30,0.3,100,0.0004679323229356669,8037
hnp,sweeping,10,81,0.10989010989010989,91.50000000000003,3,0.03,26,0.26,100,0.0004684636980528012,8137
hnp,sweeping,10,82,0.10869565217391305,94.90000000000003,1,0.01,32,0.32,100,0.0007627174076333176,8237
hnp,sweeping,10,83,0.1075268817204301,95.50000000000003,1,0.01,26,0.26,100,0.0003705635608639568,8337
hnp,sweeping,10,84,0.10638297872340426,93.10000000000002,2,0.02,31,0.31,100,0.00027939144638366997,8437
hnp,sweeping,10,85,0.10526315789473684,91.30000000000005,3,0.03,29,0.29,100,0.00032933861322817395,8537
hnp,sweeping,10,86,0.10416666666666667,93.50000000000003,2,0.02,26,0.26,100,0.0003975590254412964,8637
hnp,sweeping,10,87,0.10309278350515465,93.20000000000005,2,0.02,30,0.3,100,0.0003340101864887401,8737
hnp,sweeping,10,88,0.1020408163265306,93.20000000000003,2,0.02,29,0.29,100,0.0003679428178293165,8837
hnp,sweeping,10,89,0.10101010101010101,88.90000000000003,4,0.04,34,0.34,100,0.00043340211996110154,8937
hnp,sweeping,10,90,0.1,97.30000000000003,0,0.0,27,0.27,100,0.0004103430057875812,9037
hnp,sweeping,10,91,0.09900990099009901,97.30000000000004,0,0.0,27,0.27,100,0.0006988547820947133,9137
hnp,sweeping,10,92,0.09803921568627452,94.90000000000006,1,0.01,32,0.32,100,0.0006071822966623586,9237
hnp,sweeping,10,93,0.0970873786407767,96.30000000000007,0,0.0,37,0.37,100,0.0010678502303198912,9337
hnp,sweeping,10,94,0.09615384615384615,95.00000000000003,1,0.01,31,0.31,100,0.0007584677933482454,9437
hnp,sweeping,10,95,0.09523809523809523,96.80000000000004,0,0.0,32,0.32,100,0.0005745887593366206,9537
hnp,sweeping,10,96,0.09433962264150944,95.70000000000002,1,0.01,24,0.24,100,0.00035227086365921425,9637
hnp,sweeping,10,97,0.09345794392523366,94.90000000000005,1,0.01,31,0.31,100,0.0003127119918644894,9737
hnp,sweeping,10,98,0.09259259259259259,95.50000000000003,1,0.01,25,0.25,100,0.00030855852593958844,9837
hnp,sweeping,10,99,0.09174311926605504,93.40000000000003,2,0.02,28,0.28,100,0.0003273466115933843,9937
hnp,sweeping,10,100,0.09090909090909091,95.60000000000002,1,0.01,24,0.24,100,0.0003648360107035842,10037
hnp,sweeping,10,101,0.0900900900900901,95.20000000000003,1,0.01,29,0.29,100,0.00033612191138672644,10137
hnp,sweeping,10,102,0.08928571428571429,95.30000000000004,1,0.01,28,0.28,100,0.0002846898548887111,10237
hnp,sweeping,10,103,0.08849557522123894,94.90000000000003,1,0.01,32,0.32,100,0.0003165889807860367,10337
hnp,sweeping,10,104,0.08771929824561403,94.80000000000003,1,0.01,33,0.33,100,0.00032482866285135967,10437
hnp,sweeping,10,105,0.08695652173913043,97.00000000000004,0,0.0,30,0.3,100,0.0004449854695121758,10537
hnp,sweeping,10,106,0.08620689655172414,95.40000000000003,1,0.01,27,0.27,100,0.0003674188072909601,10637
hnp,sweeping,10,107,0.08547008547008547,97.50000000000003,0,0.0,25,0.25,100,0.0002946580188290682,10737
hnp,sweeping,10,108,0.0847457627118644,97.30000000000005,0,0.0,27,0.27,100,0.000499039775604615,10837
hnp,sweeping,10,109,0.08403361344537814,97.00000000000003,0,0.0,30,0.3,100,0.0007328076731937472,10937
hnp,sweeping,10,110,0.08333333333333333,91.70000000000002,3,0.03,25,0.25,100,0.00047424028249224646,11037
hnp,sweeping,10,111,0.08264462809917356,96.00000000000003,1,0.01,21,0.21,100,0.00034995120593521277,11137
hnp,sweeping,10,112,0.0819672131147541,97.20000000000005,0,0.0,28,0.28,100,0.00036781993898330254,11237
hnp,sweeping,10,113,0.08130081300813008,95.00000000000004,1,0.01,31,0.31,100,0.0004755490970273968,11337
hnp,sweeping,10,114,0.08064516129032258,95.60000000000004,1,0.01,25,0.25,100,0.0002879750593274366,11437
hnp,sweeping,10,115,0.08,94.20000000000002,2,0.02,19,0.19,100,0.00036782334544113835,11537
hnp,sweeping,10,116,0.07936507936507936,97.00000000000004,0,0.0,30,0.3,100,0.001053001212712843,11637
hnp,sweeping,10,117,0.07874015748031496,93.60000000000005,1,0.01,45,0.45,100,0.0033975666743936016,11737
hnp,sweeping,10,118,0.078125,94.30000000000003,1,0.01,38,0.38,100,0.0011418854523799382,11837
hnp,sweeping,10,119,0.07751937984496124,96.90000000000003,0,0.0,31,0.31,100,0.0006186281180998776,11937
hnp,sweeping,10,120,0.07692307692307693,89.70000000000003,4,0.04,25,0.25,100,0.0009937900913064368,12037
hnp,sweeping,10,121,0.07633587786259542,97.50000000000006,0,0.0,25,0.25,100,0.0005044360164902173,12137
hnp,sweeping,10,122,0.07575757575757576,95.4,1,0.01,27,0.27,100,0.00047482247173320503,12237
hnp,sweeping,10,123,0.07518796992481203,95.10000000000005,1,0.01,30,0.3,100,0.0003711960076179821,12337
hnp,sweeping,10,124,0.07462686567164178,97.80000000000004,0,0.0,22,0.22,100,0.00026482468208996576,12437
hnp,sweeping,10,125,0.07407407407407407,95.70000000000005,1,0.01,23,0.23,100,0.00027290434481983537,12537
hnp,sweeping,10,126,0.07352941176470588,96.90000000000003,0,0.0,31,0.31,100,0.0003509590953763109,12637
hnp,sweeping,10,127,0.07299270072992702,93.70000000000005,2,0.02,24,0.24,100,0.0002884502012602752,12737
hnp,sweeping,10,128,0.07246376811594203,91.10000000000004,3,0.03,32,0.32,100,0.00032049653789727016,12837
hnp,sweeping,10,129,0.07194244604316546,96.80000000000004,0,0.0,32,0.32,100,0.0003039528612862341,12937
hnp,sweeping,10,130,0.07142857142857142,95.70000000000005,1,0.01,23,0.23,100,0.0005150838039116933,13037
hnp,sweeping,10,131,0.07092198581560284,95.30000000000004,1,0.01,28,0.28,100,0.0009153614717070013,13137
hnp,sweeping,10,132,0.07042253521126761,91.4,3,0.03,29,0.29,100,0.0006910349051759113,13237
hnp,sweeping,10,133,0.06993006993006992,96.60000000000004,0,0.0,34,0.34,100,0.0003727416654874105,13337
hnp,sweeping,10,134,0.06944444444444445,93.4,2,0.02,27,0.27,100,0.0003573522443184629,13437
hnp,sweeping,10,135,0.06896551724137931,91.70000000000003,3,0.03,26,0.26,100,0.00034578516308101824,13537
hnp,sweeping,10,136,0.0684931506849315,93.30000000000001,2,0.02,28,0.28,100,0.0002797881732112728,13637
hnp,sweeping,10,137,0.06802721088435375,97.80000000000003,0,0.0,22,0.22,100,0.0003059518263762584,13737
hnp,sweeping,10,138,0.06756756756756756,97.20000000000002,0,0.0,28,0.28,100,0.0007430790551006794,13837
hnp,sweeping,10,139,0.06711409395973154,97.50000000000004,0,0.0,25,0.25,100,0.00038345481909345835,13937
hnp,sweeping,10,140,0.06666666666666667,97.50000000000003,0,0.0,25,0.25,100,0.0002799590588256251,14037
hnp,sweeping,10,141,0.06622516556291391,93.60000000000004,2,0.02,26,0.26,100,0.0002642382771591656,14137
hnp,sweeping,10,142,0.06578947368421052,91.70000000000002,3,0.03,24,0.24,100,0.0005148222694697324,14237
hnp,sweeping,10,143,0.06535947712418301,97.30000000000004,0,0.0,27,0.27,100,0.0004909963401587448,14337
hnp,sweeping,10,144,0.06493506493506493,95.50000000000003,1,0.01,26,0.26,100,0.00038442798926553224,14437
hnp,sweeping,10,145,0.06451612903225806,97.10000000000005,0,0.0,29,0.29,100,0.0003040341372252442,14537
hnp,sweeping,10,146,0.06410256410256411,95.20000000000005,1,0.01,29,0.29,100,0.0003642308800772298,14637
hnp,sweeping,10,147,0.06369426751592357,97.20000000000006,0,0.0,28,0.28,100,0.00026942238735500724,14737
hnp,sweeping,10,148,0.06329113924050632,95.20000000000002,1,0.01,29,0.29,100,0.0002478292254090775,14837
hnp,sweeping,10,149,0.06289308176100629,93.70000000000002,2,0.02,25,0.25,100,0.0002350252354517579,14937
hnp,sweeping,10,150,0.0625,95.80000000000003,1,0.01,23,0.23,100,0.0002605788523214869,15037
hnp,sweeping,10,151,0.06211180124223602,97.00000000000006,0,0.0,30,0.3,100,0.00023538538669527043,15137
hnp,sweeping,10,152,0.0617283950617284,97.20000000000003,0,0.0,28,0.28,100,0.0002702875539398519,15237
hnp,sweeping,10,153,0.06134969325153374,95.60000000000002,1,0.01,24,0.24,100,0.0003040832540136762,15337
hnp,sweeping,10,154,0.06097560975609757,95.10000000000005,1,0.01,30,0.3,100,0.0004856854258105159,15437
hnp,sweeping,10,155,0.06060606060606061,93.90000000000003,2,0.02,23,0.23,100,0.0010881019846419803,15537
hnp,sweeping,10,156,0.06024096385542168,96.80000000000005,0,0.0,32,0.32,100,0.00048418329111882486,15637
hnp,sweeping,10,157,0.059880239520958084,95.50000000000003,1,0.01,26,0.26,100,0.0006297697963600512,15737
hnp,sweeping,10,158,0.05952380952380952,97.80000000000004,0,0.0,22,0.22,100,0.0003707960096653551,15837
hnp,sweeping,10,159,0.0591715976331361,97.10000000000002,0,0.0,29,0.29,100,0.0009208592455252074,15937
hnp,sweeping,10,160,0.058823529411764705,95.50000000000003,1,0.01,26,0.26,100,0.000953317125531612,16037
hnp,sweeping,10,161,0.05847953216374269,97.30000000000001,0,0.0,27,0.27,100,0.0005185334863199387,16137
hnp,sweeping,10,162,0.05813953488372093,95.60000000000002,1,0.01,25,0.25,100,0.0005532048027089331,16237
hnp,sweeping,10,163,0.057803468208092484,95.40000000000003,1,0.01,27,0.27,100,0.0004996960928838235,16337
hnp,sweeping,10,164,0.0574712643678161,95.00000000000004,1,0.01,31,0.31,100,0.0013717909688421058,16437
hnp,sweeping,10,165,0.05714285714285714,97.30000000000004,0,0.0,27,0.27,100,0.0006700315969646909,16537
hnp,sweeping,10,166,0.056818181818181816,97.40000000000003,0,0.0,26,0.26,100,0.0006382439253502525,16637
hnp,sweeping,10,167,0.05649717514124294,95.40000000000003,1,0.01,27,0.27,100,0.00039928464902914127,16737
hnp,sweeping,10,168,0.056179775280898875,97.50000000000003,0,0.0,25,0.25,100,0.00027360651147319005,16837
hnp,sweeping,10,169,0.0558659217877095,97.30000000000004,0,0.0,27,0.27,100,0.0002616696187760681,16937
hnp,sweeping,10,170,0.05555555555555555,96.50000000000004,0,0.0,35,0.35,100,0.0002512257306079846,17037
hnp,sweeping,10,171,0.055248618784530384,96.70000000000003,0,0.0,33,0.33,100,0.000228680089203408,17137
hnp,sweeping,10,172,0.054945054945054944,95.70000000000002,1,0.01,23,0.23,100,0.00026680091934395023,17237
hnp,sweeping,10,173,0.0546448087431694,95.30000000000004,1,0.01,28,0.28,100,0.00023979331519512925,17337
hnp,sweeping,10,174,0.05434782608695653,93.70000000000003,2,0.02,25,0.25,100,0.0002357351411046693,17437
hnp,sweeping,10,175,0.05405405405405406,97.70000000000003,0,0.0,23,0.23,100,0.00023378074867650867,17537
hnp,sweeping,10,176,0.05376344086021505,97.50000000000004,0,0.0,25,0.25,100,0.00033613291270739865,17637
hnp,sweeping,10,177,0.053475935828877004,95.10000000000004,1,0.01,30,0.3,100,0.00036311545569333247,17737
hnp,sweeping,10,178,0.05319148936170213,95.40000000000003,1,0.01,27,0.27,100,0.0003073791008500848,17837
hnp,sweeping,10,179,0.052910052910052914,97.40000000000003,0,0.0,26,0.26,100,0.0002449063164385734,17937
hnp,sweeping,10,180,0.05263157894736842,95.50000000000001,1,0.01,26,0.26,100,0.0002925920197594678,18037
hnp,sweeping,10,181,0.05235602094240837,95.60000000000004,1,0.01,25,0.25,100,0.0002335166955163004,18137
hnp,sweeping,10,182,0.052083333333333336,97.30000000000004,0,0.0,27,0.27,100,0.0005519321361498442,18237
hnp,sweeping,10,183,0.05181347150259067,96.70000000000003,0,0.0,33,0.33,100,0.0003418374359898735,18337
hnp,sweeping,10,184,0.051546391752577324,95.40000000000005,1,0.01,27,0.27,100,0.0003634629461157601,18437
hnp,sweeping,10,185,0.05128205128205128,95.60000000000004,1,0.01,24,0.24,100,0.00025205919540894684,18537
hnp,sweeping,10,186,0.0510204081632653,97.60000000000005,0,0.0,24,0.24,100,0.00024894990390748715,18637
hnp,sweeping,10,187,0.050761421319796954,95.40000000000003,1,0.01,27,0.27,100,0.00023765019483107608,18737
hnp,sweeping,10,188,0.050505050505050504,95.80000000000004,1,0.01,23,0.23,100,0.00022933733140234836,18837
hnp,sweeping,10,189,0.05025125628140704,97.40000000000005,0,0.0,26,0.26,100,0.00026661642084945924,18937
hnp,sweeping,10,190,0.05,97.60000000000004,0,0.0,24,0.24,100,0.0003225664641649928,19037
hnp,sweeping,10,191,0.04975124378109452,96.10000000000002,1,0.01,20,0.2,100,0.00030542041648004667,19137
hnp,sweeping,10,192,0.04950495049504951,95.70000000000003,1,0.01,23,0.23,100,0.0002894388783170143,19237
hnp,sweeping,10,193,0.04926108374384236,97.40000000000003,0,0.0,26,0.26,100,0.0002804695308441296,19337
hnp,sweeping,10,194,0.04901960784313726,97.50000000000003,0,0.0,25,0.25,100,0.00021301330591086298,19437
hnp,sweeping,10,195,0.04878048780487805,97.40000000000005,0,0.0,26,0.26,100,0.00020031964013469405,19537
hnp,sweeping,10,196,0.04854368932038835,97.50000000000006,0,0.0,25,0.25,100,0.00036294835452281403,19637
hnp,sweeping,10,197,0.04830917874396135,97.20000000000005,0,0.0,28,0.28,100,0.00037815487681655216,19737
hnp,sweeping,10,198,0.04807692307692307,96.30000000000005,0,0.0,37,0.37,100,0.000987745320016984,19837
hnp,sweeping,10,199,0.04784688995215311,97.30000000000004,0,0.0,27,0.27,100,0.0005603697344486136,19937
hnp,random,1,0,1.0,66.89999999999995,13,0.13,82,0.82,100,0.05914914073120501,37
hnp,random,1,1,0.9090909090909091,67.29999999999997,13,0.13,79,0.79,100,0.009836211663205176,137
hnp,random,1,2,0.8333333333333334,72.2,10,0.1,87,0.87,100,0.004080333899473772,237
hnp,random,1,3,0.7692307692307692,73.99999999999999,9,0.09,88,0.88,100,0.0021749635849846525,337
hnp,random,1,4,0.7142857142857143,62.899999999999935,15,0.15,84,0.84,100,0.0018909898423589767,437
hnp,random,1,5,0.6666666666666666,79.00000000000003,7,0.07,75,0.75,100,0.0013811178965261206,537
hnp,random,1,6,0.625,79.90000000000003,7,0.07,65,0.65,100,0.0013406225765356793,637
hnp,random,1,7,0.5882352941176471,78.90000000000005,7,0.07,75,0.75,100,0.0015642614354146643,737
hnp,random,1,8,0.5555555555555556,81.50000000000006,6,0.06,70,0.7,100,0.0016322033485630528,837
hnp,random,1,9,0.5263157894736842,78.89999999999999,7,0.07,75,0.75,100,0.0015089524572249502,937
hnp,random,1,10,0.5,83.20000000000005,5,0.05,72,0.72,100,0.0010460785470786504,1037
hnp,random,1,11,0.47619047619047616,82.40000000000003,6,0.06,61,0.61,100,0.0009922050387831405,1137
hnp,random,1,12,0.45454545454545453,86.50000000000007,3,0.03,78,0.78,100,0.0009580062914756127,1237
hnp,random,1,13,0.4347826086956522,86.60000000000005,4,0.04,57,0.57,100,0.00114834068226628,1337
hnp,random,1,14,0.4166666666666667,90.60000000000005,2,0.02,56,0.56,100,0.0009299585991539061,1437
hnp,random,1,15,0.4,86.60000000000005,4,0.04,58,0.58,100,0.000840298384136986,1537
hnp,random,1,16,0.3846153846153846,84.80000000000001,5,0.05,57,0.57,100,0.00165120487625245,1637
hnp,random,1,17,0.37037037037037035,90.00000000000003,3,0.03,42,0.42,100,0.0011510595196159556,1737
hnp,random,1,18,0.35714285714285715,80.80000000000001,7,0.07,59,0.59,100,0.0009658200852572918,1837
hnp,random,1,19,0.3448275862068966,87.60000000000004,4,0.04,47,0.47,100,0.0007890557430800982,1937
hnp,random,1,20,0.3333333333333333,88.40000000000003,4,0.04,39,0.39,100,0.0006977197277592495,2037
hnp,random,1,21,0.3225806451612903,86.70000000000003,5,0.05,37,0.37,100,0.0006889844959368929,2137
hnp,random,1,22,0.3125,85.30000000000004,5,0.05,51,0.51,100,0.0006712944121682085,2237
hnp,random,1,23,0.30303030303030304,86.50000000000001,5,0.05,40,0.4,100,0.0007962122533353977,2337
hnp,random,1,24,0.29411764705882354,90.30000000000005,3,0.03,39,0.39,100,0.0009050268912687897,2437
hnp,random,1,25,0.2857142857142857,91.50000000000006,3,0.03,28,0.28,100,0.0007415088050765916,2537
hnp,random,1,26,0.2777777777777778,93.10000000000002,2,0.02,31,0.31,100,0.000677324163261801,2637
hnp,random,1,27,0.27027027027027023,92.20000000000007,2,0.02,40,0.4,100,0.0011070911632850766,2737
hnp,random,1,28,0.2631578947368421,84.60000000000002,6,0.06,38,0.38,100,0.0011290402157464997,2837
hnp,random,1,29,0.25641025641025644,90.4,3,0.03,39,0.39,100,0.0008225928837782703,2937
hnp,random,1,30,0.25,90.20000000000005,3,0.03,40,0.4,100,0.0011768298031529412,3037
hnp,random,1,31,0.24390243902439027,91.60000000000002,3,0.03,25,0.25,100,0.0015559829154517502,3137
hnp,random,1,32,0.23809523809523808,91.00000000000001,3,0.03,32,0.32,100,0.0010597043263260275,3237
hnp,random,1,33,0.23255813953488372,94.20000000000003,1,0.01,39,0.39,100,0.0008665474012377671,3337
hnp,random,1,34,0.22727272727272727,92.20000000000005,2,0.02,40,0.4,100,0.000984826867643278,3437
hnp,random,1,35,0.2222222222222222,92.30000000000001,2,0.02,39,0.39,100,0.001286485667224042,3537
hnp,random,1,36,0.2173913043478261,90.70000000000002,3,0.03,35,0.35,100,0.000849910699762404,3637
hnp,random,1,37,0.2127659574468085,88.70000000000003,4,0.04,36,0.36,100,0.0006960494274972006,3737
hnp,random,1,38,0.20833333333333334,95.10000000000002,1,0.01,30,0.3,100,0.0006848524132510647,3837
hnp,random,1,39,0.2040816326530612,88.90000000000003,4,0.04,34,0.34,100,0.000897195442521479,3937
hnp,random,1,40,0.2,93.40000000000002,2,0.02,28,0.28,100,0.000753211996925529,4037
hnp,random,1,41,0.19607843137254904,95.90000000000003,1,0.01,22,0.22,100,0.0006658366008196026,4137
hnp,random,1,42,0.1923076923076923,95.70000000000002,1,0.01,24,0.24,100,0.0005997595778899267,4237
hnp,random,1,43,0.18867924528301888,95.20000000000002,1,0.01,28,0.28,100,0.000491885263036238,4337
hnp,random,1,44,0.18518518518518517,96.20000000000003,1,0.01,18,0.18,100,0.0005344162051915191,4437
hnp,random,1,45,0.18181818181818182,93.00000000000004,2,0.02,31,0.31,100,0.0010279807698680087,4537
hnp,random,1,46,0.17857142857142858,96.60000000000004,0,0.0,34,0.34,100,0.0012510256876703352,4637
hnp,random,1,47,0.17543859649122806,87.00000000000003,5,0.05,34,0.34,100,0.0007140042394166812,4737
hnp,random,1,48,0.1724137931034483,92.80000000000004,2,0.02,33,0.33,100,0.0011628753965487704,4837
hnp,random,1,49,0.1694915254237288,91.2,3,0.03,31,0.31,100,0.0007614549942081794,4937
hnp,random,1,50,0.16666666666666666,93.20000000000003,2,0.02,30,0.3,100,0.0006997470310307108,5037
hnp,random,1,51,0.1639344262295082,96.80000000000003,0,0.0,32,0.32,100,0.0006528559030266479,5137
hnp,random,1,52,0.16129032258064516,88.60000000000005,4,0.04,38,0.38,100,0.0005788451016996987,5237
hnp,random,1,53,0.15873015873015872,95.4,1,0.01,27,0.27,100,0.0005543884183862247,5337
hnp,random,1,54,0.15625,94.00000000000003,2,0.02,22,0.22,100,0.0005313028398086317,5437
hnp,random,1,55,0.15384615384615385,94.1,2,0.02,21,0.21,100,0.0007288240458001383,5537
hnp,random,1,56,0.15151515151515152,93.60000000000002,2,0.02,26,0.26,100,0.00071886133227963,5637
hnp,random,1,57,0.14925373134328357,95.30000000000003,1,0.01,27,0.27,100,0.0005447991940309293,5737
hnp,random,1,58,0.14705882352941177,94.10000000000004,2,0.02,21,0.21,100,0.0007731318977312185,5837
hnp,random,1,59,0.14492753623188406,91.5,2,0.02,47,0.47,100,0.0031413446355145424,5937
hnp,random,1,60,0.14285714285714285,93.20000000000005,2,0.02,30,0.3,100,0.0009981098858406767,6037
hnp,random,1,61,0.14084507042253522,91.40000000000002,3,0.03,29,0.29,100,0.0005317080809618347,6137
hnp,random,1,62,0.1388888888888889,91.40000000000005,3,0.03,29,0.29,100,0.0007460629951674491,6237
hnp,random,1,63,0.136986301369863,91.70000000000002,3,0.03,26,0.26,100,0.0005477898413664661,6337
hnp,random,1,64,0.13513513513513511,94.20000000000002,2,0.02,20,0.2,100,0.0004754843036062084,6437
hnp,random,1,65,0.13333333333333333,94.30000000000003,2,0.02,19,0.19,100,0.0005049300096288789,6537
hnp,random,1,66,0.13157894736842105,95.60000000000002,1,0.01,24,0.24,100,0.00047119970811763777,6637
hnp,random,1,67,0.12987012987012986,95.70000000000002,1,0.01,24,0.24,100,0.0005017999339906965,6737
hnp,random,1,68,0.12820512820512822,92.20000000000003,3,0.03,20,0.2,100,0.00044131786591606215,6837
hnp,random,1,69,0.12658227848101264,98.70000000000002,0,0.0,13,0.13,100,0.00047943586207111367,6937
hnp,random,1,70,0.125,94.20000000000002,2,0.02,19,0.19,100,0.0004451849029283039,7037
hnp,random,1,71,0.1234567901234568,91.90000000000002,3,0.03,24,0.24,100,0.0005496851293719374,7137
hnp,random,1,72,0.12195121951219513,87.4,5,0.05,31,0.31,100,0.0005370836367364972,7237
hnp,random,1,73,0.12048192771084336,86.10000000000001,6,0.06,25,0.25,100,0.0005603297502966598,7337
hnp,random,1,74,0.11904761904761904,95.40000000000005,1,0.01,27,0.27,100,0.0004319531000510324,7437
hnp,random,1,75,0.11764705882352941,96.70000000000002,1,0.01,14,0.14,100,0.0005644436994043645,7537
hnp,random,1,76,0.11627906976744186,95.80000000000001,1,0.01,23,0.23,100,0.0004887796146795154,7637
hnp,random,1,77,0.1149425287356322,92.19999999999999,3,0.03,21,0.21,100,0.0005535715073347092,7737
hnp,random,1,78,0.11363636363636363,96.0,1,0.01,21,0.21,100,0.0007694266832550057,7837
hnp,random,1,79,0.11235955056179775,93.20000000000002,2,0.02,30,0.3,100,0.00172098841634579,7937
hnp,random,1,80,0.1111111111111111,95.60000000000004,1,0.01,25,0.25,100,0.0007749952023732476,8037
hnp,random,1,81,0.10989010989010989,95.60000000000004,1,0.01,25,0.25,100,0.0005463690233591478,8137
hnp,random,1,82,0.10869565217391305,93.80000000000004,2,0.02,24,0.24,100,0.0005992414282809477,8237
hnp,random,1,83,0.1075268817204301,96.90000000000005,0,0.0,31,0.31,100,0.0004999376880005002,8337
hnp,random,1,84,0.10638297872340426,96.10000000000004,1,0.01,20,0.2,100,0.00040800028917146845,8437
hnp,random,1,85,0.10526315789473684,96.10000000000002,1,0.01,20,0.2,100,0.0003901595356001053,8537
hnp,random,1,86,0.10416666666666667,97.60000000000002,0,0.0,24,0.24,100,0.0004115123009978561,8637
hnp,random,1,87,0.10309278350515465,97.50000000000006,0,0.0,25,0.25,100,0.0008192154907737859,8737
hnp,random,1,88,0.1020408163265306,95.70000000000005,1,0.01,24,0.24,100,0.0011865892203059046,8837
hnp,random,1,89,0.10101010101010101,93.80000000000001,2,0.02,23,0.23,100,0.0007381858243024908,8937
hnp,random,1,90,0.1,96.10000000000002,1,0.01,20,0.2,100,0.00045293431801837866,9037
hnp,random,1,91,0.09900990099009901,96.00000000000003,1,0.01,21,0.21,100,0.000735476806294173,9137
hnp,random,1,92,0.09803921568627452,96.40000000000002,1,0.01,17,0.17,100,0.0010758772004919592,9237
hnp,random,1,93,0.0970873786407767,98.50000000000004,0,0.0,15,0.15,100,0.0009498935041483492,9337
hnp,random,1,94,0.09615384615384615,95.20000000000002,1,0.01,29,0.29,100,0.0004730237972398754,9437
hnp,random,1,95,0.09523809523809523,94.30000000000001,2,0.02,19,0.19,100,0.0003567866639059503,9537
hnp,random,1,96,0.09433962264150944,96.60000000000002,1,0.01,15,0.15,100,0.0003802752787305508,9637
hnp,random,1,97,0.09345794392523366,98.80000000000001,0,0.0,12,0.12,100,0.00036795492545934396,9737
hnp,random,1,98,0.09259259259259259,96.70000000000002,1,0.01,13,0.13,100,0.00036661612648458686,9837
hnp,random,1,99,0.09174311926605504,98.30000000000001,0,0.0,17,0.17,100,0.000320915838383371,9937
hnp,random,1,100,0.09090909090909091,96.30000000000003,1,0.01,18,0.18,100,0.00034108995241695085,10037
hnp,random,1,101,0.0900900900900901,98.30000000000004,0,0.0,17,0.17,100,0.0003713946392235812,10137
hnp,random,1,102,0.08928571428571429,93.50000000000001,2,0.02,27,0.27,100,0.0004125266522169113,10237
hnp,random,1,103,0.08849557522123894,98.00000000000003,0,0.0,20,0.2,100,0.00037255724091664886,10337
hnp,random,1,104,0.08771929824561403,93.80000000000001,2,0.02,23,0.23,100,0.00034198133944300934,10437
hnp,random,1,105,0.08695652173913043,98.10000000000002,0,0.0,19,0.19,100,0.00033082828420447183,10537
hnp,random,1,106,0.08620689655172414,95.60000000000001,1,0.01,25,0.25,100,0.0003198838056414388,10637
hnp,random,1,107,0.08547008547008547,98.30000000000004,0,0.0,17,0.17,100,0.00035419860287220215,10737
hnp,random,1,108,0.0847457627118644,96.40000000000003,1,0.01,16,0.16,100,0.00033161338593345135,10837
hnp,random,1,109,0.08403361344537814,96.90000000000002,1,0.01,12,0.12,100,0.0004168948765436653,10937
hnp,random,1,110,0.08333333333333333,97.80000000000004,0,0.0,22,0.22,100,0.00039966206983081063,11037
hnp,random,1,111,0.08264462809917356,94.60000000000001,2,0.02,16,0.16,100,0.0004949848596879746,11137
hnp,random,1,112,0.0819672131147541,96.20000000000005,1,0.01,19,0.19,100,0.0003903386527963448,11237
hnp,random,1,113,0.08130081300813008,94.50000000000001,2,0.02,17,0.17,100,0.00040463601486408153,11337
hnp,random,1,114,0.08064516129032258,93.90000000000003,2,0.02,23,0.23,100,0.00041867047766572794,11437
hnp,random,1,115,0.08,96.30000000000001,1,0.01,18,0.18,100,0.0006390512629877776,11537
hnp,random,1,116,0.07936507936507936,94.30000000000003,2,0.02,19,0.19,100,0.0005733270446944516,11637
hnp,random,1,117,0.07874015748031496,97.40000000000006,0,0.0,26,0.26,100,0.0004505964880809188,11737
hnp,random,1,118,0.078125,96.0,1,0.01,21,0.21,100,0.0011123096532537602,11837
hnp,random,1,119,0.07751937984496124,98.20000000000003,0,0.0,18,0.18,100,0.0005591299135994632,11937
hnp,random,1,120,0.07692307692307693,97.70000000000006,0,0.0,23,0.23,100,0.0006831308861728757,12037
hnp,random,1,121,0.07633587786259542,96.6,1,0.01,14,0.14,100,0.0005172548732662107,12137
hnp,random,1,122,0.07575757575757576,97.90000000000002,0,0.0,21,0.21,100,0.00034502919239457695,12237
hnp,random,1,123,0.07518796992481203,96.80000000000003,1,0.01,13,0.13,100,0.00037094253697432576,12337
hnp,random,1,124,0.07462686567164178,92.10000000000001,3,0.03,21,0.21,100,0.00030086942431807985,12437
hnp,random,1,125,0.07407407407407407,96.80000000000003,1,0.01,12,0.12,100,0.0002832314991974272,12537
hnp,random,1,126,0.07352941176470588,96.2,1,0.01,19,0.19,100,0.000266906347242184,12637
hnp,random,1,127,0.07299270072992702,97.90000000000003,0,0.0,21,0.21,100,0.00032141359566594473,12737
hnp,random,1,128,0.07246376811594203,98.10000000000004,0,0.0,19,0.19,100,0.00023771887739712838,12837
hnp,random,1,129,0.07194244604316546,94.30000000000004,2,0.02,18,0.18,100,0.0002821521260193549,12937
hnp,random,1,130,0.07142857142857142,96.50000000000003,1,0.01,16,0.16,100,0.00036208542369422505,13037
hnp,random,1,131,0.07092198581560284,94.2,2,0.02,20,0.2,100,0.0003067384440510068,13137
hnp,random,1,132,0.07042253521126761,97.70000000000002,0,0.0,23,0.23,100,0.0005326152106135851,13237
hnp,random,1,133,0.06993006993006992,96.20000000000002,1,0.01,19,0.19,100,0.000416901403805241,13337
hnp,random,1,134,0.06944444444444445,95.60000000000002,1,0.01,25,0.25,100,0.0013167086412431673,13437
hnp,random,1,135,0.06896551724137931,98.70000000000005,0,0.0,13,0.13,100,0.0008458654023706914,13537
hnp,random,1,136,0.0684931506849315,98.30000000000004,0,0.0,17,0.17,100,0.00045149937461246736,13637
hnp,random,1,137,0.06802721088435375,97.80000000000004,0,0.0,22,0.22,100,0.0003736928917351179,13737
hnp,random,1,138,0.06756756756756756,98.10000000000001,0,0.0,19,0.19,100,0.0003320892152260058,13837
hnp,random,1,139,0.06711409395973154,98.20000000000003,0,0.0,18,0.18,100,0.0002836726615350926,13937
hnp,random,1,140,0.06666666666666667,98.50000000000004,0,0.0,15,0.15,100,0.0002597860283276532,14037
hnp,random,1,141,0.06622516556291391,98.9,0,0.0,11,0.11,100,0.0003278860877617262,14137
hnp,random,1,142,0.06578947368421052,94.00000000000003,2,0.02,22,0.22,100,0.0002821682185458485,14237
hnp,random,1,143,0.06535947712418301,96.20000000000002,1,0.01,19,0.19,100,0.0003014907410397427,14337
hnp,random,1,144,0.06493506493506493,94.10000000000002,2,0.02,21,0.21,100,0.0004018296462891158,14437
hnp,random,1,145,0.06451612903225806,96.30000000000003,1,0.01,17,0.17,100,0.000311685034976108,14537
hnp,random,1,146,0.06410256410256411,96.10000000000002,1,0.01,20,0.2,100,0.0003307179064722732,14637
hnp,random,1,147,0.06369426751592357,98.40000000000002,0,0.0,16,0.16,100,0.0004034933596267365,14737
hnp,random,1,148,0.06329113924050632,92.70000000000005,3,0.03,16,0.16,100,0.0006333991716383025,14837
hnp,random,1,149,0.06289308176100629,98.00000000000001,0,0.0,20,0.2,100,0.00031636604602681474,14937
hnp,random,1,150,0.0625,95.80000000000004,1,0.01,22,0.22,100,0.0002877535521838581,15037
hnp,random,1,151,0.06211180124223602,96.20000000000005,1,0.01,19,0.19,100,0.00033241088938666506,15137
hnp,random,1,152,0.0617283950617284,95.80000000000004,1,0.01,23,0.23,100,0.00029085060552461075,15237
hnp,random,1,153,0.06134969325153374,94.20000000000003,2,0.02,20,0.2,100,0.0008543538577214349,15337
hnp,random,1,154,0.06097560975609757,97.90000000000002,0,0.0,21,0.21,100,0.0010939579509431495,15437
hnp,random,1,155,0.06060606060606061,98.20000000000003,0,0.0,18,0.18,100,0.00052198356250301,15537
hnp,random,1,156,0.06024096385542168,98.30000000000001,0,0.0,17,0.17,100,0.0004147814311727416,15637
hnp,random,1,157,0.059880239520958084,97.70000000000003,0,0.0,23,0.23,100,0.0002861412952188402,15737
hnp,random,1,158,0.05952380952380952,97.5,0,0.0,25,0.25,100,0.0004259441378235351,15837
hnp,random,1,159,0.0591715976331361,97.50000000000003,0,0.0,25,0.25,100,0.00028735503597999924,15937
hnp,random,1,160,0.058823529411764705,99.00000000000001,0,0.0,10,0.1,100,0.0002780332379916217,16037
hnp,random,1,161,0.05847953216374269,98.00000000000004,0,0.0,20,0.2,100,0.00031013632542453706,16137
hnp,random,1,162,0.05813953488372093,96.50000000000004,1,0.01,15,0.15,100,0.00033597830297367183,16237
hnp,random,1,163,0.057803468208092484,97.19999999999999,1,0.01,9,0.09,100,0.00035212663889979014,16337
hnp,random,1,164,0.0574712643678161,98.60000000000002,0,0.0,14,0.14,100,0.00028876348515041175,16437
hnp,random,1,165,0.05714285714285714,96.89999999999999,1,0.01,12,0.12,100,0.00025799973103858066,16537
hnp,random,1,166,0.056818181818181816,97.40000000000005,0,0.0,26,0.26,100,0.0012907658990297932,16637
hnp,random,1,167,0.05649717514124294,95.10000000000002,1,0.01,29,0.29,100,0.0012467389460653067,16737
hnp,random,1,168,0.056179775280898875,92.00000000000003,3,0.03,23,0.23,100,0.0007220544267329388,16837
hnp,random,1,169,0.0558659217877095,98.10000000000004,0,0.0,19,0.19,100,0.00041322164674056694,16937
hnp,random,1,170,0.05555555555555555,97.80000000000004,0,0.0,22,0.22,100,0.0003537798968318384,17037
hnp,random,1,171,0.055248618784530384,94.10000000000002,2,0.02,20,0.2,100,0.0003234224391053431,17137
hnp,random,1,172,0.054945054945054944,98.10000000000002,0,0.0,19,0.19,100,0.00028554820659337565,17237
hnp,random,1,173,0.0546448087431694,94.10000000000002,2,0.02,21,0.21,100,0.0002530177775770426,17337
hnp,random,1,174,0.05434782608695653,96.5,1,0.01,16,0.16,100,0.0002815880956768524,17437
hnp,random,1,175,0.05405405405405406,98.40000000000002,0,0.0,16,0.16,100,0.00042047037073643877,17537
hnp,random,1,176,0.05376344086021505,96.20000000000002,1,0.01,19,0.19,100,0.00033851406900794247,17637
hnp,random,1,177,0.053475935828877004,98.40000000000003,0,0.0,16,0.16,100,0.00047363698278786616,17737
hnp,random,1,178,0.05319148936170213,96.70000000000002,1,0.01,14,0.14,100,0.00030559184866433496,17837
hnp,random,1,179,0.052910052910052914,96.30000000000004,1,0.01,18,0.18,100,0.0009285399614600465,17937
hnp,random,1,180,0.05263157894736842,94.0,2,0.02,21,0.21,100,0.0005320892225427088,18037
hnp,random,1,181,0.05235602094240837,96.30000000000003,1,0.01,18,0.18,100,0.0013428750120510814,18137
hnp,random,1,182,0.052083333333333336,98.10000000000004,0,0.0,19,0.19,100,0.00042175143127678896,18237
hnp,random,1,183,0.05181347150259067,98.10000000000005,0,0.0,19,0.19,100,0.0007017958229698706,18337
hnp,random,1,184,0.051546391752577324,98.80000000000001,0,0.0,12,0.12,100,0.0008237967299646698,18437
hnp,random,1,185,0.05128205128205128,97.90000000000003,0,0.0,21,0.21,100,0.001092575982765993,18537
hnp,random,1,186,0.0510204081632653,97.80000000000001,0,0.0,22,0.22,100,0.00048170747031690554,18637
hnp,random,1,187,0.050761421319796954,98.20000000000002,0,0.0,18,0.18,100,0.0005950111505808309,18737
hnp,random,1,188,0.050505050505050504,96.10000000000004,1,0.01,20,0.2,100,0.0013551012423704378,18837
hnp,random,1,189,0.05025125628140704,96.50000000000003,1,0.01,16,0.16,100,0.0006992306883330457,18937
hnp,random,1,190,0.05,98.20000000000005,0,0.0,18,0.18,100,0.001150290393998148,19037
hnp,random,1,191,0.04975124378109452,98.30000000000003,0,0.0,17,0.17,100,0.00030274023716629015,19137
hnp,random,1,192,0.04950495049504951,99.0,0,0.0,10,0.1,100,0.0007601045890623936,19237
hnp,random,1,193,0.04926108374384236,96.90000000000003,1,0.01,12,0.12,100,0.00030030030364287086,19337
hnp,random,1,194,0.04901960784313726,98.20000000000005,0,0.0,18,0.18,100,0.0006822782465314959,19437
hnp,random,1,195,0.04878048780487805,96.4,1,0.01,17,0.17,100,0.0007721675754874014,19537
hnp,random,1,196,0.04854368932038835,94.7,2,0.02,15,0.15,100,0.00051007853646297,19637
hnp,random,1,197,0.04830917874396135,98.60000000000002,0,0.0,14,0.14,100,0.0004232753500400577,19737
hnp,random,1,198,0.04807692307692307,96.70000000000002,1,0.01,13,0.13,100,0.00040433371003018693,19837
hnp,random,1,199,0.04784688995215311,98.40000000000005,0,0.0,16,0.16,100,0.0005248900594597216,19937
hnp,random,2,0,1.0,62.099999999999916,15,0.15,92,0.92,100,0.09206640753089576,37
hnp,random,2,1,0.9090909090909091,75.89999999999999,8,0.08,87,0.87,100,0.00945705349324271,137
hnp,random,2,2,0.8333333333333334,76.0,8,0.08,87,0.87,100,0.0032588965247850863,237
hnp,random,2,3,0.7692307692307692,64.29999999999993,14,0.14,90,0.9,100,0.002143010743893683,337
hnp,random,2,4,0.7142857142857143,76.10000000000001,8,0.08,87,0.87,100,0.0014014207787113263,437
hnp,random,2,5,0.6666666666666666,68.39999999999998,12,0.12,86,0.86,100,0.0012994467903627083,537
hnp,random,2,6,0.625,82.30000000000004,5,0.05,82,0.82,100,0.0014868063991889358,637
hnp,random,2,7,0.5882352941176471,77.00000000000003,8,0.08,76,0.76,100,0.0013835561327869073,737
hnp,random,2,8,0.5555555555555556,80.90000000000002,6,0.06,75,0.75,100,0.0014870333095313981,837
hnp,random,2,9,0.5263157894736842,81.00000000000001,6,0.06,74,0.74,100,0.0012601389014162123,937
hnp,random,2,10,0.5,75.6,9,0.09,71,0.71,100,0.0010680879297433421,1037
hnp,random,2,11,0.47619047619047616,82.5,6,0.06,60,0.6,100,0.0012631819734815507,1137
hnp,random,2,12,0.45454545454545453,82.50000000000003,6,0.06,61,0.61,100,0.0010864953382406384,1237
hnp,random,2,13,0.4347826086956522,84.00000000000003,5,0.05,64,0.64,100,0.0010991291323443875,1337
hnp,random,2,14,0.4166666666666667,83.30000000000004,6,0.06,53,0.53,100,0.0008777729439316317,1437
hnp,random,2,15,0.4,90.20000000000006,2,0.02,59,0.59,100,0.0009385408327216283,1537
hnp,random,2,16,0.3846153846153846,88.70000000000002,3,0.03,55,0.55,100,0.0009979087865212932,1637
hnp,random,2,17,0.37037037037037035,80.69999999999999,8,0.08,40,0.4,100,0.0011373145334073343,1737
hnp,random,2,18,0.35714285714285715,84.00000000000003,5,0.05,64,0.64,100,0.0010556825378444045,1837
hnp,random,2,19,0.3448275862068966,83.30000000000001,6,0.06,53,0.53,100,0.0008728945208713412,1937
hnp,random,2,20,0.3333333333333333,80.9,7,0.07,58,0.58,100,0.0009847914066631346,2037
hnp,random,2,21,0.3225806451612903,89.80000000000001,3,0.03,45,0.45,100,0.0008237851658486761,2137
hnp,random,2,22,0.3125,85.60000000000005,5,0.05,48,0.48,100,0.0006993482809048146,2237
hnp,random,2,23,0.30303030303030304,93.30000000000007,1,0.01,48,0.48,100,0.0008460695089888759,2337
hnp,random,2,24,0.29411764705882354,91.90000000000003,2,0.02,43,0.43,100,0.0017005391084239819,2437
hnp,random,2,25,0.2857142857142857,89.90000000000006,3,0.03,44,0.44,100,0.001053375249612145,2537
hnp,random,2,26,0.2777777777777778,96.20000000000007,0,0.0,38,0.38,100,0.0011554232795606368,2637
hnp,random,2,27,0.27027027027027023,89.60000000000004,3,0.03,46,0.46,100,0.000906021092669107,2737
hnp,random,2,28,0.2631578947368421,87.4,5,0.05,31,0.31,100,0.0006905546013149433,2837
hnp,random,2,29,0.25641025641025644,80.4,8,0.08,43,0.43,100,0.0007372806759667583,2937
hnp,random,2,30,0.25,91.80000000000004,2,0.02,43,0.43,100,0.000747644670191221,3037
hnp,random,2,31,0.24390243902439027,93.10000000000005,2,0.02,31,0.31,100,0.0007430682599078864,3137
hnp,random,2,32,0.23809523809523808,87.10000000000005,5,0.05,34,0.34,100,0.0008454380097100511,3237
hnp,random,2,33,0.23255813953488372,91.30000000000004,3,0.03,30,0.3,100,0.0007751967437798158,3337
hnp,random,2,34,0.22727272727272727,89.20000000000005,4,0.04,31,0.31,100,0.000826240683090873,3437
hnp,random,2,35,0.2222222222222222,86.00000000000004,5,0.05,44,0.44,100,0.0009265054357820191,3537
hnp,random,2,36,0.2173913043478261,93.40000000000006,1,0.01,46,0.46,100,0.0020430913445306943,3637
hnp,random,2,37,0.2127659574468085,90.80000000000005,3,0.03,35,0.35,100,0.002817241215961985,3737
hnp,random,2,38,0.20833333333333334,90.70000000000005,3,0.03,34,0.34,100,0.0020497892831917853,3837
hnp,random,2,39,0.2040816326530612,95.10000000000002,1,0.01,30,0.3,100,0.001763147449819371,3937
hnp,random,2,40,0.2,89.10000000000002,4,0.04,33,0.33,100,0.0008933189057279378,4037
hnp,random,2,41,0.19607843137254904,95.70000000000003,1,0.01,24,0.24,100,0.0006822566332994029,4137
hnp,random,2,42,0.1923076923076923,93.50000000000003,2,0.02,26,0.26,100,0.0007393021247116848,4237
hnp,random,2,43,0.18867924528301888,83.60000000000002,7,0.07,27,0.27,100,0.00055509488156531,4337
hnp,random,2,44,0.18518518518518517,96.80000000000005,0,0.0,32,0.32,100,0.0005903420801041648,4437
hnp,random,2,45,0.18181818181818182,91.40000000000002,3,0.03,28,0.28,100,0.0008475661475677043,4537
hnp,random,2,46,0.17857142857142858,95.60000000000002,1,0.01,25,0.25,100,0.0006966528468183242,4637
hnp,random,2,47,0.17543859649122806,91.90000000000002,3,0.03,24,0.24,100,0.0005742386516067199,4737
hnp,random,2,48,0.1724137931034483,93.10000000000004,2,0.02,31,0.31,100,0.0007414151669945568,4837
hnp,random,2,49,0.1694915254237288,84.60000000000002,6,0.06,40,0.4,100,0.0012946569413179532,4937
hnp,random,2,50,0.16666666666666666,95.0,1,0.01,31,0.31,100,0.0011540042847627773,5037
hnp,random,2,51,0.1639344262295082,93.6,2,0.02,26,0.26,100,0.0006872803822625429,5137
hnp,random,2,52,0.16129032258064516,89.90000000000003,4,0.04,25,0.25,100,0.0008440988927031867,5237
hnp,random,2,53,0.15873015873015872,92.10000000000002,3,0.03,19,0.19,100,0.0008159525436349214,5337
hnp,random,2,54,0.15625,89.70000000000003,4,0.04,27,0.27,100,0.0005689281507511623,5437
hnp,random,2,55,0.15384615384615385,93.30000000000001,2,0.02,29,0.29,100,0.0009901527472538875,5537
hnp,random,2,56,0.15151515151515152,92.70000000000002,2,0.02,34,0.34,100,0.0009537176348385401,5637
hnp,random,2,57,0.14925373134328357,95.50000000000001,1,0.01,26,0.26,100,0.0006334545114077628,5737
hnp,random,2,58,0.14705882352941177,93.60000000000002,2,0.02,26,0.26,100,0.0006113585937418974,5837
hnp,random,2,59,0.14492753623188406,89.40000000000002,4,0.04,30,0.3,100,0.0011216750933090225,5937
hnp,random,2,60,0.14285714285714285,96.80000000000004,0,0.0,32,0.32,100,0.0013471123145427555,6037
hnp,random,2,61,0.14084507042253522,95.80000000000004,1,0.01,23,0.23,100,0.0008166337528382428,6137
hnp,random,2,62,0.1388888888888889,93.80000000000004,2,0.02,24,0.24,100,0.0009394345767213963,6237
hnp,random,2,63,0.136986301369863,89.90000000000003,3,0.03,44,0.44,100,0.0020172053613350728,6337
hnp,random,2,64,0.13513513513513511,92.90000000000002,2,0.02,33,0.33,100,0.0008837420056806878,6437
hnp,random,2,65,0.13333333333333333,92.60000000000002,3,0.03,16,0.16,100,0.0005774430383462459,6537
hnp,random,2,66,0.13157894736842105,94.20000000000003,2,0.02,20,0.2,100,0.0004376440495252609,6637
hnp,random,2,67,0.12987012987012986,88.40000000000003,4,0.04,40,0.4,100,0.0016081371932523325,6737
hnp,random,2,68,0.12820512820512822,97.60000000000004,0,0.0,24,0.24,100,0.0007641886768396944,6837
hnp,random,2,69,0.12658227848101264,93.20000000000003,2,0.02,30,0.3,100,0.0005346114818530623,6937
hnp,random,2,70,0.125,90.00000000000001,4,0.04,23,0.23,100,0.00043155709252459926,7037
hnp,random,2,71,0.1234567901234568,95.80000000000003,1,0.01,23,0.23,100,0.00046141545666614545,7137
hnp,random,2,72,0.12195121951219513,98.3,0,0.0,17,0.17,100,0.00041958207482821307,7237
hnp,random,2,73,0.12048192771084336,95.80000000000003,1,0.01,23,0.23,100,0.00042870796678471377,7337
hnp,random,2,74,0.11904761904761904,93.40000000000002,2,0.02,28,0.28,100,0.00038457284041214733,7437
hnp,random,2,75,0.11764705882352941,95.70000000000005,1,0.01,24,0.24,100,0.0004252995023853146,7537
hnp,random,2,76,0.11627906976744186,91.60000000000002,3,0.03,25,0.25,100,0.0004018109089520294,7637
hnp,random,2,77,0.1149425287356322,96.30000000000004,1,0.01,18,0.18,100,0.0004787768426467665,7737
hnp,random,2,78,0.11363636363636363,96.20000000000002,1,0.01,19,0.19,100,0.00045593296585138887,7837
hnp,random,2,79,0.11235955056179775,96.60000000000002,1,0.01,14,0.14,100,0.0004961343978357036,7937
hnp,random,2,80,0.1111111111111111,94.30000000000003,2,0.02,19,0.19,100,0.0004358037702331785,8037
hnp,random,2,81,0.10989010989010989,97.40000000000006,0,0.0,26,0.26,100,0.00035059488116530703,8137
hnp,random,2,82,0.10869565217391305,94.80000000000001,2,0.02,14,0.14,100,0.0005477681997581385,8237
hnp,random,2,83,0.1075268817204301,96.30000000000004,1,0.01,18,0.18,100,0.0006766546245489735,8337
hnp,random,2,84,0.10638297872340426,91.89999999999999,3,0.03,23,0.23,100,0.0005562630470376462,8437
hnp,random,2,85,0.10526315789473684,91.8,3,0.03,25,0.25,100,0.00038906804140424354,8537
hnp,random,2,86,0.10416666666666667,94.40000000000002,2,0.02,18,0.18,100,0.0003456872300012037,8637
hnp,random,2,87,0.10309278350515465,96.10000000000002,1,0.01,20,0.2,100,0.0003792009902826976,8737
hnp,random,2,88,0.1020408163265306,97.00000000000003,0,0.0,30,0.3,100,0.0009878489504626486,8837
hnp,random,2,89,0.10101010101010101,95.50000000000004,1,0.01,26,0.26,100,0.0011063433811068534,8937
hnp,random,2,90,0.1,96.20000000000003,1,0.01,19,0.19,100,0.0004481196092092432,9037
hnp,random,2,91,0.09900990099009901,93.80000000000003,2,0.02,24,0.24,100,0.0006574247033859137,9137
hnp,random,2,92,0.09803921568627452,98.30000000000003,0,0.0,17,0.17,100,0.0005956761680135969,9237
hnp,random,2,93,0.0970873786407767,97.30000000000003,0,0.0,27,0.27,100,0.001852929424494505,9337
hnp,random,2,94,0.09615384615384615,98.10000000000002,0,0.0,19,0.19,100,0.0013946142455097288,9437
hnp,random,2,95,0.09523809523809523,96.10000000000002,1,0.01,20,0.2,100,0.001076543781964574,9537
hnp,random,2,96,0.09433962264150944,98.20000000000005,0,0.0,18,0.18,100,0.0005657006599358284,9637
hnp,random,2,97,0.09345794392523366,97.60000000000002,0,0.0,24,0.24,100,0.0005108660348923877,9737
hnp,random,2,98,0.09259259259259259,95.80000000000003,1,0.01,23,0.23,100,0.0003848809799819719,9837
hnp,random,2,99,0.09174311926605504,96.10000000000002,1,0.01,20,0.2,100,0.0003757462909561582,9937
hnp,random,2,100,0.09090909090909091,94.60000000000004,2,0.02,15,0.15,100,0.00039602550939889626,10037
hnp,random,2,101,0.0900900900900901,94.30000000000001,2,0.02,18,0.18,100,0.00039691639598459004,10137
hnp,random,2,102,0.08928571428571429,98.10000000000001,0,0.0,19,0.19,100,0.00035152549768099564,10237
hnp,random,2,103,0.08849557522123894,95.50000000000003,1,0.01,25,0.25,100,0.0003411213931394741,10337
hnp,random,2,104,0.08771929824561403,94.00000000000006,2,0.02,22,0.22,100,0.000304891339619644,10437
hnp,random,2,105,0.08695652173913043,96.60000000000002,1,0.01,15,0.15,100,0.00028670412706560455,10537
hnp,random,2,106,0.08620689655172414,97.70000000000002,0,0.0,23,0.23,100,0.00040396769967628645,10637
hnp,random,2,107,0.08547008547008547,96.10000000000002,1,0.01,20,0.2,100,0.0004170322675054194,10737
hnp,random,2,108,0.0847457627118644,98.4,0,0.0,16,0.16,100,0.00034489223355194554,10837
hnp,random,2,109,0.08403361344537814,97.80000000000003,0,0.0,22,0.22,100,0.0003504319752391893,10937
hnp,random,2,110,0.08333333333333333,97.19999999999999,1,0.01,9,0.09,100,0.00042227785146678796,11037
hnp,random,2,111,0.08264462809917356,93.9,2,0.02,23,0.23,100,0.00034160686787799933,11137
hnp,random,2,112,0.0819672131147541,96.20000000000002,1,0.01,19,0.19,100,0.0003264122740074527,11237
hnp,random,2,113,0.08130081300813008,96.50000000000003,1,0.01,15,0.15,100,0.0003417403758794535,11337
hnp,random,2,114,0.08064516129032258,96.30000000000004,1,0.01,17,0.17,100,0.000341680696583353,11437
hnp,random,2,115,0.08,98.6,0,0.0,14,0.14,100,0.00041873902053339405,11537
hnp,random,2,116,0.07936507936507936,97.90000000000005,0,0.0,21,0.21,100,0.0005186966656765435,11637
hnp,random,2,117,0.07874015748031496,95.30000000000001,1,0.01,28,0.28,100,0.0009511960225063376,11737
hnp,random,2,118,0.078125,97.40000000000006,0,0.0,26,0.26,100,0.0010974184828228318,11837
hnp,random,2,119,0.07751937984496124,96.20000000000003,1,0.01,19,0.19,100,0.0009408023214200512,11937
hnp,random,2,120,0.07692307692307693,97.90000000000003,0,0.0,21,0.21,100,0.000514302798837889,12037
hnp,random,2,121,0.07633587786259542,98.20000000000002,0,0.0,18,0.18,100,0.0005127550080942456,12137
hnp,random,2,122,0.07575757575757576,98.10000000000002,0,0.0,19,0.19,100,0.00042900811080471613,12237
hnp,random,2,123,0.07518796992481203,94.40000000000002,2,0.02,18,0.18,100,0.0004597753417328931,12337
hnp,random,2,124,0.07462686567164178,98.20000000000003,0,0.0,18,0.18,100,0.0004102164998766966,12437
hnp,random,2,125,0.07407407407407407,98.80000000000003,0,0.0,12,0.12,100,0.00033480184254585765,12537
hnp,random,2,126,0.07352941176470588,98.00000000000006,0,0.0,20,0.2,100,0.0003091278049396351,12637
hnp,random,2,127,0.07299270072992702,94.60000000000001,2,0.02,15,0.15,100,0.00032826402646605855,12737
hnp,random,2,128,0.07246376811594203,98.30000000000001,0,0.0,17,0.17,100,0.0003550136531703174,12837
hnp,random,2,129,0.07194244604316546,98.20000000000002,0,0.0,18,0.18,100,0.0010246262744476554,12937
hnp,random,2,130,0.07142857142857142,98.40000000000003,0,0.0,16,0.16,100,0.0005271011566219386,13037
hnp,random,2,131,0.07092198581560284,98.90000000000002,0,0.0,11,0.11,100,0.0003649626160040498,13137
hnp,random,2,132,0.07042253521126761,96.10000000000005,1,0.01,19,0.19,100,0.0003427160134015139,13237
hnp,random,2,133,0.06993006993006992,98.30000000000004,0,0.0,17,0.17,100,0.0003540725479251705,13337
hnp,random,2,134,0.06944444444444445,96.00000000000003,1,0.01,21,0.21,100,0.0002752613216580357,13437
hnp,random,2,135,0.06896551724137931,98.20000000000003,0,0.0,18,0.18,100,0.00042664344684453684,13537
hnp,random,2,136,0.0684931506849315,98.10000000000002,0,0.0,19,0.19,100,0.000266374810016714,13637
hnp,random,2,137,0.06802721088435375,98.6,0,0.0,14,0.14,100,0.00026917474991932977,13737
hnp,random,2,138,0.06756756756756756,90.10000000000002,4,0.04,21,0.21,100,0.00032681884920748416,13837
hnp,random,2,139,0.06711409395973154,90.50000000000003,4,0.04,18,0.18,100,0.0026832892978563903,13937
hnp,random,2,140,0.06666666666666667,96.30000000000004,0,0.0,37,0.37,100,0.002096156857442111,14037
hnp,random,2,141,0.06622516556291391,97.80000000000001,0,0.0,22,0.22,100,0.0012262121142703108,14137
hnp,random,2,142,0.06578947368421052,95.60000000000002,1,0.01,25,0.25,100,0.001672502984001767,14237
hnp,random,2,143,0.06535947712418301,97.80000000000003,0,0.0,22,0.22,100,0.0005350122255913447,14337
hnp,random,2,144,0.06493506493506493,93.50000000000003,2,0.02,27,0.27,100,0.0003223761332628783,14437
hnp,random,2,145,0.06451612903225806,99.10000000000002,0,0.0,9,0.09,100,0.0010257315152557567,14537
hnp,random,2,146,0.06410256410256411,98.60000000000004,0,0.0,14,0.14,100,0.0008890193565457594,14637
hnp,random,2,147,0.06369426751592357,97.90000000000003,0,0.0,21,0.21,100,0.0003719385091972072,14737
hnp,random,2,148,0.06329113924050632,96.20000000000003,1,0.01,19,0.19,100,0.0003158669648109935,14837
hnp,random,2,149,0.06289308176100629,98.4,0,0.0,16,0.16,100,0.00027094438402855306,14937
hnp,random,2,150,0.0625,98.40000000000003,0,0.0,16,0.16,100,0.00047387046666699464,15037
hnp,random,2,151,0.06211180124223602,96.40000000000002,1,0.01,16,0.16,100,0.000311716363648884,15137
hnp,random,2,152,0.0617283950617284,98.30000000000001,0,0.0,17,0.17,100,0.0019382022542413324,15237
hnp,random,2,153,0.06134969325153374,95.20000000000005,1,0.01,28,0.28,100,0.0016663104118197225,15337
hnp,random,2,154,0.06097560975609757,97.90000000000003,0,0.0,21,0.21,100,0.000953552296559792,15437
hnp,random,2,155,0.06060606060606061,96.50000000000003,1,0.01,16,0.16,100,0.0004904868255835027,15537
hnp,random,2,156,0.06024096385542168,95.60000000000004,1,0.01,25,0.25,100,0.00033205714673385957,15637
hnp,random,2,157,0.059880239520958084,96.20000000000005,1,0.01,19,0.19,100,0.0002687180147040635,15737
hnp,random,2,158,0.05952380952380952,97.4,1,0.01,6,0.06,100,0.00044442244834499436,15837
hnp,random,2,159,0.0591715976331361,98.30000000000003,0,0.0,17,0.17,100,0.000313299035988166,15937
hnp,random,2,160,0.058823529411764705,95.70000000000005,1,0.01,24,0.24,100,0.0003066052688518539,16037
hnp,random,2,161,0.05847953216374269,98.30000000000001,0,0.0,17,0.17,100,0.0007043476347462274,16137
hnp,random,2,162,0.05813953488372093,96.60000000000004,1,0.01,14,0.14,100,0.0004974977715755813,16237
hnp,random,2,163,0.057803468208092484,97.20000000000005,0,0.0,28,0.28,100,0.0006788070994662121,16337
hnp,random,2,164,0.0574712643678161,95.60000000000002,1,0.01,25,0.25,100,0.0008557193909655325,16437
hnp,random,2,165,0.05714285714285714,97.80000000000005,0,0.0,22,0.22,100,0.00039191987467347646,16537
hnp,random,2,166,0.056818181818181816,98.70000000000002,0,0.0,13,0.13,100,0.00028351938832202,16637
hnp,random,2,167,0.05649717514124294,96.50000000000003,1,0.01,16,0.16,100,0.0008369063567079137,16737
hnp,random,2,168,0.056179775280898875,98.20000000000002,0,0.0,18,0.18,100,0.0007662456711113919,16837
hnp,random,2,169,0.0558659217877095,98.60000000000002,0,0.0,14,0.14,100,0.000426154172164388,16937
hnp,random,2,170,0.05555555555555555,98.30000000000001,0,0.0,17,0.17,100,0.00032336657590349206,17037
hnp,random,2,171,0.055248618784530384,98.50000000000001,0,0.0,15,0.15,100,0.00030320634454255923,17137
hnp,random,2,172,0.054945054945054944,98.8,0,0.0,12,0.12,100,0.00041370453021954745,17237
hnp,random,2,173,0.0546448087431694,98.20000000000005,0,0.0,18,0.18,100,0.00046162417682353406,17337
hnp,random,2,174,0.05434782608695653,95.70000000000002,1,0.01,24,0.24,100,0.0003134074082481675,17437
hnp,random,2,175,0.05405405405405406,96.70000000000002,1,0.01,14,0.14,100,0.0002322922144230688,17537
hnp,random,2,176,0.05376344086021505,98.10000000000002,0,0.0,19,0.19,100,0.00023557006359624212,17637
hnp,random,2,177,0.053475935828877004,98.00000000000004,0,0.0,20,0.2,100,0.00026507352347834964,17737
hnp,random,2,178,0.05319148936170213,96.10000000000004,1,0.01,20,0.2,100,0.00023007543095445726,17837
hnp,random,2,179,0.052910052910052914,96.30000000000004,1,0.01,18,0.18,100,0.00027737976830394473,17937
hnp,random,2,180,0.05263157894736842,96.5,1,0.01,16,0.16,100,0.000363874700415181,18037
hnp,random,2,181,0.05235602094240837,98.0,0,0.0,20,0.2,100,0.0005687327146006282,18137
hnp,random,2,182,0.052083333333333336,97.80000000000003,0,0.0,22,0.22,100,0.0011742092922213487,18237
hnp,random,2,183,0.05181347150259067,98.10000000000002,0,0.0,19,0.19,100,0.001087201600166736,18337
hnp,random,2,184,0.051546391752577324,96.60000000000002,1,0.01,15,0.15,100,0.00045058627219987104,18437
hnp,random,2,185,0.05128205128205128,98.80000000000001,0,0.0,12,0.12,100,0.000514327521668747,18537
hnp,random,2,186,0.0510204081632653,96.20000000000005,1,0.01,19,0.19,100,0.00031474658477236516,18637
hnp,random,2,187,0.050761421319796954,98.60000000000002,0,0.0,14,0.14,100,0.00030645859653304796,18737
hnp,random,2,188,0.050505050505050504,98.70000000000002,0,0.0,13,0.13,100,0.00029797409726597837,18837
hnp,random,2,189,0.05025125628140704,98.60000000000004,0,0.0,14,0.14,100,0.0002798459398036357,18937
hnp,random,2,190,0.05,96.90000000000003,1,0.01,12,0.12,100,0.00031667430397646967,19037
hnp,random,2,191,0.04975124378109452,98.90000000000002,0,0.0,11,0.11,100,0.00026750931581773327,19137
hnp,random,2,192,0.04950495049504951,96.4,1,0.01,17,0.17,100,0.00029079456537147054,19237
hnp,random,2,193,0.04926108374384236,96.30000000000004,1,0.01,18,0.18,100,0.0005184478756564203,19337
hnp,random,2,194,0.04901960784313726,94.50000000000003,2,0.02,17,0.17,100,0.001041126721247565,19437
hnp,random,2,195,0.04878048780487805,90.4,4,0.04,20,0.2,100,0.0006368276893044822,19537
hnp,random,2,196,0.04854368932038835,94.69999999999999,2,0.02,15,0.15,100,0.0003483045288885478,19637
hnp,random,2,197,0.04830917874396135,98.50000000000003,0,0.0,15,0.15,100,0.0002639334298146423,19737
hnp,random,2,198,0.04807692307692307,98.30000000000001,0,0.0,17,0.17,100,0.0003737014064245159,19837
hnp,random,2,199,0.04784688995215311,97.60000000000005,0,0.0,24,0.24,100,0.000366831352293957,19937
hnp,random,3,0,1.0,71.69999999999996,10,0.1,92,0.92,100,0.0907242788203262,37
hnp,random,3,1,0.9090909090909091,64.49999999999993,14,0.14,87,0.87,100,0.010291940059978515,137
hnp,random,3,2,0.8333333333333334,78.30000000000001,7,0.07,81,0.81,100,0.002816527287941426,237
hnp,random,3,3,0.7692307692307692,84.00000000000004,4,0.04,83,0.83,100,0.002006293514277786,337
hnp,random,3,4,0.7142857142857143,68.89999999999998,12,0.12,81,0.81,100,0.0017038951930589974,437
hnp,random,3,5,0.6666666666666666,66.89999999999996,13,0.13,84,0.84,100,0.0015388843219261616,537
hnp,random,3,6,0.625,76.9,8,0.08,76,0.76,100,0.0012503506720531732,637
hnp,random,3,7,0.5882352941176471,79.20000000000003,7,0.07,75,0.75,100,0.0014070343686034903,737
hnp,random,3,8,0.5555555555555556,71.39999999999998,11,0.11,76,0.76,100,0.001053243141504936,837
hnp,random,3,9,0.5263157894736842,79.1,7,0.07,75,0.75,100,0.000977097107679583,937
hnp,random,3,10,0.5,74.99999999999999,9,0.09,77,0.77,100,0.001028555261727888,1037
hnp,random,3,11,0.47619047619047616,82.60000000000002,6,0.06,60,0.6,100,0.0012640648166416214,1137
hnp,random,3,12,0.45454545454545453,82.5,6,0.06,61,0.61,100,0.001001223165076226,1237
hnp,random,3,13,0.4347826086956522,86.30000000000005,4,0.04,60,0.6,100,0.0008989160787314177,1337
hnp,random,3,14,0.4166666666666667,84.70000000000005,5,0.05,58,0.58,100,0.0008967695894534699,1437
hnp,random,3,15,0.4,82.90000000000002,6,0.06,57,0.57,100,0.0010796592177939601,1537
hnp,random,3,16,0.3846153846153846,91.50000000000004,2,0.02,47,0.47,100,0.0009162251825910061,1637
hnp,random,3,17,0.37037037037037035,89.80000000000003,3,0.03,45,0.45,100,0.0009632859451812692,1737
hnp,random,3,18,0.35714285714285715,93.90000000000006,1,0.01,42,0.42,100,0.0008603081441833638,1837
hnp,random,3,19,0.3448275862068966,90.50000000000009,2,0.02,57,0.57,100,0.0009289788946625776,1937
hnp,random,3,20,0.3333333333333333,93.60000000000005,1,0.01,45,0.45,100,0.0008054208807880058,2037
hnp,random,3,21,0.3225806451612903,91.60000000000002,2,0.02,46,0.46,100,0.0009322675238945522,2137
hnp,random,3,22,0.3125,92.10000000000005,2,0.02,41,0.41,100,0.0007315839739749208,2237
hnp,random,3,23,0.30303030303030304,85.50000000000004,5,0.05,50,0.5,100,0.0008797817095182836,2337
hnp,random,3,24,0.29411764705882354,92.50000000000004,2,0.02,36,0.36,100,0.0011980783104081638,2437
hnp,random,3,25,0.2857142857142857,87.70000000000002,4,0.04,46,0.46,100,0.0009187878493685276,2537
hnp,random,3,26,0.2777777777777778,86.10000000000001,5,0.05,44,0.44,100,0.0008722960983868688,2637
hnp,random,3,27,0.27027027027027023,94.50000000000001,1,0.01,36,0.36,100,0.0008517296935315244,2737
hnp,random,3,28,0.2631578947368421,94.40000000000006,1,0.01,37,0.37,100,0.0007579263637308031,2837
hnp,random,3,29,0.25641025641025644,94.50000000000003,1,0.01,36,0.36,100,0.0008348428976023569,2937
hnp,random,3,30,0.25,90.70000000000005,3,0.03,36,0.36,100,0.0007688132624025457,3037
hnp,random,3,31,0.24390243902439027,84.90000000000003,6,0.06,36,0.36,100,0.0008868591373902745,3137
hnp,random,3,32,0.23809523809523808,90.4,3,0.03,39,0.39,100,0.0007868510988191702,3237
hnp,random,3,33,0.23255813953488372,92.80000000000004,2,0.02,34,0.34,100,0.0006777004490140826,3337
hnp,random,3,34,0.22727272727272727,95.00000000000006,1,0.01,31,0.31,100,0.0007390603999374434,3437
hnp,random,3,35,0.2222222222222222,92.10000000000004,2,0.02,41,0.41,100,0.0006903640428208746,3537
hnp,random,3,36,0.2173913043478261,92.60000000000008,2,0.02,36,0.36,100,0.0013776038272771984,3637
hnp,random,3,37,0.2127659574468085,91.70000000000003,2,0.02,45,0.45,100,0.0009935642714845017,3737
hnp,random,3,38,0.20833333333333334,93.1,2,0.02,31,0.31,100,0.0006879363901680335,3837
hnp,random,3,39,0.2040816326530612,94.40000000000003,1,0.01,37,0.37,100,0.0006024547846755013,3937
hnp,random,3,40,0.2,87.40000000000005,5,0.05,30,0.3,100,0.0008714777725981549,4037
hnp,random,3,41,0.19607843137254904,90.80000000000007,3,0.03,35,0.35,100,0.0008022842116770334,4137
hnp,random,3,42,0.1923076923076923,90.60000000000002,3,0.03,36,0.36,100,0.0006762885543867014,4237
hnp,random,3,43,0.18867924528301888,92.70000000000003,2,0.02,35,0.35,100,0.0015911580517422408,4337
hnp,random,3,44,0.18518518518518517,91.10000000000005,3,0.03,32,0.32,100,0.0013503207103349269,4437
hnp,random,3,45,0.18181818181818182,86.80000000000004,5,0.05,37,0.37,100,0.0011077896686038002,4537
hnp,random,3,46,0.17857142857142858,97.10000000000005,0,0.0,29,0.29,100,0.0007883716345531866,4637
hnp,random,3,47,0.17543859649122806,92.50000000000006,2,0.02,37,0.37,100,0.0007557786884717643,4737
hnp,random,3,48,0.1724137931034483,90.80000000000004,3,0.03,34,0.34,100,0.0006933954995474778,4837
hnp,random,3,49,0.1694915254237288,90.10000000000002,4,0.04,21,0.21,100,0.0022143331955885516,4937
hnp,random,3,50,0.16666666666666666,91.60000000000002,3,0.03,27,0.27,100,0.0009516502838232554,5037
hnp,random,3,51,0.1639344262295082,95.4,1,0.01,27,0.27,100,0.0006839678384130821,5137
hnp,random,3,52,0.16129032258064516,92.60000000000002,2,0.02,36,0.36,100,0.0006410633379709907,5237
hnp,random,3,53,0.15873015873015872,96.00000000000003,1,0.01,21,0.21,100,0.0005456041230354459,5337
hnp,random,3,54,0.15625,92.70000000000003,2,0.02,35,0.35,100,0.0005954129653400742,5437
hnp,random,3,55,0.15384615384615385,93.60000000000001,2,0.02,26,0.26,100,0.0006273558488464914,5537
hnp,random,3,56,0.15151515151515152,93.40000000000005,2,0.02,28,0.28,100,0.0005262831566506066,5637
hnp,random,3,57,0.14925373134328357,98.10000000000002,0,0.0,19,0.19,100,0.000491996585187735,5737
hnp,random,3,58,0.14705882352941177,94.10000000000002,2,0.02,21,0.21,100,0.0006190290441736579,5837
hnp,random,3,59,0.14492753623188406,91.4,3,0.03,29,0.29,100,0.0005048733504372649,5937
hnp,random,3,60,0.14285714285714285,93.00000000000003,2,0.02,31,0.31,100,0.00048169548317673617,6037
hnp,random,3,61,0.14084507042253522,93.10000000000002,2,0.02,31,0.31,100,0.0010346396404202097,6137
hnp,random,3,62,0.1388888888888889,96.60000000000005,0,0.0,34,0.34,100,0.0007789007545216009,6237
hnp,random,3,63,0.136986301369863,96.50000000000003,1,0.01,16,0.16,100,0.0005266994910198264,6337
hnp,random,3,64,0.13513513513513511,93.70000000000002,2,0.02,25,0.25,100,0.0005168533640971872,6437
hnp,random,3,65,0.13333333333333333,90.10000000000002,4,0.04,22,0.22,100,0.00059565840580035,6537
hnp,random,3,66,0.13157894736842105,92.80000000000007,2,0.02,34,0.34,100,0.0013061582154477946,6637
hnp,random,3,67,0.12987012987012986,89.30000000000001,4,0.04,31,0.31,100,0.0014191203884547576,6737
hnp,random,3,68,0.12820512820512822,93.50000000000003,2,0.02,27,0.27,100,0.0006184047332499176,6837
hnp,random,3,69,0.12658227848101264,93.5,2,0.02,27,0.27,100,0.0006924981277552433,6937
hnp,random,3,70,0.125,98.40000000000003,0,0.0,16,0.16,100,0.000523090286005754,7037
hnp,random,3,71,0.1234567901234568,96.5,1,0.01,16,0.16,100,0.0004691925791848917,7137
hnp,random,3,72,0.12195121951219513,93.50000000000003,2,0.02,27,0.27,100,0.00047045699975569735,7237
hnp,random,3,73,0.12048192771084336,93.20000000000003,2,0.02,30,0.3,100,0.0004255388907040469,7337
hnp,random,3,74,0.11904761904761904,95.70000000000005,1,0.01,24,0.24,100,0.00041064864097279497,7437
hnp,random,3,75,0.11764705882352941,97.80000000000004,0,0.0,22,0.22,100,0.00044143216029624455,7537
hnp,random,3,76,0.11627906976744186,96.20000000000002,1,0.01,18,0.18,100,0.0004804562238859944,7637
hnp,random,3,77,0.1149425287356322,97.90000000000003,0,0.0,21,0.21,100,0.0005767412844579667,7737
hnp,random,3,78,0.11363636363636363,98.10000000000002,0,0.0,19,0.19,100,0.00048818003575433976,7837
hnp,random,3,79,0.11235955056179775,98.10000000000002,0,0.0,19,0.19,100,0.00044188463463797236,7937
hnp,random,3,80,0.1111111111111111,88.10000000000005,5,0.05,24,0.24,100,0.0004131237771071028,8037
hnp,random,3,81,0.10989010989010989,98.00000000000001,0,0.0,20,0.2,100,0.0004162191489012912,8137
hnp,random,3,82,0.10869565217391305,97.20000000000003,0,0.0,28,0.28,100,0.0004015303569030948,8237
hnp,random,3,83,0.1075268817204301,95.10000000000005,1,0.01,30,0.3,100,0.00048285823781043293,8337
hnp,random,3,84,0.10638297872340426,94.30000000000001,2,0.02,19,0.19,100,0.00044333200581604616,8437
hnp,random,3,85,0.10526315789473684,96.00000000000004,1,0.01,21,0.21,100,0.000631443114252761,8537
hnp,random,3,86,0.10416666666666667,96.40000000000003,1,0.01,17,0.17,100,0.0006008364510489628,8637
hnp,random,3,87,0.10309278350515465,97.50000000000006,0,0.0,25,0.25,100,0.0017715703256544657,8737
hnp,random,3,88,0.1020408163265306,95.70000000000002,1,0.01,24,0.24,100,0.001132684689364396,8837
hnp,random,3,89,0.10101010101010101,92.00000000000004,3,0.03,22,0.22,100,0.0005673865877906792,8937
hnp,random,3,90,0.1,98.60000000000001,0,0.0,14,0.14,100,0.0008480779110686854,9037
hnp,random,3,91,0.09900990099009901,98.20000000000002,0,0.0,18,0.18,100,0.0005129828538338188,9137
hnp,random,3,92,0.09803921568627452,95.60000000000002,1,0.01,25,0.25,100,0.00037632534469594247,9237
hnp,random,3,93,0.0970873786407767,95.80000000000004,1,0.01,23,0.23,100,0.00041705068564624526,9337
hnp,random,3,94,0.09615384615384615,94.00000000000003,2,0.02,22,0.22,100,0.00044411902330466547,9437
hnp,random,3,95,0.09523809523809523,97.50000000000004,0,0.0,25,0.25,100,0.000331810407951707,9537
hnp,random,3,96,0.09433962264150944,94.20000000000002,2,0.02,20,0.2,100,0.0003931045622448437,9637
hnp,random,3,97,0.09345794392523366,93.90000000000002,2,0.02,23,0.23,100,0.0003975521597021725,9737
hnp,random,3,98,0.09259259259259259,98.20000000000002,0,0.0,18,0.18,100,0.00038042477041017264,9837
hnp,random,3,99,0.09174311926605504,97.40000000000003,0,0.0,26,0.26,100,0.001100553954602219,9937
hnp,random,3,100,0.09090909090909091,94.50000000000003,2,0.02,17,0.17,100,0.000617927198036341,10037
hnp,random,3,101,0.0900900900900901,93.80000000000004,2,0.02,24,0.24,100,0.0005182801520277281,10137
hnp,random,3,102,0.08928571428571429,98.20000000000005,0,0.0,18,0.18,100,0.0006907850637799128,10237
hnp,random,3,103,0.08849557522123894,96.50000000000003,1,0.01,16,0.16,100,0.0004044256686756853,10337
hnp,random,3,104,0.08771929824561403,95.90000000000003,1,0.01,22,0.22,100,0.00036132139328401533,10437
hnp,random,3,105,0.08695652173913043,97.9,0,0.0,21,0.21,100,0.0003576105482352432,10537
hnp,random,3,106,0.08620689655172414,97.70000000000002,0,0.0,23,0.23,100,0.0003297016020223964,10637
hnp,random,3,107,0.08547008547008547,94.50000000000001,2,0.02,16,0.16,100,0.00037857258124859074,10737
hnp,random,3,108,0.0847457627118644,92.30000000000001,3,0.03,19,0.19,100,0.00029051197576336564,10837
hnp,random,3,109,0.08403361344537814,98.10000000000004,0,0.0,19,0.19,100,0.0003584124402550515,10937
hnp,random,3,110,0.08333333333333333,93.80000000000004,2,0.02,24,0.24,100,0.0003137709280417766,11037
hnp,random,3,111,0.08264462809917356,93.70000000000002,2,0.02,25,0.25,100,0.00030108460079645736,11137
hnp,random,3,112,0.0819672131147541,95.80000000000004,1,0.01,23,0.23,100,0.0003133997684926726,11237
hnp,random,3,113,0.08130081300813008,98.30000000000001,0,0.0,17,0.17,100,0.0003373200685018674,11337
hnp,random,3,114,0.08064516129032258,94.5,2,0.02,16,0.16,100,0.0003454362506454345,11437
hnp,random,3,115,0.08,96.20000000000002,1,0.01,19,0.19,100,0.0003299153968691826,11537
hnp,random,3,116,0.07936507936507936,93.90000000000003,2,0.02,23,0.23,100,0.0003445121571712662,11637
hnp,random,3,117,0.07874015748031496,98.20000000000002,0,0.0,18,0.18,100,0.00027770841188612394,11737
hnp,random,3,118,0.078125,94.70000000000002,2,0.02,15,0.15,100,0.00036038073973031714,11837
hnp,random,3,119,0.07751937984496124,92.90000000000003,3,0.03,14,0.14,100,0.00039538379802252167,11937
hnp,random,3,120,0.07692307692307693,95.90000000000003,1,0.01,22,0.22,100,0.001027557075722143,12037
hnp,random,3,121,0.07633587786259542,97.19999999999999,0,0.0,28,0.28,100,0.0017683140886947512,12137
hnp,random,3,122,0.07575757575757576,98.50000000000003,0,0.0,15,0.15,100,0.0006677604658761993,12237
hnp,random,3,123,0.07518796992481203,97.80000000000001,0,0.0,22,0.22,100,0.0006404451053822414,12337
hnp,random,3,124,0.07462686567164178,96.10000000000002,1,0.01,20,0.2,100,0.0004162695130798966,12437
hnp,random,3,125,0.07407407407407407,98.00000000000003,0,0.0,20,0.2,100,0.0002887801647011656,12537
hnp,random,3,126,0.07352941176470588,98.90000000000003,0,0.0,11,0.11,100,0.00031484104809351263,12637
hnp,random,3,127,0.07299270072992702,96.20000000000002,1,0.01,18,0.18,100,0.00028504316207545344,12737
hnp,random,3,128,0.07246376811594203,98.30000000000001,0,0.0,17,0.17,100,0.0002731067824788624,12837
hnp,random,3,129,0.07194244604316546,92.20000000000002,3,0.03,20,0.2,100,0.0002725985200959258,12937
hnp,random,3,130,0.07142857142857142,97.90000000000005,0,0.0,21,0.21,100,0.0008520476198464167,13037
hnp,random,3,131,0.07092198581560284,98.10000000000002,0,0.0,19,0.19,100,0.0007297058413678315,13137
hnp,random,3,132,0.07042253521126761,97.60000000000002,0,0.0,24,0.24,100,0.0014212982633034698,13237
hnp,random,3,133,0.06993006993006992,98.60000000000002,0,0.0,14,0.14,100,0.0007215061786700972,13337
hnp,random,3,134,0.06944444444444445,93.70000000000002,2,0.02,25,0.25,100,0.0006124360801186413,13437
hnp,random,3,135,0.06896551724137931,98.40000000000005,0,0.0,16,0.16,100,0.00039075429434888066,13537
hnp,random,3,136,0.0684931506849315,95.60000000000002,1,0.01,25,0.25,100,0.0005360299923631829,13637
hnp,random,3,137,0.06802721088435375,98.00000000000003,0,0.0,20,0.2,100,0.0005148939085484017,13737
hnp,random,3,138,0.06756756756756756,97.30000000000003,0,0.0,27,0.27,100,0.0006357486703200266,13837
hnp,random,3,139,0.06711409395973154,98.5,0,0.0,15,0.15,100,0.000388026996224653,13937
hnp,random,3,140,0.06666666666666667,97.40000000000003,0,0.0,26,0.26,100,0.0005955746557447128,14037
hnp,random,3,141,0.06622516556291391,98.60000000000005,0,0.0,14,0.14,100,0.0003652434897958301,14137
hnp,random,3,142,0.06578947368421052,96.20000000000003,1,0.01,18,0.18,100,0.00028113546650274655,14237
hnp,random,3,143,0.06535947712418301,96.80000000000001,1,0.01,13,0.13,100,0.0003224119249352952,14337
hnp,random,3,144,0.06493506493506493,92.50000000000001,3,0.03,18,0.18,100,0.00029633501879288815,14437
hnp,random,3,145,0.06451612903225806,92.50000000000003,3,0.03,18,0.18,100,0.00034109802640159615,14537
hnp,random,3,146,0.06410256410256411,94.3,2,0.02,19,0.19,100,0.0002990400452108588,14637
hnp,random,3,147,0.06369426751592357,98.00000000000001,0,0.0,20,0.2,100,0.00027803978286101484,14737
hnp,random,3,148,0.06329113924050632,98.80000000000001,0,0.0,12,0.12,100,0.0003494947137369309,14837
hnp,random,3,149,0.06289308176100629,98.5,0,0.0,15,0.15,100,0.0003119640477234498,14937
hnp,random,3,150,0.0625,94.60000000000002,2,0.02,16,0.16,100,0.000374870011000894,15037
hnp,random,3,151,0.06211180124223602,98.60000000000001,0,0.0,14,0.14,100,0.00035021016556129324,15137
hnp,random,3,152,0.0617283950617284,98.80000000000001,0,0.0,12,0.12,100,0.00029055677514406854,15237
hnp,random,3,153,0.06134969325153374,98.1,0,0.0,19,0.19,100,0.0002659466667682864,15337
hnp,random,3,154,0.06097560975609757,98.00000000000003,0,0.0,20,0.2,100,0.00025710644098580815,15437
hnp,random,3,155,0.06060606060606061,98.30000000000001,0,0.0,17,0.17,100,0.0003135307175398339,15537
hnp,random,3,156,0.06024096385542168,95.00000000000003,2,0.02,11,0.11,100,0.00038846499723149463,15637
hnp,random,3,157,0.059880239520958084,98.60000000000004,0,0.0,14,0.14,100,0.00029690494717215187,15737
hnp,random,3,158,0.05952380952380952,97.90000000000002,0,0.0,21,0.21,100,0.00026585589082969816,15837
hnp,random,3,159,0.0591715976331361,95.90000000000005,1,0.01,22,0.22,100,0.0002882091391074937,15937
hnp,random,3,160,0.058823529411764705,98.5,0,0.0,15,0.15,100,0.0005544885979907122,16037
hnp,random,3,161,0.05847953216374269,98.20000000000002,0,0.0,18,0.18,100,0.0004171358630992472,16137
hnp,random,3,162,0.05813953488372093,98.60000000000002,0,0.0,14,0.14,100,0.0003691457016975619,16237
hnp,random,3,163,0.057803468208092484,95.90000000000003,1,0.01,22,0.22,100,0.00023383111074508632,16337
hnp,random,3,164,0.0574712643678161,98.9,0,0.0,11,0.11,100,0.00026005853287642823,16437
hnp,random,3,165,0.05714285714285714,99.4,0,0.0,6,0.06,100,0.0004491011193022132,16537
hnp,random,3,166,0.056818181818181816,96.40000000000005,1,0.01,16,0.16,100,0.0004794904190930538,16637
hnp,random,3,167,0.05649717514124294,92.20000000000002,3,0.03,21,0.21,100,0.0003051700981450267,16737
hnp,random,3,168,0.056179775280898875,98.40000000000002,0,0.0,16,0.16,100,0.0007390335974923801,16837
hnp,random,3,169,0.0558659217877095,96.90000000000003,1,0.01,12,0.12,100,0.0004988954629516229,16937
hnp,random,3,170,0.05555555555555555,99.00000000000001,0,0.0,10,0.1,100,0.00039820699181291274,17037
hnp,random,3,171,0.055248618784530384,96.20000000000002,1,0.01,18,0.18,100,0.00038124950326164255,17137
hnp,random,3,172,0.054945054945054944,93.60000000000004,2,0.02,26,0.26,100,0.0003459528686653357,17237
hnp,random,3,173,0.0546448087431694,98.5,0,0.0,15,0.15,100,0.00028244809167517817,17337
hnp,random,3,174,0.05434782608695653,94.4,2,0.02,18,0.18,100,0.0003088552628469188,17437
hnp,random,3,175,0.05405405405405406,90.5,4,0.04,19,0.19,100,0.0002453968273039209,17537
hnp,random,3,176,0.05376344086021505,96.80000000000003,1,0.01,12,0.12,100,0.0002939636768132914,17637
hnp,random,3,177,0.053475935828877004,97.70000000000003,0,0.0,23,0.23,100,0.00023786058802215847,17737
hnp,random,3,178,0.05319148936170213,96.30000000000001,1,0.01,18,0.18,100,0.0003523799462709576,17837
hnp,random,3,179,0.052910052910052914,94.70000000000002,2,0.02,15,0.15,100,0.00033006503828801213,17937
hnp,random,3,180,0.05263157894736842,96.3,1,0.01,18,0.18,100,0.0004758243659307482,18037
hnp,random,3,181,0.05235602094240837,98.20000000000002,0,0.0,18,0.18,100,0.0003876215333730215,18137
hnp,random,3,182,0.052083333333333336,96.10000000000005,1,0.01,20,0.2,100,0.00039531137350422795,18237
hnp,random,3,183,0.05181347150259067,96.70000000000003,1,0.01,14,0.14,100,0.00038392820075387133,18337
hnp,random,3,184,0.051546391752577324,96.20000000000005,1,0.01,18,0.18,100,0.00036453662905842064,18437
hnp,random,3,185,0.05128205128205128,96.60000000000004,1,0.01,15,0.15,100,0.0002974246481608134,18537
hnp,random,3,186,0.0510204081632653,98.1,0,0.0,19,0.19,100,0.00085199151042616,18637
hnp,random,3,187,0.050761421319796954,95.90000000000003,1,0.01,22,0.22,100,0.0003976661927299574,18737
hnp,random,3,188,0.050505050505050504,94.4,2,0.02,17,0.17,100,0.000993784665406565,18837
hnp,random,3,189,0.05025125628140704,98.60000000000001,0,0.0,14,0.14,100,0.00024601621022156905,18937
hnp,random,3,190,0.05,95.60000000000002,1,0.01,24,0.24,100,0.0016193780426692684,19037
hnp,random,3,191,0.04975124378109452,95.90000000000003,1,0.01,22,0.22,100,0.0003931328258477151,19137
hnp,random,3,192,0.04950495049504951,96.90000000000002,1,0.01,12,0.12,100,0.0009405395519570447,19237
hnp,random,3,193,0.04926108374384236,98.50000000000003,0,0.0,15,0.15,100,0.0006903299413534114,19337
hnp,random,3,194,0.04901960784313726,96.20000000000002,1,0.01,19,0.19,100,0.001318730376806343,19437
hnp,random,3,195,0.04878048780487805,98.60000000000001,0,0.0,14,0.14,100,0.0011805163510143757,19537
hnp,random,3,196,0.04854368932038835,95.80000000000001,1,0.01,23,0.23,100,0.001533032248262316,19637
hnp,random,3,197,0.04830917874396135,97.40000000000003,0,0.0,26,0.26,100,0.0006186866073403508,19737
hnp,random,3,198,0.04807692307692307,96.20000000000005,1,0.01,19,0.19,100,0.001092817750177346,19837
hnp,random,3,199,0.04784688995215311,96.60000000000002,1,0.01,15,0.15,100,0.000469147571711801,19937
hnp,random,4,0,1.0,71.79999999999997,10,0.1,91,0.91,100,0.07357749179307674,37
hnp,random,4,1,0.9090909090909091,68.49999999999996,12,0.12,86,0.86,100,0.012956822768319397,137
hnp,random,4,2,0.8333333333333334,69.69999999999996,11,0.11,90,0.9,100,0.0027697323117172345,237
hnp,random,4,3,0.7692307692307692,69.09999999999997,12,0.12,78,0.78,100,0.001771677655633539,337
hnp,random,4,4,0.7142857142857143,75.90000000000002,8,0.08,88,0.88,100,0.0017560373235028237,437
hnp,random,4,5,0.6666666666666666,80.40000000000002,6,0.06,82,0.82,100,0.0018111945473356173,537
hnp,random,4,6,0.625,78.70000000000003,7,0.07,80,0.8,100,0.001396812587045133,637
hnp,random,4,7,0.5882352941176471,73.49999999999999,10,0.1,71,0.71,100,0.001292536048567854,737
hnp,random,4,8,0.5555555555555556,81.30000000000004,6,0.06,73,0.73,100,0.001444079012144357,837
hnp,random,4,9,0.5263157894736842,84.00000000000004,5,0.05,65,0.65,100,0.001288043157546781,937
hnp,random,4,10,0.5,82.90000000000003,5,0.05,76,0.76,100,0.0014546582259936259,1037
hnp,random,4,11,0.47619047619047616,84.20000000000005,5,0.05,63,0.63,100,0.0011750374268740416,1137
hnp,random,4,12,0.45454545454545453,86.20000000000003,4,0.04,61,0.61,100,0.000937611558183562,1237
hnp,random,4,13,0.4347826086956522,78.1,8,0.08,65,0.65,100,0.0010134941202704795,1337
hnp,random,4,14,0.4166666666666667,76.30000000000001,9,0.09,63,0.63,100,0.0010518225323176012,1437
hnp,random,4,15,0.4,88.40000000000005,3,0.03,59,0.59,100,0.0010055562609340995,1537
hnp,random,4,16,0.3846153846153846,88.70000000000005,3,0.03,56,0.56,100,0.0010868719976861029,1637
hnp,random,4,17,0.37037037037037035,88.10000000000002,3,0.03,62,0.62,100,0.001103819795534946,1737
hnp,random,4,18,0.35714285714285715,87.50000000000003,4,0.04,49,0.49,100,0.0009137568130972796,1837
hnp,random,4,19,0.3448275862068966,83.80000000000005,6,0.06,46,0.46,100,0.0008469080840586685,1937
hnp,random,4,20,0.3333333333333333,90.30000000000007,3,0.03,40,0.4,100,0.0008357322480878793,2037
hnp,random,4,21,0.3225806451612903,75.6,10,0.1,53,0.53,100,0.00077416419837391,2137
hnp,random,4,22,0.3125,75.7,10,0.1,51,0.51,100,0.0010240041874931194,2237
hnp,random,4,23,0.30303030303030304,84.40000000000003,6,0.06,41,0.41,100,0.0009042251692153513,2337
hnp,random,4,24,0.29411764705882354,84.40000000000002,6,0.06,42,0.42,100,0.0007712533138692378,2437
hnp,random,4,25,0.2857142857142857,88.50000000000003,4,0.04,39,0.39,100,0.000662970993143972,2537
hnp,random,4,26,0.2777777777777778,90.60000000000002,3,0.03,37,0.37,100,0.0006356138476985507,2637
hnp,random,4,27,0.27027027027027023,87.20000000000005,5,0.05,33,0.33,100,0.0006904378969920799,2737
hnp,random,4,28,0.2631578947368421,85.9,5,0.05,46,0.46,100,0.0007891333842417226,2837
hnp,random,4,29,0.25641025641025644,87.00000000000003,5,0.05,33,0.33,100,0.0008263138204347342,2937
hnp,random,4,30,0.25,94.40000000000002,1,0.01,37,0.37,100,0.000681564129772596,3037
hnp,random,4,31,0.24390243902439027,84.80000000000001,6,0.06,37,0.37,100,0.0008633636348531581,3137
hnp,random,4,32,0.23809523809523808,88.40000000000002,4,0.04,40,0.4,100,0.0007436007837532088,3237
hnp,random,4,33,0.23255813953488372,94.20000000000005,1,0.01,38,0.38,100,0.0008103139683953486,3337
hnp,random,4,34,0.22727272727272727,92.20000000000003,2,0.02,40,0.4,100,0.0007264591587590985,3437
hnp,random,4,35,0.2222222222222222,97.60000000000004,0,0.0,24,0.24,100,0.0007432442225399427,3537
hnp,random,4,36,0.2173913043478261,90.20000000000003,3,0.03,41,0.41,100,0.0007231776718981564,3637
hnp,random,4,37,0.2127659574468085,94.70000000000005,1,0.01,34,0.34,100,0.0007012559613212943,3737
hnp,random,4,38,0.20833333333333334,88.0,5,0.05,24,0.24,100,0.000716716761526186,3837
hnp,random,4,39,0.2040816326530612,95.60000000000002,1,0.01,25,0.25,100,0.0006437246769201011,3937
hnp,random,4,40,0.2,86.90000000000002,5,0.05,36,0.36,100,0.0005502791708568111,4037
hnp,random,4,41,0.19607843137254904,95.10000000000002,1,0.01,30,0.3,100,0.0006631986450520344,4137
hnp,random,4,42,0.1923076923076923,90.1,4,0.04,23,0.23,100,0.0007146234443644061,4237
hnp,random,4,43,0.18867924528301888,94.30000000000004,1,0.01,38,0.38,100,0.0010951026331167668,4337
hnp,random,4,44,0.18518518518518517,95.90000000000003,1,0.01,22,0.22,100,0.0007197832956444472,4437
hnp,random,4,45,0.18181818181818182,93.30000000000001,2,0.02,29,0.29,100,0.0006494474664214068,4537
hnp,random,4,46,0.17857142857142858,94.90000000000006,1,0.01,31,0.31,100,0.0014322096007526853,4637
hnp,random,4,47,0.17543859649122806,94.50000000000003,1,0.01,36,0.36,100,0.0018437106243800372,4737
hnp,random,4,48,0.1724137931034483,86.40000000000003,5,0.05,41,0.41,100,0.0008675397912156768,4837
hnp,random,4,49,0.1694915254237288,91.50000000000004,3,0.03,27,0.27,100,0.0006529660405067262,4937
hnp,random,4,50,0.16666666666666666,96.60000000000002,0,0.0,34,0.34,100,0.0010010374229750597,5037
hnp,random,4,51,0.1639344262295082,85.29999999999998,6,0.06,32,0.32,100,0.0008420207313611172,5137
hnp,random,4,52,0.16129032258064516,93.90000000000003,2,0.02,23,0.23,100,0.0007475723963580094,5237
hnp,random,4,53,0.15873015873015872,92.90000000000003,2,0.02,32,0.32,100,0.0005309631300042384,5337
hnp,random,4,54,0.15625,97.20000000000003,0,0.0,28,0.28,100,0.0006702934519853443,5437
hnp,random,4,55,0.15384615384615385,93.10000000000004,2,0.02,31,0.31,100,0.0006194756443437655,5537
hnp,random,4,56,0.15151515151515152,92.60000000000001,3,0.03,17,0.17,100,0.0004931689841032494,5637
hnp,random,4,57,0.14925373134328357,95.9,1,0.01,21,0.21,100,0.00045463828166248277,5737
hnp,random,4,58,0.14705882352941177,95.20000000000005,1,0.01,29,0.29,100,0.0004887002428586129,5837
hnp,random,4,59,0.14492753623188406,97.60000000000005,0,0.0,24,0.24,100,0.0004277596484462265,5937
hnp,random,4,60,0.14285714285714285,85.70000000000005,6,0.06,25,0.25,100,0.0010191393420973327,6037
hnp,random,4,61,0.14084507042253522,96.80000000000007,0,0.0,32,0.32,100,0.002700034164590761,6137
hnp,random,4,62,0.1388888888888889,95.30000000000007,1,0.01,28,0.28,100,0.000934658897749614,6237
hnp,random,4,63,0.136986301369863,93.90000000000003,2,0.02,22,0.22,100,0.0010271153511712328,6337
hnp,random,4,64,0.13513513513513511,91.60000000000002,3,0.03,27,0.27,100,0.0005668566349777394,6437
hnp,random,4,65,0.13333333333333333,93.30000000000007,2,0.02,29,0.29,100,0.0004792004187765997,6537
hnp,random,4,66,0.13157894736842105,97.90000000000003,0,0.0,21,0.21,100,0.000426655715709785,6637
hnp,random,4,67,0.12987012987012986,93.70000000000003,2,0.02,25,0.25,100,0.0005381620235857553,6737
hnp,random,4,68,0.12820512820512822,95.70000000000003,1,0.01,23,0.23,100,0.00042082512300112285,6837
hnp,random,4,69,0.12658227848101264,95.40000000000003,1,0.01,26,0.26,100,0.0004841068519453984,6937
hnp,random,4,70,0.125,94.10000000000005,2,0.02,21,0.21,100,0.0004214430083811749,7037
hnp,random,4,71,0.1234567901234568,98.30000000000004,0,0.0,17,0.17,100,0.0004544009162054863,7137
hnp,random,4,72,0.12195121951219513,95.50000000000003,1,0.01,26,0.26,100,0.0004167878611769993,7237
hnp,random,4,73,0.12048192771084336,94.50000000000001,2,0.02,16,0.16,100,0.0004020166832196992,7337
hnp,random,4,74,0.11904761904761904,98.4,0,0.0,16,0.16,100,0.0005376261501805857,7437
hnp,random,4,75,0.11764705882352941,90.9,3,0.03,33,0.33,100,0.0019704980793176217,7537
hnp,random,4,76,0.11627906976744186,93.80000000000001,2,0.02,24,0.24,100,0.0006601275026332587,7637
hnp,random,4,77,0.1149425287356322,98.10000000000002,0,0.0,19,0.19,100,0.0005337570288975257,7737
hnp,random,4,78,0.11363636363636363,92.30000000000004,3,0.03,20,0.2,100,0.0005149079978582449,7837
hnp,random,4,79,0.11235955056179775,98.20000000000003,0,0.0,18,0.18,100,0.001239133963099448,7937
hnp,random,4,80,0.1111111111111111,96.60000000000002,1,0.01,14,0.14,100,0.00043204547197092327,8037
hnp,random,4,81,0.10989010989010989,95.80000000000001,1,0.01,22,0.22,100,0.0007293361832853407,8137
hnp,random,4,82,0.10869565217391305,93.40000000000002,2,0.02,28,0.28,100,0.0007550548407016322,8237
hnp,random,4,83,0.1075268817204301,94.20000000000002,2,0.02,19,0.19,100,0.0004471540832309984,8337
hnp,random,4,84,0.10638297872340426,98.30000000000001,0,0.0,17,0.17,100,0.000477079357515322,8437
hnp,random,4,85,0.10526315789473684,96.30000000000001,1,0.01,18,0.18,100,0.0004288559425913263,8537
hnp,random,4,86,0.10416666666666667,94.40000000000003,2,0.02,18,0.18,100,0.00031238754134392364,8637
hnp,random,4,87,0.10309278350515465,95.90000000000003,1,0.01,22,0.22,100,0.0003508076682919636,8737
hnp,random,4,88,0.1020408163265306,98.00000000000004,0,0.0,20,0.2,100,0.0003677815277478658,8837
hnp,random,4,89,0.10101010101010101,95.80000000000004,1,0.01,23,0.23,100,0.0005177984233887401,8937
hnp,random,4,90,0.1,96.30000000000003,1,0.01,18,0.18,100,0.0009087464303593151,9037
hnp,random,4,91,0.09900990099009901,93.60000000000005,2,0.02,25,0.25,100,0.0013805761761614122,9137
hnp,random,4,92,0.09803921568627452,98.20000000000005,0,0.0,18,0.18,100,0.0007482296859961934,9237
hnp,random,4,93,0.0970873786407767,98.20000000000005,0,0.0,18,0.18,100,0.0004700608218263369,9337
hnp,random,4,94,0.09615384615384615,96.20000000000005,1,0.01,19,0.19,100,0.0003740520673454739,9437
hnp,random,4,95,0.09523809523809523,95.40000000000003,1,0.01,27,0.27,100,0.0003050922877446283,9537
hnp,random,4,96,0.09433962264150944,91.60000000000002,3,0.03,27,0.27,100,0.0003404376706748735,9637
hnp,random,4,97,0.09345794392523366,95.60000000000004,1,0.01,25,0.25,100,0.0003201955236727372,9737
hnp,random,4,98,0.09259259259259259,90.6,4,0.04,18,0.18,100,0.00033487404449260793,9837
hnp,random,4,99,0.09174311926605504,94.30000000000001,2,0.02,19,0.19,100,0.0007691868967958726,9937
hnp,random,4,100,0.09090909090909091,96.20000000000002,1,0.01,18,0.18,100,0.0014941498058033175,10037
hnp,random,4,101,0.0900900900900901,96.3,1,0.01,18,0.18,100,0.0008667516324203461,10137
hnp,random,4,102,0.08928571428571429,93.70000000000003,2,0.02,24,0.24,100,0.0005171519945724867,10237
hnp,random,4,103,0.08849557522123894,96.50000000000003,1,0.01,16,0.16,100,0.0003865106584271416,10337
hnp,random,4,104,0.08771929824561403,93.70000000000005,2,0.02,25,0.25,100,0.000436779214796843,10437
hnp,random,4,105,0.08695652173913043,98.1,0,0.0,19,0.19,100,0.00030993284584837963,10537
hnp,random,4,106,0.08620689655172414,96.40000000000002,1,0.01,17,0.17,100,0.00030758180655539037,10637
hnp,random,4,107,0.08547008547008547,96.10000000000002,1,0.01,19,0.19,100,0.0008276583800034132,10737
hnp,random,4,108,0.0847457627118644,97.90000000000002,0,0.0,21,0.21,100,0.0009939158838824368,10837
hnp,random,4,109,0.08403361344537814,96.40000000000002,1,0.01,17,0.17,100,0.000527418676938396,10937
hnp,random,4,110,0.08333333333333333,95.60000000000004,1,0.01,24,0.24,100,0.00040833241466316396,11037
hnp,random,4,111,0.08264462809917356,97.70000000000005,0,0.0,23,0.23,100,0.0004481228199438192,11137
hnp,random,4,112,0.0819672131147541,96.00000000000004,1,0.01,21,0.21,100,0.00040069158290862106,11237
hnp,random,4,113,0.08130081300813008,97.80000000000004,0,0.0,22,0.22,100,0.0009788734192261472,11337
hnp,random,4,114,0.08064516129032258,96.60000000000002,1,0.01,15,0.15,100,0.0005739283264847472,11437
hnp,random,4,115,0.08,98.40000000000003,0,0.0,16,0.16,100,0.00045826469169696793,11537
hnp,random,4,116,0.07936507936507936,98.30000000000003,0,0.0,17,0.17,100,0.00032870689159608446,11637
hnp,random,4,117,0.07874015748031496,92.40000000000002,3,0.03,19,0.19,100,0.00028179085566080173,11737
hnp,random,4,118,0.078125,98.7,0,0.0,13,0.13,100,0.00032770699530374256,11837
hnp,random,4,119,0.07751937984496124,96.10000000000004,1,0.01,20,0.2,100,0.00028648396095377394,11937
hnp,random,4,120,0.07692307692307693,98.30000000000004,0,0.0,17,0.17,100,0.0003411780967144296,12037
hnp,random,4,121,0.07633587786259542,97.10000000000008,0,0.0,29,0.29,100,0.0005485975972260349,12137
hnp,random,4,122,0.07575757575757576,98.70000000000002,0,0.0,13,0.13,100,0.0007318941518315114,12237
hnp,random,4,123,0.07518796992481203,98.40000000000002,0,0.0,16,0.16,100,0.00036300523177487773,12337
hnp,random,4,124,0.07462686567164178,98.50000000000003,0,0.0,15,0.15,100,0.00030216168277547695,12437
hnp,random,4,125,0.07407407407407407,96.10000000000008,1,0.01,20,0.2,100,0.0002908630738966167,12537
hnp,random,4,126,0.07352941176470588,97.80000000000001,0,0.0,22,0.22,100,0.00036014728757436385,12637
hnp,random,4,127,0.07299270072992702,96.90000000000002,1,0.01,12,0.12,100,0.00030666606675367803,12737
hnp,random,4,128,0.07246376811594203,98.30000000000004,0,0.0,17,0.17,100,0.00035085213603451847,12837
hnp,random,4,129,0.07194244604316546,97.90000000000003,0,0.0,21,0.21,100,0.0006210241466760635,12937
hnp,random,4,130,0.07142857142857142,98.60000000000002,0,0.0,14,0.14,100,0.0008827696891967207,13037
hnp,random,4,131,0.07092198581560284,93.90000000000003,2,0.02,23,0.23,100,0.0008924057157128118,13137
hnp,random,4,132,0.07042253521126761,93.70000000000002,2,0.02,25,0.25,100,0.002111438720894512,13237
hnp,random,4,133,0.06993006993006992,96.50000000000001,1,0.01,16,0.16,100,0.0005388942708668765,13337
hnp,random,4,134,0.06944444444444445,98.60000000000001,0,0.0,14,0.14,100,0.00042141132260439915,13437
hnp,random,4,135,0.06896551724137931,98.60000000000002,0,0.0,14,0.14,100,0.0003292003115348052,13537
hnp,random,4,136,0.0684931506849315,94.00000000000006,2,0.02,22,0.22,100,0.0003727644777245587,13637
hnp,random,4,137,0.06802721088435375,97.60000000000005,0,0.0,24,0.24,100,0.0006941147474572063,13737
hnp,random,4,138,0.06756756756756756,95.50000000000003,1,0.01,26,0.26,100,0.0013806729011412245,13837
hnp,random,4,139,0.06711409395973154,88.80000000000001,5,0.05,17,0.17,100,0.0012942930613644421,13937
hnp,random,4,140,0.06666666666666667,97.30000000000004,0,0.0,27,0.27,100,0.0004297817529004533,14037
hnp,random,4,141,0.06622516556291391,98.4,0,0.0,16,0.16,100,0.0003699062467785552,14137
hnp,random,4,142,0.06578947368421052,95.90000000000003,1,0.01,22,0.22,100,0.0003466696885152487,14237
hnp,random,4,143,0.06535947712418301,95.70000000000002,1,0.01,24,0.24,100,0.00030206100615032483,14337
hnp,random,4,144,0.06493506493506493,94.80000000000001,2,0.02,12,0.12,100,0.00032989034327329136,14437
hnp,random,4,145,0.06451612903225806,94.90000000000002,2,0.02,13,0.13,100,0.000362105945678195,14537
hnp,random,4,146,0.06410256410256411,98.10000000000002,0,0.0,19,0.19,100,0.00027063230430940166,14637
hnp,random,4,147,0.06369426751592357,96.70000000000002,1,0.01,14,0.14,100,0.0002778683716314845,14737
hnp,random,4,148,0.06329113924050632,97.90000000000003,0,0.0,21,0.21,100,0.0009135947965842206,14837
hnp,random,4,149,0.06289308176100629,97.50000000000004,0,0.0,25,0.25,100,0.0004807632486335933,14937
hnp,random,4,150,0.0625,96.10000000000002,1,0.01,20,0.2,100,0.0003469325181504246,15037
hnp,random,4,151,0.06211180124223602,98.10000000000007,0,0.0,19,0.19,100,0.00027748158798203805,15137
hnp,random,4,152,0.0617283950617284,93.20000000000005,2,0.02,30,0.3,100,0.0010030707008263562,15237
hnp,random,4,153,0.06134969325153374,91.9,3,0.03,24,0.24,100,0.0005455335786973592,15337
hnp,random,4,154,0.06097560975609757,98.50000000000001,0,0.0,15,0.15,100,0.0004255371772160288,15437
hnp,random,4,155,0.06060606060606061,97.60000000000001,0,0.0,24,0.24,100,0.00041853898525005205,15537
hnp,random,4,156,0.06024096385542168,94.20000000000002,2,0.02,20,0.2,100,0.0003446540307777468,15637
hnp,random,4,157,0.059880239520958084,94.50000000000001,2,0.02,17,0.17,100,0.0003186438158445526,15737
hnp,random,4,158,0.05952380952380952,96.80000000000001,1,0.01,12,0.12,100,0.0003174720547394827,15837
hnp,random,4,159,0.0591715976331361,96.10000000000002,1,0.01,20,0.2,100,0.0002932632878946606,15937
hnp,random,4,160,0.058823529411764705,98.1,0,0.0,19,0.19,100,0.0004372375513776205,16037
hnp,random,4,161,0.05847953216374269,96.4,1,0.01,17,0.17,100,0.00033058260538382456,16137
hnp,random,4,162,0.05813953488372093,96.1,1,0.01,20,0.2,100,0.0003972025788971223,16237
hnp,random,4,163,0.057803468208092484,97.30000000000004,0,0.0,27,0.27,100,0.00027260519542323893,16337
hnp,random,4,164,0.0574712643678161,98.10000000000002,0,0.0,19,0.19,100,0.0010604656254145084,16437
hnp,random,4,165,0.05714285714285714,98.60000000000002,0,0.0,14,0.14,100,0.0004834788257721812,16537
hnp,random,4,166,0.056818181818181816,97.70000000000003,0,0.0,23,0.23,100,0.00026894848575466314,16637
hnp,random,4,167,0.05649717514124294,95.60000000000002,1,0.01,25,0.25,100,0.0005208055033290293,16737
hnp,random,4,168,0.056179775280898875,95.70000000000002,1,0.01,24,0.24,100,0.0003411039762431756,16837
hnp,random,4,169,0.0558659217877095,98.50000000000001,0,0.0,15,0.15,100,0.0008908562146825716,16937
hnp,random,4,170,0.05555555555555555,99.2,0,0.0,8,0.08,100,0.00035156753307092004,17037
hnp,random,4,171,0.055248618784530384,98.00000000000003,0,0.0,20,0.2,100,0.00035870430976501664,17137
hnp,random,4,172,0.054945054945054944,96.20000000000002,1,0.01,19,0.19,100,0.00028993779138545504,17237
hnp,random,4,173,0.0546448087431694,98.10000000000002,0,0.0,19,0.19,100,0.0003272705052222591,17337
hnp,random,4,174,0.05434782608695653,98.80000000000001,0,0.0,12,0.12,100,0.0002621688524232013,17437
hnp,random,4,175,0.05405405405405406,96.2,1,0.01,19,0.19,100,0.0010714978158648592,17537
hnp,random,4,176,0.05376344086021505,98.10000000000002,0,0.0,19,0.19,100,0.00042999093071557584,17637
hnp,random,4,177,0.053475935828877004,96.10000000000002,1,0.01,20,0.2,100,0.0004652837893809192,17737
hnp,random,4,178,0.05319148936170213,98.70000000000003,0,0.0,13,0.13,100,0.0003584549791412428,17837
hnp,random,4,179,0.052910052910052914,98.40000000000003,0,0.0,16,0.16,100,0.00030667164552141915,17937
hnp,random,4,180,0.05263157894736842,98.80000000000001,0,0.0,12,0.12,100,0.00028420569258742035,18037
hnp,random,4,181,0.05235602094240837,96.80000000000003,1,0.01,13,0.13,100,0.0002733809399069287,18137
hnp,random,4,182,0.052083333333333336,97.40000000000003,1,0.01,7,0.07,100,0.0002627143856079783,18237
hnp,random,4,183,0.05181347150259067,96.20000000000003,1,0.01,18,0.18,100,0.0002709491897257976,18337
hnp,random,4,184,0.051546391752577324,98.50000000000003,0,0.0,15,0.15,100,0.00028359906071273144,18437
hnp,random,4,185,0.05128205128205128,94.40000000000003,2,0.02,18,0.18,100,0.0002582458044344094,18537
hnp,random,4,186,0.0510204081632653,98.40000000000003,0,0.0,16,0.16,100,0.00024038425610342529,18637
hnp,random,4,187,0.050761421319796954,98.50000000000001,0,0.0,15,0.15,100,0.0002592464920599014,18737
hnp,random,4,188,0.050505050505050504,94.4,2,0.02,18,0.18,100,0.00026593343711283523,18837
hnp,random,4,189,0.05025125628140704,96.70000000000002,1,0.01,14,0.14,100,0.00027094459372165145,18937
hnp,random,4,190,0.05,94.20000000000002,2,0.02,19,0.19,100,0.0002676010227150982,19037
hnp,random,4,191,0.04975124378109452,98.90000000000002,0,0.0,11,0.11,100,0.00029492438305169346,19137
hnp,random,4,192,0.04950495049504951,98.9,0,0.0,11,0.11,100,0.00024913767469115556,19237
hnp,random,4,193,0.04926108374384236,99.30000000000001,0,0.0,7,0.07,100,0.0003311658444727073,19337
hnp,random,4,194,0.04901960784313726,98.30000000000004,0,0.0,17,0.17,100,0.000295508234994486,19437
hnp,random,4,195,0.04878048780487805,98.80000000000004,0,0.0,12,0.12,100,0.000682688846864039,19537
hnp,random,4,196,0.04854368932038835,97.20000000000002,0,0.0,28,0.28,100,0.0011975904325663578,19637
hnp,random,4,197,0.04830917874396135,98.50000000000003,0,0.0,15,0.15,100,0.000504971630871296,19737
hnp,random,4,198,0.04807692307692307,98.70000000000002,0,0.0,13,0.13,100,0.0008344912642496638,19837
hnp,random,4,199,0.04784688995215311,98.10000000000002,0,0.0,19,0.19,100,0.0005010478965414223,19937
hnp,random,5,0,1.0,73.79999999999998,9,0.09,91,0.91,100,0.08774435343975956,37
hnp,random,5,1,0.9090909090909091,66.39999999999995,13,0.13,85,0.85,100,0.007118559164227918,137
hnp,random,5,2,0.8333333333333334,65.29999999999994,14,0.14,80,0.8,100,0.005003492191899567,237
hnp,random,5,3,0.7692307692307692,75.80000000000001,8,0.08,90,0.9,100,0.00226367156021297,337
hnp,random,5,4,0.7142857142857143,72.99999999999997,10,0.1,76,0.76,100,0.0018694849184248596,437
hnp,random,5,5,0.6666666666666666,80.30000000000003,6,0.06,81,0.81,100,0.0013916149211581797,537
hnp,random,5,6,0.625,76.5,8,0.08,83,0.83,100,0.0011988478258717805,637
hnp,random,5,7,0.5882352941176471,82.50000000000003,5,0.05,80,0.8,100,0.0015092912601539865,737
hnp,random,5,8,0.5555555555555556,88.90000000000005,2,0.02,73,0.73,100,0.0018550591450184584,837
hnp,random,5,9,0.5263157894736842,77.1,8,0.08,75,0.75,100,0.001948405068833381,937
hnp,random,5,10,0.5,86.40000000000005,3,0.03,79,0.79,100,0.0013524354487890378,1037
hnp,random,5,11,0.47619047619047616,83.40000000000005,5,0.05,70,0.7,100,0.0010050146700814366,1137
hnp,random,5,12,0.45454545454545453,90.20000000000007,2,0.02,60,0.6,100,0.0013645585093763656,1237
hnp,random,5,13,0.4347826086956522,82.20000000000003,6,0.06,63,0.63,100,0.001590253036119975,1337
hnp,random,5,14,0.4166666666666667,86.10000000000002,4,0.04,63,0.63,100,0.0011364656878868119,1437
hnp,random,5,15,0.4,81.60000000000001,6,0.06,68,0.68,100,0.000979916605865583,1537
hnp,random,5,16,0.3846153846153846,86.20000000000003,4,0.04,61,0.61,100,0.0009291723364731297,1637
hnp,random,5,17,0.37037037037037035,84.60000000000005,5,0.05,58,0.58,100,0.0008393808643450029,1737
hnp,random,5,18,0.35714285714285715,89.00000000000001,3,0.03,53,0.53,100,0.0009164621963282115,1837
hnp,random,5,19,0.3448275862068966,89.90000000000003,3,0.03,43,0.43,100,0.0008782736558350735,1937
hnp,random,5,20,0.3333333333333333,82.3,7,0.07,44,0.44,100,0.00085626290878281,2037
hnp,random,5,21,0.3225806451612903,79.70000000000002,8,0.08,51,0.51,100,0.0006856839201645926,2137
hnp,random,5,22,0.3125,79.9,8,0.08,47,0.47,100,0.0006962264646426775,2237
hnp,random,5,23,0.30303030303030304,84.30000000000004,6,0.06,42,0.42,100,0.0007563352206489071,2337
hnp,random,5,24,0.29411764705882354,88.49999999999999,4,0.04,38,0.38,100,0.000734685528150294,2437
hnp,random,5,25,0.2857142857142857,87.79999999999998,4,0.04,45,0.45,100,0.0006984745876980014,2537
hnp,random,5,26,0.2777777777777778,83.20000000000003,7,0.07,35,0.35,100,0.0007272840157384053,2637
hnp,random,5,27,0.27027027027027023,92.50000000000003,2,0.02,37,0.37,100,0.0007033705219510011,2737
hnp,random,5,28,0.2631578947368421,92.70000000000003,2,0.02,35,0.35,100,0.0007267623278312385,2837
hnp,random,5,29,0.25641025641025644,92.80000000000004,2,0.02,33,0.33,100,0.0007129073125543072,2937
hnp,random,5,30,0.25,94.80000000000003,1,0.01,33,0.33,100,0.00081873966002604,3037
hnp,random,5,31,0.24390243902439027,85.00000000000006,5,0.05,54,0.54,100,0.0019187680166214704,3137
hnp,random,5,32,0.23809523809523808,92.70000000000003,2,0.02,35,0.35,100,0.0011045751767233014,3237
hnp,random,5,33,0.23255813953488372,91.40000000000002,3,0.03,29,0.29,100,0.0008090775617165491,3337
hnp,random,5,34,0.22727272727272727,92.60000000000002,2,0.02,35,0.35,100,0.0018399907753337175,3437
hnp,random,5,35,0.2222222222222222,94.40000000000003,1,0.01,37,0.37,100,0.002810919574694708,3537
hnp,random,5,36,0.2173913043478261,90.50000000000003,3,0.03,38,0.38,100,0.0010012677684426308,3637
hnp,random,5,37,0.2127659574468085,93.30000000000004,2,0.02,28,0.28,100,0.0009868754443596117,3737
hnp,random,5,38,0.20833333333333334,93.5,2,0.02,27,0.27,100,0.0006893024654709734,3837
hnp,random,5,39,0.2040816326530612,91.60000000000002,3,0.03,27,0.27,100,0.0006038788118166849,3937
hnp,random,5,40,0.2,93.00000000000003,2,0.02,32,0.32,100,0.0006905830791220069,4037
hnp,random,5,41,0.19607843137254904,91.10000000000002,3,0.03,31,0.31,100,0.0008217179417260922,4137
hnp,random,5,42,0.1923076923076923,91.00000000000003,3,0.03,33,0.33,100,0.0010678283692686819,4237
hnp,random,5,43,0.18867924528301888,97.20000000000005,0,0.0,28,0.28,100,0.0007030511027551256,4337
hnp,random,5,44,0.18518518518518517,94.30000000000001,2,0.02,19,0.19,100,0.0005843138467753306,4437
hnp,random,5,45,0.18181818181818182,95.60000000000002,1,0.01,25,0.25,100,0.0006090416375081986,4537
hnp,random,5,46,0.17857142857142858,93.20000000000005,2,0.02,30,0.3,100,0.0005901432846440002,4637
hnp,random,5,47,0.17543859649122806,85.60000000000001,6,0.06,28,0.28,100,0.000633440806705039,4737
hnp,random,5,48,0.1724137931034483,95.60000000000002,1,0.01,25,0.25,100,0.0005574581073597073,4837
hnp,random,5,49,0.1694915254237288,97.60000000000002,0,0.0,24,0.24,100,0.0005090008091065101,4937
hnp,random,5,50,0.16666666666666666,91.80000000000004,3,0.03,25,0.25,100,0.0005076616449514404,5037
hnp,random,5,51,0.1639344262295082,93.70000000000003,2,0.02,25,0.25,100,0.0006474806419282685,5137
hnp,random,5,52,0.16129032258064516,91.5,3,0.03,27,0.27,100,0.0006423601487767882,5237
hnp,random,5,53,0.15873015873015872,96.10000000000002,1,0.01,19,0.19,100,0.0005690649957978167,5337
hnp,random,5,54,0.15625,89.80000000000004,4,0.04,25,0.25,100,0.000519942125538364,5437
hnp,random,5,55,0.15384615384615385,91.5,3,0.03,28,0.28,100,0.0005203049059491605,5537
hnp,random,5,56,0.15151515151515152,89.4,4,0.04,29,0.29,100,0.0006737840679124929,5637
hnp,random,5,57,0.14925373134328357,95.70000000000005,1,0.01,24,0.24,100,0.0007030372443841771,5737
hnp,random,5,58,0.14705882352941177,95.30000000000004,1,0.01,28,0.28,100,0.0010794313639053144,5837
hnp,random,5,59,0.14492753623188406,98.10000000000002,0,0.0,19,0.19,100,0.0017167106072884053,5937
hnp,random,5,60,0.14285714285714285,90.90000000000003,3,0.03,33,0.33,100,0.0014456332905683667,6037
hnp,random,5,61,0.14084507042253522,95.5,1,0.01,26,0.26,100,0.0011334360661567188,6137
hnp,random,5,62,0.1388888888888889,92.3,3,0.03,20,0.2,100,0.0006354619862395339,6237
hnp,random,5,63,0.136986301369863,96.10000000000004,1,0.01,20,0.2,100,0.0006538077109144069,6337
hnp,random,5,64,0.13513513513513511,93.30000000000004,2,0.02,29,0.29,100,0.0011441536669735796,6437
hnp,random,5,65,0.13333333333333333,95.70000000000003,1,0.01,24,0.24,100,0.0005498686412465758,6537
hnp,random,5,66,0.13157894736842105,95.80000000000005,1,0.01,23,0.23,100,0.0004458624494145624,6637
hnp,random,5,67,0.12987012987012986,93.50000000000001,2,0.02,27,0.27,100,0.0004837084710015915,6737
hnp,random,5,68,0.12820512820512822,93.9,2,0.02,23,0.23,100,0.0005805190463433974,6837
hnp,random,5,69,0.12658227848101264,92.30000000000001,3,0.03,18,0.18,100,0.000435635942267254,6937
hnp,random,5,70,0.125,95.70000000000003,1,0.01,24,0.24,100,0.0005087473480671178,7037
hnp,random,5,71,0.1234567901234568,97.30000000000004,0,0.0,27,0.27,100,0.0005175111728021875,7137
hnp,random,5,72,0.12195121951219513,93.60000000000002,2,0.02,26,0.26,100,0.001313715650467202,7237
hnp,random,5,73,0.12048192771084336,87.40000000000002,5,0.05,31,0.31,100,0.001436269659898244,7337
hnp,random,5,74,0.11904761904761904,98.20000000000002,0,0.0,18,0.18,100,0.0006211017674650066,7437
hnp,random,5,75,0.11764705882352941,96.20000000000002,1,0.01,19,0.19,100,0.0005034774297382683,7537
hnp,random,5,76,0.11627906976744186,96.60000000000001,1,0.01,14,0.14,100,0.00047564505483023824,7637
hnp,random,5,77,0.1149425287356322,96.1,1,0.01,20,0.2,100,0.00044704267333145253,7737
hnp,random,5,78,0.11363636363636363,96.30000000000004,1,0.01,17,0.17,100,0.0009322034972137771,7837
hnp,random,5,79,0.11235955056179775,91.80000000000003,3,0.03,25,0.25,100,0.0004850925781647675,7937
hnp,random,5,80,0.1111111111111111,94.19999999999999,2,0.02,20,0.2,100,0.0004921731438662391,8037
hnp,random,5,81,0.10989010989010989,92.0,3,0.03,23,0.23,100,0.0003761321173806209,8137
hnp,random,5,82,0.10869565217391305,95.00000000000001,2,0.02,12,0.12,100,0.00042947025707690045,8237
hnp,random,5,83,0.1075268817204301,98.10000000000002,0,0.0,19,0.19,100,0.00039637069319724104,8337
hnp,random,5,84,0.10638297872340426,96.1,1,0.01,20,0.2,100,0.00046674330384121276,8437
hnp,random,5,85,0.10526315789473684,95.80000000000003,1,0.01,22,0.22,100,0.0003943287175206933,8537
hnp,random,5,86,0.10416666666666667,96.20000000000002,1,0.01,19,0.19,100,0.00040113563256454653,8637
hnp,random,5,87,0.10309278350515465,92.00000000000001,3,0.03,23,0.23,100,0.00046738784963963555,8737
hnp,random,5,88,0.1020408163265306,98.70000000000002,0,0.0,13,0.13,100,0.000386670609441353,8837
hnp,random,5,89,0.10101010101010101,97.9,0,0.0,21,0.21,100,0.0003630088292993605,8937
hnp,random,5,90,0.1,97.80000000000001,0,0.0,22,0.22,100,0.00028689605605904946,9037
hnp,random,5,91,0.09900990099009901,94.10000000000002,2,0.02,20,0.2,100,0.00030223307345295325,9137
hnp,random,5,92,0.09803921568627452,97.80000000000004,0,0.0,22,0.22,100,0.0003874515270581469,9237
hnp,random,5,93,0.0970873786407767,98.49999999999999,0,0.0,15,0.15,100,0.00039497432138887236,9337
hnp,random,5,94,0.09615384615384615,90.30000000000001,4,0.04,20,0.2,100,0.0003472077024343889,9437
hnp,random,5,95,0.09523809523809523,91.90000000000003,3,0.03,23,0.23,100,0.0009105646428361069,9537
hnp,random,5,96,0.09433962264150944,93.70000000000002,2,0.02,25,0.25,100,0.0007684166156104766,9637
hnp,random,5,97,0.09345794392523366,98.0,0,0.0,20,0.2,100,0.0005119369567546528,9737
hnp,random,5,98,0.09259259259259259,98.80000000000001,0,0.0,12,0.12,100,0.0005272241870989091,9837
hnp,random,5,99,0.09174311926605504,98.4,0,0.0,16,0.16,100,0.00035912739680497906,9937
hnp,random,5,100,0.09090909090909091,95.00000000000001,2,0.02,12,0.12,100,0.0003787624764663633,10037
hnp,random,5,101,0.0900900900900901,96.60000000000001,1,0.01,15,0.15,100,0.0007104158238507807,10137
hnp,random,5,102,0.08928571428571429,98.4,0,0.0,16,0.16,100,0.00043325682359864005,10237
hnp,random,5,103,0.08849557522123894,91.90000000000003,3,0.03,24,0.24,100,0.0003776274398842361,10337
hnp,random,5,104,0.08771929824561403,95.90000000000005,1,0.01,21,0.21,100,0.00032624214421957733,10437
hnp,random,5,105,0.08695652173913043,98.50000000000001,0,0.0,15,0.15,100,0.00031138071761233733,10537
hnp,random,5,106,0.08620689655172414,98.40000000000002,0,0.0,16,0.16,100,0.0003586537990486249,10637
hnp,random,5,107,0.08547008547008547,94.30000000000003,2,0.02,18,0.18,100,0.00045125329750590027,10737
hnp,random,5,108,0.0847457627118644,96.60000000000002,1,0.01,15,0.15,100,0.0003602651777327992,10837
hnp,random,5,109,0.08403361344537814,96.4,1,0.01,17,0.17,100,0.0002990780548134353,10937
hnp,random,5,110,0.08333333333333333,93.90000000000005,2,0.02,22,0.22,100,0.00029597063432447614,11037
hnp,random,5,111,0.08264462809917356,94.20000000000002,2,0.02,20,0.2,100,0.0002883487969666021,11137
hnp,random,5,112,0.0819672131147541,95.90000000000002,1,0.01,22,0.22,100,0.0003372916403168347,11237
hnp,random,5,113,0.08130081300813008,94.10000000000002,2,0.02,21,0.21,100,0.0003199835577106569,11337
hnp,random,5,114,0.08064516129032258,98.10000000000002,0,0.0,19,0.19,100,0.000378837795869913,11437
hnp,random,5,115,0.08,97.40000000000006,0,0.0,26,0.26,100,0.0006107924554817146,11537
hnp,random,5,116,0.07936507936507936,98.00000000000004,0,0.0,20,0.2,100,0.0007378654195053969,11637
hnp,random,5,117,0.07874015748031496,97.30000000000004,0,0.0,27,0.27,100,0.0006712766422424466,11737
hnp,random,5,118,0.078125,94.80000000000001,2,0.02,14,0.14,100,0.0003969143021095078,11837
hnp,random,5,119,0.07751937984496124,98.10000000000001,0,0.0,19,0.19,100,0.0004215827546431683,11937
hnp,random,5,120,0.07692307692307693,95.40000000000003,1,0.01,27,0.27,100,0.0006650637069833465,12037
hnp,random,5,121,0.07633587786259542,96.40000000000005,1,0.01,17,0.17,100,0.0005041424595401623,12137
hnp,random,5,122,0.07575757575757576,98.00000000000003,0,0.0,20,0.2,100,0.000343545601281221,12237
hnp,random,5,123,0.07518796992481203,98.60000000000001,0,0.0,14,0.14,100,0.0003164125636976678,12337
hnp,random,5,124,0.07462686567164178,98.10000000000004,0,0.0,19,0.19,100,0.0005409682213212364,12437
hnp,random,5,125,0.07407407407407407,95.30000000000004,1,0.01,27,0.27,100,0.0005542497709393502,12537
hnp,random,5,126,0.07352941176470588,97.80000000000005,0,0.0,22,0.22,100,0.0015377552191785072,12637
hnp,random,5,127,0.07299270072992702,94.10000000000002,2,0.02,21,0.21,100,0.0006026307347929105,12737
hnp,random,5,128,0.07246376811594203,98.0,0,0.0,20,0.2,100,0.00044477214658400043,12837
hnp,random,5,129,0.07194244604316546,96.5,1,0.01,16,0.16,100,0.00036129293774138203,12937
hnp,random,5,130,0.07142857142857142,98.70000000000002,0,0.0,13,0.13,100,0.00030066830542637037,13037
hnp,random,5,131,0.07092198581560284,92.5,3,0.03,18,0.18,100,0.000298539267241722,13137
hnp,random,5,132,0.07042253521126761,96.6,1,0.01,14,0.14,100,0.00028690427978290246,13237
hnp,random,5,133,0.06993006993006992,96.30000000000001,1,0.01,17,0.17,100,0.00030917998738004825,13337
hnp,random,5,134,0.06944444444444445,98.7,0,0.0,13,0.13,100,0.0003550079600245226,13437
hnp,random,5,135,0.06896551724137931,96.50000000000003,1,0.01,16,0.16,100,0.000361468734263326,13537
hnp,random,5,136,0.0684931506849315,98.60000000000001,0,0.0,14,0.14,100,0.0005427830545522739,13637
hnp,random,5,137,0.06802721088435375,98.20000000000002,0,0.0,18,0.18,100,0.0003732046981167514,13737
hnp,random,5,138,0.06756756756756756,98.20000000000002,0,0.0,18,0.18,100,0.000386161670612637,13837
hnp,random,5,139,0.06711409395973154,98.20000000000003,0,0.0,18,0.18,100,0.0008816297742305323,13937
hnp,random,5,140,0.06666666666666667,94.30000000000001,2,0.02,18,0.18,100,0.0004828294320032001,14037
hnp,random,5,141,0.06622516556291391,94.20000000000003,2,0.02,19,0.19,100,0.0010513187384640333,14137
hnp,random,5,142,0.06578947368421052,96.30000000000003,1,0.01,18,0.18,100,0.00036305751862528266,14237
hnp,random,5,143,0.06535947712418301,95.90000000000003,1,0.01,22,0.22,100,0.00035946673961007036,14337
hnp,random,5,144,0.06493506493506493,95.70000000000003,1,0.01,24,0.24,100,0.0002645339005539427,14437
hnp,random,5,145,0.06451612903225806,96.10000000000004,1,0.01,20,0.2,100,0.0002607682766392827,14537
hnp,random,5,146,0.06410256410256411,96.30000000000003,1,0.01,18,0.18,100,0.0002700686854950618,14637
hnp,random,5,147,0.06369426751592357,98.80000000000003,0,0.0,12,0.12,100,0.00024700907451915557,14737
hnp,random,5,148,0.06329113924050632,98.10000000000005,0,0.0,19,0.19,100,0.00044466438819654283,14837
hnp,random,5,149,0.06289308176100629,93.70000000000003,2,0.02,25,0.25,100,0.00035349759062228256,14937
hnp,random,5,150,0.0625,98.30000000000001,0,0.0,17,0.17,100,0.00027593186307058205,15037
hnp,random,5,151,0.06211180124223602,98.5,0,0.0,15,0.15,100,0.0002710955480142729,15137
hnp,random,5,152,0.0617283950617284,98.50000000000003,0,0.0,15,0.15,100,0.00027784385361883323,15237
hnp,random,5,153,0.06134969325153374,96.00000000000003,1,0.01,21,0.21,100,0.000751683617127128,15337
hnp,random,5,154,0.06097560975609757,96.80000000000001,1,0.01,13,0.13,100,0.00034140332783863417,15437
hnp,random,5,155,0.06060606060606061,96.70000000000002,1,0.01,14,0.14,100,0.0002787214736599708,15537
hnp,random,5,156,0.06024096385542168,96.4,1,0.01,17,0.17,100,0.0002442515631992137,15637
hnp,random,5,157,0.059880239520958084,96.70000000000002,1,0.01,14,0.14,100,0.00025734379596542567,15737
hnp,random,5,158,0.05952380952380952,98.70000000000002,0,0.0,13,0.13,100,0.0002305623695428949,15837
hnp,random,5,159,0.0591715976331361,98.30000000000003,0,0.0,17,0.17,100,0.00038889341420144774,15937
hnp,random,5,160,0.058823529411764705,94.20000000000005,2,0.02,20,0.2,100,0.00040339275816222655,16037
hnp,random,5,161,0.05847953216374269,98.30000000000003,0,0.0,17,0.17,100,0.0003305391575122485,16137
hnp,random,5,162,0.05813953488372093,93.8,2,0.02,23,0.23,100,0.0005415693072427529,16237
hnp,random,5,163,0.057803468208092484,96.5,1,0.01,16,0.16,100,0.0002792386754299514,16337
hnp,random,5,164,0.0574712643678161,96.60000000000004,1,0.01,15,0.15,100,0.00028903957754664587,16437
hnp,random,5,165,0.05714285714285714,98.60000000000004,0,0.0,14,0.14,100,0.00022906727157533167,16537
hnp,random,5,166,0.056818181818181816,95.90000000000003,1,0.01,22,0.22,100,0.00028451053709432016,16637
hnp,random,5,167,0.05649717514124294,96.00000000000003,1,0.01,20,0.2,100,0.0003756484415498562,16737
hnp,random,5,168,0.056179775280898875,98.60000000000004,0,0.0,14,0.14,100,0.00104822140710894,16837
hnp,random,5,169,0.0558659217877095,98.10000000000001,0,0.0,19,0.19,100,0.0006980261209537275,16937
hnp,random,5,170,0.05555555555555555,94.50000000000001,2,0.02,17,0.17,100,0.00032154877815628426,17037
hnp,random,5,171,0.055248618784530384,98.40000000000003,0,0.0,16,0.16,100,0.00027892953890841456,17137
hnp,random,5,172,0.054945054945054944,98.4,0,0.0,16,0.16,100,0.00031580951952491886,17237
hnp,random,5,173,0.0546448087431694,97.90000000000003,0,0.0,21,0.21,100,0.00040330165225896055,17337
hnp,random,5,174,0.05434782608695653,98.50000000000003,0,0.0,15,0.15,100,0.0003226773237111047,17437
hnp,random,5,175,0.05405405405405406,96.10000000000004,1,0.01,20,0.2,100,0.00028338814328890296,17537
hnp,random,5,176,0.05376344086021505,94.80000000000003,2,0.02,13,0.13,100,0.00029576126973552164,17637
hnp,random,5,177,0.053475935828877004,98.70000000000002,0,0.0,13,0.13,100,0.00028717445995425807,17737
hnp,random,5,178,0.05319148936170213,96.70000000000002,1,0.01,14,0.14,100,0.00026837810699362305,17837
hnp,random,5,179,0.052910052910052914,94.9,2,0.02,12,0.12,100,0.00029017473993008024,17937
hnp,random,5,180,0.05263157894736842,96.60000000000002,1,0.01,15,0.15,100,0.00025038165731530173,18037
hnp,random,5,181,0.05235602094240837,95.70000000000002,1,0.01,24,0.24,100,0.00023845563213399147,18137
hnp,random,5,182,0.052083333333333336,98.40000000000003,0,0.0,16,0.16,100,0.0003615892781090224,18237
hnp,random,5,183,0.05181347150259067,96.9,1,0.01,12,0.12,100,0.000560383192205336,18337
hnp,random,5,184,0.051546391752577324,96.30000000000001,1,0.01,18,0.18,100,0.00047528584676911125,18437
hnp,random,5,185,0.05128205128205128,98.80000000000004,0,0.0,12,0.12,100,0.0003987473261076957,18537
hnp,random,5,186,0.0510204081632653,98.50000000000001,0,0.0,15,0.15,100,0.0003238182321365457,18637
hnp,random,5,187,0.050761421319796954,96.90000000000002,1,0.01,12,0.12,100,0.00037353858737333213,18737
hnp,random,5,188,0.050505050505050504,96.40000000000003,1,0.01,17,0.17,100,0.0004035271317115985,18837
hnp,random,5,189,0.05025125628140704,98.10000000000002,0,0.0,19,0.19,100,0.0003340073784056585,18937
hnp,random,5,190,0.05,92.80000000000001,3,0.03,13,0.13,100,0.0002605566287093097,19037
hnp,random,5,191,0.04975124378109452,98.30000000000004,0,0.0,17,0.17,100,0.0002423269488645019,19137
hnp,random,5,192,0.04950495049504951,98.70000000000002,0,0.0,13,0.13,100,0.00022486257046693936,19237
hnp,random,5,193,0.04926108374384236,95.50000000000004,1,0.01,26,0.26,100,0.000897046986137866,19337
hnp,random,5,194,0.04901960784313726,95.70000000000002,1,0.01,24,0.24,100,0.001277756993949879,19437
hnp,random,5,195,0.04878048780487805,98.10000000000005,0,0.0,19,0.19,100,0.0017987550862017087,19537
hnp,random,5,196,0.04854368932038835,95.60000000000005,1,0.01,25,0.25,100,0.0007228267862228677,19637
hnp,random,5,197,0.04830917874396135,93.90000000000002,2,0.02,22,0.22,100,0.000815369336050935,19737
hnp,random,5,198,0.04807692307692307,98.10000000000001,0,0.0,19,0.19,100,0.0005924627523927483,19837
hnp,random,5,199,0.04784688995215311,98.5,0,0.0,15,0.15,100,0.00036246715419110845,19937
hnp,random,6,0,1.0,72.39999999999998,10,0.1,83,0.83,100,0.11054763688731033,37
hnp,random,6,1,0.9090909090909091,72.59999999999998,10,0.1,80,0.8,100,0.008317730906419456,137
hnp,random,6,2,0.8333333333333334,72.0,10,0.1,88,0.88,100,0.0025210058013908567,237
hnp,random,6,3,0.7692307692307692,58.99999999999994,17,0.17,86,0.86,100,0.0028521767642814668,337
hnp,random,6,4,0.7142857142857143,70.39999999999998,11,0.11,85,0.85,100,0.0015313462942140178,437
hnp,random,6,5,0.6666666666666666,80.70000000000002,6,0.06,78,0.78,100,0.0013621380046242848,537
hnp,random,6,6,0.625,70.39999999999999,11,0.11,84,0.84,100,0.0014237989258253946,637
hnp,random,6,7,0.5882352941176471,76.99999999999999,8,0.08,77,0.77,100,0.0013664893541135825,737
hnp,random,6,8,0.5555555555555556,81.90000000000003,6,0.06,67,0.67,100,0.0013456200144719333,837
hnp,random,6,9,0.5263157894736842,75.30000000000001,9,0.09,75,0.75,100,0.00117220931337215,937
hnp,random,6,10,0.5,83.20000000000005,5,0.05,73,0.73,100,0.001116035365848802,1037
hnp,random,6,11,0.47619047619047616,85.20000000000007,4,0.04,71,0.71,100,0.001281688205199316,1137
hnp,random,6,12,0.45454545454545453,83.20000000000003,5,0.05,73,0.73,100,0.0011475640954449772,1237
hnp,random,6,13,0.4347826086956522,80.10000000000002,7,0.07,65,0.65,100,0.0010209882841445506,1337
hnp,random,6,14,0.4166666666666667,80.70000000000006,7,0.07,59,0.59,100,0.0008974561034119688,1437
hnp,random,6,15,0.4,85.20000000000007,5,0.05,53,0.53,100,0.0012293602799763903,1537
hnp,random,6,16,0.3846153846153846,86.70000000000005,4,0.04,57,0.57,100,0.0016483707004226744,1637
hnp,random,6,17,0.37037037037037035,85.50000000000003,5,0.05,48,0.48,100,0.0010023140267003327,1737
hnp,random,6,18,0.35714285714285715,86.70000000000002,4,0.04,56,0.56,100,0.0013846339954761788,1837
hnp,random,6,19,0.3448275862068966,90.50000000000004,2,0.02,57,0.57,100,0.0010758252342930063,1937
hnp,random,6,20,0.3333333333333333,89.80000000000005,3,0.03,45,0.45,100,0.0008266010443912819,2037
hnp,random,6,21,0.3225806451612903,90.30000000000005,3,0.03,39,0.39,100,0.0008900414520758204,2137
hnp,random,6,22,0.3125,90.30000000000001,3,0.03,39,0.39,100,0.0007711639246554114,2237
hnp,random,6,23,0.30303030303030304,92.00000000000006,2,0.02,42,0.42,100,0.0009076447511324659,2337
hnp,random,6,24,0.29411764705882354,91.90000000000003,2,0.02,43,0.43,100,0.0009210164210526273,2437
hnp,random,6,25,0.2857142857142857,90.60000000000007,3,0.03,35,0.35,100,0.0008544100815197453,2537
hnp,random,6,26,0.2777777777777778,92.80000000000004,2,0.02,34,0.34,100,0.000789248802466318,2637
hnp,random,6,27,0.27027027027027023,85.00000000000001,6,0.06,36,0.36,100,0.0008154862976516596,2737
hnp,random,6,28,0.2631578947368421,91.90000000000003,2,0.02,43,0.43,100,0.0007951376616256311,2837
hnp,random,6,29,0.25641025641025644,92.60000000000002,2,0.02,35,0.35,100,0.0008001299228635616,2937
hnp,random,6,30,0.25,92.80000000000001,2,0.02,34,0.34,100,0.0007313655412872321,3037
hnp,random,6,31,0.24390243902439027,90.60000000000005,3,0.03,36,0.36,100,0.0006948785675922409,3137
hnp,random,6,32,0.23809523809523808,91.30000000000003,3,0.03,29,0.29,100,0.0008973975779372267,3237
hnp,random,6,33,0.23255813953488372,95.20000000000003,1,0.01,29,0.29,100,0.0010493319531087763,3337
hnp,random,6,34,0.22727272727272727,94.60000000000004,1,0.01,35,0.35,100,0.0011309828999219462,3437
hnp,random,6,35,0.2222222222222222,93.60000000000001,2,0.02,26,0.26,100,0.0006905152404215187,3537
hnp,random,6,36,0.2173913043478261,87.20000000000005,5,0.05,31,0.31,100,0.0006378241037600673,3637
hnp,random,6,37,0.2127659574468085,91.69999999999999,3,0.03,26,0.26,100,0.0009700985363451764,3737
hnp,random,6,38,0.20833333333333334,92.10000000000002,3,0.03,22,0.22,100,0.0008310736840940081,3837
hnp,random,6,39,0.2040816326530612,93.10000000000004,2,0.02,30,0.3,100,0.002073726379603613,3937
hnp,random,6,40,0.2,92.29999999999998,2,0.02,39,0.39,100,0.0016634544677799567,4037
hnp,random,6,41,0.19607843137254904,97.60000000000002,0,0.0,24,0.24,100,0.0008271874542697333,4137
hnp,random,6,42,0.1923076923076923,95.40000000000002,1,0.01,27,0.27,100,0.0007508964856970124,4237
hnp,random,6,43,0.18867924528301888,94.80000000000003,2,0.02,14,0.14,100,0.000698272216541227,4337
hnp,random,6,44,0.18518518518518517,95.10000000000005,1,0.01,30,0.3,100,0.0006713784486055374,4437
hnp,random,6,45,0.18181818181818182,91.60000000000002,3,0.03,26,0.26,100,0.0006411736347945407,4537
hnp,random,6,46,0.17857142857142858,95.10000000000005,1,0.01,30,0.3,100,0.0005456960835726932,4637
hnp,random,6,47,0.17543859649122806,89.30000000000003,4,0.04,31,0.31,100,0.0006557853985577821,4737
hnp,random,6,48,0.1724137931034483,91.50000000000003,3,0.03,28,0.28,100,0.00048291694925865156,4837
hnp,random,6,49,0.1694915254237288,97.50000000000003,0,0.0,25,0.25,100,0.0005464152945205569,4937
hnp,random,6,50,0.16666666666666666,95.60000000000004,1,0.01,24,0.24,100,0.0005889176658820361,5037
hnp,random,6,51,0.1639344262295082,85.80000000000003,6,0.06,28,0.28,100,0.0005873554474965203,5137
hnp,random,6,52,0.16129032258064516,98.30000000000001,0,0.0,17,0.17,100,0.0006694731069728732,5237
hnp,random,6,53,0.15873015873015872,95.40000000000003,1,0.01,27,0.27,100,0.0006775754492264241,5337
hnp,random,6,54,0.15625,89.70000000000003,4,0.04,27,0.27,100,0.000606705660757143,5437
hnp,random,6,55,0.15384615384615385,95.90000000000003,1,0.01,22,0.22,100,0.0007782113295979798,5537
hnp,random,6,56,0.15151515151515152,96.10000000000004,1,0.01,20,0.2,100,0.0006801783925038762,5637
hnp,random,6,57,0.14925373134328357,97.50000000000003,0,0.0,25,0.25,100,0.0005520201910985634,5737
hnp,random,6,58,0.14705882352941177,91.79999999999998,3,0.03,24,0.24,100,0.0007861920951108914,5837
hnp,random,6,59,0.14492753623188406,95.60000000000004,0,0.0,44,0.44,100,0.0015532693319255486,5937
hnp,random,6,60,0.14285714285714285,89.4,4,0.04,29,0.29,100,0.002961089368327521,6037
hnp,random,6,61,0.14084507042253522,89.70000000000003,4,0.04,25,0.25,100,0.001618548461701721,6137
hnp,random,6,62,0.1388888888888889,93.90000000000003,2,0.02,23,0.23,100,0.0012641833443194628,6237
hnp,random,6,63,0.136986301369863,97.80000000000003,0,0.0,22,0.22,100,0.001255866234714631,6337
hnp,random,6,64,0.13513513513513511,97.70000000000002,0,0.0,23,0.23,100,0.001298486661107745,6437
hnp,random,6,65,0.13333333333333333,93.60000000000002,2,0.02,26,0.26,100,0.0005555143585661426,6537
hnp,random,6,66,0.13157894736842105,93.90000000000002,2,0.02,23,0.23,100,0.0007459082742570899,6637
hnp,random,6,67,0.12987012987012986,92.00000000000003,3,0.03,23,0.23,100,0.0005320692123495974,6737
hnp,random,6,68,0.12820512820512822,92.00000000000003,3,0.03,23,0.23,100,0.0004233915086661,6837
hnp,random,6,69,0.12658227848101264,97.80000000000004,0,0.0,22,0.22,100,0.0011857953350408934,6937
hnp,random,6,70,0.125,98.80000000000003,0,0.0,12,0.12,100,0.0005180971803201829,7037
hnp,random,6,71,0.1234567901234568,97.90000000000003,0,0.0,21,0.21,100,0.0003977078048046678,7137
hnp,random,6,72,0.12195121951219513,97.10000000000004,0,0.0,29,0.29,100,0.0005060410287114792,7237
hnp,random,6,73,0.12048192771084336,97.70000000000002,0,0.0,23,0.23,100,0.0006958788359770551,7337
hnp,random,6,74,0.11904761904761904,96.5,1,0.01,16,0.16,100,0.00047432800885871984,7437
hnp,random,6,75,0.11764705882352941,97.90000000000006,0,0.0,21,0.21,100,0.0005401004753366578,7537
hnp,random,6,76,0.11627906976744186,96.4,1,0.01,16,0.16,100,0.0004724427829205524,7637
hnp,random,6,77,0.1149425287356322,95.10000000000002,2,0.02,11,0.11,100,0.0004328681732295081,7737
hnp,random,6,78,0.11363636363636363,94.20000000000002,2,0.02,20,0.2,100,0.0004505126025469508,7837
hnp,random,6,79,0.11235955056179775,95.60000000000005,1,0.01,25,0.25,100,0.0007229318580357358,7937
hnp,random,6,80,0.1111111111111111,88.80000000000001,5,0.05,17,0.17,100,0.0005884925348800607,8037
hnp,random,6,81,0.10989010989010989,96.30000000000003,1,0.01,18,0.18,100,0.0004654194497561548,8137
hnp,random,6,82,0.10869565217391305,95.70000000000005,1,0.01,24,0.24,100,0.0004539939069945831,8237
hnp,random,6,83,0.1075268817204301,96.60000000000001,1,0.01,15,0.15,100,0.0005302275239955634,8337
hnp,random,6,84,0.10638297872340426,92.20000000000002,3,0.03,20,0.2,100,0.0003951922775013372,8437
hnp,random,6,85,0.10526315789473684,95.50000000000003,1,0.01,26,0.26,100,0.0006547912173846271,8537
hnp,random,6,86,0.10416666666666667,96.40000000000003,1,0.01,17,0.17,100,0.0007472011633217335,8637
hnp,random,6,87,0.10309278350515465,92.10000000000002,3,0.03,21,0.21,100,0.0007673158511170186,8737
hnp,random,6,88,0.1020408163265306,95.90000000000005,1,0.01,22,0.22,100,0.0009564656793372706,8837
hnp,random,6,89,0.10101010101010101,94.40000000000003,2,0.02,18,0.18,100,0.0005936048744479194,8937
hnp,random,6,90,0.1,94.00000000000001,2,0.02,22,0.22,100,0.0006084593205014243,9037
hnp,random,6,91,0.09900990099009901,98.00000000000004,0,0.0,20,0.2,100,0.000395215471071424,9137
hnp,random,6,92,0.09803921568627452,98.50000000000003,0,0.0,15,0.15,100,0.00041304516271338797,9237
hnp,random,6,93,0.0970873786407767,97.90000000000005,0,0.0,21,0.21,100,0.001012390014657285,9337
hnp,random,6,94,0.09615384615384615,89.80000000000001,4,0.04,26,0.26,100,0.000948751259711571,9437
hnp,random,6,95,0.09523809523809523,97.70000000000002,0,0.0,23,0.23,100,0.0009193349836277776,9537
hnp,random,6,96,0.09433962264150944,94.9,2,0.02,13,0.13,100,0.00047303626997745595,9637
hnp,random,6,97,0.09345794392523366,90.30000000000001,4,0.04,21,0.21,100,0.00038735469643143007,9737
hnp,random,6,98,0.09259259259259259,95.50000000000003,1,0.01,26,0.26,100,0.00041044658995815554,9837
hnp,random,6,99,0.09174311926605504,96.80000000000004,1,0.01,13,0.13,100,0.00033610228019824716,9937
hnp,random,6,100,0.09090909090909091,98.00000000000001,0,0.0,20,0.2,100,0.0004403920676850248,10037
hnp,random,6,101,0.0900900900900901,96.30000000000001,1,0.01,18,0.18,100,0.00037125347575056366,10137
hnp,random,6,102,0.08928571428571429,98.00000000000003,0,0.0,20,0.2,100,0.0003560095399734564,10237
hnp,random,6,103,0.08849557522123894,96.70000000000003,1,0.01,14,0.14,100,0.0004512140889710281,10337
hnp,random,6,104,0.08771929824561403,98.70000000000002,0,0.0,13,0.13,100,0.000752158835384762,10437
hnp,random,6,105,0.08695652173913043,91.6,3,0.03,25,0.25,100,0.0003896902145061176,10537
hnp,random,6,106,0.08620689655172414,97.9,0,0.0,21,0.21,100,0.00044081943269702606,10637
hnp,random,6,107,0.08547008547008547,97.50000000000003,0,0.0,25,0.25,100,0.000869537839316763,10737
hnp,random,6,108,0.0847457627118644,98.5,0,0.0,15,0.15,100,0.0007820500986417756,10837
hnp,random,6,109,0.08403361344537814,90.5,4,0.04,18,0.18,100,0.00047689267637906596,10937
hnp,random,6,110,0.08333333333333333,93.80000000000004,2,0.02,24,0.24,100,0.0003550522937439382,11037
hnp,random,6,111,0.08264462809917356,98.50000000000003,0,0.0,15,0.15,100,0.00036976249233703127,11137
hnp,random,6,112,0.0819672131147541,93.20000000000002,2,0.02,30,0.3,100,0.0003316756426647771,11237
hnp,random,6,113,0.08130081300813008,96.00000000000001,1,0.01,21,0.21,100,0.0003113451659010025,11337
hnp,random,6,114,0.08064516129032258,98.0,0,0.0,20,0.2,100,0.0014117811538744717,11437
hnp,random,6,115,0.08,97.70000000000006,0,0.0,23,0.23,100,0.0005240865839004983,11537
hnp,random,6,116,0.07936507936507936,96.20000000000003,1,0.01,19,0.19,100,0.00047245316774933597,11637
hnp,random,6,117,0.07874015748031496,94.20000000000003,2,0.02,19,0.19,100,0.000389881522860378,11737
hnp,random,6,118,0.078125,96.20000000000003,1,0.01,19,0.19,100,0.0010264974542951678,11837
hnp,random,6,119,0.07751937984496124,95.80000000000001,1,0.01,23,0.23,100,0.0005970442373654805,11937
hnp,random,6,120,0.07692307692307693,97.50000000000001,0,0.0,25,0.25,100,0.0008656852167041507,12037
hnp,random,6,121,0.07633587786259542,92.30000000000003,3,0.03,20,0.2,100,0.0004407102582626976,12137
hnp,random,6,122,0.07575757575757576,95.60000000000004,1,0.01,25,0.25,100,0.0006967801299470011,12237
hnp,random,6,123,0.07518796992481203,98.50000000000003,0,0.0,15,0.15,100,0.0012116966024041176,12337
hnp,random,6,124,0.07462686567164178,97.9,0,0.0,21,0.21,100,0.0004986024872050621,12437
hnp,random,6,125,0.07407407407407407,98.90000000000002,0,0.0,11,0.11,100,0.00036063217165064996,12537
hnp,random,6,126,0.07352941176470588,98.20000000000005,0,0.0,18,0.18,100,0.00036222006543539464,12637
hnp,random,6,127,0.07299270072992702,98.20000000000003,0,0.0,18,0.18,100,0.0003800285501347389,12737
hnp,random,6,128,0.07246376811594203,98.20000000000002,0,0.0,18,0.18,100,0.0003091441112337634,12837
hnp,random,6,129,0.07194244604316546,98.6,0,0.0,14,0.14,100,0.00029244384451885706,12937
hnp,random,6,130,0.07142857142857142,98.30000000000001,0,0.0,17,0.17,100,0.0002812721359077841,13037
hnp,random,6,131,0.07092198581560284,96.10000000000002,1,0.01,20,0.2,100,0.0002604464062460465,13137
hnp,random,6,132,0.07042253521126761,97.00000000000001,1,0.01,11,0.11,100,0.0005890998966060579,13237
hnp,random,6,133,0.06993006993006992,95.80000000000004,1,0.01,23,0.23,100,0.0004491066443733871,13337
hnp,random,6,134,0.06944444444444445,94.40000000000002,2,0.02,17,0.17,100,0.0004408253160363529,13437
hnp,random,6,135,0.06896551724137931,93.50000000000003,2,0.02,26,0.26,100,0.0011048521076736505,13537
hnp,random,6,136,0.0684931506849315,98.10000000000002,0,0.0,19,0.19,100,0.0006972401079838165,13637
hnp,random,6,137,0.06802721088435375,96.5,1,0.01,16,0.16,100,0.0005340124721988104,13737
hnp,random,6,138,0.06756756756756756,95.70000000000003,1,0.01,24,0.24,100,0.0014084496589202898,13837
hnp,random,6,139,0.06711409395973154,95.20000000000002,1,0.01,29,0.29,100,0.0009746510710101575,13937
hnp,random,6,140,0.06666666666666667,96.10000000000002,1,0.01,20,0.2,100,0.00046999213998788036,14037
hnp,random,6,141,0.06622516556291391,98.5,0,0.0,15,0.15,100,0.0003485197509871796,14137
hnp,random,6,142,0.06578947368421052,98.80000000000001,0,0.0,12,0.12,100,0.0003595903917448595,14237
hnp,random,6,143,0.06535947712418301,98.20000000000002,0,0.0,18,0.18,100,0.0002941130606632214,14337
hnp,random,6,144,0.06493506493506493,97.9,0,0.0,21,0.21,100,0.00030309355264762416,14437
hnp,random,6,145,0.06451612903225806,93.0,3,0.03,12,0.12,100,0.00026438465385581367,14537
hnp,random,6,146,0.06410256410256411,94.80000000000004,2,0.02,13,0.13,100,0.0003283583288430236,14637
hnp,random,6,147,0.06369426751592357,98.5,0,0.0,15,0.15,100,0.00044477871226263234,14737
hnp,random,6,148,0.06329113924050632,95.0,2,0.02,12,0.12,100,0.0002513712173094973,14837
hnp,random,6,149,0.06289308176100629,98.10000000000002,0,0.0,19,0.19,100,0.0003636049651686335,14937
hnp,random,6,150,0.0625,98.80000000000004,0,0.0,12,0.12,100,0.0004240687665878795,15037
hnp,random,6,151,0.06211180124223602,94.80000000000001,2,0.02,14,0.14,100,0.00042641930631361904,15137
hnp,random,6,152,0.0617283950617284,94.20000000000002,2,0.02,20,0.2,100,0.0003520607276004739,15237
hnp,random,6,153,0.06134969325153374,96.60000000000002,1,0.01,15,0.15,100,0.000333793509635143,15337
hnp,random,6,154,0.06097560975609757,93.90000000000002,2,0.02,23,0.23,100,0.0006444925451069139,15437
hnp,random,6,155,0.06060606060606061,98.80000000000001,0,0.0,12,0.12,100,0.00044959815073525533,15537
hnp,random,6,156,0.06024096385542168,94.10000000000004,2,0.02,20,0.2,100,0.0003137905885523651,15637
hnp,random,6,157,0.059880239520958084,94.9,2,0.02,13,0.13,100,0.00025746345265361016,15737
hnp,random,6,158,0.05952380952380952,94.50000000000001,2,0.02,17,0.17,100,0.0003653744994517183,15837
hnp,random,6,159,0.0591715976331361,92.30000000000001,3,0.03,20,0.2,100,0.0003397532212693477,15937
hnp,random,6,160,0.058823529411764705,98.40000000000002,0,0.0,16,0.16,100,0.0002760178996686591,16037
hnp,random,6,161,0.05847953216374269,98.60000000000002,0,0.0,14,0.14,100,0.0003050199674180476,16137
hnp,random,6,162,0.05813953488372093,96.60000000000004,1,0.01,14,0.14,100,0.0005164950381731614,16237
hnp,random,6,163,0.057803468208092484,97.70000000000005,0,0.0,23,0.23,100,0.0003132142726099119,16337
hnp,random,6,164,0.0574712643678161,98.40000000000002,0,0.0,16,0.16,100,0.00026399734262668064,16437
hnp,random,6,165,0.05714285714285714,96.60000000000002,1,0.01,15,0.15,100,0.0003393111545301508,16537
hnp,random,6,166,0.056818181818181816,93.70000000000002,2,0.02,25,0.25,100,0.0010185199190163984,16637
hnp,random,6,167,0.05649717514124294,98.4,0,0.0,16,0.16,100,0.0006511478332686238,16737
hnp,random,6,168,0.056179775280898875,96.80000000000001,1,0.01,13,0.13,100,0.00040993059141328556,16837
hnp,random,6,169,0.0558659217877095,98.90000000000002,0,0.0,11,0.11,100,0.0004745540744625032,16937
hnp,random,6,170,0.05555555555555555,98.20000000000005,0,0.0,18,0.18,100,0.0005993965070229024,17037
hnp,random,6,171,0.055248618784530384,96.80000000000003,1,0.01,13,0.13,100,0.000842937496927334,17137
hnp,random,6,172,0.054945054945054944,97.50000000000003,0,0.0,25,0.25,100,0.001109851250075735,17237
hnp,random,6,173,0.0546448087431694,97.90000000000003,0,0.0,21,0.21,100,0.0006920183403417468,17337
hnp,random,6,174,0.05434782608695653,96.70000000000002,1,0.01,14,0.14,100,0.0004559207950660493,17437
hnp,random,6,175,0.05405405405405406,96.4,1,0.01,17,0.17,100,0.0006395458812767174,17537
hnp,random,6,176,0.05376344086021505,98.40000000000002,0,0.0,16,0.16,100,0.0003519327250251081,17637
hnp,random,6,177,0.053475935828877004,94.10000000000004,2,0.02,21,0.21,100,0.00027462068836030083,17737
hnp,random,6,178,0.05319148936170213,96.60000000000002,1,0.01,15,0.15,100,0.0003229504141927464,17837
hnp,random,6,179,0.052910052910052914,97.30000000000004,0,0.0,27,0.27,100,0.00026725218041974587,17937
hnp,random,6,180,0.05263157894736842,96.10000000000001,1,0.01,20,0.2,100,0.0003017770817677956,18037
hnp,random,6,181,0.05235602094240837,94.6,2,0.02,16,0.16,100,0.0002899179379892303,18137
hnp,random,6,182,0.052083333333333336,94.6,2,0.02,16,0.16,100,0.0004032864634064026,18237
hnp,random,6,183,0.05181347150259067,98.30000000000001,0,0.0,17,0.17,100,0.00042963972664438187,18337
hnp,random,6,184,0.051546391752577324,98.2,0,0.0,18,0.18,100,0.0002745699480874464,18437
hnp,random,6,185,0.05128205128205128,98.40000000000002,0,0.0,16,0.16,100,0.0002350904033664847,18537
hnp,random,6,186,0.0510204081632653,96.4,1,0.01,17,0.17,100,0.0002227059180586366,18637
hnp,random,6,187,0.050761421319796954,98.80000000000003,0,0.0,12,0.12,100,0.0002365321295656031,18737
hnp,random,6,188,0.050505050505050504,96.90000000000003,1,0.01,12,0.12,100,0.00022906599209818524,18837
hnp,random,6,189,0.05025125628140704,96.90000000000002,1,0.01,11,0.11,100,0.00036680335433629806,18937
hnp,random,6,190,0.05,98.50000000000003,0,0.0,15,0.15,100,0.0003382433602382662,19037
hnp,random,6,191,0.04975124378109452,96.30000000000005,1,0.01,18,0.18,100,0.0002843443808524171,19137
hnp,random,6,192,0.04950495049504951,98.10000000000004,0,0.0,19,0.19,100,0.00047273232259612994,19237
hnp,random,6,193,0.04926108374384236,96.30000000000003,1,0.01,18,0.18,100,0.0008479346882086247,19337
hnp,random,6,194,0.04901960784313726,95.6,1,0.01,25,0.25,100,0.000979727807425661,19437
hnp,random,6,195,0.04878048780487805,94.20000000000005,2,0.02,19,0.19,100,0.0005881442800455261,19537
hnp,random,6,196,0.04854368932038835,94.20000000000002,2,0.02,20,0.2,100,0.001307496629015077,19637
hnp,random,6,197,0.04830917874396135,97.20000000000005,0,0.0,28,0.28,100,0.0011182813852792606,19737
hnp,random,6,198,0.04807692307692307,98.80000000000003,0,0.0,12,0.12,100,0.0005476139397069346,19837
hnp,random,6,199,0.04784688995215311,96.10000000000002,1,0.01,20,0.2,100,0.00042903655863483434,19937
hnp,random,7,0,1.0,62.69999999999993,15,0.15,88,0.88,100,0.06570773948034322,37
hnp,random,7,1,0.9090909090909091,56.799999999999926,18,0.18,86,0.86,100,0.012169380618724973,137
hnp,random,7,2,0.8333333333333334,64.29999999999994,14,0.14,89,0.89,100,0.002963734759250656,237
hnp,random,7,3,0.7692307692307692,68.39999999999996,12,0.12,84,0.84,100,0.0028257972886785864,337
hnp,random,7,4,0.7142857142857143,66.49999999999996,13,0.13,87,0.87,100,0.001958558530895971,437
hnp,random,7,5,0.6666666666666666,80.2,6,0.06,83,0.83,100,0.0016901851102011278,537
hnp,random,7,6,0.625,74.3,9,0.09,85,0.85,100,0.001658993403543718,637
hnp,random,7,7,0.5882352941176471,87.40000000000005,3,0.03,68,0.68,100,0.0012028312345501036,737
hnp,random,7,8,0.5555555555555556,78.3,7,0.07,83,0.83,100,0.001204640416544862,837
hnp,random,7,9,0.5263157894736842,79.7,7,0.07,69,0.69,100,0.0013692565029487015,937
hnp,random,7,10,0.5,73.80000000000001,10,0.1,71,0.71,100,0.0012620825140038504,1037
hnp,random,7,11,0.47619047619047616,79.40000000000002,7,0.07,72,0.72,100,0.001105670522665605,1137
hnp,random,7,12,0.45454545454545453,76.89999999999999,9,0.09,56,0.56,100,0.0012322020792635158,1237
hnp,random,7,13,0.4347826086956522,86.30000000000005,4,0.04,61,0.61,100,0.0012338018947048112,1337
hnp,random,7,14,0.4166666666666667,82.20000000000002,6,0.06,63,0.63,100,0.00258317154715769,1437
hnp,random,7,15,0.4,87.60000000000005,3,0.03,67,0.67,100,0.0030319280060939493,1537
hnp,random,7,16,0.3846153846153846,83.0,6,0.06,55,0.55,100,0.0019830440584337338,1637
hnp,random,7,17,0.37037037037037035,87.40000000000005,4,0.04,50,0.5,100,0.0010653707484016195,1737
hnp,random,7,18,0.35714285714285715,77.9,9,0.09,49,0.49,100,0.0009716466479585506,1837
hnp,random,7,19,0.3448275862068966,89.50000000000004,3,0.03,48,0.48,100,0.0008330020436551422,1937
hnp,random,7,20,0.3333333333333333,90.00000000000001,3,0.03,43,0.43,100,0.0007538161112461239,2037
hnp,random,7,21,0.3225806451612903,86.80000000000001,5,0.05,37,0.37,100,0.0008398125527310185,2137
hnp,random,7,22,0.3125,91.40000000000003,2,0.02,48,0.48,100,0.0015728034189669414,2237
hnp,random,7,23,0.30303030303030304,91.50000000000003,2,0.02,47,0.47,100,0.0008359135207138025,2337
hnp,random,7,24,0.29411764705882354,92.10000000000004,2,0.02,40,0.4,100,0.0007314325959305279,2437
hnp,random,7,25,0.2857142857142857,94.60000000000004,1,0.01,35,0.35,100,0.000781940319284331,2537
hnp,random,7,26,0.2777777777777778,84.70000000000002,6,0.06,38,0.38,100,0.0008630141452886164,2637
hnp,random,7,27,0.27027027027027023,95.2,1,0.01,29,0.29,100,0.0007303836129722186,2737
hnp,random,7,28,0.2631578947368421,89.50000000000004,4,0.04,29,0.29,100,0.0006938676454592497,2837
hnp,random,7,29,0.25641025641025644,92.10000000000007,2,0.02,41,0.41,100,0.0011918066529324279,2937
hnp,random,7,30,0.25,92.40000000000002,2,0.02,38,0.38,100,0.0011509674042463303,3037
hnp,random,7,31,0.24390243902439027,96.10000000000005,0,0.0,39,0.39,100,0.0009301120165036991,3137
hnp,random,7,32,0.23809523809523808,87.60000000000002,5,0.05,27,0.27,100,0.0008061386729241349,3237
hnp,random,7,33,0.23255813953488372,93.90000000000003,2,0.02,23,0.23,100,0.002123698724899441,3337
hnp,random,7,34,0.22727272727272727,81.9,7,0.07,47,0.47,100,0.001693024897831492,3437
hnp,random,7,35,0.2222222222222222,92.9,2,0.02,32,0.32,100,0.0010473404836375266,3537
hnp,random,7,36,0.2173913043478261,95.70000000000002,1,0.01,24,0.24,100,0.0006984932409250178,3637
hnp,random,7,37,0.2127659574468085,91.20000000000002,3,0.03,30,0.3,100,0.000748329582856968,3737
hnp,random,7,38,0.20833333333333334,93.10000000000002,2,0.02,31,0.31,100,0.0006294018618064001,3837
hnp,random,7,39,0.2040816326530612,87.60000000000002,5,0.05,27,0.27,100,0.0007027661133906804,3937
hnp,random,7,40,0.2,89.80000000000003,4,0.04,26,0.26,100,0.0006455861267750151,4037
hnp,random,7,41,0.19607843137254904,89.30000000000003,4,0.04,31,0.31,100,0.000584808666317258,4137
hnp,random,7,42,0.1923076923076923,93.80000000000004,2,0.02,24,0.24,100,0.0006013894887291826,4237
hnp,random,7,43,0.18867924528301888,95.70000000000005,1,0.01,24,0.24,100,0.0007250954132177867,4337
hnp,random,7,44,0.18518518518518517,89.9,4,0.04,25,0.25,100,0.0006977792046382092,4437
hnp,random,7,45,0.18181818181818182,89.8000000000001,3,0.03,44,0.44,100,0.0018920303019694983,4537
hnp,random,7,46,0.17857142857142858,95.20000000000005,0,0.0,48,0.48,100,0.0018381801742361858,4637
hnp,random,7,47,0.17543859649122806,92.20000000000003,2,0.02,39,0.39,100,0.0007919377021607943,4737
hnp,random,7,48,0.1724137931034483,90.20000000000005,4,0.04,20,0.2,100,0.0006901332369307056,4837
hnp,random,7,49,0.1694915254237288,98.00000000000004,0,0.0,20,0.2,100,0.000627963931474369,4937
hnp,random,7,50,0.16666666666666666,93.90000000000003,2,0.02,23,0.23,100,0.0005755379814945627,5037
hnp,random,7,51,0.1639344262295082,95.10000000000002,1,0.01,30,0.3,100,0.0006133460228738841,5137
hnp,random,7,52,0.16129032258064516,95.50000000000003,1,0.01,25,0.25,100,0.0005626726539048832,5237
hnp,random,7,53,0.15873015873015872,89.20000000000002,4,0.04,31,0.31,100,0.0007216390644316561,5337
hnp,random,7,54,0.15625,96.10000000000002,1,0.01,20,0.2,100,0.0005183314351597801,5437
hnp,random,7,55,0.15384615384615385,95.30000000000007,1,0.01,28,0.28,100,0.00045053319889120757,5537
hnp,random,7,56,0.15151515151515152,91.20000000000002,3,0.03,31,0.31,100,0.00047178905399050566,5637
hnp,random,7,57,0.14925373134328357,93.70000000000005,2,0.02,24,0.24,100,0.0005100081763521302,5737
hnp,random,7,58,0.14705882352941177,95.80000000000001,1,0.01,23,0.23,100,0.00042160746597801334,5837
hnp,random,7,59,0.14492753623188406,93.70000000000005,2,0.02,23,0.23,100,0.0004328724535298534,5937
hnp,random,7,60,0.14285714285714285,95.4,1,0.01,27,0.27,100,0.0005493502589524724,6037
hnp,random,7,61,0.14084507042253522,93.10000000000002,2,0.02,31,0.31,100,0.0006191409903112799,6137
hnp,random,7,62,0.1388888888888889,95.70000000000002,1,0.01,24,0.24,100,0.000771022078115493,6237
hnp,random,7,63,0.136986301369863,97.90000000000003,0,0.0,21,0.21,100,0.000495751204143744,6337
hnp,random,7,64,0.13513513513513511,97.30000000000001,0,0.0,27,0.27,100,0.0005260045590694063,6437
hnp,random,7,65,0.13333333333333333,96.00000000000004,1,0.01,20,0.2,100,0.0004956443280389066,6537
hnp,random,7,66,0.13157894736842105,98.30000000000001,0,0.0,17,0.17,100,0.0005404827310121618,6637
hnp,random,7,67,0.12987012987012986,97.80000000000003,0,0.0,22,0.22,100,0.00048397859645774586,6737
hnp,random,7,68,0.12820512820512822,89.69999999999999,4,0.04,26,0.26,100,0.0005019427931983955,6837
hnp,random,7,69,0.12658227848101264,97.90000000000002,0,0.0,21,0.21,100,0.0006074525430449284,6937
hnp,random,7,70,0.125,95.90000000000002,1,0.01,22,0.22,100,0.0005817047596792691,7037
hnp,random,7,71,0.1234567901234568,96.0,1,0.01,20,0.2,100,0.0005661425901053007,7137
hnp,random,7,72,0.12195121951219513,91.00000000000006,3,0.03,33,0.33,100,0.0011365072315675207,7237
hnp,random,7,73,0.12048192771084336,92.80000000000001,2,0.02,34,0.34,100,0.0011980654095532374,7337
hnp,random,7,74,0.11904761904761904,91.30000000000003,3,0.03,30,0.3,100,0.0009023150539724156,7437
hnp,random,7,75,0.11764705882352941,92.20000000000003,3,0.03,21,0.21,100,0.0006977775535779074,7537
hnp,random,7,76,0.11627906976744186,93.60000000000002,2,0.02,26,0.26,100,0.0005083714339707512,7637
hnp,random,7,77,0.1149425287356322,94.20000000000005,2,0.02,20,0.2,100,0.00039186396403238175,7737
hnp,random,7,78,0.11363636363636363,95.30000000000004,1,0.01,27,0.27,100,0.0003874443413224071,7837
hnp,random,7,79,0.11235955056179775,95.70000000000003,1,0.01,24,0.24,100,0.00037983237401931544,7937
hnp,random,7,80,0.1111111111111111,92.4,3,0.03,19,0.19,100,0.0003579084669763688,8037
hnp,random,7,81,0.10989010989010989,97.30000000000001,0,0.0,27,0.27,100,0.0003331636672373861,8137
hnp,random,7,82,0.10869565217391305,94.40000000000002,2,0.02,18,0.18,100,0.00033309686623397285,8237
hnp,random,7,83,0.1075268817204301,96.0,1,0.01,21,0.21,100,0.0009210296027595177,8337
hnp,random,7,84,0.10638297872340426,92.60000000000007,2,0.02,36,0.36,100,0.0017721018500742502,8437
hnp,random,7,85,0.10526315789473684,97.40000000000002,0,0.0,26,0.26,100,0.0012020686239702628,8537
hnp,random,7,86,0.10416666666666667,98.4,0,0.0,16,0.16,100,0.0005961114299134351,8637
hnp,random,7,87,0.10309278350515465,93.90000000000003,2,0.02,22,0.22,100,0.0004058563408034388,8737
hnp,random,7,88,0.1020408163265306,94.00000000000003,2,0.02,22,0.22,100,0.0008806507519329898,8837
hnp,random,7,89,0.10101010101010101,93.60000000000005,2,0.02,25,0.25,100,0.0005702871886023786,8937
hnp,random,7,90,0.1,92.40000000000003,3,0.03,19,0.19,100,0.000366326586517971,9037
hnp,random,7,91,0.09900990099009901,94.10000000000005,2,0.02,21,0.21,100,0.000458030071167741,9137
hnp,random,7,92,0.09803921568627452,94.10000000000001,2,0.02,21,0.21,100,0.0004944083906593732,9237
hnp,random,7,93,0.0970873786407767,96.10000000000005,1,0.01,20,0.2,100,0.0003374137695936952,9337
hnp,random,7,94,0.09615384615384615,96.20000000000005,1,0.01,19,0.19,100,0.00037336728579248304,9437
hnp,random,7,95,0.09523809523809523,96.10000000000002,1,0.01,20,0.2,100,0.0003624086610216182,9537
hnp,random,7,96,0.09433962264150944,95.90000000000002,1,0.01,22,0.22,100,0.000369250281364657,9637
hnp,random,7,97,0.09345794392523366,97.80000000000004,0,0.0,22,0.22,100,0.0003581371781183407,9737
hnp,random,7,98,0.09259259259259259,92.60000000000004,3,0.03,17,0.17,100,0.00037596612615743653,9837
hnp,random,7,99,0.09174311926605504,97.5,0,0.0,25,0.25,100,0.0003396534979401622,9937
hnp,random,7,100,0.09090909090909091,96.20000000000002,1,0.01,19,0.19,100,0.00031229245454596823,10037
hnp,random,7,101,0.0900900900900901,96.30000000000003,1,0.01,18,0.18,100,0.00032773895844002255,10137
hnp,random,7,102,0.08928571428571429,93.80000000000005,2,0.02,24,0.24,100,0.00029887852899264546,10237
hnp,random,7,103,0.08849557522123894,98.9,0,0.0,11,0.11,100,0.0003848888828360941,10337
hnp,random,7,104,0.08771929824561403,98.60000000000002,0,0.0,14,0.14,100,0.0003451026018592529,10437
hnp,random,7,105,0.08695652173913043,96.20000000000002,1,0.01,19,0.19,100,0.0003944304274045862,10537
hnp,random,7,106,0.08620689655172414,93.80000000000003,2,0.02,24,0.24,100,0.000520219542668201,10637
hnp,random,7,107,0.08547008547008547,96.30000000000001,1,0.01,18,0.18,100,0.00042977301171049476,10737
hnp,random,7,108,0.0847457627118644,96.30000000000001,1,0.01,18,0.18,100,0.00038831540616229176,10837
hnp,random,7,109,0.08403361344537814,99.50000000000001,0,0.0,5,0.05,100,0.0003680744662415236,10937
hnp,random,7,110,0.08333333333333333,93.60000000000007,2,0.02,25,0.25,100,0.0013827616501657757,11037
hnp,random,7,111,0.08264462809917356,97.80000000000001,0,0.0,22,0.22,100,0.0008148643586901017,11137
hnp,random,7,112,0.0819672131147541,93.50000000000001,2,0.02,27,0.27,100,0.0018985530879581348,11237
hnp,random,7,113,0.08130081300813008,90.00000000000003,4,0.04,22,0.22,100,0.0020149593098904004,11337
hnp,random,7,114,0.08064516129032258,94.10000000000001,2,0.02,21,0.21,100,0.002313738050288521,11437
hnp,random,7,115,0.08,97.20000000000006,0,0.0,28,0.28,100,0.0012070915239746683,11537
hnp,random,7,116,0.07936507936507936,96.00000000000003,1,0.01,21,0.21,100,0.0007870868747704662,11637
hnp,random,7,117,0.07874015748031496,96.40000000000003,1,0.01,17,0.17,100,0.0007164912692678627,11737
hnp,random,7,118,0.078125,97.90000000000003,0,0.0,21,0.21,100,0.0006676632547168992,11837
hnp,random,7,119,0.07751937984496124,98.30000000000001,0,0.0,17,0.17,100,0.00036953906805138105,11937
hnp,random,7,120,0.07692307692307693,94.40000000000002,2,0.02,18,0.18,100,0.0005719022576522548,12037
hnp,random,7,121,0.07633587786259542,90.10000000000002,4,0.04,23,0.23,100,0.0005487561141490005,12137
hnp,random,7,122,0.07575757575757576,96.50000000000004,1,0.01,16,0.16,100,0.000979205975017976,12237
hnp,random,7,123,0.07518796992481203,93.80000000000001,2,0.02,24,0.24,100,0.0005708157899789512,12337
hnp,random,7,124,0.07462686567164178,95.80000000000003,1,0.01,23,0.23,100,0.0009749012764950749,12437
hnp,random,7,125,0.07407407407407407,98.40000000000002,0,0.0,16,0.16,100,0.0006489005041657947,12537
hnp,random,7,126,0.07352941176470588,94.30000000000003,2,0.02,18,0.18,100,0.00036360867772600614,12637
hnp,random,7,127,0.07299270072992702,97.40000000000005,0,0.0,26,0.26,100,0.001017119080206612,12737
hnp,random,7,128,0.07246376811594203,94.20000000000002,2,0.02,20,0.2,100,0.0005488625152793247,12837
hnp,random,7,129,0.07194244604316546,94.60000000000002,2,0.02,16,0.16,100,0.00045998350557056254,12937
hnp,random,7,130,0.07142857142857142,98.00000000000004,0,0.0,20,0.2,100,0.0003919573898019735,13037
hnp,random,7,131,0.07092198581560284,96.30000000000001,1,0.01,18,0.18,100,0.00029433166142553093,13137
hnp,random,7,132,0.07042253521126761,98.0,0,0.0,20,0.2,100,0.00030060979464906267,13237
hnp,random,7,133,0.06993006993006992,97.80000000000004,0,0.0,22,0.22,100,0.00029159061959944667,13337
hnp,random,7,134,0.06944444444444445,98.5,0,0.0,15,0.15,100,0.00026571054608211855,13437
hnp,random,7,135,0.06896551724137931,98.40000000000003,0,0.0,16,0.16,100,0.00028674046145169994,13537
hnp,random,7,136,0.0684931506849315,98.10000000000002,0,0.0,19,0.19,100,0.0003350527907605283,13637
hnp,random,7,137,0.06802721088435375,97.70000000000005,0,0.0,23,0.23,100,0.0003024446927884128,13737
hnp,random,7,138,0.06756756756756756,98.30000000000004,0,0.0,17,0.17,100,0.0003527928541006986,13837
hnp,random,7,139,0.06711409395973154,96.80000000000001,1,0.01,13,0.13,100,0.0007066471716825617,13937
hnp,random,7,140,0.06666666666666667,98.10000000000004,0,0.0,19,0.19,100,0.0003193863105843775,14037
hnp,random,7,141,0.06622516556291391,98.20000000000002,0,0.0,18,0.18,100,0.0002813462838093983,14137
hnp,random,7,142,0.06578947368421052,95.90000000000003,1,0.01,22,0.22,100,0.0003019331271934789,14237
hnp,random,7,143,0.06535947712418301,98.10000000000002,0,0.0,19,0.19,100,0.0003867398998409044,14337
hnp,random,7,144,0.06493506493506493,95.60000000000005,1,0.01,25,0.25,100,0.0003205534382141195,14437
hnp,random,7,145,0.06451612903225806,96.60000000000001,1,0.01,15,0.15,100,0.00026929174127872103,14537
hnp,random,7,146,0.06410256410256411,99.30000000000001,0,0.0,7,0.07,100,0.0003923663677414879,14637
hnp,random,7,147,0.06369426751592357,98.00000000000003,0,0.0,20,0.2,100,0.0005321050401835237,14737
hnp,random,7,148,0.06329113924050632,96.60000000000002,1,0.01,15,0.15,100,0.00047202546455082483,14837
hnp,random,7,149,0.06289308176100629,96.70000000000002,1,0.01,14,0.14,100,0.00031998460661270656,14937
hnp,random,7,150,0.0625,91.50000000000003,3,0.03,28,0.28,100,0.0008328569965669885,15037
hnp,random,7,151,0.06211180124223602,96.10000000000002,1,0.01,20,0.2,100,0.0008882606006227434,15137
hnp,random,7,152,0.0617283950617284,98.00000000000003,0,0.0,20,0.2,100,0.0005483264283975587,15237
hnp,random,7,153,0.06134969325153374,96.00000000000001,1,0.01,21,0.21,100,0.0006389094388578087,15337
hnp,random,7,154,0.06097560975609757,96.2,1,0.01,19,0.19,100,0.0004773892107186839,15437
hnp,random,7,155,0.06060606060606061,98.80000000000001,0,0.0,12,0.12,100,0.0003272045630728826,15537
hnp,random,7,156,0.06024096385542168,96.4,1,0.01,17,0.17,100,0.0009435057392693125,15637
hnp,random,7,157,0.059880239520958084,97.00000000000004,0,0.0,30,0.3,100,0.0013116883469047025,15737
hnp,random,7,158,0.05952380952380952,94.60000000000002,2,0.02,16,0.16,100,0.0011016190152440687,15837
hnp,random,7,159,0.0591715976331361,96.20000000000003,1,0.01,19,0.19,100,0.0004255370143800974,15937
hnp,random,7,160,0.058823529411764705,98.40000000000002,0,0.0,16,0.16,100,0.0007448926755751018,16037
hnp,random,7,161,0.05847953216374269,95.80000000000004,1,0.01,23,0.23,100,0.0004085404110082891,16137
hnp,random,7,162,0.05813953488372093,98.9,0,0.0,11,0.11,100,0.0003713934820552822,16237
hnp,random,7,163,0.057803468208092484,96.50000000000003,1,0.01,16,0.16,100,0.00030113600310869513,16337
hnp,random,7,164,0.0574712643678161,92.40000000000002,3,0.03,18,0.18,100,0.00029988177790073677,16437
hnp,random,7,165,0.05714285714285714,97.90000000000003,0,0.0,21,0.21,100,0.0002661491859907983,16537
hnp,random,7,166,0.056818181818181816,98.50000000000003,0,0.0,15,0.15,100,0.000291330839463626,16637
hnp,random,7,167,0.05649717514124294,95.60000000000002,1,0.01,25,0.25,100,0.000391266894293949,16737
hnp,random,7,168,0.056179775280898875,96.40000000000002,1,0.01,17,0.17,100,0.00031027108751004564,16837
hnp,random,7,169,0.0558659217877095,94.80000000000001,2,0.02,12,0.12,100,0.0003111377057939535,16937
hnp,random,7,170,0.05555555555555555,98.19999999999999,0,0.0,18,0.18,100,0.0002839630226662848,17037
hnp,random,7,171,0.055248618784530384,98.30000000000003,0,0.0,17,0.17,100,0.0002651025626983028,17137
hnp,random,7,172,0.054945054945054944,98.10000000000001,0,0.0,19,0.19,100,0.00032589515423751434,17237
hnp,random,7,173,0.0546448087431694,94.60000000000004,2,0.02,16,0.16,100,0.0007013324598665349,17337
hnp,random,7,174,0.05434782608695653,94.19999999999999,2,0.02,20,0.2,100,0.0007130829436937347,17437
hnp,random,7,175,0.05405405405405406,98.20000000000002,0,0.0,18,0.18,100,0.00046055061364313587,17537
hnp,random,7,176,0.05376344086021505,98.50000000000004,0,0.0,15,0.15,100,0.0005811369145521894,17637
hnp,random,7,177,0.053475935828877004,98.60000000000002,0,0.0,14,0.14,100,0.00031477306387387214,17737
hnp,random,7,178,0.05319148936170213,96.50000000000003,1,0.01,16,0.16,100,0.0003335154846718069,17837
hnp,random,7,179,0.052910052910052914,98.9,0,0.0,11,0.11,100,0.0002801610104506835,17937
hnp,random,7,180,0.05263157894736842,96.9,1,0.01,11,0.11,100,0.0002490505499008577,18037
hnp,random,7,181,0.05235602094240837,96.4,1,0.01,17,0.17,100,0.00023413976727169937,18137
hnp,random,7,182,0.052083333333333336,95.90000000000002,1,0.01,22,0.22,100,0.00022429225813539233,18237
hnp,random,7,183,0.05181347150259067,98.20000000000002,0,0.0,18,0.18,100,0.00021778680697025264,18337
hnp,random,7,184,0.051546391752577324,97.90000000000003,0,0.0,21,0.21,100,0.0002319007710320875,18437
hnp,random,7,185,0.05128205128205128,96.40000000000002,1,0.01,16,0.16,100,0.0003117899259086698,18537
hnp,random,7,186,0.0510204081632653,96.20000000000002,1,0.01,19,0.19,100,0.00022149736614665016,18637
hnp,random,7,187,0.050761421319796954,98.9,0,0.0,11,0.11,100,0.000268911915627541,18737
hnp,random,7,188,0.050505050505050504,96.9,1,0.01,12,0.12,100,0.0006286954002280254,18837
hnp,random,7,189,0.05025125628140704,98.20000000000002,0,0.0,18,0.18,100,0.00035697183513548223,18937
hnp,random,7,190,0.05,98.80000000000001,0,0.0,12,0.12,100,0.0002871675055939704,19037
hnp,random,7,191,0.04975124378109452,98.90000000000002,0,0.0,11,0.11,100,0.00038436856848420573,19137
hnp,random,7,192,0.04950495049504951,96.00000000000003,1,0.01,21,0.21,100,0.0014817623177077622,19237
hnp,random,7,193,0.04926108374384236,96.10000000000002,1,0.01,20,0.2,100,0.0019096198746410664,19337
hnp,random,7,194,0.04901960784313726,96.2,1,0.01,19,0.19,100,0.0012253316180431285,19437
hnp,random,7,195,0.04878048780487805,96.10000000000002,1,0.01,20,0.2,100,0.0008719451725482941,19537
hnp,random,7,196,0.04854368932038835,96.60000000000002,1,0.01,15,0.15,100,0.0005758706109190825,19637
hnp,random,7,197,0.04830917874396135,98.80000000000001,0,0.0,12,0.12,100,0.00044226715588592926,19737
hnp,random,7,198,0.04807692307692307,99.1,0,0.0,9,0.09,100,0.000547856917110039,19837
hnp,random,7,199,0.04784688995215311,94.80000000000001,2,0.02,14,0.14,100,0.0003196984132227954,19937
hnp,random,8,0,1.0,64.89999999999993,14,0.14,84,0.84,100,0.10338254812853159,37
hnp,random,8,1,0.9090909090909091,78.60000000000002,7,0.07,80,0.8,100,0.010256333475699647,137
hnp,random,8,2,0.8333333333333334,70.19999999999996,11,0.11,89,0.89,100,0.003413188299164176,237
hnp,random,8,3,0.7692307692307692,73.99999999999999,9,0.09,89,0.89,100,0.0020922749233432112,337
hnp,random,8,4,0.7142857142857143,72.5,10,0.1,84,0.84,100,0.0017217030981555581,437
hnp,random,8,5,0.6666666666666666,72.8,10,0.1,81,0.81,100,0.0013147669873433188,537
hnp,random,8,6,0.625,70.99999999999997,11,0.11,79,0.79,100,0.0011500906565925107,637
hnp,random,8,7,0.5882352941176471,79.10000000000001,7,0.07,76,0.76,100,0.0011144525336567312,737
hnp,random,8,8,0.5555555555555556,77.80000000000001,8,0.08,69,0.69,100,0.0014006913331104443,837
hnp,random,8,9,0.5263157894736842,83.70000000000002,5,0.05,68,0.68,100,0.0012525547848781572,937
hnp,random,8,10,0.5,89.10000000000008,2,0.02,71,0.71,100,0.0010083685227436944,1037
hnp,random,8,11,0.47619047619047616,72.4,11,0.11,66,0.66,100,0.0012861083034658805,1137
hnp,random,8,12,0.45454545454545453,85.40000000000003,4,0.04,70,0.7,100,0.0010948838229523973,1237
hnp,random,8,13,0.4347826086956522,83.50000000000006,5,0.05,70,0.7,100,0.0011973233585013078,1337
hnp,random,8,14,0.4166666666666667,84.40000000000005,5,0.05,61,0.61,100,0.0012195558770326897,1437
hnp,random,8,15,0.4,77.69999999999999,9,0.09,50,0.5,100,0.001018939062487334,1537
hnp,random,8,16,0.3846153846153846,88.60000000000005,3,0.03,57,0.57,100,0.0012739280529785902,1637
hnp,random,8,17,0.37037037037037035,86.40000000000006,4,0.04,59,0.59,100,0.0023166207553003914,1737
hnp,random,8,18,0.35714285714285715,87.10000000000005,4,0.04,52,0.52,100,0.0014177254366222769,1837
hnp,random,8,19,0.3448275862068966,91.40000000000002,2,0.02,47,0.47,100,0.0008967504760948941,1937
hnp,random,8,20,0.3333333333333333,87.40000000000008,4,0.04,50,0.5,100,0.0007759625939070247,2037
hnp,random,8,21,0.3225806451612903,91.00000000000006,2,0.02,52,0.52,100,0.000832340297929477,2137
hnp,random,8,22,0.3125,84.10000000000002,6,0.06,45,0.45,100,0.0007487845383002422,2237
hnp,random,8,23,0.30303030303030304,80.90000000000003,7,0.07,56,0.56,100,0.001108666723303031,2337
hnp,random,8,24,0.29411764705882354,89.80000000000004,3,0.03,45,0.45,100,0.0008610072731971741,2437
hnp,random,8,25,0.2857142857142857,88.00000000000004,4,0.04,44,0.44,100,0.0007270682917442173,2537
hnp,random,8,26,0.2777777777777778,86.50000000000006,5,0.05,39,0.39,100,0.000703556242515333,2637
hnp,random,8,27,0.27027027027027023,92.00000000000006,2,0.02,41,0.41,100,0.0007464196029468439,2737
hnp,random,8,28,0.2631578947368421,87.70000000000005,5,0.05,28,0.28,100,0.0006613379443297162,2837
hnp,random,8,29,0.25641025641025644,93.10000000000004,2,0.02,31,0.31,100,0.001056184158078395,2937
hnp,random,8,30,0.25,94.60000000000002,1,0.01,35,0.35,100,0.0007464638285455294,3037
hnp,random,8,31,0.24390243902439027,90.10000000000002,3,0.03,42,0.42,100,0.0011141613323707134,3137
hnp,random,8,32,0.23809523809523808,92.60000000000004,2,0.02,35,0.35,100,0.0009541504993103444,3237
hnp,random,8,33,0.23255813953488372,86.80000000000004,5,0.05,36,0.36,100,0.000734025907877367,3337
hnp,random,8,34,0.22727272727272727,91.50000000000003,3,0.03,28,0.28,100,0.0006843886122805998,3437
hnp,random,8,35,0.2222222222222222,87.30000000000001,5,0.05,32,0.32,100,0.0009172869264148176,3537
hnp,random,8,36,0.2173913043478261,93.30000000000004,2,0.02,29,0.29,100,0.0007251601584721357,3637
hnp,random,8,37,0.2127659574468085,92.90000000000002,2,0.02,33,0.33,100,0.0007125257776351646,3737
hnp,random,8,38,0.20833333333333334,88.80000000000001,4,0.04,36,0.36,100,0.0008885444019688293,3837
hnp,random,8,39,0.2040816326530612,92.20000000000007,2,0.02,40,0.4,100,0.0012742439392604864,3937
hnp,random,8,40,0.2,97.00000000000007,0,0.0,30,0.3,100,0.001069748293957673,4037
hnp,random,8,41,0.19607843137254904,95.6,1,0.01,25,0.25,100,0.0007059591624420137,4137
hnp,random,8,42,0.1923076923076923,92.80000000000004,2,0.02,34,0.34,100,0.0006971466890536249,4237
hnp,random,8,43,0.18867924528301888,88.90000000000003,4,0.04,34,0.34,100,0.0009142641656217166,4337
hnp,random,8,44,0.18518518518518517,90.50000000000003,3,0.03,38,0.38,100,0.0007444367866264656,4437
hnp,random,8,45,0.18181818181818182,92.90000000000002,2,0.02,33,0.33,100,0.0008647032847511582,4537
hnp,random,8,46,0.17857142857142858,93.40000000000002,2,0.02,28,0.28,100,0.0006165264191804454,4637
hnp,random,8,47,0.17543859649122806,91.40000000000005,3,0.03,28,0.28,100,0.0006209826446138322,4737
hnp,random,8,48,0.1724137931034483,95.10000000000001,1,0.01,30,0.3,100,0.0007170470716664568,4837
hnp,random,8,49,0.1694915254237288,95.40000000000003,1,0.01,27,0.27,100,0.0006233211536891759,4937
hnp,random,8,50,0.16666666666666666,97.80000000000004,0,0.0,22,0.22,100,0.0006076700577978045,5037
hnp,random,8,51,0.1639344262295082,91.60000000000002,3,0.03,27,0.27,100,0.0005776966860867105,5137
hnp,random,8,52,0.16129032258064516,97.60000000000002,0,0.0,24,0.24,100,0.0005093811174447183,5237
hnp,random,8,53,0.15873015873015872,91.80000000000004,3,0.03,24,0.24,100,0.0007300089352065697,5337
hnp,random,8,54,0.15625,93.20000000000005,2,0.02,29,0.29,100,0.0009588925991556607,5437
hnp,random,8,55,0.15384615384615385,92.30000000000007,2,0.02,39,0.39,100,0.0011268736654892564,5537
hnp,random,8,56,0.15151515151515152,94.30000000000004,1,0.01,38,0.38,100,0.001739446154097095,5637
hnp,random,8,57,0.14925373134328357,93.70000000000002,2,0.02,24,0.24,100,0.000738624480436556,5737
hnp,random,8,58,0.14705882352941177,90.30000000000001,4,0.04,20,0.2,100,0.0005493013764498755,5837
hnp,random,8,59,0.14492753623188406,87.30000000000005,5,0.05,31,0.31,100,0.0005588978115702047,5937
hnp,random,8,60,0.14285714285714285,98.30000000000001,0,0.0,17,0.17,100,0.0015159353645867667,6037
hnp,random,8,61,0.14084507042253522,92.70000000000005,2,0.02,35,0.35,100,0.0008712874722550623,6137
hnp,random,8,62,0.1388888888888889,93.00000000000003,2,0.02,32,0.32,100,0.0007646897586528212,6237
hnp,random,8,63,0.136986301369863,91.30000000000005,3,0.03,29,0.29,100,0.0005494331991940272,6337
hnp,random,8,64,0.13513513513513511,90.0,4,0.04,24,0.24,100,0.00048721913553890773,6437
hnp,random,8,65,0.13333333333333333,94.90000000000003,1,0.01,32,0.32,100,0.0004477778177533764,6537
hnp,random,8,66,0.13157894736842105,91.20000000000005,3,0.03,31,0.31,100,0.0004005051056446973,6637
hnp,random,8,67,0.12987012987012986,91.60000000000002,3,0.03,26,0.26,100,0.0004061316410661675,6737
hnp,random,8,68,0.12820512820512822,90.20000000000002,4,0.04,21,0.21,100,0.00044984650652622803,6837
hnp,random,8,69,0.12658227848101264,96.60000000000002,1,0.01,15,0.15,100,0.0004466035353834741,6937
hnp,random,8,70,0.125,94.20000000000002,2,0.02,19,0.19,100,0.00041484482018859124,7037
hnp,random,8,71,0.1234567901234568,94.10000000000002,2,0.02,20,0.2,100,0.000492040868557524,7137
hnp,random,8,72,0.12195121951219513,97.80000000000001,0,0.0,22,0.22,100,0.000418266107008094,7237
hnp,random,8,73,0.12048192771084336,89.5,4,0.04,28,0.28,100,0.0012535729599767364,7337
hnp,random,8,74,0.11904761904761904,94.40000000000005,1,0.01,37,0.37,100,0.0015738143131602555,7437
hnp,random,8,75,0.11764705882352941,95.00000000000003,1,0.01,30,0.3,100,0.0012057949777226895,7537
hnp,random,8,76,0.11627906976744186,89.9,4,0.04,24,0.24,100,0.0009923231962602585,7637
hnp,random,8,77,0.1149425287356322,97.80000000000001,0,0.0,22,0.22,100,0.0006401263372390531,7737
hnp,random,8,78,0.11363636363636363,92.00000000000003,3,0.03,23,0.23,100,0.00046196576382499186,7837
hnp,random,8,79,0.11235955056179775,90.4,4,0.04,19,0.19,100,0.00039484839129727334,7937
hnp,random,8,80,0.1111111111111111,98.5,0,0.0,15,0.15,100,0.00038450815962278286,8037
hnp,random,8,81,0.10989010989010989,94.5,2,0.02,17,0.17,100,0.0003817674671881832,8137
hnp,random,8,82,0.10869565217391305,90.00000000000003,4,0.04,23,0.23,100,0.0004097256500972435,8237
hnp,random,8,83,0.1075268817204301,96.70000000000002,1,0.01,14,0.14,100,0.00044016533967806027,8337
hnp,random,8,84,0.10638297872340426,91.90000000000003,3,0.03,24,0.24,100,0.00044212463399162516,8437
hnp,random,8,85,0.10526315789473684,96.2,1,0.01,19,0.19,100,0.0003747666176059283,8537
hnp,random,8,86,0.10416666666666667,98.20000000000005,0,0.0,18,0.18,100,0.0004262227457365952,8637
hnp,random,8,87,0.10309278350515465,98.00000000000001,0,0.0,20,0.2,100,0.0005143643921473995,8737
hnp,random,8,88,0.1020408163265306,90.5,4,0.04,18,0.18,100,0.00043007865737308747,8837
hnp,random,8,89,0.10101010101010101,95.80000000000004,1,0.01,23,0.23,100,0.00038964434759691357,8937
hnp,random,8,90,0.1,95.70000000000003,1,0.01,24,0.24,100,0.00044135770775028505,9037
hnp,random,8,91,0.09900990099009901,97.80000000000001,0,0.0,22,0.22,100,0.0003661110381653998,9137
hnp,random,8,92,0.09803921568627452,92.10000000000002,3,0.03,20,0.2,100,0.0003392808898934163,9237
hnp,random,8,93,0.0970873786407767,95.90000000000005,1,0.01,22,0.22,100,0.0005617926482227631,9337
hnp,random,8,94,0.09615384615384615,98.50000000000006,0,0.0,15,0.15,100,0.0007702234626049176,9437
hnp,random,8,95,0.09523809523809523,95.40000000000003,1,0.01,27,0.27,100,0.0007721963460789994,9537
hnp,random,8,96,0.09433962264150944,97.40000000000005,0,0.0,26,0.26,100,0.0005873584205983207,9637
hnp,random,8,97,0.09345794392523366,96.50000000000001,1,0.01,16,0.16,100,0.0003680630125745665,9737
hnp,random,8,98,0.09259259259259259,93.90000000000002,2,0.02,23,0.23,100,0.0003516684678470483,9837
hnp,random,8,99,0.09174311926605504,93.80000000000003,2,0.02,24,0.24,100,0.00037956795626087114,9937
hnp,random,8,100,0.09090909090909091,98.40000000000003,0,0.0,16,0.16,100,0.0003928724843717646,10037
hnp,random,8,101,0.0900900900900901,93.80000000000003,2,0.02,24,0.24,100,0.00035514780756784603,10137
hnp,random,8,102,0.08928571428571429,95.80000000000003,1,0.01,23,0.23,100,0.0003056152364297304,10237
hnp,random,8,103,0.08849557522123894,95.60000000000005,1,0.01,24,0.24,100,0.00042328576048021203,10337
hnp,random,8,104,0.08771929824561403,97.9,0,0.0,21,0.21,100,0.0008144133619498461,10437
hnp,random,8,105,0.08695652173913043,97.7,0,0.0,23,0.23,100,0.0015524518833262846,10537
hnp,random,8,106,0.08620689655172414,93.30000000000004,2,0.02,29,0.29,100,0.0010150419716956093,10637
hnp,random,8,107,0.08547008547008547,95.90000000000003,1,0.01,22,0.22,100,0.00126733714947477,10737
hnp,random,8,108,0.0847457627118644,96.00000000000003,1,0.01,21,0.21,100,0.0006215158078703098,10837
hnp,random,8,109,0.08403361344537814,95.90000000000003,1,0.01,22,0.22,100,0.00039956233580596746,10937
hnp,random,8,110,0.08333333333333333,96.9,1,0.01,12,0.12,100,0.000424324778286973,11037
hnp,random,8,111,0.08264462809917356,96.60000000000002,1,0.01,15,0.15,100,0.00029891194630181416,11137
hnp,random,8,112,0.0819672131147541,98.50000000000003,0,0.0,15,0.15,100,0.0003067002247553319,11237
hnp,random,8,113,0.08130081300813008,94.50000000000001,2,0.02,17,0.17,100,0.0003078366062254645,11337
hnp,random,8,114,0.08064516129032258,98.70000000000003,0,0.0,13,0.13,100,0.000276136990141822,11437
hnp,random,8,115,0.08,98.50000000000001,0,0.0,15,0.15,100,0.00029311294019862544,11537
hnp,random,8,116,0.07936507936507936,96.30000000000001,1,0.01,18,0.18,100,0.00031242264420143327,11637
hnp,random,8,117,0.07874015748031496,94.60000000000004,2,0.02,16,0.16,100,0.0003310243858140893,11737
hnp,random,8,118,0.078125,96.60000000000001,1,0.01,15,0.15,100,0.00031218868360156194,11837
hnp,random,8,119,0.07751937984496124,99.00000000000001,0,0.0,10,0.1,100,0.00024067300320893993,11937
hnp,random,8,120,0.07692307692307693,96.20000000000002,1,0.01,19,0.19,100,0.00025641197578806895,12037
hnp,random,8,121,0.07633587786259542,98.4,0,0.0,16,0.16,100,0.0003051104422047501,12137
hnp,random,8,122,0.07575757575757576,95.40000000000003,1,0.01,27,0.27,100,0.00029804940393660215,12237
hnp,random,8,123,0.07518796992481203,95.50000000000003,1,0.01,26,0.26,100,0.0012235186535690446,12337
hnp,random,8,124,0.07462686567164178,96.19999999999999,1,0.01,19,0.19,100,0.0005643408495234326,12437
hnp,random,8,125,0.07407407407407407,95.70000000000005,1,0.01,24,0.24,100,0.0003506219897826668,12537
hnp,random,8,126,0.07352941176470588,98.1,0,0.0,19,0.19,100,0.00032811209850478916,12637
hnp,random,8,127,0.07299270072992702,97.60000000000004,0,0.0,24,0.24,100,0.0006427848448220174,12737
hnp,random,8,128,0.07246376811594203,92.4,3,0.03,19,0.19,100,0.0006238279619719833,12837
hnp,random,8,129,0.07194244604316546,96.5,1,0.01,16,0.16,100,0.0014870807889383287,12937
hnp,random,8,130,0.07142857142857142,93.60000000000002,2,0.02,26,0.26,100,0.0011320961147430354,13037
hnp,random,8,131,0.07092198581560284,97.90000000000003,0,0.0,21,0.21,100,0.0005755998667154927,13137
hnp,random,8,132,0.07042253521126761,96.6,1,0.01,15,0.15,100,0.00044966856818064117,13237
hnp,random,8,133,0.06993006993006992,97.70000000000002,0,0.0,23,0.23,100,0.0011169896500359754,13337
hnp,random,8,134,0.06944444444444445,98.00000000000004,0,0.0,20,0.2,100,0.000575321713113226,13437
hnp,random,8,135,0.06896551724137931,94.4,2,0.02,18,0.18,100,0.0003826896719692741,13537
hnp,random,8,136,0.0684931506849315,96.70000000000002,1,0.01,14,0.14,100,0.0003091856191167608,13637
hnp,random,8,137,0.06802721088435375,98.70000000000003,0,0.0,13,0.13,100,0.0003605991269432707,13737
hnp,random,8,138,0.06756756756756756,95.80000000000004,1,0.01,23,0.23,100,0.0003258901789376978,13837
hnp,random,8,139,0.06711409395973154,96.30000000000004,1,0.01,18,0.18,100,0.0009623270404699724,13937
hnp,random,8,140,0.06666666666666667,97.20000000000002,0,0.0,28,0.28,100,0.001128499260521494,14037
hnp,random,8,141,0.06622516556291391,93.40000000000003,2,0.02,28,0.28,100,0.0005599382738000713,14137
hnp,random,8,142,0.06578947368421052,95.9,1,0.01,22,0.22,100,0.0003901549885631539,14237
hnp,random,8,143,0.06535947712418301,98.20000000000005,0,0.0,18,0.18,100,0.0003343813844549004,14337
hnp,random,8,144,0.06493506493506493,97.80000000000003,0,0.0,22,0.22,100,0.00033882477422594095,14437
hnp,random,8,145,0.06451612903225806,96.70000000000002,1,0.01,13,0.13,100,0.0003765887145709712,14537
hnp,random,8,146,0.06410256410256411,94.30000000000003,2,0.02,18,0.18,100,0.0003072218506713398,14637
hnp,random,8,147,0.06369426751592357,98.50000000000001,0,0.0,15,0.15,100,0.00023668576483032666,14737
hnp,random,8,148,0.06329113924050632,96.9,1,0.01,12,0.12,100,0.0002389289547863882,14837
hnp,random,8,149,0.06289308176100629,98.00000000000003,0,0.0,20,0.2,100,0.0005712288506765618,14937
hnp,random,8,150,0.0625,96.8,1,0.01,13,0.13,100,0.00038395295428927056,15037
hnp,random,8,151,0.06211180124223602,94.30000000000004,2,0.02,19,0.19,100,0.000270418696309207,15137
hnp,random,8,152,0.0617283950617284,96.60000000000002,1,0.01,15,0.15,100,0.00026559297781204806,15237
hnp,random,8,153,0.06134969325153374,93.90000000000002,2,0.02,23,0.23,100,0.0010780524343863363,15337
hnp,random,8,154,0.06097560975609757,96.70000000000002,1,0.01,14,0.14,100,0.00036199645197484645,15437
hnp,random,8,155,0.06060606060606061,96.50000000000003,1,0.01,16,0.16,100,0.001259471061930526,15537
hnp,random,8,156,0.06024096385542168,95.10000000000002,1,0.01,30,0.3,100,0.00045882155376602895,15637
hnp,random,8,157,0.059880239520958084,97.9,0,0.0,21,0.21,100,0.0003824730691849254,15737
hnp,random,8,158,0.05952380952380952,97.90000000000003,0,0.0,21,0.21,100,0.0003113665178534575,15837
hnp,random,8,159,0.0591715976331361,96.20000000000002,1,0.01,19,0.19,100,0.00025365623718244024,15937
hnp,random,8,160,0.058823529411764705,96.40000000000003,1,0.01,17,0.17,100,0.0011533607088495047,16037
hnp,random,8,161,0.05847953216374269,98.30000000000004,0,0.0,17,0.17,100,0.0016911126994818915,16137
hnp,random,8,162,0.05813953488372093,98.30000000000001,0,0.0,17,0.17,100,0.0006695999394287355,16237
hnp,random,8,163,0.057803468208092484,96.20000000000002,1,0.01,19,0.19,100,0.0004729806890827604,16337
hnp,random,8,164,0.0574712643678161,98.60000000000002,0,0.0,14,0.14,100,0.0015417599253123625,16437
hnp,random,8,165,0.05714285714285714,96.70000000000002,1,0.01,14,0.14,100,0.0004010077685234137,16537
hnp,random,8,166,0.056818181818181816,96.4,1,0.01,17,0.17,100,0.00031850633960857523,16637
hnp,random,8,167,0.05649717514124294,98.20000000000002,0,0.0,18,0.18,100,0.0002454125827352982,16737
hnp,random,8,168,0.056179775280898875,90.30000000000004,4,0.04,21,0.21,100,0.00030544952627678865,16837
hnp,random,8,169,0.0558659217877095,96.40000000000002,1,0.01,16,0.16,100,0.0002511163771850988,16937
hnp,random,8,170,0.05555555555555555,98.80000000000001,0,0.0,12,0.12,100,0.0003129474152228795,17037
hnp,random,8,171,0.055248618784530384,97.1,1,0.01,10,0.1,100,0.0015877124547841958,17137
hnp,random,8,172,0.054945054945054944,98.80000000000003,0,0.0,12,0.12,100,0.0003394194300926756,17237
hnp,random,8,173,0.0546448087431694,98.20000000000003,0,0.0,18,0.18,100,0.00035520641184120903,17337
hnp,random,8,174,0.05434782608695653,98.50000000000001,0,0.0,15,0.15,100,0.00027281568371108735,17437
hnp,random,8,175,0.05405405405405406,97.10000000000002,1,0.01,10,0.1,100,0.0010685947161982767,17537
hnp,random,8,176,0.05376344086021505,98.50000000000001,0,0.0,15,0.15,100,0.0005107844296435359,17637
hnp,random,8,177,0.053475935828877004,94.30000000000003,2,0.02,19,0.19,100,0.0013954374333843588,17737
hnp,random,8,178,0.05319148936170213,98.00000000000003,0,0.0,20,0.2,100,0.0007642835882143117,17837
hnp,random,8,179,0.052910052910052914,92.60000000000002,3,0.03,16,0.16,100,0.000845152790134307,17937
hnp,random,8,180,0.05263157894736842,91.80000000000001,3,0.03,23,0.23,100,0.00038998258765786885,18037
hnp,random,8,181,0.05235602094240837,94.80000000000001,2,0.02,13,0.13,100,0.0002911544999369653,18137
hnp,random,8,182,0.052083333333333336,96.70000000000002,1,0.01,14,0.14,100,0.0009657660989614669,18237
hnp,random,8,183,0.05181347150259067,96.10000000000002,1,0.01,20,0.2,100,0.0004945848153147381,18337
hnp,random,8,184,0.051546391752577324,98.1,0,0.0,19,0.19,100,0.0007205332126613939,18437
hnp,random,8,185,0.05128205128205128,97.50000000000006,0,0.0,25,0.25,100,0.0018556708734831773,18537
hnp,random,8,186,0.0510204081632653,93.90000000000005,2,0.02,23,0.23,100,0.0009456158644752577,18637
hnp,random,8,187,0.050761421319796954,98.40000000000002,0,0.0,16,0.16,100,0.0007471927140431944,18737
hnp,random,8,188,0.050505050505050504,98.4,0,0.0,16,0.16,100,0.00042663155909394845,18837
hnp,random,8,189,0.05025125628140704,99.10000000000001,0,0.0,9,0.09,100,0.00043569911125814544,18937
hnp,random,8,190,0.05,98.80000000000003,0,0.0,12,0.12,100,0.000362914098368492,19037
hnp,random,8,191,0.04975124378109452,98.9,0,0.0,11,0.11,100,0.0005098690160957631,19137
hnp,random,8,192,0.04950495049504951,94.4,2,0.02,18,0.18,100,0.0002985740868462017,19237
hnp,random,8,193,0.04926108374384236,98.5,0,0.0,15,0.15,100,0.0011963749180722515,19337
hnp,random,8,194,0.04901960784313726,98.80000000000001,0,0.0,12,0.12,100,0.00046131595969200133,19437
hnp,random,8,195,0.04878048780487805,98.80000000000003,0,0.0,12,0.12,100,0.0004595059556595515,19537
hnp,random,8,196,0.04854368932038835,98.5,0,0.0,15,0.15,100,0.0004278016406169627,19637
hnp,random,8,197,0.04830917874396135,98.2,0,0.0,18,0.18,100,0.0003153712963103317,19737
hnp,random,8,198,0.04807692307692307,98.4,0,0.0,16,0.16,100,0.00026730160439910835,19837
hnp,random,8,199,0.04784688995215311,96.50000000000003,1,0.01,16,0.16,100,0.00034646212865482086,19937
hnp,random,9,0,1.0,62.299999999999926,15,0.15,91,0.91,100,0.08666535581436914,37
hnp,random,9,1,0.9090909090909091,66.89999999999995,13,0.13,83,0.83,100,0.0061560934269800785,137
hnp,random,9,2,0.8333333333333334,76.00000000000001,8,0.08,87,0.87,100,0.002748019958962686,237
hnp,random,9,3,0.7692307692307692,76.4,8,0.08,83,0.83,100,0.00200163031287957,337
hnp,random,9,4,0.7142857142857143,76.5,8,0.08,80,0.8,100,0.0019020458502927795,437
hnp,random,9,5,0.6666666666666666,80.10000000000002,6,0.06,84,0.84,100,0.0015792415291070938,537
hnp,random,9,6,0.625,78.70000000000003,7,0.07,79,0.79,100,0.0011187390872510151,637
hnp,random,9,7,0.5882352941176471,80.60000000000004,6,0.06,79,0.79,100,0.0011876542767276987,737
hnp,random,9,8,0.5555555555555556,71.1,11,0.11,78,0.78,100,0.0013047854765318335,837
hnp,random,9,9,0.5263157894736842,82.19999999999999,6,0.06,63,0.63,100,0.00119109227147419,937
hnp,random,9,10,0.5,81.90000000000002,6,0.06,66,0.66,100,0.0013655932736583054,1037
hnp,random,9,11,0.47619047619047616,87.40000000000005,3,0.03,68,0.68,100,0.0022482704708818345,1137
hnp,random,9,12,0.45454545454545453,89.90000000000003,2,0.02,63,0.63,100,0.0011353471054462716,1237
hnp,random,9,13,0.4347826086956522,84.10000000000004,5,0.05,63,0.63,100,0.001054307935992256,1337
hnp,random,9,14,0.4166666666666667,78.30000000000001,8,0.08,65,0.65,100,0.001053179804875981,1437
hnp,random,9,15,0.4,80.30000000000001,7,0.07,64,0.64,100,0.0009700851386878639,1537
hnp,random,9,16,0.3846153846153846,87.20000000000007,4,0.04,52,0.52,100,0.0008085415404639207,1637
hnp,random,9,17,0.37037037037037035,90.60000000000005,2,0.02,56,0.56,100,0.0007729021713021211,1737
hnp,random,9,18,0.35714285714285715,83.70000000000002,6,0.06,47,0.47,100,0.0009266184369334951,1837
hnp,random,9,19,0.3448275862068966,81.00000000000003,7,0.07,56,0.56,100,0.0007492500636726618,1937
hnp,random,9,20,0.3333333333333333,93.30000000000005,1,0.01,48,0.48,100,0.0009112568403361366,2037
hnp,random,9,21,0.3225806451612903,95.20000000000006,0,0.0,48,0.48,100,0.000869594499527011,2137
hnp,random,9,22,0.3125,86.10000000000001,5,0.05,44,0.44,100,0.0010326596960658207,2237
hnp,random,9,23,0.30303030303030304,88.20000000000002,4,0.04,42,0.42,100,0.0010837213305057959,2337
hnp,random,9,24,0.29411764705882354,79.5,8,0.08,51,0.51,100,0.0007892854401143267,2437
hnp,random,9,25,0.2857142857142857,94.00000000000003,1,0.01,41,0.41,100,0.0007757807496818714,2537
hnp,random,9,26,0.2777777777777778,85.50000000000003,6,0.06,29,0.29,100,0.0006951912719523534,2637
hnp,random,9,27,0.27027027027027023,88.30000000000003,4,0.04,40,0.4,100,0.0009236125485040247,2737
hnp,random,9,28,0.2631578947368421,90.20000000000005,3,0.03,40,0.4,100,0.0007818952784873545,2837
hnp,random,9,29,0.25641025641025644,88.20000000000002,4,0.04,42,0.42,100,0.0007807419565506279,2937
hnp,random,9,30,0.25,91.80000000000003,2,0.02,44,0.44,100,0.0007266082571004517,3037
hnp,random,9,31,0.24390243902439027,82.60000000000001,7,0.07,41,0.41,100,0.0006951583712361753,3137
hnp,random,9,32,0.23809523809523808,89.80000000000007,3,0.03,45,0.45,100,0.000994657837145496,3237
hnp,random,9,33,0.23255813953488372,88.80000000000001,4,0.04,35,0.35,100,0.0009064708661753684,3337
hnp,random,9,34,0.22727272727272727,97.70000000000005,0,0.0,23,0.23,100,0.0008091432703076862,3437
hnp,random,9,35,0.2222222222222222,83.80000000000004,6,0.06,47,0.47,100,0.0013982900278642775,3537
hnp,random,9,36,0.2173913043478261,93.80000000000007,1,0.01,43,0.43,100,0.001210087044746615,3637
hnp,random,9,37,0.2127659574468085,94.50000000000004,1,0.01,36,0.36,100,0.0008226697065401822,3737
hnp,random,9,38,0.20833333333333334,89.60000000000004,3,0.03,47,0.47,100,0.001175881569797639,3837
hnp,random,9,39,0.2040816326530612,86.7,5,0.05,37,0.37,100,0.0007783648258191533,3937
hnp,random,9,40,0.2,96.70000000000007,0,0.0,33,0.33,100,0.0006146046839421615,4037
hnp,random,9,41,0.19607843137254904,91.90000000000002,3,0.03,24,0.24,100,0.0006766859244089574,4137
hnp,random,9,42,0.1923076923076923,91.20000000000005,3,0.03,31,0.31,100,0.0006489002759917639,4237
hnp,random,9,43,0.18867924528301888,89.40000000000003,3,0.03,49,0.49,100,0.002109721401357092,4337
hnp,random,9,44,0.18518518518518517,90.60000000000005,3,0.03,37,0.37,100,0.0010788902841159143,4437
hnp,random,9,45,0.18181818181818182,90.60000000000002,3,0.03,37,0.37,100,0.0007208719654590822,4537
hnp,random,9,46,0.17857142857142858,88.80000000000004,4,0.04,34,0.34,100,0.0016809147357707843,4637
hnp,random,9,47,0.17543859649122806,95.40000000000003,1,0.01,27,0.27,100,0.001217140169464983,4737
hnp,random,9,48,0.1724137931034483,94.00000000000001,2,0.02,22,0.22,100,0.0013771320128580554,4837
hnp,random,9,49,0.1694915254237288,93.70000000000003,2,0.02,25,0.25,100,0.0006766211870126426,4937
hnp,random,9,50,0.16666666666666666,98.00000000000006,0,0.0,20,0.2,100,0.0009388999544898979,5037
hnp,random,9,51,0.1639344262295082,91.80000000000003,3,0.03,25,0.25,100,0.0008284910127986223,5137
hnp,random,9,52,0.16129032258064516,96.50000000000001,1,0.01,16,0.16,100,0.0005121693763067014,5237
hnp,random,9,53,0.15873015873015872,95.40000000000003,1,0.01,27,0.27,100,0.0006913534912746399,5337
hnp,random,9,54,0.15625,98.00000000000001,0,0.0,20,0.2,100,0.0005742934343288652,5437
hnp,random,9,55,0.15384615384615385,91.60000000000002,3,0.03,26,0.26,100,0.002871973021537997,5537
hnp,random,9,56,0.15151515151515152,93.0,2,0.02,32,0.32,100,0.0021665854810271412,5637
hnp,random,9,57,0.14925373134328357,93.20000000000006,2,0.02,30,0.3,100,0.0007803418175899424,5737
hnp,random,9,58,0.14705882352941177,88.50000000000001,4,0.04,39,0.39,100,0.0006333983276272193,5837
hnp,random,9,59,0.14492753623188406,93.80000000000001,2,0.02,24,0.24,100,0.0005434065524605102,5937
hnp,random,9,60,0.14285714285714285,93.70000000000003,2,0.02,25,0.25,100,0.000583407900412567,6037
hnp,random,9,61,0.14084507042253522,93.9,2,0.02,23,0.23,100,0.0005491154224728234,6137
hnp,random,9,62,0.1388888888888889,93.70000000000002,2,0.02,25,0.25,100,0.0005908682654262521,6237
hnp,random,9,63,0.136986301369863,97.80000000000001,0,0.0,22,0.22,100,0.0004425960360094905,6337
hnp,random,9,64,0.13513513513513511,96.60000000000002,1,0.01,15,0.15,100,0.0005680201535869855,6437
hnp,random,9,65,0.13333333333333333,90.10000000000001,4,0.04,22,0.22,100,0.0005401638208422809,6537
hnp,random,9,66,0.13157894736842105,96.10000000000002,1,0.01,19,0.19,100,0.0005346380942501127,6637
hnp,random,9,67,0.12987012987012986,96.00000000000001,1,0.01,21,0.21,100,0.0007344351563369855,6737
hnp,random,9,68,0.12820512820512822,94.00000000000003,2,0.02,20,0.2,100,0.0009953257656889036,6837
hnp,random,9,69,0.12658227848101264,94.9,1,0.01,32,0.32,100,0.0007121011734125205,6937
hnp,random,9,70,0.125,96.10000000000002,1,0.01,20,0.2,100,0.0007782256708014757,7037
hnp,random,9,71,0.1234567901234568,91.40000000000003,3,0.03,28,0.28,100,0.0007137436122866348,7137
hnp,random,9,72,0.12195121951219513,98.00000000000001,0,0.0,20,0.2,100,0.0004865827356115915,7237
hnp,random,9,73,0.12048192771084336,93.80000000000003,2,0.02,24,0.24,100,0.0004476066789356992,7337
hnp,random,9,74,0.11904761904761904,86.30000000000001,6,0.06,22,0.22,100,0.0004653044501901604,7437
hnp,random,9,75,0.11764705882352941,96.40000000000006,0,0.0,36,0.36,100,0.001683343487093225,7537
hnp,random,9,76,0.11627906976744186,91.90000000000003,3,0.03,24,0.24,100,0.001404307202610653,7637
hnp,random,9,77,0.1149425287356322,96.30000000000001,1,0.01,18,0.18,100,0.0006101727932400536,7737
hnp,random,9,78,0.11363636363636363,97.70000000000002,0,0.0,23,0.23,100,0.0006505805886990857,7837
hnp,random,9,79,0.11235955056179775,98.5,0,0.0,15,0.15,100,0.0009049121514544822,7937
hnp,random,9,80,0.1111111111111111,91.60000000000002,3,0.03,27,0.27,100,0.0005965661609661766,8037
hnp,random,9,81,0.10989010989010989,94.00000000000004,2,0.02,22,0.22,100,0.00042172555040451696,8137
hnp,random,9,82,0.10869565217391305,95.60000000000002,1,0.01,25,0.25,100,0.0004038988640240859,8237
hnp,random,9,83,0.1075268817204301,91.90000000000002,3,0.03,24,0.24,100,0.00040917332444223575,8337
hnp,random,9,84,0.10638297872340426,96.30000000000003,1,0.01,18,0.18,100,0.0008498340251389891,8437
hnp,random,9,85,0.10526315789473684,95.90000000000003,1,0.01,22,0.22,100,0.0008554827884654514,8537
hnp,random,9,86,0.10416666666666667,94.60000000000001,2,0.02,16,0.16,100,0.0005724552091851365,8637
hnp,random,9,87,0.10309278350515465,98.30000000000003,0,0.0,17,0.17,100,0.0004547220800304785,8737
hnp,random,9,88,0.1020408163265306,97.90000000000003,0,0.0,21,0.21,100,0.00041982092850958,8837
hnp,random,9,89,0.10101010101010101,96.20000000000005,1,0.01,19,0.19,100,0.0004292575884028338,8937
hnp,random,9,90,0.1,95.60000000000004,1,0.01,25,0.25,100,0.0004331287024251651,9037
hnp,random,9,91,0.09900990099009901,93.60000000000002,2,0.02,26,0.26,100,0.0003774254614836536,9137
hnp,random,9,92,0.09803921568627452,95.90000000000003,1,0.01,22,0.22,100,0.0004163663517101668,9237
hnp,random,9,93,0.0970873786407767,92.50000000000003,3,0.03,18,0.18,100,0.00033159107435494663,9337
hnp,random,9,94,0.09615384615384615,96.20000000000002,1,0.01,19,0.19,100,0.00047480274937697684,9437
hnp,random,9,95,0.09523809523809523,98.20000000000002,0,0.0,18,0.18,100,0.0005288533546263352,9537
hnp,random,9,96,0.09433962264150944,97.30000000000001,0,0.0,27,0.27,100,0.0004890769541088957,9637
hnp,random,9,97,0.09345794392523366,98.19999999999999,0,0.0,18,0.18,100,0.0013180695081246086,9737
hnp,random,9,98,0.09259259259259259,95.20000000000003,1,0.01,28,0.28,100,0.0015766126982634887,9837
hnp,random,9,99,0.09174311926605504,98.2,0,0.0,18,0.18,100,0.000529990344075486,9937
hnp,random,9,100,0.09090909090909091,98.00000000000003,0,0.0,20,0.2,100,0.0004076371798873879,10037
hnp,random,9,101,0.0900900900900901,92.20000000000002,3,0.03,19,0.19,100,0.00038292699595331213,10137
hnp,random,9,102,0.08928571428571429,97.2,1,0.01,9,0.09,100,0.0004107403002853971,10237
hnp,random,9,103,0.08849557522123894,95.90000000000003,1,0.01,22,0.22,100,0.0003366804598772433,10337
hnp,random,9,104,0.08771929824561403,95.90000000000002,1,0.01,22,0.22,100,0.00033936763138626703,10437
hnp,random,9,105,0.08695652173913043,95.60000000000002,1,0.01,25,0.25,100,0.0003420482324145269,10537
hnp,random,9,106,0.08620689655172414,94.00000000000001,2,0.02,22,0.22,100,0.00034108365638530814,10637
hnp,random,9,107,0.08547008547008547,95.20000000000002,1,0.01,29,0.29,100,0.0004501337576948572,10737
hnp,random,9,108,0.0847457627118644,96.30000000000001,1,0.01,18,0.18,100,0.0003648264453659067,10837
hnp,random,9,109,0.08403361344537814,98.30000000000005,0,0.0,17,0.17,100,0.0003680527678807266,10937
hnp,random,9,110,0.08333333333333333,98.10000000000002,0,0.0,19,0.19,100,0.0005045381074887701,11037
hnp,random,9,111,0.08264462809917356,96.4,1,0.01,17,0.17,100,0.0004167964369116817,11137
hnp,random,9,112,0.0819672131147541,98.30000000000004,0,0.0,17,0.17,100,0.00035685217240825293,11237
hnp,random,9,113,0.08130081300813008,95.80000000000004,1,0.01,23,0.23,100,0.0005624922290735412,11337
hnp,random,9,114,0.08064516129032258,93.9,2,0.02,23,0.23,100,0.0006695970613509417,11437
hnp,random,9,115,0.08,96.4,1,0.01,17,0.17,100,0.00045871993293985727,11537
hnp,random,9,116,0.07936507936507936,97.90000000000003,0,0.0,21,0.21,100,0.000553692910616519,11637
hnp,random,9,117,0.07874015748031496,98.30000000000001,0,0.0,17,0.17,100,0.0006873661163263023,11737
hnp,random,9,118,0.078125,93.7,2,0.02,25,0.25,100,0.0004618820133327972,11837
hnp,random,9,119,0.07751937984496124,98.5,0,0.0,15,0.15,100,0.0004355410420976114,11937
hnp,random,9,120,0.07692307692307693,96.50000000000004,1,0.01,15,0.15,100,0.0007046785890997853,12037
hnp,random,9,121,0.07633587786259542,98.7,0,0.0,13,0.13,100,0.0005981508063268848,12137
hnp,random,9,122,0.07575757575757576,98.20000000000002,0,0.0,18,0.18,100,0.0004496572818607092,12237
hnp,random,9,123,0.07518796992481203,95.10000000000002,1,0.01,29,0.29,100,0.00030316440635942856,12337
hnp,random,9,124,0.07462686567164178,94.40000000000002,2,0.02,18,0.18,100,0.0014785199642938097,12437
hnp,random,9,125,0.07407407407407407,98.50000000000003,0,0.0,15,0.15,100,0.00042826982302358375,12537
hnp,random,9,126,0.07352941176470588,98.50000000000003,0,0.0,15,0.15,100,0.000366222417796962,12637
hnp,random,9,127,0.07299270072992702,98.60000000000002,0,0.0,14,0.14,100,0.0008033098369196523,12737
hnp,random,9,128,0.07246376811594203,96.3,1,0.01,18,0.18,100,0.0009856014623073862,12837
hnp,random,9,129,0.07194244604316546,97.70000000000002,0,0.0,23,0.23,100,0.0004947085412277375,12937
hnp,random,9,130,0.07142857142857142,96.9,1,0.01,12,0.12,100,0.0009466686389350798,13037
hnp,random,9,131,0.07092198581560284,92.00000000000003,3,0.03,22,0.22,100,0.000472448609652929,13137
hnp,random,9,132,0.07042253521126761,91.70000000000005,3,0.03,26,0.26,100,0.0007304676230705809,13237
hnp,random,9,133,0.06993006993006992,96.50000000000003,1,0.01,15,0.15,100,0.00043041875382186844,13337
hnp,random,9,134,0.06944444444444445,94.90000000000002,2,0.02,13,0.13,100,0.0003638799460895825,13437
hnp,random,9,135,0.06896551724137931,95.10000000000001,2,0.02,11,0.11,100,0.0005091876814549323,13537
hnp,random,9,136,0.0684931506849315,96.70000000000002,1,0.01,14,0.14,100,0.0003602447507728357,13637
hnp,random,9,137,0.06802721088435375,98.30000000000001,0,0.0,17,0.17,100,0.0003559998118726071,13737
hnp,random,9,138,0.06756756756756756,96.50000000000003,1,0.01,15,0.15,100,0.00033197989512700587,13837
hnp,random,9,139,0.06711409395973154,96.5,1,0.01,16,0.16,100,0.00031765182269737123,13937
hnp,random,9,140,0.06666666666666667,94.00000000000003,2,0.02,22,0.22,100,0.0003401933571149129,14037
hnp,random,9,141,0.06622516556291391,96.60000000000002,1,0.01,15,0.15,100,0.0005314491764875129,14137
hnp,random,9,142,0.06578947368421052,98.20000000000003,0,0.0,18,0.18,100,0.000563679287879495,14237
hnp,random,9,143,0.06535947712418301,98.70000000000002,0,0.0,13,0.13,100,0.00039616256777662783,14337
hnp,random,9,144,0.06493506493506493,94.60000000000002,2,0.02,16,0.16,100,0.0003404398493876215,14437
hnp,random,9,145,0.06451612903225806,96.40000000000002,1,0.01,16,0.16,100,0.0003491554762877058,14537
hnp,random,9,146,0.06410256410256411,96.40000000000003,1,0.01,17,0.17,100,0.00028486509545473383,14637
hnp,random,9,147,0.06369426751592357,97.70000000000002,0,0.0,23,0.23,100,0.0003299722406518413,14737
hnp,random,9,148,0.06329113924050632,98.80000000000001,0,0.0,12,0.12,100,0.0003098984115058556,14837
hnp,random,9,149,0.06289308176100629,98.80000000000003,0,0.0,12,0.12,100,0.0008621222835790832,14937
hnp,random,9,150,0.0625,93.20000000000002,2,0.02,30,0.3,100,0.0015044182591373101,15037
hnp,random,9,151,0.06211180124223602,93.80000000000003,2,0.02,24,0.24,100,0.0010148298047715797,15137
hnp,random,9,152,0.0617283950617284,96.10000000000002,1,0.01,20,0.2,100,0.0008024382792063988,15237
hnp,random,9,153,0.06134969325153374,96.10000000000002,1,0.01,20,0.2,100,0.00227498105406994,15337
hnp,random,9,154,0.06097560975609757,98.30000000000001,0,0.0,17,0.17,100,0.0010025007657532114,15437
hnp,random,9,155,0.06060606060606061,98.8,0,0.0,12,0.12,100,0.0004898342653177678,15537
hnp,random,9,156,0.06024096385542168,94.60000000000001,2,0.02,15,0.15,100,0.0005958175603882409,15637
hnp,random,9,157,0.059880239520958084,95.90000000000002,1,0.01,22,0.22,100,0.0003769787975761574,15737
hnp,random,9,158,0.05952380952380952,97.80000000000004,0,0.0,22,0.22,100,0.0003807289687392768,15837
hnp,random,9,159,0.0591715976331361,96.4,1,0.01,17,0.17,100,0.000512534128210973,15937
hnp,random,9,160,0.058823529411764705,98.10000000000002,0,0.0,19,0.19,100,0.0005477415533096064,16037
hnp,random,9,161,0.05847953216374269,94.30000000000003,2,0.02,18,0.18,100,0.0006523144847596996,16137
hnp,random,9,162,0.05813953488372093,96.30000000000001,1,0.01,18,0.18,100,0.00036589784707757644,16237
hnp,random,9,163,0.057803468208092484,98.20000000000002,0,0.0,18,0.18,100,0.00032276682919473386,16337
hnp,random,9,164,0.0574712643678161,93.70000000000002,2,0.02,24,0.24,100,0.0002935177530162036,16437
hnp,random,9,165,0.05714285714285714,98.60000000000004,0,0.0,14,0.14,100,0.0008411564941343386,16537
hnp,random,9,166,0.056818181818181816,95.00000000000001,2,0.02,12,0.12,100,0.00045224186425912193,16637
hnp,random,9,167,0.05649717514124294,98.00000000000004,0,0.0,20,0.2,100,0.00033898786517966073,16737
hnp,random,9,168,0.056179775280898875,96.6,1,0.01,15,0.15,100,0.000302591671643313,16837
hnp,random,9,169,0.0558659217877095,96.30000000000001,1,0.01,18,0.18,100,0.0003122171818904462,16937
hnp,random,9,170,0.05555555555555555,96.40000000000002,1,0.01,17,0.17,100,0.00036192094295984135,17037
hnp,random,9,171,0.055248618784530384,93.60000000000002,2,0.02,26,0.26,100,0.00034286563452042175,17137
hnp,random,9,172,0.054945054945054944,98.10000000000004,0,0.0,19,0.19,100,0.0003079573540890124,17237
hnp,random,9,173,0.0546448087431694,96.50000000000003,1,0.01,16,0.16,100,0.00036976831528590993,17337
hnp,random,9,174,0.05434782608695653,95.00000000000003,2,0.02,12,0.12,100,0.00030345398612553255,17437
hnp,random,9,175,0.05405405405405406,96.50000000000001,1,0.01,15,0.15,100,0.0003468433806847315,17537
hnp,random,9,176,0.05376344086021505,98.6,0,0.0,14,0.14,100,0.0003061587066622451,17637
hnp,random,9,177,0.053475935828877004,96.50000000000001,1,0.01,16,0.16,100,0.00027253766849753445,17737
hnp,random,9,178,0.05319148936170213,98.80000000000003,0,0.0,12,0.12,100,0.0003688857233646559,17837
hnp,random,9,179,0.052910052910052914,98.30000000000001,0,0.0,17,0.17,100,0.0008743812964530661,17937
hnp,random,9,180,0.05263157894736842,98.40000000000003,0,0.0,16,0.16,100,0.0010451290250057354,18037
hnp,random,9,181,0.05235602094240837,95.70000000000002,1,0.01,24,0.24,100,0.0006206388439750299,18137
hnp,random,9,182,0.052083333333333336,97.80000000000001,0,0.0,22,0.22,100,0.0003769377800927032,18237
hnp,random,9,183,0.05181347150259067,97.90000000000003,0,0.0,21,0.21,100,0.0005433567783620674,18337
hnp,random,9,184,0.051546391752577324,96.50000000000004,1,0.01,16,0.16,100,0.00043378330941777675,18437
hnp,random,9,185,0.05128205128205128,94.30000000000001,2,0.02,19,0.19,100,0.0005359118482738268,18537
hnp,random,9,186,0.0510204081632653,96.60000000000001,1,0.01,15,0.15,100,0.000840317098191008,18637
hnp,random,9,187,0.050761421319796954,96.60000000000002,1,0.01,15,0.15,100,0.00038398423683247526,18737
hnp,random,9,188,0.050505050505050504,97.90000000000003,0,0.0,21,0.21,100,0.0003770534256182145,18837
hnp,random,9,189,0.05025125628140704,94.50000000000004,2,0.02,17,0.17,100,0.0005470386335218791,18937
hnp,random,9,190,0.05,94.4,2,0.02,18,0.18,100,0.000597587736992864,19037
hnp,random,9,191,0.04975124378109452,92.50000000000001,3,0.03,17,0.17,100,0.00033658805150480473,19137
hnp,random,9,192,0.04950495049504951,96.70000000000002,1,0.01,13,0.13,100,0.0003370404896850232,19237
hnp,random,9,193,0.04926108374384236,96.20000000000002,1,0.01,19,0.19,100,0.0002712998547940515,19337
hnp,random,9,194,0.04901960784313726,98.30000000000003,0,0.0,17,0.17,100,0.0002593297772546066,19437
hnp,random,9,195,0.04878048780487805,98.80000000000004,0,0.0,12,0.12,100,0.00036470922248554416,19537
hnp,random,9,196,0.04854368932038835,98.40000000000003,0,0.0,16,0.16,100,0.0003052996579208411,19637
hnp,random,9,197,0.04830917874396135,98.9,0,0.0,11,0.11,100,0.0002646414863556856,19737
hnp,random,9,198,0.04807692307692307,92.69999999999999,3,0.03,16,0.16,100,0.00025806382735027,19837
hnp,random,9,199,0.04784688995215311,98.70000000000003,0,0.0,13,0.13,100,0.00026330583408707754,19937
hnp,random,10,0,1.0,66.09999999999994,13,0.13,90,0.9,100,0.07628310785150609,37
hnp,random,10,1,0.9090909090909091,74.9,9,0.09,79,0.79,100,0.00816207323456183,137
hnp,random,10,2,0.8333333333333334,72.59999999999997,10,0.1,82,0.82,100,0.004110455437330529,237
hnp,random,10,3,0.7692307692307692,70.19999999999996,11,0.11,87,0.87,100,0.002114457230782136,337
hnp,random,10,4,0.7142857142857143,76.60000000000001,8,0.08,82,0.82,100,0.0015637120354222134,437
hnp,random,10,5,0.6666666666666666,84.60000000000005,4,0.04,78,0.78,100,0.001596536014112644,537
hnp,random,10,6,0.625,71.09999999999997,11,0.11,77,0.77,100,0.0012275080801919102,637
hnp,random,10,7,0.5882352941176471,81.30000000000004,6,0.06,73,0.73,100,0.0011616624821908772,737
hnp,random,10,8,0.5555555555555556,80.20000000000003,6,0.06,83,0.83,100,0.0011831226997310296,837
hnp,random,10,9,0.5263157894736842,86.90000000000005,3,0.03,74,0.74,100,0.0012486113188788295,937
hnp,random,10,10,0.5,78.19999999999999,8,0.08,64,0.64,100,0.0010900982058956287,1037
hnp,random,10,11,0.47619047619047616,77.90000000000003,8,0.08,69,0.69,100,0.0022549770714249463,1137
hnp,random,10,12,0.45454545454545453,83.50000000000003,5,0.05,69,0.69,100,0.0015710661635966973,1237
hnp,random,10,13,0.4347826086956522,80.19999999999999,7,0.07,65,0.65,100,0.001161267479765229,1337
hnp,random,10,14,0.4166666666666667,82.60000000000005,6,0.06,60,0.6,100,0.0011766854790039361,1437
hnp,random,10,15,0.4,81.70000000000006,7,0.07,48,0.48,100,0.001071512422640808,1537
hnp,random,10,16,0.3846153846153846,85.10000000000002,5,0.05,54,0.54,100,0.0009735428483691066,1637
hnp,random,10,17,0.37037037037037035,84.7,5,0.05,57,0.57,100,0.0010176998094539157,1737
hnp,random,10,18,0.35714285714285715,93.70000000000005,1,0.01,44,0.44,100,0.001244233274483122,1837
hnp,random,10,19,0.3448275862068966,93.30000000000004,1,0.01,47,0.47,100,0.0009504465942154638,1937
hnp,random,10,20,0.3333333333333333,84.10000000000002,6,0.06,43,0.43,100,0.0007903588080080226,2037
hnp,random,10,21,0.3225806451612903,91.30000000000004,2,0.02,49,0.49,100,0.000796533547108993,2137
hnp,random,10,22,0.3125,87.90000000000006,4,0.04,45,0.45,100,0.000771533775550779,2237
hnp,random,10,23,0.30303030303030304,83.60000000000005,6,0.06,50,0.5,100,0.0008514920200104826,2337
hnp,random,10,24,0.29411764705882354,89.90000000000006,3,0.03,44,0.44,100,0.0007197949383407832,2437
hnp,random,10,25,0.2857142857142857,89.20000000000005,4,0.04,31,0.31,100,0.0006891389700467699,2537
hnp,random,10,26,0.2777777777777778,94.30000000000004,1,0.01,37,0.37,100,0.0008014177076984197,2637
hnp,random,10,27,0.27027027027027023,90.70000000000002,3,0.03,36,0.36,100,0.0006737806994351559,2737
hnp,random,10,28,0.2631578947368421,88.50000000000001,4,0.04,39,0.39,100,0.0006677515295450576,2837
hnp,random,10,29,0.25641025641025644,92.20000000000003,2,0.02,40,0.4,100,0.0008849766035564243,2937
hnp,random,10,30,0.25,92.90000000000006,2,0.02,33,0.33,100,0.0007657047710381449,3037
hnp,random,10,31,0.24390243902439027,93.40000000000002,2,0.02,27,0.27,100,0.0007709709423943423,3137
hnp,random,10,32,0.23809523809523808,90.30000000000004,3,0.03,40,0.4,100,0.0009279538172995671,3237
hnp,random,10,33,0.23255813953488372,94.70000000000003,1,0.01,34,0.34,100,0.0007819423280307091,3337
hnp,random,10,34,0.22727272727272727,92.50000000000004,2,0.02,37,0.37,100,0.0007245014770887792,3437
hnp,random,10,35,0.2222222222222222,90.70000000000006,3,0.03,35,0.35,100,0.001430811588652432,3537
hnp,random,10,36,0.2173913043478261,90.30000000000005,3,0.03,40,0.4,100,0.001870404705987312,3637
hnp,random,10,37,0.2127659574468085,94.40000000000006,1,0.01,37,0.37,100,0.0011117867572465912,3737
hnp,random,10,38,0.20833333333333334,91.30000000000001,3,0.03,30,0.3,100,0.0008243035132181831,3837
hnp,random,10,39,0.2040816326530612,97.60000000000001,0,0.0,24,0.24,100,0.0006507774765486828,3937
hnp,random,10,40,0.2,89.60000000000001,4,0.04,28,0.28,100,0.0006826365378219634,4037
hnp,random,10,41,0.19607843137254904,85.10000000000005,6,0.06,34,0.34,100,0.0007236216272576712,4137
hnp,random,10,42,0.1923076923076923,92.9,2,0.02,33,0.33,100,0.0009744557511294261,4237
hnp,random,10,43,0.18867924528301888,93.6,2,0.02,26,0.26,100,0.0011225574763375334,4337
hnp,random,10,44,0.18518518518518517,92.40000000000005,2,0.02,38,0.38,100,0.001061378901649732,4437
hnp,random,10,45,0.18181818181818182,93.30000000000003,2,0.02,28,0.28,100,0.000698050391220022,4537
hnp,random,10,46,0.17857142857142858,89.80000000000001,4,0.04,26,0.26,100,0.0006117726536467671,4637
hnp,random,10,47,0.17543859649122806,94.90000000000003,1,0.01,32,0.32,100,0.0005519747169455513,4737
hnp,random,10,48,0.1724137931034483,96.50000000000003,0,0.0,35,0.35,100,0.0006306208821479231,4837
hnp,random,10,49,0.1694915254237288,95.40000000000003,1,0.01,27,0.27,100,0.0007079442727263085,4937
hnp,random,10,50,0.16666666666666666,93.80000000000001,2,0.02,23,0.23,100,0.0006333753804210573,5037
hnp,random,10,51,0.1639344262295082,97.70000000000002,0,0.0,23,0.23,100,0.0007509363972349093,5137
hnp,random,10,52,0.16129032258064516,94.90000000000003,1,0.01,31,0.31,100,0.0021878713846672326,5237
hnp,random,10,53,0.15873015873015872,87.70000000000006,5,0.05,28,0.28,100,0.0013720669443137011,5337
hnp,random,10,54,0.15625,89.00000000000003,4,0.04,34,0.34,100,0.0010007388834492304,5437
hnp,random,10,55,0.15384615384615385,91.80000000000004,3,0.03,25,0.25,100,0.0007482678303495049,5537
hnp,random,10,56,0.15151515151515152,94.0,2,0.02,21,0.21,100,0.0006059256533626468,5637
hnp,random,10,57,0.14925373134328357,91.90000000000003,3,0.03,24,0.24,100,0.0007713933769264258,5737
hnp,random,10,58,0.14705882352941177,94.90000000000002,1,0.01,32,0.32,100,0.0006251857180905062,5837
hnp,random,10,59,0.14492753623188406,90.40000000000002,4,0.04,20,0.2,100,0.0005615219313767738,5937
hnp,random,10,60,0.14285714285714285,93.40000000000003,2,0.02,28,0.28,100,0.0005199535822612234,6037
hnp,random,10,61,0.14084507042253522,89.30000000000004,4,0.04,31,0.31,100,0.0005040850566001609,6137
hnp,random,10,62,0.1388888888888889,96.20000000000002,1,0.01,19,0.19,100,0.0005376273204456084,6237
hnp,random,10,63,0.136986301369863,96.00000000000003,1,0.01,21,0.21,100,0.0005405390041414649,6337
hnp,random,10,64,0.13513513513513511,97.90000000000003,0,0.0,21,0.21,100,0.0004730174905853346,6437
hnp,random,10,65,0.13333333333333333,98.19999999999999,0,0.0,18,0.18,100,0.00048397621983895076,6537
hnp,random,10,66,0.13157894736842105,93.00000000000003,2,0.02,32,0.32,100,0.0007209706693538465,6637
hnp,random,10,67,0.12987012987012986,98.0,0,0.0,20,0.2,100,0.00047500584289082324,6737
hnp,random,10,68,0.12820512820512822,96.10000000000002,1,0.01,20,0.2,100,0.0005856571058393456,6837
hnp,random,10,69,0.12658227848101264,95.70000000000002,1,0.01,24,0.24,100,0.0009765963378595187,6937
hnp,random,10,70,0.125,95.60000000000002,1,0.01,25,0.25,100,0.0007150144776096567,7037
hnp,random,10,71,0.1234567901234568,95.60000000000005,1,0.01,25,0.25,100,0.0006304969979100861,7137
hnp,random,10,72,0.12195121951219513,93.80000000000001,2,0.02,23,0.23,100,0.0010657420012285,7237
hnp,random,10,73,0.12048192771084336,95.30000000000001,1,0.01,28,0.28,100,0.001340590070176404,7337
hnp,random,10,74,0.11904761904761904,90.4,4,0.04,19,0.19,100,0.0005599993604118936,7437
hnp,random,10,75,0.11764705882352941,98.30000000000003,0,0.0,17,0.17,100,0.000516373518621549,7537
hnp,random,10,76,0.11627906976744186,93.10000000000005,2,0.02,31,0.31,100,0.0006365021034434904,7637
hnp,random,10,77,0.1149425287356322,90.10000000000002,4,0.04,21,0.21,100,0.00042887605595751663,7737
hnp,random,10,78,0.11363636363636363,94.60000000000002,2,0.02,16,0.16,100,0.0004572724440367892,7837
hnp,random,10,79,0.11235955056179775,93.80000000000004,2,0.02,24,0.24,100,0.0005439642176497727,7937
hnp,random,10,80,0.1111111111111111,93.90000000000002,2,0.02,22,0.22,100,0.00046963294051238335,8037
hnp,random,10,81,0.10989010989010989,93.70000000000003,2,0.02,25,0.25,100,0.0005083172187732998,8137
hnp,random,10,82,0.10869565217391305,93.40000000000003,2,0.02,28,0.28,100,0.00044932712451554833,8237
hnp,random,10,83,0.1075268817204301,95.40000000000008,1,0.01,26,0.26,100,0.0009831769736774732,8337
hnp,random,10,84,0.10638297872340426,95.90000000000002,1,0.01,22,0.22,100,0.0007701969423214905,8437
hnp,random,10,85,0.10526315789473684,92.20000000000003,3,0.03,20,0.2,100,0.0005383055498532485,8537
hnp,random,10,86,0.10416666666666667,95.90000000000003,1,0.01,22,0.22,100,0.0008361811416398268,8637
hnp,random,10,87,0.10309278350515465,95.60000000000004,1,0.01,25,0.25,100,0.0005109357350738719,8737
hnp,random,10,88,0.1020408163265306,95.6,1,0.01,25,0.25,100,0.0005532252063858323,8837
hnp,random,10,89,0.10101010101010101,94.10000000000001,2,0.02,19,0.19,100,0.0004353132992400788,8937
hnp,random,10,90,0.1,94.10000000000002,2,0.02,21,0.21,100,0.0005384458716434892,9037
hnp,random,10,91,0.09900990099009901,98.8,0,0.0,12,0.12,100,0.0004749038572481368,9137
hnp,random,10,92,0.09803921568627452,96.20000000000005,1,0.01,19,0.19,100,0.00035991454831673763,9237
hnp,random,10,93,0.0970873786407767,98.50000000000003,0,0.0,15,0.15,100,0.00039444777081371285,9337
hnp,random,10,94,0.09615384615384615,98.30000000000003,0,0.0,17,0.17,100,0.0004445056071563158,9437
hnp,random,10,95,0.09523809523809523,96.70000000000002,1,0.01,14,0.14,100,0.00047966009326046334,9537
hnp,random,10,96,0.09433962264150944,98.60000000000002,0,0.0,14,0.14,100,0.0006088846450438723,9637
hnp,random,10,97,0.09345794392523366,96.20000000000002,1,0.01,19,0.19,100,0.0004806226200889796,9737
hnp,random,10,98,0.09259259259259259,94.10000000000002,2,0.02,21,0.21,100,0.0003921490884386003,9837
hnp,random,10,99,0.09174311926605504,94.2,2,0.02,20,0.2,100,0.00038877377402968705,9937
hnp,random,10,100,0.09090909090909091,98.5,0,0.0,15,0.15,100,0.0003643276568618603,10037
hnp,random,10,101,0.0900900900900901,95.90000000000002,1,0.01,22,0.22,100,0.0005013707440230064,10137
hnp,random,10,102,0.08928571428571429,95.70000000000003,1,0.01,24,0.24,100,0.001276262366445735,10237
hnp,random,10,103,0.08849557522123894,90.80000000000003,3,0.03,34,0.34,100,0.0015494092347216792,10337
hnp,random,10,104,0.08771929824561403,97.90000000000003,0,0.0,21,0.21,100,0.0006169564605806954,10437
hnp,random,10,105,0.08695652173913043,96.00000000000003,1,0.01,21,0.21,100,0.0009571616839093622,10537
hnp,random,10,106,0.08620689655172414,91.60000000000005,3,0.03,27,0.27,100,0.00047113270877161993,10637
hnp,random,10,107,0.08547008547008547,98.10000000000001,0,0.0,19,0.19,100,0.0003872594849963207,10737
hnp,random,10,108,0.0847457627118644,98.19999999999999,0,0.0,18,0.18,100,0.00030773614591453227,10837
hnp,random,10,109,0.08403361344537814,98.30000000000001,0,0.0,17,0.17,100,0.00036247234689653853,10937
hnp,random,10,110,0.08333333333333333,96.40000000000003,1,0.01,17,0.17,100,0.00033452490286435934,11037
hnp,random,10,111,0.08264462809917356,94.80000000000001,2,0.02,13,0.13,100,0.00038060541104641745,11137
hnp,random,10,112,0.0819672131147541,95.9,1,0.01,21,0.21,100,0.0005917288770433515,11237
hnp,random,10,113,0.08130081300813008,96.19999999999999,1,0.01,19,0.19,100,0.0007399250366142951,11337
hnp,random,10,114,0.08064516129032258,92.20000000000002,3,0.03,20,0.2,100,0.001128475840378087,11437
hnp,random,10,115,0.08,98.80000000000001,0,0.0,12,0.12,100,0.0003546917904168367,11537
hnp,random,10,116,0.07936507936507936,98.30000000000004,0,0.0,17,0.17,100,0.00031104426743695513,11637
hnp,random,10,117,0.07874015748031496,94.40000000000003,2,0.02,18,0.18,100,0.0003475983359385282,11737
hnp,random,10,118,0.078125,96.20000000000002,1,0.01,19,0.19,100,0.00034623170024133287,11837
hnp,random,10,119,0.07751937984496124,99.3,0,0.0,7,0.07,100,0.0002832082883105613,11937
hnp,random,10,120,0.07692307692307693,94.20000000000002,2,0.02,20,0.2,100,0.0003005772340111434,12037
hnp,random,10,121,0.07633587786259542,98.40000000000003,0,0.0,16,0.16,100,0.00032125468089361676,12137
hnp,random,10,122,0.07575757575757576,98.00000000000001,0,0.0,20,0.2,100,0.00030844157314277256,12237
hnp,random,10,123,0.07518796992481203,92.9,3,0.03,14,0.14,100,0.0003808877058327198,12337
hnp,random,10,124,0.07462686567164178,98.30000000000004,0,0.0,17,0.17,100,0.0003978292489773594,12437
hnp,random,10,125,0.07407407407407407,98.20000000000002,0,0.0,18,0.18,100,0.00038105495361378416,12537
hnp,random,10,126,0.07352941176470588,96.30000000000004,1,0.01,18,0.18,100,0.000653831156087108,12637
hnp,random,10,127,0.07299270072992702,94.80000000000003,2,0.02,14,0.14,100,0.0006807175643916707,12737
hnp,random,10,128,0.07246376811594203,93.50000000000004,2,0.02,27,0.27,100,0.0005432201361691113,12837
hnp,random,10,129,0.07194244604316546,96.60000000000001,1,0.01,15,0.15,100,0.0006915619800565764,12937
hnp,random,10,130,0.07142857142857142,96.60000000000002,1,0.01,15,0.15,100,0.0005575801998202223,13037
hnp,random,10,131,0.07092198581560284,97.90000000000002,0,0.0,21,0.21,100,0.0004464236773492303,13137
hnp,random,10,132,0.07042253521126761,94.00000000000003,2,0.02,22,0.22,100,0.00037000381882535294,13237
hnp,random,10,133,0.06993006993006992,97.50000000000003,0,0.0,25,0.25,100,0.0003054270190477837,13337
hnp,random,10,134,0.06944444444444445,98.00000000000003,0,0.0,20,0.2,100,0.0002855163964704843,13437
hnp,random,10,135,0.06896551724137931,95.50000000000003,1,0.01,26,0.26,100,0.0005692222611105535,13537
hnp,random,10,136,0.0684931506849315,96.20000000000005,1,0.01,19,0.19,100,0.0007001139465137385,13637
hnp,random,10,137,0.06802721088435375,98.70000000000003,0,0.0,13,0.13,100,0.0008764821356453467,13737
hnp,random,10,138,0.06756756756756756,94.70000000000002,2,0.02,15,0.15,100,0.0004509503180452157,13837
hnp,random,10,139,0.06711409395973154,96.50000000000001,1,0.01,16,0.16,100,0.0005706702910538297,13937
hnp,random,10,140,0.06666666666666667,93.70000000000003,2,0.02,24,0.24,100,0.000472945056098979,14037
hnp,random,10,141,0.06622516556291391,97.90000000000003,0,0.0,21,0.21,100,0.0004063756021787412,14137
hnp,random,10,142,0.06578947368421052,96.30000000000001,1,0.01,18,0.18,100,0.00040140931218047627,14237
hnp,random,10,143,0.06535947712418301,96.40000000000002,1,0.01,17,0.17,100,0.00034310332106542775,14337
hnp,random,10,144,0.06493506493506493,94.50000000000003,2,0.02,17,0.17,100,0.0003041931614279747,14437
hnp,random,10,145,0.06451612903225806,96.4,1,0.01,16,0.16,100,0.0003641948025324382,14537
hnp,random,10,146,0.06410256410256411,98.40000000000005,0,0.0,16,0.16,100,0.0007368390822375659,14637
hnp,random,10,147,0.06369426751592357,96.40000000000003,1,0.01,17,0.17,100,0.00042939299702993595,14737
hnp,random,10,148,0.06329113924050632,96.60000000000001,1,0.01,15,0.15,100,0.0004294226097408682,14837
hnp,random,10,149,0.06289308176100629,95.60000000000002,1,0.01,25,0.25,100,0.0007218224147800356,14937
hnp,random,10,150,0.0625,94.00000000000003,2,0.02,21,0.21,100,0.0005083844168257201,15037
hnp,random,10,151,0.06211180124223602,97.30000000000005,0,0.0,27,0.27,100,0.0015697976929368452,15137
hnp,random,10,152,0.0617283950617284,98.60000000000001,0,0.0,14,0.14,100,0.0004543158394517377,15237
hnp,random,10,153,0.06134969325153374,97.90000000000003,0,0.0,21,0.21,100,0.00035780907106527595,15337
hnp,random,10,154,0.06097560975609757,96.80000000000003,1,0.01,13,0.13,100,0.0003525102788989898,15437
hnp,random,10,155,0.06060606060606061,96.70000000000002,1,0.01,14,0.14,100,0.0003138678550749319,15537
hnp,random,10,156,0.06024096385542168,97.50000000000003,0,0.0,25,0.25,100,0.0009495048887038138,15637
hnp,random,10,157,0.059880239520958084,96.70000000000002,1,0.01,14,0.14,100,0.0003992280102102086,15737
hnp,random,10,158,0.05952380952380952,96.50000000000001,1,0.01,16,0.16,100,0.0004003107281459961,15837
hnp,random,10,159,0.0591715976331361,96.8,1,0.01,12,0.12,100,0.00043782689739600754,15937
hnp,random,10,160,0.058823529411764705,95.50000000000003,1,0.01,25,0.25,100,0.0018649090884719044,16037
hnp,random,10,161,0.05847953216374269,98.80000000000001,0,0.0,12,0.12,100,0.0011028508708113805,16137
hnp,random,10,162,0.05813953488372093,96.20000000000003,1,0.01,18,0.18,100,0.00043264604013529604,16237
hnp,random,10,163,0.057803468208092484,94.20000000000002,2,0.02,20,0.2,100,0.001333269209426362,16337
hnp,random,10,164,0.0574712643678161,95.40000000000002,1,0.01,27,0.27,100,0.0010607679978420492,16437
hnp,random,10,165,0.05714285714285714,98.20000000000002,0,0.0,18,0.18,100,0.0005192097631515935,16537
hnp,random,10,166,0.056818181818181816,97.9,0,0.0,21,0.21,100,0.0003856365478713997,16637
hnp,random,10,167,0.05649717514124294,96.2,1,0.01,19,0.19,100,0.00030559984559658915,16737
hnp,random,10,168,0.056179775280898875,98.60000000000001,0,0.0,14,0.14,100,0.000328324661240913,16837
hnp,random,10,169,0.0558659217877095,96.10000000000001,1,0.01,20,0.2,100,0.0010936559706169646,16937
hnp,random,10,170,0.05555555555555555,98.4,0,0.0,16,0.16,100,0.0011064054252346977,17037
hnp,random,10,171,0.055248618784530384,98.30000000000004,0,0.0,17,0.17,100,0.00040063715525320734,17137
hnp,random,10,172,0.054945054945054944,98.10000000000001,0,0.0,19,0.19,100,0.00029408961534500123,17237
hnp,random,10,173,0.0546448087431694,93.70000000000002,2,0.02,25,0.25,100,0.0002529686417983612,17337
hnp,random,10,174,0.05434782608695653,94.10000000000002,2,0.02,20,0.2,100,0.0002556811984686647,17437
hnp,random,10,175,0.05405405405405406,98.50000000000003,0,0.0,15,0.15,100,0.0003803309871000238,17537
hnp,random,10,176,0.05376344086021505,96.10000000000002,1,0.01,20,0.2,100,0.0005765615467680618,17637
hnp,random,10,177,0.053475935828877004,96.4,1,0.01,17,0.17,100,0.0006461753096664324,17737
hnp,random,10,178,0.05319148936170213,98.20000000000002,0,0.0,18,0.18,100,0.00040866590818041006,17837
hnp,random,10,179,0.052910052910052914,97.10000000000001,0,0.0,29,0.29,100,0.0006166519389080349,17937
hnp,random,10,180,0.05263157894736842,95.9,1,0.01,21,0.21,100,0.0003784382507001283,18037
hnp,random,10,181,0.05235602094240837,98.40000000000003,0,0.0,16,0.16,100,0.0007612243498442695,18137
hnp,random,10,182,0.052083333333333336,98.20000000000002,0,0.0,18,0.18,100,0.000895627205609344,18237
hnp,random,10,183,0.05181347150259067,94.10000000000004,2,0.02,21,0.21,100,0.000537049264239613,18337
hnp,random,10,184,0.051546391752577324,96.4,1,0.01,17,0.17,100,0.0004200029300409369,18437
hnp,random,10,185,0.05128205128205128,96.1,1,0.01,20,0.2,100,0.0010188846338132862,18537
hnp,random,10,186,0.0510204081632653,95.5,2,0.02,7,0.07,100,0.0004527039914682973,18637
hnp,random,10,187,0.050761421319796954,95.80000000000003,1,0.01,23,0.23,100,0.0010394425003323704,18737
hnp,random,10,188,0.050505050505050504,98.60000000000002,0,0.0,14,0.14,100,0.0004601450969494181,18837
hnp,random,10,189,0.05025125628140704,97.90000000000002,0,0.0,21,0.21,100,0.000367470326309558,18937
hnp,random,10,190,0.05,98.00000000000003,0,0.0,20,0.2,100,0.000319694510762929,19037
hnp,random,10,191,0.04975124378109452,98.70000000000003,0,0.0,13,0.13,100,0.00029318684581085107,19137
hnp,random,10,192,0.04950495049504951,98.10000000000002,0,0.0,19,0.19,100,0.0003285647358279675,19237
hnp,random,10,193,0.04926108374384236,94.40000000000003,2,0.02,18,0.18,100,0.0002934566974727204,19337
hnp,random,10,194,0.04901960784313726,96.40000000000002,1,0.01,17,0.17,100,0.0002366342902678298,19437
hnp,random,10,195,0.04878048780487805,96.80000000000001,1,0.01,13,0.13,100,0.00025108683941652997,19537
hnp,random,10,196,0.04854368932038835,98.20000000000003,0,0.0,18,0.18,100,0.0002527019153785659,19637
hnp,random,10,197,0.04830917874396135,96.60000000000002,1,0.01,15,0.15,100,0.00023742878482153174,19737
hnp,random,10,198,0.04807692307692307,97.80000000000001,0,0.0,22,0.22,100,0.00021455621281347704,19837
hnp,random,10,199,0.04784688995215311,99.10000000000002,0,0.0,9,0.09,100,0.00025919199470081367,19937
