model,jammer_mode,train_seed,episode,epsilon,return,collisions,collision_rate,switches,switch_rate,steps,mean_td_mse,updates
no_layernorm,sweeping,1,0,1.0,78.30000000000001,7,0.07,82,0.82,100,0.08949327632482793,37
no_layernorm,sweeping,1,1,0.9090909090909091,68.89999999999996,12,0.12,80,0.8,100,0.022805529367178678,137
no_layernorm,sweeping,1,2,0.8333333333333334,70.19999999999997,11,0.11,85,0.85,100,0.020915810326114295,237
no_layernorm,sweeping,1,3,0.7692307692307692,72.49999999999999,10,0.1,85,0.85,100,0.01543647457845509,337
no_layernorm,sweeping,1,4,0.7142857142857143,70.59999999999998,11,0.11,85,0.85,100,0.01301068521104753,437
no_layernorm,sweeping,1,5,0.6666666666666666,82.4,5,0.05,79,0.79,100,0.013327235481701791,537
no_layernorm,sweeping,1,6,0.625,76.80000000000001,8,0.08,79,0.79,100,0.009626827253960073,637
no_layernorm,sweeping,1,7,0.5882352941176471,75.1,9,0.09,77,0.77,100,0.014764694478362799,737
no_layernorm,sweeping,1,8,0.5555555555555556,75.00000000000001,9,0.09,78,0.78,100,0.014615485486574471,837
no_layernorm,sweeping,1,9,0.5263157894736842,80.70000000000003,6,0.06,77,0.77,100,0.015230096979066729,937
no_layernorm,sweeping,1,10,0.5,77.20000000000002,8,0.08,76,0.76,100,0.014632288478314876,1037
no_layernorm,sweeping,1,11,0.47619047619047616,69.39999999999998,12,0.12,77,0.77,100,0.01138278585858643,1137
no_layernorm,sweeping,1,12,0.45454545454545453,81.10000000000004,6,0.06,74,0.74,100,0.010833763191476465,1237
no_layernorm,sweeping,1,13,0.4347826086956522,74.09999999999998,10,0.1,68,0.68,100,0.010110214739106595,1337
no_layernorm,sweeping,1,14,0.4166666666666667,89.30000000000008,2,0.02,69,0.69,100,0.013137671304866672,1437
no_layernorm,sweeping,1,15,0.4,84.10000000000005,5,0.05,64,0.64,100,0.01565762745216489,1537
no_layernorm,sweeping,1,16,0.3846153846153846,87.20000000000006,3,0.03,70,0.7,100,0.014478480592370033,1637
no_layernorm,sweeping,1,17,0.37037037037037035,84.40000000000002,5,0.05,61,0.61,100,0.019628740013577044,1737
no_layernorm,sweeping,1,18,0.35714285714285715,86.80000000000004,3,0.03,75,0.75,100,0.01726565195247531,1837
no_layernorm,sweeping,1,19,0.3448275862068966,90.90000000000009,1,0.01,72,0.72,100,0.01531046763062477,1937
no_layernorm,sweeping,1,20,0.3333333333333333,93.8000000000001,0,0.0,62,0.62,100,0.028687484888359906,2037
no_layernorm,sweeping,1,21,0.3225806451612903,79.70000000000002,7,0.07,69,0.69,100,0.02952027555089444,2137
no_layernorm,sweeping,1,22,0.3125,83.80000000000003,5,0.05,66,0.66,100,0.019650699188932776,2237
no_layernorm,sweeping,1,23,0.30303030303030304,74.89999999999998,10,0.1,61,0.61,100,0.01698659934103489,2337
no_layernorm,sweeping,1,24,0.29411764705882354,88.10000000000007,3,0.03,62,0.62,100,0.016438404521904884,2437
no_layernorm,sweeping,1,25,0.2857142857142857,90.20000000000009,2,0.02,60,0.6,100,0.01446788523113355,2537
no_layernorm,sweeping,1,26,0.2777777777777778,81.20000000000002,7,0.07,54,0.54,100,0.01956570706795901,2637
no_layernorm,sweeping,1,27,0.27027027027027023,84.50000000000004,5,0.05,60,0.6,100,0.018824734850786628,2737
no_layernorm,sweeping,1,28,0.2631578947368421,90.70000000000002,2,0.02,54,0.54,100,0.020995263434015213,2837
no_layernorm,sweeping,1,29,0.25641025641025644,94.10000000000008,0,0.0,59,0.59,100,0.022883232538588344,2937
no_layernorm,sweeping,1,30,0.25,78.90000000000003,8,0.08,59,0.59,100,0.020263827070593834,3037
no_layernorm,sweeping,1,31,0.24390243902439027,92.70000000000007,1,0.01,54,0.54,100,0.0160464384034276,3137
no_layernorm,sweeping,1,32,0.23809523809523808,88.10000000000007,3,0.03,61,0.61,100,0.02574677165132016,3237
no_layernorm,sweeping,1,33,0.23255813953488372,84.90000000000003,5,0.05,56,0.56,100,0.02418408910278231,3337
no_layernorm,sweeping,1,34,0.22727272727272727,92.40000000000003,1,0.01,57,0.57,100,0.023802879555150865,3437
no_layernorm,sweeping,1,35,0.2222222222222222,84.90000000000003,5,0.05,55,0.55,100,0.019502898938953878,3537
no_layernorm,sweeping,1,36,0.2173913043478261,85.00000000000003,5,0.05,54,0.54,100,0.019151031323708594,3637
no_layernorm,sweeping,1,37,0.2127659574468085,87.00000000000003,4,0.04,53,0.53,100,0.026710439720191062,3737
no_layernorm,sweeping,1,38,0.20833333333333334,88.80000000000005,3,0.03,55,0.55,100,0.026771087497472763,3837
no_layernorm,sweeping,1,39,0.2040816326530612,88.30000000000004,3,0.03,59,0.59,100,0.018620981122367083,3937
no_layernorm,sweeping,1,40,0.2,91.10000000000005,2,0.02,51,0.51,100,0.025612976201809943,4037
no_layernorm,sweeping,1,41,0.19607843137254904,91.00000000000006,2,0.02,52,0.52,100,0.021757655371911825,4137
no_layernorm,sweeping,1,42,0.1923076923076923,91.00000000000007,2,0.02,52,0.52,100,0.020819373442791403,4237
no_layernorm,sweeping,1,43,0.18867924528301888,90.90000000000003,2,0.02,53,0.53,100,0.0268268514983356,4337
no_layernorm,sweeping,1,44,0.18518518518518517,93.20000000000007,1,0.01,49,0.49,100,0.020961209274828432,4437
no_layernorm,sweeping,1,45,0.18181818181818182,92.00000000000006,1,0.01,61,0.61,100,0.019600598444230854,4537
no_layernorm,sweeping,1,46,0.17857142857142858,86.90000000000006,4,0.04,55,0.55,100,0.027081835572607814,4637
no_layernorm,sweeping,1,47,0.17543859649122806,86.30000000000003,4,0.04,61,0.61,100,0.038287129052914676,4737
no_layernorm,sweeping,1,48,0.1724137931034483,92.80000000000004,1,0.01,53,0.53,100,0.022366961259394885,4837
no_layernorm,sweeping,1,49,0.1694915254237288,84.90000000000005,5,0.05,56,0.56,100,0.02090169702656567,4937
no_layernorm,sweeping,1,50,0.16666666666666666,92.50000000000006,1,0.01,56,0.56,100,0.038348009744659066,5037
no_layernorm,sweeping,1,51,0.1639344262295082,87.60000000000002,4,0.04,48,0.48,100,0.02061618787702173,5137
no_layernorm,sweeping,1,52,0.16129032258064516,82.30000000000004,6,0.06,63,0.63,100,0.02368352041579783,5237
no_layernorm,sweeping,1,53,0.15873015873015872,90.90000000000005,2,0.02,53,0.53,100,0.03547260462772101,5337
no_layernorm,sweeping,1,54,0.15625,87.30000000000003,4,0.04,50,0.5,100,0.024341417774558068,5437
no_layernorm,sweeping,1,55,0.15384615384615385,94.70000000000003,1,0.01,34,0.34,100,0.025172205963172017,5537
no_layernorm,sweeping,1,56,0.15151515151515152,84.80000000000003,5,0.05,55,0.55,100,0.016499464330263437,5637
no_layernorm,sweeping,1,57,0.14925373134328357,92.00000000000006,2,0.02,42,0.42,100,0.01973649418912828,5737
no_layernorm,sweeping,1,58,0.14705882352941177,93.0000000000001,1,0.01,51,0.51,100,0.02530479998793453,5837
no_layernorm,sweeping,1,59,0.14492753623188406,94.50000000000006,0,0.0,55,0.55,100,0.02205140526406467,5937
no_layernorm,sweeping,1,60,0.14285714285714285,91.10000000000005,2,0.02,51,0.51,100,0.025418438808992506,6037
no_layernorm,sweeping,1,61,0.14084507042253522,90.50000000000003,2,0.02,57,0.57,100,0.02871483774855733,6137
no_layernorm,sweeping,1,62,0.1388888888888889,92.80000000000007,1,0.01,53,0.53,100,0.02294880507979542,6237
no_layernorm,sweeping,1,63,0.136986301369863,83.19999999999999,6,0.06,53,0.53,100,0.02754952570889145,6337
no_layernorm,sweeping,1,64,0.13513513513513511,94.70000000000005,0,0.0,53,0.53,100,0.025351164406165482,6437
no_layernorm,sweeping,1,65,0.13333333333333333,93.70000000000005,1,0.01,44,0.44,100,0.017213773685507475,6537
no_layernorm,sweeping,1,66,0.13157894736842105,95.20000000000007,0,0.0,48,0.48,100,0.01638771964702755,6637
no_layernorm,sweeping,1,67,0.12987012987012986,86.90000000000003,4,0.04,55,0.55,100,0.02349308429751545,6737
no_layernorm,sweeping,1,68,0.12820512820512822,87.30000000000005,4,0.04,51,0.51,100,0.022095044078305363,6837
no_layernorm,sweeping,1,69,0.12658227848101264,93.9,1,0.01,42,0.42,100,0.029912498015910387,6937
no_layernorm,sweeping,1,70,0.125,87.70000000000005,4,0.04,45,0.45,100,0.029338117144070565,7037
no_layernorm,sweeping,1,71,0.1234567901234568,89.70000000000005,3,0.03,46,0.46,100,0.023306217822246254,7137
no_layernorm,sweeping,1,72,0.12195121951219513,93.00000000000007,1,0.01,51,0.51,100,0.02707524493802339,7237
no_layernorm,sweeping,1,73,0.12048192771084336,93.30000000000003,1,0.01,48,0.48,100,0.021178763061761856,7337
no_layernorm,sweeping,1,74,0.11904761904761904,89.90000000000008,3,0.03,44,0.44,100,0.02863200595136732,7437
no_layernorm,sweeping,1,75,0.11764705882352941,96.50000000000003,0,0.0,35,0.35,100,0.020750106116756796,7537
no_layernorm,sweeping,1,76,0.11627906976744186,93.90000000000003,1,0.01,42,0.42,100,0.03269455800764263,7637
no_layernorm,sweeping,1,77,0.1149425287356322,90.30000000000003,3,0.03,39,0.39,100,0.029487292268313467,7737
no_layernorm,sweeping,1,78,0.11363636363636363,95.70000000000006,0,0.0,43,0.43,100,0.02257711977697909,7837
no_layernorm,sweeping,1,79,0.11235955056179775,91.40000000000006,2,0.02,48,0.48,100,0.02386389685794711,7937
no_layernorm,sweeping,1,80,0.1111111111111111,89.90000000000003,3,0.03,44,0.44,100,0.025834139911457898,8037
no_layernorm,sweeping,1,81,0.10989010989010989,92.40000000000003,2,0.02,37,0.37,100,0.026276731756515802,8137
no_layernorm,sweeping,1,82,0.10869565217391305,95.80000000000005,0,0.0,42,0.42,100,0.022504714895039798,8237
no_layernorm,sweeping,1,83,0.1075268817204301,93.60000000000007,1,0.01,44,0.44,100,0.028469143523834645,8337
no_layernorm,sweeping,1,84,0.10638297872340426,95.20000000000006,0,0.0,48,0.48,100,0.030066881738603116,8437
no_layernorm,sweeping,1,85,0.10526315789473684,95.60000000000005,0,0.0,44,0.44,100,0.017115263608284293,8537
no_layernorm,sweeping,1,86,0.10416666666666667,93.70000000000007,1,0.01,44,0.44,100,0.027574196672067047,8637
no_layernorm,sweeping,1,87,0.10309278350515465,91.70000000000003,2,0.02,45,0.45,100,0.024743574312888084,8737
no_layernorm,sweeping,1,88,0.1020408163265306,93.30000000000004,1,0.01,48,0.48,100,0.026244366439059377,8837
no_layernorm,sweeping,1,89,0.10101010101010101,86.80000000000001,4,0.04,55,0.55,100,0.03149105952121317,8937
no_layernorm,sweeping,1,90,0.1,91.80000000000001,2,0.02,44,0.44,100,0.029855981157161295,9037
no_layernorm,sweeping,1,91,0.09900990099009901,96.20000000000007,0,0.0,38,0.38,100,0.02011634572641924,9137
no_layernorm,sweeping,1,92,0.09803921568627452,95.40000000000006,0,0.0,46,0.46,100,0.01961413062410429,9237
no_layernorm,sweeping,1,93,0.0970873786407767,89.80000000000004,3,0.03,45,0.45,100,0.023814264577813448,9337
no_layernorm,sweeping,1,94,0.09615384615384615,92.90000000000006,1,0.01,52,0.52,100,0.030938481660559774,9437
no_layernorm,sweeping,1,95,0.09523809523809523,92.50000000000003,2,0.02,37,0.37,100,0.020707209461834283,9537
no_layernorm,sweeping,1,96,0.09433962264150944,95.80000000000007,0,0.0,42,0.42,100,0.01831690541934222,9637
no_layernorm,sweeping,1,97,0.09345794392523366,96.70000000000003,0,0.0,33,0.33,100,0.019703206368722023,9737
no_layernorm,sweeping,1,98,0.09259259259259259,96.20000000000005,0,0.0,38,0.38,100,0.0222943087015301,9837
no_layernorm,sweeping,1,99,0.09174311926605504,94.10000000000002,1,0.01,40,0.4,100,0.025234658243134617,9937
no_layernorm,sweeping,1,100,0.09090909090909091,91.90000000000003,2,0.02,43,0.43,100,0.019528101412579418,10037
no_layernorm,sweeping,1,101,0.0900900900900901,94.50000000000004,1,0.01,36,0.36,100,0.023673229711130263,10137
no_layernorm,sweeping,1,102,0.08928571428571429,94.00000000000003,1,0.01,41,0.41,100,0.023831868031993508,10237
no_layernorm,sweeping,1,103,0.08849557522123894,94.20000000000005,1,0.01,39,0.39,100,0.019958018669858576,10337
no_layernorm,sweeping,1,104,0.08771929824561403,94.60000000000002,1,0.01,34,0.34,100,0.02100151216145605,10437
no_layernorm,sweeping,1,105,0.08695652173913043,94.10000000000005,1,0.01,40,0.4,100,0.025460498677566647,10537
no_layernorm,sweeping,1,106,0.08620689655172414,95.30000000000005,0,0.0,47,0.47,100,0.018808861633297057,10637
no_layernorm,sweeping,1,107,0.08547008547008547,96.40000000000006,0,0.0,36,0.36,100,0.015321270036511124,10737
no_layernorm,sweeping,1,108,0.0847457627118644,96.10000000000005,0,0.0,39,0.39,100,0.017914893236011267,10837
no_layernorm,sweeping,1,109,0.08403361344537814,94.70000000000003,1,0.01,34,0.34,100,0.01574013588251546,10937
no_layernorm,sweeping,1,110,0.08333333333333333,92.50000000000003,2,0.02,37,0.37,100,0.019361407924443484,11037
no_layernorm,sweeping,1,111,0.08264462809917356,92.00000000000003,2,0.02,42,0.42,100,0.018485084120184184,11137
no_layernorm,sweeping,1,112,0.0819672131147541,95.20000000000007,0,0.0,48,0.48,100,0.019184972178190946,11237
no_layernorm,sweeping,1,113,0.08130081300813008,96.10000000000002,0,0.0,39,0.39,100,0.019671054347418247,11337
no_layernorm,sweeping,1,114,0.08064516129032258,90.20000000000005,3,0.03,41,0.41,100,0.021112734694033863,11437
no_layernorm,sweeping,1,115,0.08,94.50000000000004,1,0.01,36,0.36,100,0.022193336831405758,11537
no_layernorm,sweeping,1,116,0.07936507936507936,93.70000000000007,1,0.01,44,0.44,100,0.02221267328597605,11637
no_layernorm,sweeping,1,117,0.07874015748031496,96.80000000000004,0,0.0,32,0.32,100,0.028678924455307425,11737
no_layernorm,sweeping,1,118,0.078125,93.90000000000005,1,0.01,42,0.42,100,0.017076709801331164,11837
no_layernorm,sweeping,1,119,0.07751937984496124,92.30000000000007,2,0.02,39,0.39,100,0.025859562060795725,11937
no_layernorm,sweeping,1,120,0.07692307692307693,96.60000000000008,0,0.0,34,0.34,100,0.018553357110358774,12037
no_layernorm,sweeping,1,121,0.07633587786259542,94.40000000000003,1,0.01,36,0.36,100,0.030223473389633,12137
no_layernorm,sweeping,1,122,0.07575757575757576,94.40000000000003,1,0.01,36,0.36,100,0.01795685326680541,12237
no_layernorm,sweeping,1,123,0.07518796992481203,94.20000000000005,1,0.01,39,0.39,100,0.018124872497282923,12337
no_layernorm,sweeping,1,124,0.07462686567164178,95.00000000000006,1,0.01,30,0.3,100,0.01644642392639071,12437
no_layernorm,sweeping,1,125,0.07407407407407407,96.70000000000005,0,0.0,33,0.33,100,0.02261087590828538,12537
no_layernorm,sweeping,1,126,0.07352941176470588,93.60000000000004,1,0.01,45,0.45,100,0.022844051842112092,12637
no_layernorm,sweeping,1,127,0.07299270072992702,96.20000000000005,0,0.0,38,0.38,100,0.01701745094265789,12737
no_layernorm,sweeping,1,128,0.07246376811594203,96.30000000000005,0,0.0,37,0.37,100,0.029458011612296105,12837
no_layernorm,sweeping,1,129,0.07194244604316546,96.00000000000004,0,0.0,40,0.4,100,0.02271291780285537,12937
no_layernorm,sweeping,1,130,0.07142857142857142,94.10000000000005,1,0.01,40,0.4,100,0.018614896545186638,13037
no_layernorm,sweeping,1,131,0.07092198581560284,89.30000000000004,3,0.03,50,0.5,100,0.01374601811170578,13137
no_layernorm,sweeping,1,132,0.07042253521126761,96.40000000000005,0,0.0,36,0.36,100,0.018442034190520644,13237
no_layernorm,sweeping,1,133,0.06993006993006992,93.50000000000007,1,0.01,46,0.46,100,0.017555309152230622,13337
no_layernorm,sweeping,1,134,0.06944444444444445,94.40000000000002,1,0.01,37,0.37,100,0.023732249261811375,13437
no_layernorm,sweeping,1,135,0.06896551724137931,95.10000000000005,1,0.01,30,0.3,100,0.013603039616718889,13537
no_layernorm,sweeping,1,136,0.0684931506849315,96.40000000000005,0,0.0,36,0.36,100,0.016962337486911564,13637
no_layernorm,sweeping,1,137,0.06802721088435375,94.30000000000003,1,0.01,38,0.38,100,0.01423480707919225,13737
no_layernorm,sweeping,1,138,0.06756756756756756,96.80000000000003,0,0.0,32,0.32,100,0.018439031792804598,13837
no_layernorm,sweeping,1,139,0.06711409395973154,94.70000000000005,1,0.01,34,0.34,100,0.01394852828932926,13937
no_layernorm,sweeping,1,140,0.06666666666666667,96.80000000000005,0,0.0,32,0.32,100,0.01952114624902606,14037
no_layernorm,sweeping,1,141,0.06622516556291391,96.90000000000003,0,0.0,31,0.31,100,0.025793847180902957,14137
no_layernorm,sweeping,1,142,0.06578947368421052,94.80000000000003,1,0.01,33,0.33,100,0.01770222413819283,14237
no_layernorm,sweeping,1,143,0.06535947712418301,91.80000000000007,2,0.02,44,0.44,100,0.01870558853726834,14337
no_layernorm,sweeping,1,144,0.06493506493506493,94.30000000000004,1,0.01,38,0.38,100,0.02158652700483799,14437
no_layernorm,sweeping,1,145,0.06451612903225806,94.10000000000005,1,0.01,40,0.4,100,0.017975770435296,14537
no_layernorm,sweeping,1,146,0.06410256410256411,94.60000000000005,1,0.01,35,0.35,100,0.020582367116585374,14637
no_layernorm,sweeping,1,147,0.06369426751592357,96.50000000000003,0,0.0,35,0.35,100,0.012622194970026613,14737
no_layernorm,sweeping,1,148,0.06329113924050632,92.10000000000005,2,0.02,41,0.41,100,0.018919221858959646,14837
no_layernorm,sweeping,1,149,0.06289308176100629,94.30000000000003,1,0.01,38,0.38,100,0.019922872888855636,14937
no_layernorm,sweeping,1,150,0.0625,96.50000000000006,0,0.0,35,0.35,100,0.01744425198296085,15037
no_layernorm,sweeping,1,151,0.06211180124223602,94.00000000000006,1,0.01,41,0.41,100,0.021099577452987434,15137
no_layernorm,sweeping,1,152,0.0617283950617284,94.00000000000004,1,0.01,41,0.41,100,0.016825291602872314,15237
no_layernorm,sweeping,1,153,0.06134969325153374,94.10000000000004,1,0.01,40,0.4,100,0.016296594731975346,15337
no_layernorm,sweeping,1,154,0.06097560975609757,94.40000000000003,1,0.01,37,0.37,100,0.01795582031365484,15437
no_layernorm,sweeping,1,155,0.06060606060606061,96.80000000000004,0,0.0,32,0.32,100,0.012300684542860835,15537
no_layernorm,sweeping,1,156,0.06024096385542168,96.20000000000003,0,0.0,38,0.38,100,0.017738783825188877,15637
no_layernorm,sweeping,1,157,0.059880239520958084,90.00000000000004,3,0.03,43,0.43,100,0.019919423973187803,15737
no_layernorm,sweeping,1,158,0.05952380952380952,94.20000000000005,1,0.01,39,0.39,100,0.015172338234260679,15837
no_layernorm,sweeping,1,159,0.0591715976331361,95.50000000000006,0,0.0,45,0.45,100,0.01584417709847912,15937
no_layernorm,sweeping,1,160,0.058823529411764705,92.30000000000004,2,0.02,39,0.39,100,0.0199360469263047,16037
no_layernorm,sweeping,1,161,0.05847953216374269,92.50000000000003,2,0.02,37,0.37,100,0.022160701300017537,16137
no_layernorm,sweeping,1,162,0.05813953488372093,90.70000000000002,3,0.03,35,0.35,100,0.020011126545723526,16237
no_layernorm,sweeping,1,163,0.057803468208092484,96.10000000000005,0,0.0,39,0.39,100,0.017280129184946418,16337
no_layernorm,sweeping,1,164,0.0574712643678161,95.00000000000003,1,0.01,31,0.31,100,0.013159779463894666,16437
no_layernorm,sweeping,1,165,0.05714285714285714,94.50000000000003,1,0.01,36,0.36,100,0.012718952326104045,16537
no_layernorm,sweeping,1,166,0.056818181818181816,96.40000000000003,0,0.0,36,0.36,100,0.013069609641097485,16637
no_layernorm,sweeping,1,167,0.05649717514124294,96.80000000000004,0,0.0,32,0.32,100,0.014668673167470843,16737
no_layernorm,sweeping,1,168,0.056179775280898875,94.70000000000002,1,0.01,34,0.34,100,0.016682871058583258,16837
no_layernorm,sweeping,1,169,0.0558659217877095,94.30000000000007,1,0.01,38,0.38,100,0.014105647234246135,16937
no_layernorm,sweeping,1,170,0.05555555555555555,94.10000000000005,1,0.01,40,0.4,100,0.019910618914291262,17037
no_layernorm,sweeping,1,171,0.055248618784530384,95.90000000000006,0,0.0,41,0.41,100,0.01495192182250321,17137
no_layernorm,sweeping,1,172,0.054945054945054944,97.10000000000002,0,0.0,29,0.29,100,0.012919076718389988,17237
no_layernorm,sweeping,1,173,0.0546448087431694,94.90000000000002,1,0.01,32,0.32,100,0.01428218967281282,17337
no_layernorm,sweeping,1,174,0.05434782608695653,94.20000000000005,1,0.01,39,0.39,100,0.01566916035488248,17437
no_layernorm,sweeping,1,175,0.05405405405405406,94.50000000000006,1,0.01,36,0.36,100,0.01129605355206877,17537
no_layernorm,sweeping,1,176,0.05376344086021505,94.80000000000004,1,0.01,33,0.33,100,0.015931549731176345,17637
no_layernorm,sweeping,1,177,0.053475935828877004,92.60000000000004,2,0.02,36,0.36,100,0.010641288151964546,17737
no_layernorm,sweeping,1,178,0.05319148936170213,94.70000000000005,1,0.01,34,0.34,100,0.020478086150251328,17837
no_layernorm,sweeping,1,179,0.052910052910052914,94.60000000000005,1,0.01,35,0.35,100,0.015681481098290533,17937
no_layernorm,sweeping,1,180,0.05263157894736842,94.50000000000003,1,0.01,36,0.36,100,0.014629121110774577,18037
no_layernorm,sweeping,1,181,0.05235602094240837,96.90000000000003,0,0.0,31,0.31,100,0.012571570614818483,18137
no_layernorm,sweeping,1,182,0.052083333333333336,94.80000000000004,1,0.01,33,0.33,100,0.011079485553782433,18237
no_layernorm,sweeping,1,183,0.05181347150259067,96.30000000000004,0,0.0,37,0.37,100,0.012989619446452707,18337
no_layernorm,sweeping,1,184,0.051546391752577324,97.20000000000005,0,0.0,28,0.28,100,0.015188374188728631,18437
no_layernorm,sweeping,1,185,0.05128205128205128,96.40000000000005,0,0.0,36,0.36,100,0.015600984890479595,18537
no_layernorm,sweeping,1,186,0.0510204081632653,96.40000000000003,0,0.0,36,0.36,100,0.01651918864576146,18637
no_layernorm,sweeping,1,187,0.050761421319796954,96.60000000000002,0,0.0,34,0.34,100,0.017049157451838257,18737
no_layernorm,sweeping,1,188,0.050505050505050504,96.70000000000003,0,0.0,33,0.33,100,0.02421088992850855,18837
no_layernorm,sweeping,1,189,0.05025125628140704,94.20000000000006,1,0.01,39,0.39,100,0.014481755320448429,18937
no_layernorm,sweeping,1,190,0.05,96.30000000000005,0,0.0,37,0.37,100,0.01381504932884127,19037
no_layernorm,sweeping,1,191,0.04975124378109452,96.70000000000003,0,0.0,33,0.33,100,0.009053555820137262,19137
no_layernorm,sweeping,1,192,0.04950495049504951,96.60000000000002,0,0.0,34,0.34,100,0.01436075773788616,19237
no_layernorm,sweeping,1,193,0.04926108374384236,92.60000000000002,2,0.02,35,0.35,100,0.011597298278938978,19337
no_layernorm,sweeping,1,194,0.04901960784313726,96.70000000000005,0,0.0,33,0.33,100,0.01372992133256048,19437
no_layernorm,sweeping,1,195,0.04878048780487805,96.70000000000003,0,0.0,33,0.33,100,0.017595083692576736,19537
no_layernorm,sweeping,1,196,0.04854368932038835,97.10000000000002,0,0.0,29,0.29,100,0.010527843134477735,19637
no_layernorm,sweeping,1,197,0.04830917874396135,94.90000000000006,1,0.01,31,0.31,100,0.01082434295443818,19737
no_layernorm,sweeping,1,198,0.04807692307692307,95.00000000000003,1,0.01,31,0.31,100,0.012057111465837806,19837
no_layernorm,sweeping,1,199,0.04784688995215311,96.90000000000003,0,0.0,31,0.31,100,0.014242381670046598,19937
no_layernorm,sweeping,2,0,1.0,75.60000000000002,8,0.08,92,0.92,100,0.09035531922268707,37
no_layernorm,sweeping,2,1,0.9090909090909091,70.09999999999995,11,0.11,88,0.88,100,0.0279967096215114,137
no_layernorm,sweeping,2,2,0.8333333333333334,64.49999999999993,14,0.14,86,0.86,100,0.02436707311309874,237
no_layernorm,sweeping,2,3,0.7692307692307692,75.70000000000003,8,0.08,90,0.9,100,0.014328694180585444,337
no_layernorm,sweeping,2,4,0.7142857142857143,77.60000000000002,7,0.07,90,0.9,100,0.018276622612029315,437
no_layernorm,sweeping,2,5,0.6666666666666666,76.3,8,0.08,85,0.85,100,0.014546091235242784,537
no_layernorm,sweeping,2,6,0.625,76.4,8,0.08,84,0.84,100,0.01203489993698895,637
no_layernorm,sweeping,2,7,0.5882352941176471,72.59999999999998,10,0.1,83,0.83,100,0.012822360852733255,737
no_layernorm,sweeping,2,8,0.5555555555555556,75.19999999999999,9,0.09,75,0.75,100,0.010594281847588718,837
no_layernorm,sweeping,2,9,0.5263157894736842,86.30000000000003,3,0.03,80,0.8,100,0.020149014042690396,937
no_layernorm,sweeping,2,10,0.5,80.80000000000004,6,0.06,78,0.78,100,0.013068526880815626,1037
no_layernorm,sweeping,2,11,0.47619047619047616,77.2,8,0.08,76,0.76,100,0.015313684535212814,1137
no_layernorm,sweeping,2,12,0.45454545454545453,82.80000000000004,5,0.05,76,0.76,100,0.015427164155989886,1237
no_layernorm,sweeping,2,13,0.4347826086956522,84.30000000000004,4,0.04,79,0.79,100,0.019243583399802446,1337
no_layernorm,sweeping,2,14,0.4166666666666667,83.10000000000002,5,0.05,74,0.74,100,0.01537650903686881,1437
no_layernorm,sweeping,2,15,0.4,87.80000000000004,3,0.03,64,0.64,100,0.012784612234681844,1537
no_layernorm,sweeping,2,16,0.3846153846153846,79.4,7,0.07,70,0.7,100,0.011567652034573257,1637
no_layernorm,sweeping,2,17,0.37037037037037035,89.80000000000007,2,0.02,64,0.64,100,0.015576604511588812,1737
no_layernorm,sweeping,2,18,0.35714285714285715,81.10000000000002,6,0.06,73,0.73,100,0.023818314489908517,1837
no_layernorm,sweeping,2,19,0.3448275862068966,78.1,8,0.08,66,0.66,100,0.023508486170321703,1937
no_layernorm,sweeping,2,20,0.3333333333333333,85.50000000000006,4,0.04,69,0.69,100,0.01735333853866905,2037
no_layernorm,sweeping,2,21,0.3225806451612903,87.90000000000003,3,0.03,64,0.64,100,0.018940794593654574,2137
no_layernorm,sweeping,2,22,0.3125,86.40000000000008,4,0.04,59,0.59,100,0.019426465760916473,2237
no_layernorm,sweeping,2,23,0.30303030303030304,88.20000000000003,3,0.03,61,0.61,100,0.017832521889358757,2337
no_layernorm,sweeping,2,24,0.29411764705882354,91.60000000000002,1,0.01,65,0.65,100,0.02355348248500377,2437
no_layernorm,sweeping,2,25,0.2857142857142857,87.60000000000002,3,0.03,67,0.67,100,0.02710367367602885,2537
no_layernorm,sweeping,2,26,0.2777777777777778,89.9000000000001,2,0.02,63,0.63,100,0.01830083331093192,2637
no_layernorm,sweeping,2,27,0.27027027027027023,78.20000000000003,8,0.08,66,0.66,100,0.021151243364438414,2737
no_layernorm,sweeping,2,28,0.2631578947368421,93.20000000000006,1,0.01,49,0.49,100,0.021346448543481528,2837
no_layernorm,sweeping,2,29,0.25641025641025644,87.90000000000003,3,0.03,64,0.64,100,0.018491012742742896,2937
no_layernorm,sweeping,2,30,0.25,86.40000000000005,4,0.04,59,0.59,100,0.02479623300489038,3037
no_layernorm,sweeping,2,31,0.24390243902439027,84.50000000000003,5,0.05,59,0.59,100,0.021770628308877348,3137
no_layernorm,sweeping,2,32,0.23809523809523808,86.00000000000006,4,0.04,63,0.63,100,0.017949468321166933,3237
no_layernorm,sweeping,2,33,0.23255813953488372,91.30000000000004,2,0.02,49,0.49,100,0.022576887751929463,3337
no_layernorm,sweeping,2,34,0.22727272727272727,88.90000000000005,3,0.03,54,0.54,100,0.027366053820587696,3437
no_layernorm,sweeping,2,35,0.2222222222222222,82.30000000000004,6,0.06,61,0.61,100,0.02012438562233001,3537
no_layernorm,sweeping,2,36,0.2173913043478261,87.20000000000007,3,0.03,71,0.71,100,0.02416527657303959,3637
no_layernorm,sweeping,2,37,0.2127659574468085,92.10000000000011,1,0.01,60,0.6,100,0.027825123970396815,3737
no_layernorm,sweeping,2,38,0.20833333333333334,84.30000000000001,5,0.05,62,0.62,100,0.024058007239364087,3837
no_layernorm,sweeping,2,39,0.2040816326530612,93.00000000000003,1,0.01,50,0.5,100,0.023983219349756838,3937
no_layernorm,sweeping,2,40,0.2,93.00000000000007,1,0.01,51,0.51,100,0.027795066507533193,4037
no_layernorm,sweeping,2,41,0.19607843137254904,90.70000000000003,2,0.02,55,0.55,100,0.024954782212153078,4137
no_layernorm,sweeping,2,42,0.1923076923076923,89.10000000000005,3,0.03,51,0.51,100,0.020290625118650495,4237
no_layernorm,sweeping,2,43,0.18867924528301888,89.30000000000005,3,0.03,49,0.49,100,0.024693030510097743,4337
no_layernorm,sweeping,2,44,0.18518518518518517,92.20000000000007,1,0.01,59,0.59,100,0.023174294726923107,4437
no_layernorm,sweeping,2,45,0.18181818181818182,90.60000000000002,2,0.02,56,0.56,100,0.020570149188861252,4537
no_layernorm,sweeping,2,46,0.17857142857142858,86.00000000000003,4,0.04,64,0.64,100,0.022169030653312802,4637
no_layernorm,sweeping,2,47,0.17543859649122806,92.30000000000004,1,0.01,58,0.58,100,0.026524772178381683,4737
no_layernorm,sweeping,2,48,0.1724137931034483,89.20000000000007,3,0.03,51,0.51,100,0.022336643771268427,4837
no_layernorm,sweeping,2,49,0.1694915254237288,90.40000000000006,2,0.02,57,0.57,100,0.02048786390107125,4937
no_layernorm,sweeping,2,50,0.16666666666666666,90.20000000000007,2,0.02,59,0.59,100,0.025790839456021786,5037
no_layernorm,sweeping,2,51,0.1639344262295082,95.20000000000003,0,0.0,48,0.48,100,0.02573322513140738,5137
no_layernorm,sweeping,2,52,0.16129032258064516,88.90000000000005,3,0.03,54,0.54,100,0.023447649152949453,5237
no_layernorm,sweeping,2,53,0.15873015873015872,92.30000000000004,1,0.01,58,0.58,100,0.027532689119689167,5337
no_layernorm,sweeping,2,54,0.15625,91.50000000000003,2,0.02,46,0.46,100,0.024315501069650053,5437
no_layernorm,sweeping,2,55,0.15384615384615385,91.00000000000001,2,0.02,52,0.52,100,0.025457336022518574,5537
no_layernorm,sweeping,2,56,0.15151515151515152,92.70000000000006,1,0.01,54,0.54,100,0.025530116488225757,5637
no_layernorm,sweeping,2,57,0.14925373134328357,92.70000000000006,1,0.01,54,0.54,100,0.03697733512148261,5737
no_layernorm,sweeping,2,58,0.14705882352941177,94.30000000000007,0,0.0,57,0.57,100,0.03169588503427803,5837
no_layernorm,sweeping,2,59,0.14492753623188406,87.60000000000002,4,0.04,48,0.48,100,0.021542309653013944,5937
no_layernorm,sweeping,2,60,0.14285714285714285,90.60000000000005,2,0.02,56,0.56,100,0.0334608905762434,6037
no_layernorm,sweeping,2,61,0.14084507042253522,93.10000000000005,1,0.01,50,0.5,100,0.01917252817656845,6137
no_layernorm,sweeping,2,62,0.1388888888888889,95.50000000000009,0,0.0,45,0.45,100,0.029606068450957538,6237
no_layernorm,sweeping,2,63,0.136986301369863,89.40000000000002,3,0.03,48,0.48,100,0.02505716069135815,6337
no_layernorm,sweeping,2,64,0.13513513513513511,92.60000000000008,1,0.01,55,0.55,100,0.03483591374009848,6437
no_layernorm,sweeping,2,65,0.13333333333333333,93.50000000000003,1,0.01,46,0.46,100,0.021574069834314286,6537
no_layernorm,sweeping,2,66,0.13157894736842105,89.50000000000006,3,0.03,48,0.48,100,0.03373083848506212,6637
no_layernorm,sweeping,2,67,0.12987012987012986,91.50000000000004,2,0.02,47,0.47,100,0.024600709304213524,6737
no_layernorm,sweeping,2,68,0.12820512820512822,93.10000000000007,1,0.01,50,0.5,100,0.02590750343631953,6837
no_layernorm,sweeping,2,69,0.12658227848101264,94.10000000000007,1,0.01,40,0.4,100,0.05488615254871547,6937
no_layernorm,sweeping,2,70,0.125,94.30000000000005,0,0.0,57,0.57,100,0.02490229777060449,7037
no_layernorm,sweeping,2,71,0.1234567901234568,92.10000000000005,2,0.02,40,0.4,100,0.02358100163284689,7137
no_layernorm,sweeping,2,72,0.12195121951219513,96.10000000000005,0,0.0,39,0.39,100,0.022800884223543108,7237
no_layernorm,sweeping,2,73,0.12048192771084336,83.60000000000002,6,0.06,49,0.49,100,0.022403161912225186,7337
no_layernorm,sweeping,2,74,0.11904761904761904,93.20000000000005,1,0.01,49,0.49,100,0.026285829264670612,7437
no_layernorm,sweeping,2,75,0.11764705882352941,93.80000000000007,1,0.01,43,0.43,100,0.03837306126020849,7537
no_layernorm,sweeping,2,76,0.11627906976744186,91.50000000000004,2,0.02,47,0.47,100,0.03882109892554581,7637
no_layernorm,sweeping,2,77,0.1149425287356322,96.0000000000001,0,0.0,40,0.4,100,0.029423319939523934,7737
no_layernorm,sweeping,2,78,0.11363636363636363,88.90000000000003,3,0.03,53,0.53,100,0.02325517109595239,7837
no_layernorm,sweeping,2,79,0.11235955056179775,93.50000000000007,1,0.01,46,0.46,100,0.020641499469056725,7937
no_layernorm,sweeping,2,80,0.1111111111111111,91.60000000000007,2,0.02,46,0.46,100,0.036578503348864616,8037
no_layernorm,sweeping,2,81,0.10989010989010989,89.20000000000006,3,0.03,51,0.51,100,0.024450334711000322,8137
no_layernorm,sweeping,2,82,0.10869565217391305,92.00000000000006,2,0.02,42,0.42,100,0.022579190200194717,8237
no_layernorm,sweeping,2,83,0.1075268817204301,90.30000000000007,2,0.02,59,0.59,100,0.020949133494868873,8337
no_layernorm,sweeping,2,84,0.10638297872340426,89.60000000000002,3,0.03,47,0.47,100,0.03114484278019518,8437
no_layernorm,sweeping,2,85,0.10526315789473684,90.80000000000004,2,0.02,54,0.54,100,0.025213165688328446,8537
no_layernorm,sweeping,2,86,0.10416666666666667,89.20000000000005,3,0.03,51,0.51,100,0.03934044573456049,8637
no_layernorm,sweeping,2,87,0.10309278350515465,95.80000000000004,0,0.0,42,0.42,100,0.023159981677308678,8737
no_layernorm,sweeping,2,88,0.1020408163265306,86.80000000000007,4,0.04,54,0.54,100,0.02168703319504857,8837
no_layernorm,sweeping,2,89,0.10101010101010101,93.40000000000003,1,0.01,47,0.47,100,0.028731120778247715,8937
no_layernorm,sweeping,2,90,0.1,91.80000000000004,2,0.02,43,0.43,100,0.02285479142330587,9037
no_layernorm,sweeping,2,91,0.09900990099009901,96.00000000000006,0,0.0,40,0.4,100,0.023449414586648346,9137
no_layernorm,sweeping,2,92,0.09803921568627452,93.70000000000003,1,0.01,43,0.43,100,0.02685548520181328,9237
no_layernorm,sweeping,2,93,0.0970873786407767,95.70000000000005,0,0.0,43,0.43,100,0.02516518786083907,9337
no_layernorm,sweeping,2,94,0.09615384615384615,94.50000000000003,1,0.01,36,0.36,100,0.029307344458065928,9437
no_layernorm,sweeping,2,95,0.09523809523809523,95.10000000000004,0,0.0,49,0.49,100,0.05462104642763734,9537
no_layernorm,sweeping,2,96,0.09433962264150944,93.30000000000008,1,0.01,48,0.48,100,0.034513182253576816,9637
no_layernorm,sweeping,2,97,0.09345794392523366,95.90000000000005,0,0.0,41,0.41,100,0.024913552738726138,9737
no_layernorm,sweeping,2,98,0.09259259259259259,87.30000000000003,4,0.04,51,0.51,100,0.023216968118213117,9837
no_layernorm,sweeping,2,99,0.09174311926605504,89.20000000000003,3,0.03,50,0.5,100,0.022873513433150947,9937
no_layernorm,sweeping,2,100,0.09090909090909091,93.00000000000006,1,0.01,51,0.51,100,0.02311801495961845,10037
no_layernorm,sweeping,2,101,0.0900900900900901,95.50000000000006,0,0.0,45,0.45,100,0.02487093354109675,10137
no_layernorm,sweeping,2,102,0.08928571428571429,91.20000000000005,2,0.02,50,0.5,100,0.023146267109550537,10237
no_layernorm,sweeping,2,103,0.08849557522123894,93.80000000000007,1,0.01,43,0.43,100,0.019983988609164952,10337
no_layernorm,sweeping,2,104,0.08771929824561403,95.10000000000007,0,0.0,49,0.49,100,0.03816497425548732,10437
no_layernorm,sweeping,2,105,0.08695652173913043,95.80000000000005,0,0.0,42,0.42,100,0.022169722067192196,10537
no_layernorm,sweeping,2,106,0.08620689655172414,91.80000000000004,2,0.02,43,0.43,100,0.018645867886953056,10637
no_layernorm,sweeping,2,107,0.08547008547008547,94.50000000000003,1,0.01,36,0.36,100,0.02192147748079151,10737
no_layernorm,sweeping,2,108,0.0847457627118644,95.70000000000002,0,0.0,43,0.43,100,0.019283707211725412,10837
no_layernorm,sweeping,2,109,0.08403361344537814,95.80000000000004,0,0.0,42,0.42,100,0.0209169616852887,10937
no_layernorm,sweeping,2,110,0.08333333333333333,96.00000000000006,0,0.0,40,0.4,100,0.021834469349123538,11037
no_layernorm,sweeping,2,111,0.08264462809917356,95.20000000000007,0,0.0,48,0.48,100,0.022493000582326204,11137
no_layernorm,sweeping,2,112,0.0819672131147541,94.10000000000005,1,0.01,39,0.39,100,0.023645517583936453,11237
no_layernorm,sweeping,2,113,0.08130081300813008,96.60000000000005,0,0.0,34,0.34,100,0.02250721914228052,11337
no_layernorm,sweeping,2,114,0.08064516129032258,95.20000000000007,0,0.0,48,0.48,100,0.024179692319594322,11437
no_layernorm,sweeping,2,115,0.08,94.20000000000005,1,0.01,39,0.39,100,0.024865128062665463,11537
no_layernorm,sweeping,2,116,0.07936507936507936,93.80000000000004,1,0.01,43,0.43,100,0.021396791134029626,11637
no_layernorm,sweeping,2,117,0.07874015748031496,94.10000000000004,1,0.01,40,0.4,100,0.01839504505041987,11737
no_layernorm,sweeping,2,118,0.078125,96.60000000000005,0,0.0,34,0.34,100,0.022304625953547656,11837
no_layernorm,sweeping,2,119,0.07751937984496124,93.80000000000004,1,0.01,43,0.43,100,0.017321500303223727,11937
no_layernorm,sweeping,2,120,0.07692307692307693,94.00000000000006,1,0.01,41,0.41,100,0.02308296998497099,12037
no_layernorm,sweeping,2,121,0.07633587786259542,93.60000000000004,1,0.01,45,0.45,100,0.03084433240815997,12137
no_layernorm,sweeping,2,122,0.07575757575757576,88.90000000000006,3,0.03,54,0.54,100,0.021382615454494953,12237
no_layernorm,sweeping,2,123,0.07518796992481203,93.90000000000005,1,0.01,42,0.42,100,0.014320710126776248,12337
no_layernorm,sweeping,2,124,0.07462686567164178,94.80000000000008,0,0.0,52,0.52,100,0.021748361350037156,12437
no_layernorm,sweeping,2,125,0.07407407407407407,94.30000000000004,1,0.01,38,0.38,100,0.0202095743175596,12537
no_layernorm,sweeping,2,126,0.07352941176470588,92.00000000000006,2,0.02,42,0.42,100,0.02257454676553607,12637
no_layernorm,sweeping,2,127,0.07299270072992702,96.00000000000004,0,0.0,40,0.4,100,0.027404952896758913,12737
no_layernorm,sweeping,2,128,0.07246376811594203,94.10000000000004,1,0.01,40,0.4,100,0.019087442746385932,12837
no_layernorm,sweeping,2,129,0.07194244604316546,94.60000000000005,1,0.01,35,0.35,100,0.016022485052235424,12937
no_layernorm,sweeping,2,130,0.07142857142857142,94.20000000000005,1,0.01,39,0.39,100,0.017568240286782385,13037
no_layernorm,sweeping,2,131,0.07092198581560284,92.60000000000005,2,0.02,36,0.36,100,0.019218488154001533,13137
no_layernorm,sweeping,2,132,0.07042253521126761,89.90000000000008,3,0.03,44,0.44,100,0.022987554953433572,13237
no_layernorm,sweeping,2,133,0.06993006993006992,92.50000000000004,2,0.02,35,0.35,100,0.019509724490344525,13337
no_layernorm,sweeping,2,134,0.06944444444444445,95.90000000000003,0,0.0,41,0.41,100,0.016801454690285027,13437
no_layernorm,sweeping,2,135,0.06896551724137931,96.90000000000003,0,0.0,31,0.31,100,0.020842143176123498,13537
no_layernorm,sweeping,2,136,0.0684931506849315,93.80000000000004,1,0.01,42,0.42,100,0.03042051810771227,13637
no_layernorm,sweeping,2,137,0.06802721088435375,95.70000000000005,0,0.0,43,0.43,100,0.029904849892482162,13737
no_layernorm,sweeping,2,138,0.06756756756756756,95.60000000000007,0,0.0,44,0.44,100,0.01956409974489361,13837
no_layernorm,sweeping,2,139,0.06711409395973154,94.00000000000004,1,0.01,41,0.41,100,0.024272890577558427,13937
no_layernorm,sweeping,2,140,0.06666666666666667,94.10000000000004,1,0.01,40,0.4,100,0.022227831832133234,14037
no_layernorm,sweeping,2,141,0.06622516556291391,96.20000000000005,0,0.0,38,0.38,100,0.02374206262640655,14137
no_layernorm,sweeping,2,142,0.06578947368421052,96.10000000000005,0,0.0,39,0.39,100,0.014767662568483502,14237
no_layernorm,sweeping,2,143,0.06535947712418301,92.20000000000006,2,0.02,40,0.4,100,0.017593086841516198,14337
no_layernorm,sweeping,2,144,0.06493506493506493,91.40000000000006,2,0.02,48,0.48,100,0.022063888101838527,14437
no_layernorm,sweeping,2,145,0.06451612903225806,96.90000000000006,0,0.0,31,0.31,100,0.01588989928364754,14537
no_layernorm,sweeping,2,146,0.06410256410256411,92.40000000000006,2,0.02,38,0.38,100,0.014566856801975519,14637
no_layernorm,sweeping,2,147,0.06369426751592357,94.50000000000003,1,0.01,36,0.36,100,0.01587442396208644,14737
no_layernorm,sweeping,2,148,0.06329113924050632,94.30000000000004,1,0.01,38,0.38,100,0.022833067886531354,14837
no_layernorm,sweeping,2,149,0.06289308176100629,95.10000000000002,1,0.01,29,0.29,100,0.012434077179059387,14937
no_layernorm,sweeping,2,150,0.0625,94.30000000000007,1,0.01,38,0.38,100,0.016695625437423586,15037
no_layernorm,sweeping,2,151,0.06211180124223602,94.10000000000005,1,0.01,40,0.4,100,0.015412141524720938,15137
no_layernorm,sweeping,2,152,0.0617283950617284,96.50000000000006,0,0.0,35,0.35,100,0.023528927401639522,15237
no_layernorm,sweeping,2,153,0.06134969325153374,91.80000000000005,2,0.02,44,0.44,100,0.014183911508880556,15337
no_layernorm,sweeping,2,154,0.06097560975609757,96.40000000000003,0,0.0,36,0.36,100,0.021134668192826212,15437
no_layernorm,sweeping,2,155,0.06060606060606061,96.00000000000003,0,0.0,40,0.4,100,0.02278115166351199,15537
no_layernorm,sweeping,2,156,0.06024096385542168,92.50000000000004,2,0.02,37,0.37,100,0.01508696611970663,15637
no_layernorm,sweeping,2,157,0.059880239520958084,96.50000000000004,0,0.0,35,0.35,100,0.023755059773102404,15737
no_layernorm,sweeping,2,158,0.05952380952380952,96.80000000000004,0,0.0,32,0.32,100,0.021165582607500254,15837
no_layernorm,sweeping,2,159,0.0591715976331361,96.30000000000005,0,0.0,37,0.37,100,0.020683896872214974,15937
no_layernorm,sweeping,2,160,0.058823529411764705,92.50000000000003,2,0.02,36,0.36,100,0.013695186316035689,16037
no_layernorm,sweeping,2,161,0.05847953216374269,96.50000000000003,0,0.0,35,0.35,100,0.014780506030656398,16137
no_layernorm,sweeping,2,162,0.05813953488372093,94.50000000000003,1,0.01,36,0.36,100,0.017283986776601524,16237
no_layernorm,sweeping,2,163,0.057803468208092484,94.00000000000003,1,0.01,41,0.41,100,0.01861418966203928,16337
no_layernorm,sweeping,2,164,0.0574712643678161,94.60000000000007,1,0.01,35,0.35,100,0.020910322326235475,16437
no_layernorm,sweeping,2,165,0.05714285714285714,94.90000000000003,1,0.01,32,0.32,100,0.014850742407143116,16537
no_layernorm,sweeping,2,166,0.056818181818181816,96.50000000000007,0,0.0,35,0.35,100,0.018806717458646746,16637
no_layernorm,sweeping,2,167,0.05649717514124294,95.20000000000003,1,0.01,29,0.29,100,0.013455537306144833,16737
no_layernorm,sweeping,2,168,0.056179775280898875,92.70000000000003,2,0.02,35,0.35,100,0.010885908724740148,16837
no_layernorm,sweeping,2,169,0.0558659217877095,94.90000000000003,1,0.01,32,0.32,100,0.021288500726222993,16937
no_layernorm,sweeping,2,170,0.05555555555555555,94.80000000000004,1,0.01,33,0.33,100,0.019435605264734476,17037
no_layernorm,sweeping,2,171,0.055248618784530384,96.60000000000005,0,0.0,34,0.34,100,0.0201307378616184,17137
no_layernorm,sweeping,2,172,0.054945054945054944,96.20000000000003,0,0.0,38,0.38,100,0.014237577463500201,17237
no_layernorm,sweeping,2,173,0.0546448087431694,96.30000000000005,0,0.0,37,0.37,100,0.02020272088004276,17337
no_layernorm,sweeping,2,174,0.05434782608695653,97.30000000000005,0,0.0,27,0.27,100,0.02166027410654351,17437
no_layernorm,sweeping,2,175,0.05405405405405406,96.00000000000004,0,0.0,40,0.4,100,0.016873703591991217,17537
no_layernorm,sweeping,2,176,0.05376344086021505,97.00000000000004,0,0.0,30,0.3,100,0.01811404791660607,17637
no_layernorm,sweeping,2,177,0.053475935828877004,96.60000000000005,0,0.0,34,0.34,100,0.02214047638932243,17737
no_layernorm,sweeping,2,178,0.05319148936170213,96.50000000000004,0,0.0,35,0.35,100,0.016951180654577912,17837
no_layernorm,sweeping,2,179,0.052910052910052914,96.80000000000004,0,0.0,32,0.32,100,0.01704117943998426,17937
no_layernorm,sweeping,2,180,0.05263157894736842,94.80000000000004,1,0.01,33,0.33,100,0.015341262901201844,18037
no_layernorm,sweeping,2,181,0.05235602094240837,96.50000000000001,0,0.0,35,0.35,100,0.013794976046774536,18137
no_layernorm,sweeping,2,182,0.052083333333333336,97.00000000000004,0,0.0,30,0.3,100,0.015897108453791588,18237
no_layernorm,sweeping,2,183,0.05181347150259067,92.60000000000005,2,0.02,36,0.36,100,0.016449422324076295,18337
no_layernorm,sweeping,2,184,0.051546391752577324,96.10000000000005,0,0.0,39,0.39,100,0.014521364050451666,18437
no_layernorm,sweeping,2,185,0.05128205128205128,97.00000000000004,0,0.0,30,0.3,100,0.019523083050735295,18537
no_layernorm,sweeping,2,186,0.0510204081632653,93.20000000000005,2,0.02,30,0.3,100,0.014977074754424393,18637
no_layernorm,sweeping,2,187,0.050761421319796954,97.00000000000003,0,0.0,30,0.3,100,0.01660372664919123,18737
no_layernorm,sweeping,2,188,0.050505050505050504,95.20000000000002,1,0.01,29,0.29,100,0.016148514423985034,18837
no_layernorm,sweeping,2,189,0.05025125628140704,94.60000000000007,1,0.01,34,0.34,100,0.01330723452847451,18937
no_layernorm,sweeping,2,190,0.05,92.20000000000005,2,0.02,40,0.4,100,0.013114417104516178,19037
no_layernorm,sweeping,2,191,0.04975124378109452,96.90000000000002,0,0.0,31,0.31,100,0.013625880347099155,19137
no_layernorm,sweeping,2,192,0.04950495049504951,94.20000000000003,1,0.01,39,0.39,100,0.013431555568240583,19237
no_layernorm,sweeping,2,193,0.04926108374384236,96.80000000000005,0,0.0,32,0.32,100,0.019023003703914583,19337
no_layernorm,sweeping,2,194,0.04901960784313726,91.50000000000006,2,0.02,47,0.47,100,0.017996845915913582,19437
no_layernorm,sweeping,2,195,0.04878048780487805,96.30000000000004,0,0.0,37,0.37,100,0.0140286002214998,19537
no_layernorm,sweeping,2,196,0.04854368932038835,93.30000000000004,2,0.02,29,0.29,100,0.015266362857073546,19637
no_layernorm,sweeping,2,197,0.04830917874396135,94.60000000000005,1,0.01,34,0.34,100,0.01212104738689959,19737
no_layernorm,sweeping,2,198,0.04807692307692307,96.80000000000003,0,0.0,32,0.32,100,0.009499050111044198,19837
no_layernorm,sweeping,2,199,0.04784688995215311,94.80000000000004,1,0.01,33,0.33,100,0.009477349785156549,19937
no_layernorm,sweeping,3,0,1.0,63.99999999999993,14,0.14,92,0.92,100,0.11533099800549648,37
no_layernorm,sweeping,3,1,0.9090909090909091,71.89999999999998,10,0.1,88,0.88,100,0.03187424234114587,137
no_layernorm,sweeping,3,2,0.8333333333333334,68.09999999999995,12,0.12,90,0.9,100,0.017792342137545346,237
no_layernorm,sweeping,3,3,0.7692307692307692,62.799999999999926,15,0.15,83,0.83,100,0.017838410949334502,337
no_layernorm,sweeping,3,4,0.7142857142857143,77.0,8,0.08,77,0.77,100,0.0127229875465855,437
no_layernorm,sweeping,3,5,0.6666666666666666,85.90000000000005,3,0.03,83,0.83,100,0.01155362898018211,537
no_layernorm,sweeping,3,6,0.625,70.99999999999999,11,0.11,79,0.79,100,0.013263932922855019,637
no_layernorm,sweeping,3,7,0.5882352941176471,82.70000000000005,5,0.05,78,0.78,100,0.010906934379599989,737
no_layernorm,sweeping,3,8,0.5555555555555556,82.20000000000003,5,0.05,82,0.82,100,0.01219676756300032,837
no_layernorm,sweeping,3,9,0.5263157894736842,76.8,8,0.08,79,0.79,100,0.010856273006647826,937
no_layernorm,sweeping,3,10,0.5,85.30000000000007,4,0.04,71,0.71,100,0.010529573482926935,1037
no_layernorm,sweeping,3,11,0.47619047619047616,79.3,7,0.07,73,0.73,100,0.010268586156889796,1137
no_layernorm,sweeping,3,12,0.45454545454545453,83.40000000000002,5,0.05,69,0.69,100,0.019193769097328187,1237
no_layernorm,sweeping,3,13,0.4347826086956522,76.80000000000004,8,0.08,79,0.79,100,0.020867528254166247,1337
no_layernorm,sweeping,3,14,0.4166666666666667,87.10000000000005,3,0.03,72,0.72,100,0.01237556392326951,1437
no_layernorm,sweeping,3,15,0.4,83.90000000000002,5,0.05,65,0.65,100,0.020879299980588257,1537
no_layernorm,sweeping,3,16,0.3846153846153846,79.20000000000003,7,0.07,73,0.73,100,0.017475151140242815,1637
no_layernorm,sweeping,3,17,0.37037037037037035,92.1000000000001,1,0.01,60,0.6,100,0.014668509890325367,1737
no_layernorm,sweeping,3,18,0.35714285714285715,85.50000000000006,4,0.04,69,0.69,100,0.024237487460486592,1837
no_layernorm,sweeping,3,19,0.3448275862068966,84.00000000000006,5,0.05,63,0.63,100,0.018377485563978554,1937
no_layernorm,sweeping,3,20,0.3333333333333333,84.20000000000002,5,0.05,62,0.62,100,0.016980505352839827,2037
no_layernorm,sweeping,3,21,0.3225806451612903,82.60000000000001,6,0.06,59,0.59,100,0.019103725785389544,2137
no_layernorm,sweeping,3,22,0.3125,83.60000000000002,5,0.05,68,0.68,100,0.029670042078942062,2237
no_layernorm,sweeping,3,23,0.30303030303030304,81.70000000000002,6,0.06,69,0.69,100,0.01566971362102777,2337
no_layernorm,sweeping,3,24,0.29411764705882354,90.50000000000003,2,0.02,57,0.57,100,0.016917444532737136,2437
no_layernorm,sweeping,3,25,0.2857142857142857,89.90000000000005,2,0.02,62,0.62,100,0.017223323076032103,2537
no_layernorm,sweeping,3,26,0.2777777777777778,88.00000000000003,3,0.03,62,0.62,100,0.019295135545544326,2637
no_layernorm,sweeping,3,27,0.27027027027027023,83.80000000000004,5,0.05,65,0.65,100,0.01658487204927951,2737
no_layernorm,sweeping,3,28,0.2631578947368421,80.70000000000006,7,0.07,60,0.6,100,0.018637871202081442,2837
no_layernorm,sweeping,3,29,0.25641025641025644,91.40000000000008,1,0.01,67,0.67,100,0.02971247201319784,2937
no_layernorm,sweeping,3,30,0.25,92.20000000000007,1,0.01,59,0.59,100,0.020850736531428993,3037
no_layernorm,sweeping,3,31,0.24390243902439027,86.50000000000009,4,0.04,59,0.59,100,0.02236495486460626,3137
no_layernorm,sweeping,3,32,0.23809523809523808,84.4,5,0.05,61,0.61,100,0.015130608398467303,3237
no_layernorm,sweeping,3,33,0.23255813953488372,89.30000000000003,3,0.03,50,0.5,100,0.02017295466270298,3337
no_layernorm,sweeping,3,34,0.22727272727272727,94.40000000000008,0,0.0,56,0.56,100,0.026559251300059258,3437
no_layernorm,sweeping,3,35,0.2222222222222222,92.20000000000005,1,0.01,59,0.59,100,0.018541360003873707,3537
no_layernorm,sweeping,3,36,0.2173913043478261,92.70000000000007,1,0.01,54,0.54,100,0.025184865579940378,3637
no_layernorm,sweeping,3,37,0.2127659574468085,91.00000000000003,2,0.02,52,0.52,100,0.01748247514013201,3737
no_layernorm,sweeping,3,38,0.20833333333333334,90.20000000000005,2,0.02,60,0.6,100,0.023971061101183296,3837
no_layernorm,sweeping,3,39,0.2040816326530612,89.10000000000004,3,0.03,51,0.51,100,0.02650090804323554,3937
no_layernorm,sweeping,3,40,0.2,92.50000000000007,1,0.01,56,0.56,100,0.019176610587164758,4037
no_layernorm,sweeping,3,41,0.19607843137254904,92.90000000000006,1,0.01,52,0.52,100,0.022166325505822898,4137
no_layernorm,sweeping,3,42,0.1923076923076923,88.30000000000004,3,0.03,60,0.6,100,0.025298254294320942,4237
no_layernorm,sweeping,3,43,0.18867924528301888,92.40000000000003,1,0.01,57,0.57,100,0.03093830617610365,4337
no_layernorm,sweeping,3,44,0.18518518518518517,89.10000000000005,3,0.03,52,0.52,100,0.027500852048397063,4437
no_layernorm,sweeping,3,45,0.18181818181818182,84.50000000000003,5,0.05,60,0.6,100,0.02254196968395263,4537
no_layernorm,sweeping,3,46,0.17857142857142858,84.20000000000003,5,0.05,63,0.63,100,0.027453735778108238,4637
no_layernorm,sweeping,3,47,0.17543859649122806,90.40000000000009,2,0.02,58,0.58,100,0.03029623261652887,4737
no_layernorm,sweeping,3,48,0.1724137931034483,83.10000000000005,6,0.06,55,0.55,100,0.022115432694554328,4837
no_layernorm,sweeping,3,49,0.1694915254237288,93.40000000000006,1,0.01,47,0.47,100,0.022085436056368053,4937
no_layernorm,sweeping,3,50,0.16666666666666666,92.70000000000007,1,0.01,54,0.54,100,0.022667866917327046,5037
no_layernorm,sweeping,3,51,0.1639344262295082,88.40000000000006,3,0.03,59,0.59,100,0.017295500254258512,5137
no_layernorm,sweeping,3,52,0.16129032258064516,93.90000000000006,1,0.01,42,0.42,100,0.023931180038489402,5237
no_layernorm,sweeping,3,53,0.15873015873015872,95.40000000000005,0,0.0,46,0.46,100,0.025497586568817496,5337
no_layernorm,sweeping,3,54,0.15625,94.40000000000006,0,0.0,56,0.56,100,0.021891178889200093,5437
no_layernorm,sweeping,3,55,0.15384615384615385,91.30000000000004,2,0.02,49,0.49,100,0.026012174068018794,5537
no_layernorm,sweeping,3,56,0.15151515151515152,81.20000000000003,7,0.07,54,0.54,100,0.02376667335163802,5637
no_layernorm,sweeping,3,57,0.14925373134328357,94.00000000000003,1,0.01,41,0.41,100,0.025352273751050234,5737
no_layernorm,sweeping,3,58,0.14705882352941177,96.30000000000008,0,0.0,37,0.37,100,0.023468625866807997,5837
no_layernorm,sweeping,3,59,0.14492753623188406,91.30000000000004,2,0.02,49,0.49,100,0.025678814467974008,5937
no_layernorm,sweeping,3,60,0.14285714285714285,96.20000000000006,0,0.0,38,0.38,100,0.01893008604645729,6037
no_layernorm,sweeping,3,61,0.14084507042253522,92.90000000000006,1,0.01,52,0.52,100,0.018622390893287957,6137
no_layernorm,sweeping,3,62,0.1388888888888889,89.80000000000005,3,0.03,45,0.45,100,0.023355103339999916,6237
no_layernorm,sweeping,3,63,0.136986301369863,91.90000000000005,2,0.02,43,0.43,100,0.022845810540020467,6337
no_layernorm,sweeping,3,64,0.13513513513513511,89.20000000000003,3,0.03,51,0.51,100,0.024725284674204887,6437
no_layernorm,sweeping,3,65,0.13333333333333333,89.00000000000009,3,0.03,53,0.53,100,0.02758979525882751,6537
no_layernorm,sweeping,3,66,0.13157894736842105,89.50000000000007,3,0.03,48,0.48,100,0.02539383653085679,6637
no_layernorm,sweeping,3,67,0.12987012987012986,89.80000000000007,3,0.03,44,0.44,100,0.020981867560185493,6737
no_layernorm,sweeping,3,68,0.12820512820512822,91.10000000000002,2,0.02,50,0.5,100,0.028008655458688737,6837
no_layernorm,sweeping,3,69,0.12658227848101264,94.60000000000005,0,0.0,54,0.54,100,0.027184831025078893,6937
no_layernorm,sweeping,3,70,0.125,93.30000000000003,1,0.01,48,0.48,100,0.031341194184497,7037
no_layernorm,sweeping,3,71,0.1234567901234568,95.70000000000006,0,0.0,43,0.43,100,0.02383575598243624,7137
no_layernorm,sweeping,3,72,0.12195121951219513,95.60000000000007,0,0.0,44,0.44,100,0.02239784874022007,7237
no_layernorm,sweeping,3,73,0.12048192771084336,93.40000000000005,1,0.01,47,0.47,100,0.023916516760364173,7337
no_layernorm,sweeping,3,74,0.11904761904761904,95.50000000000006,0,0.0,45,0.45,100,0.021081207117531447,7437
no_layernorm,sweeping,3,75,0.11764705882352941,96.10000000000007,0,0.0,39,0.39,100,0.02763805616647005,7537
no_layernorm,sweeping,3,76,0.11627906976744186,96.10000000000005,0,0.0,39,0.39,100,0.024985724692232907,7637
no_layernorm,sweeping,3,77,0.1149425287356322,87.60000000000007,4,0.04,48,0.48,100,0.03306379666551948,7737
no_layernorm,sweeping,3,78,0.11363636363636363,92.30000000000003,2,0.02,39,0.39,100,0.019453002782538534,7837
no_layernorm,sweeping,3,79,0.11235955056179775,94.70000000000007,0,0.0,53,0.53,100,0.03072625118307769,7937
no_layernorm,sweeping,3,80,0.1111111111111111,92.50000000000009,1,0.01,56,0.56,100,0.019439758681692183,8037
no_layernorm,sweeping,3,81,0.10989010989010989,91.90000000000003,2,0.02,43,0.43,100,0.023903368348255752,8137
no_layernorm,sweeping,3,82,0.10869565217391305,89.70000000000002,3,0.03,45,0.45,100,0.025288446634076537,8237
no_layernorm,sweeping,3,83,0.1075268817204301,91.20000000000009,2,0.02,50,0.5,100,0.02995546457823366,8337
no_layernorm,sweeping,3,84,0.10638297872340426,91.20000000000007,2,0.02,50,0.5,100,0.03187998767476529,8437
no_layernorm,sweeping,3,85,0.10526315789473684,90.10000000000002,3,0.03,42,0.42,100,0.02014975535683334,8537
no_layernorm,sweeping,3,86,0.10416666666666667,95.10000000000005,0,0.0,49,0.49,100,0.03401844460517168,8637
no_layernorm,sweeping,3,87,0.10309278350515465,94.80000000000004,0,0.0,52,0.52,100,0.029622494294308126,8737
no_layernorm,sweeping,3,88,0.1020408163265306,95.20000000000009,0,0.0,48,0.48,100,0.032171784802339974,8837
no_layernorm,sweeping,3,89,0.10101010101010101,89.70000000000005,3,0.03,46,0.46,100,0.01818458835594356,8937
no_layernorm,sweeping,3,90,0.1,94.20000000000005,1,0.01,39,0.39,100,0.02263347591739148,9037
no_layernorm,sweeping,3,91,0.09900990099009901,89.90000000000005,3,0.03,44,0.44,100,0.02199205377837643,9137
no_layernorm,sweeping,3,92,0.09803921568627452,91.30000000000004,2,0.02,49,0.49,100,0.02316301964223385,9237
no_layernorm,sweeping,3,93,0.0970873786407767,93.0000000000001,1,0.01,51,0.51,100,0.04600290077272803,9337
no_layernorm,sweeping,3,94,0.09615384615384615,92.00000000000004,2,0.02,42,0.42,100,0.02818734955508262,9437
no_layernorm,sweeping,3,95,0.09523809523809523,92.40000000000005,2,0.02,38,0.38,100,0.021971823165658863,9537
no_layernorm,sweeping,3,96,0.09433962264150944,94.00000000000006,1,0.01,41,0.41,100,0.021693471749313176,9637
no_layernorm,sweeping,3,97,0.09345794392523366,94.10000000000005,1,0.01,40,0.4,100,0.023819065601564944,9737
no_layernorm,sweeping,3,98,0.09259259259259259,95.70000000000005,0,0.0,43,0.43,100,0.022158913025632502,9837
no_layernorm,sweeping,3,99,0.09174311926605504,93.60000000000008,1,0.01,44,0.44,100,0.032650591279380026,9937
no_layernorm,sweeping,3,100,0.09090909090909091,93.70000000000005,1,0.01,43,0.43,100,0.01885454882401973,10037
no_layernorm,sweeping,3,101,0.0900900900900901,88.10000000000001,4,0.04,43,0.43,100,0.02534763976931572,10137
no_layernorm,sweeping,3,102,0.08928571428571429,91.90000000000005,2,0.02,43,0.43,100,0.030139729660004378,10237
no_layernorm,sweeping,3,103,0.08849557522123894,94.40000000000005,1,0.01,37,0.37,100,0.03581275129690766,10337
no_layernorm,sweeping,3,104,0.08771929824561403,92.40000000000006,2,0.02,38,0.38,100,0.021065488182939587,10437
no_layernorm,sweeping,3,105,0.08695652173913043,95.70000000000006,0,0.0,43,0.43,100,0.027837210833095014,10537
no_layernorm,sweeping,3,106,0.08620689655172414,93.90000000000006,1,0.01,42,0.42,100,0.01755194827914238,10637
no_layernorm,sweeping,3,107,0.08547008547008547,89.60000000000004,3,0.03,46,0.46,100,0.024790900256484748,10737
no_layernorm,sweeping,3,108,0.0847457627118644,92.40000000000003,2,0.02,37,0.37,100,0.02192736349068582,10837
no_layernorm,sweeping,3,109,0.08403361344537814,95.50000000000007,0,0.0,45,0.45,100,0.023727007200941442,10937
no_layernorm,sweeping,3,110,0.08333333333333333,93.60000000000008,1,0.01,44,0.44,100,0.020718699768185616,11037
no_layernorm,sweeping,3,111,0.08264462809917356,96.30000000000004,0,0.0,37,0.37,100,0.029925247016362847,11137
no_layernorm,sweeping,3,112,0.0819672131147541,89.60000000000002,3,0.03,47,0.47,100,0.021596521243918688,11237
no_layernorm,sweeping,3,113,0.08130081300813008,93.60000000000005,1,0.01,45,0.45,100,0.017941186549142004,11337
no_layernorm,sweeping,3,114,0.08064516129032258,93.90000000000002,1,0.01,42,0.42,100,0.017559426259249448,11437
no_layernorm,sweeping,3,115,0.08,96.20000000000005,0,0.0,38,0.38,100,0.022556578521616757,11537
no_layernorm,sweeping,3,116,0.07936507936507936,94.40000000000005,1,0.01,37,0.37,100,0.02832879963563755,11637
no_layernorm,sweeping,3,117,0.07874015748031496,94.30000000000003,1,0.01,37,0.37,100,0.03260353044141084,11737
no_layernorm,sweeping,3,118,0.078125,96.20000000000005,0,0.0,38,0.38,100,0.02853734011761844,11837
no_layernorm,sweeping,3,119,0.07751937984496124,96.30000000000005,0,0.0,37,0.37,100,0.03153683902230114,11937
no_layernorm,sweeping,3,120,0.07692307692307693,93.30000000000001,1,0.01,48,0.48,100,0.025008973595686258,12037
no_layernorm,sweeping,3,121,0.07633587786259542,94.00000000000006,1,0.01,40,0.4,100,0.0228441583737731,12137
no_layernorm,sweeping,3,122,0.07575757575757576,94.10000000000005,1,0.01,40,0.4,100,0.02422354510286823,12237
no_layernorm,sweeping,3,123,0.07518796992481203,91.10000000000007,2,0.02,51,0.51,100,0.026854678108356893,12337
no_layernorm,sweeping,3,124,0.07462686567164178,94.90000000000005,1,0.01,32,0.32,100,0.019659437285736204,12437
no_layernorm,sweeping,3,125,0.07407407407407407,96.20000000000006,0,0.0,38,0.38,100,0.021784443722572176,12537
no_layernorm,sweeping,3,126,0.07352941176470588,95.90000000000003,0,0.0,41,0.41,100,0.023570010080002247,12637
no_layernorm,sweeping,3,127,0.07299270072992702,96.10000000000007,0,0.0,39,0.39,100,0.01921068544732407,12737
no_layernorm,sweeping,3,128,0.07246376811594203,90.00000000000004,3,0.03,43,0.43,100,0.01947650381596759,12837
no_layernorm,sweeping,3,129,0.07194244604316546,95.90000000000006,0,0.0,41,0.41,100,0.023672234173864125,12937
no_layernorm,sweeping,3,130,0.07142857142857142,94.40000000000006,1,0.01,37,0.37,100,0.02430781750474125,13037
no_layernorm,sweeping,3,131,0.07092198581560284,89.80000000000005,3,0.03,44,0.44,100,0.02331302529433742,13137
no_layernorm,sweeping,3,132,0.07042253521126761,90.20000000000005,3,0.03,40,0.4,100,0.018452373791951686,13237
no_layernorm,sweeping,3,133,0.06993006993006992,95.70000000000005,0,0.0,43,0.43,100,0.01909660517703742,13337
no_layernorm,sweeping,3,134,0.06944444444444445,94.40000000000002,1,0.01,37,0.37,100,0.01682126686675474,13437
no_layernorm,sweeping,3,135,0.06896551724137931,95.30000000000007,0,0.0,47,0.47,100,0.022497287527658047,13537
no_layernorm,sweeping,3,136,0.0684931506849315,96.00000000000004,0,0.0,40,0.4,100,0.018527098055928944,13637
no_layernorm,sweeping,3,137,0.06802721088435375,93.90000000000005,1,0.01,42,0.42,100,0.017129531826358287,13737
no_layernorm,sweeping,3,138,0.06756756756756756,96.30000000000004,0,0.0,37,0.37,100,0.019887684993445873,13837
no_layernorm,sweeping,3,139,0.06711409395973154,96.00000000000006,0,0.0,40,0.4,100,0.021132601771969347,13937
no_layernorm,sweeping,3,140,0.06666666666666667,92.20000000000005,2,0.02,40,0.4,100,0.018533754078671336,14037
no_layernorm,sweeping,3,141,0.06622516556291391,93.90000000000009,1,0.01,42,0.42,100,0.0194875861518085,14137
no_layernorm,sweeping,3,142,0.06578947368421052,94.80000000000004,1,0.01,32,0.32,100,0.017266324406955393,14237
no_layernorm,sweeping,3,143,0.06535947712418301,94.10000000000005,1,0.01,40,0.4,100,0.013608268464449793,14337
no_layernorm,sweeping,3,144,0.06493506493506493,94.10000000000005,1,0.01,40,0.4,100,0.026323592951521278,14437
no_layernorm,sweeping,3,145,0.06451612903225806,91.60000000000002,2,0.02,46,0.46,100,0.022628684639930726,14537
no_layernorm,sweeping,3,146,0.06410256410256411,94.70000000000006,1,0.01,34,0.34,100,0.022976371585391463,14637
no_layernorm,sweeping,3,147,0.06369426751592357,94.30000000000004,1,0.01,38,0.38,100,0.021837926409207283,14737
no_layernorm,sweeping,3,148,0.06329113924050632,96.60000000000004,0,0.0,34,0.34,100,0.014985362507868558,14837
no_layernorm,sweeping,3,149,0.06289308176100629,96.50000000000004,0,0.0,35,0.35,100,0.033839512686245146,14937
no_layernorm,sweeping,3,150,0.0625,91.70000000000005,2,0.02,44,0.44,100,0.0187939431425184,15037
no_layernorm,sweeping,3,151,0.06211180124223602,94.60000000000002,1,0.01,35,0.35,100,0.016611377254594117,15137
no_layernorm,sweeping,3,152,0.0617283950617284,94.20000000000002,1,0.01,39,0.39,100,0.03253590216860175,15237
no_layernorm,sweeping,3,153,0.06134969325153374,90.4,3,0.03,39,0.39,100,0.019834996033459902,15337
no_layernorm,sweeping,3,154,0.06097560975609757,95.80000000000007,0,0.0,42,0.42,100,0.030233491649851202,15437
no_layernorm,sweeping,3,155,0.06060606060606061,94.00000000000004,1,0.01,41,0.41,100,0.023958042566664516,15537
no_layernorm,sweeping,3,156,0.06024096385542168,96.40000000000005,0,0.0,36,0.36,100,0.015376516911201179,15637
no_layernorm,sweeping,3,157,0.059880239520958084,96.70000000000005,0,0.0,33,0.33,100,0.017825460955500604,15737
no_layernorm,sweeping,3,158,0.05952380952380952,92.20000000000002,2,0.02,40,0.4,100,0.01801224793307483,15837
no_layernorm,sweeping,3,159,0.0591715976331361,96.50000000000004,0,0.0,35,0.35,100,0.016305071441456674,15937
no_layernorm,sweeping,3,160,0.058823529411764705,95.00000000000004,1,0.01,31,0.31,100,0.0169777066167444,16037
no_layernorm,sweeping,3,161,0.05847953216374269,94.30000000000001,1,0.01,38,0.38,100,0.017749965141993018,16137
no_layernorm,sweeping,3,162,0.05813953488372093,95.70000000000006,0,0.0,43,0.43,100,0.019272920368239285,16237
no_layernorm,sweeping,3,163,0.057803468208092484,96.50000000000007,0,0.0,35,0.35,100,0.01730731764342636,16337
no_layernorm,sweeping,3,164,0.0574712643678161,94.40000000000003,1,0.01,36,0.36,100,0.017580540999770165,16437
no_layernorm,sweeping,3,165,0.05714285714285714,97.00000000000006,0,0.0,30,0.3,100,0.02072076008655131,16537
no_layernorm,sweeping,3,166,0.056818181818181816,96.20000000000005,0,0.0,38,0.38,100,0.022414525230415164,16637
no_layernorm,sweeping,3,167,0.05649717514124294,94.10000000000005,1,0.01,40,0.4,100,0.020550370775163175,16737
no_layernorm,sweeping,3,168,0.056179775280898875,93.70000000000005,1,0.01,44,0.44,100,0.02323278651572764,16837
no_layernorm,sweeping,3,169,0.0558659217877095,94.60000000000007,1,0.01,35,0.35,100,0.018270082531962543,16937
no_layernorm,sweeping,3,170,0.05555555555555555,96.80000000000004,0,0.0,32,0.32,100,0.01655540662817657,17037
no_layernorm,sweeping,3,171,0.055248618784530384,94.30000000000004,1,0.01,38,0.38,100,0.011627794480882586,17137
no_layernorm,sweeping,3,172,0.054945054945054944,95.80000000000004,0,0.0,42,0.42,100,0.019826155113987623,17237
no_layernorm,sweeping,3,173,0.0546448087431694,94.80000000000003,1,0.01,33,0.33,100,0.016461673891171813,17337
no_layernorm,sweeping,3,174,0.05434782608695653,96.70000000000003,0,0.0,33,0.33,100,0.017818526872433724,17437
no_layernorm,sweeping,3,175,0.05405405405405406,92.00000000000006,2,0.02,42,0.42,100,0.028401051142718643,17537
no_layernorm,sweeping,3,176,0.05376344086021505,96.60000000000005,0,0.0,34,0.34,100,0.011057678391225637,17637
no_layernorm,sweeping,3,177,0.053475935828877004,94.00000000000003,1,0.01,41,0.41,100,0.01487138933269307,17737
no_layernorm,sweeping,3,178,0.05319148936170213,96.10000000000005,0,0.0,39,0.39,100,0.014555093890521675,17837
no_layernorm,sweeping,3,179,0.052910052910052914,96.40000000000006,0,0.0,36,0.36,100,0.018089728078339248,17937
no_layernorm,sweeping,3,180,0.05263157894736842,92.20000000000005,2,0.02,40,0.4,100,0.014674446890130638,18037
no_layernorm,sweeping,3,181,0.05235602094240837,92.20000000000006,2,0.02,39,0.39,100,0.01761309335939586,18137
no_layernorm,sweeping,3,182,0.052083333333333336,96.90000000000005,0,0.0,31,0.31,100,0.020751175105106087,18237
no_layernorm,sweeping,3,183,0.05181347150259067,94.40000000000005,1,0.01,37,0.37,100,0.01935025618877262,18337
no_layernorm,sweeping,3,184,0.051546391752577324,95.10000000000005,1,0.01,30,0.3,100,0.010293348140548915,18437
no_layernorm,sweeping,3,185,0.05128205128205128,95.80000000000007,0,0.0,42,0.42,100,0.01767415908165276,18537
no_layernorm,sweeping,3,186,0.0510204081632653,96.40000000000005,0,0.0,36,0.36,100,0.014137814624700696,18637
no_layernorm,sweeping,3,187,0.050761421319796954,94.60000000000005,1,0.01,35,0.35,100,0.015144153537694365,18737
no_layernorm,sweeping,3,188,0.050505050505050504,96.80000000000004,0,0.0,32,0.32,100,0.015754586064722388,18837
no_layernorm,sweeping,3,189,0.05025125628140704,95.20000000000003,1,0.01,29,0.29,100,0.014179538250900806,18937
no_layernorm,sweeping,3,190,0.05,93.80000000000004,1,0.01,43,0.43,100,0.013287827488966286,19037
no_layernorm,sweeping,3,191,0.04975124378109452,90.60000000000002,3,0.03,37,0.37,100,0.014907067180611194,19137
no_layernorm,sweeping,3,192,0.04950495049504951,97.20000000000005,0,0.0,28,0.28,100,0.015001172237098216,19237
no_layernorm,sweeping,3,193,0.04926108374384236,96.70000000000002,0,0.0,33,0.33,100,0.015320218272972853,19337
no_layernorm,sweeping,3,194,0.04901960784313726,96.20000000000005,0,0.0,38,0.38,100,0.01283347639720887,19437
no_layernorm,sweeping,3,195,0.04878048780487805,94.80000000000003,1,0.01,33,0.33,100,0.011925729040522129,19537
no_layernorm,sweeping,3,196,0.04854368932038835,94.70000000000002,1,0.01,34,0.34,100,0.011218027698341758,19637
no_layernorm,sweeping,3,197,0.04830917874396135,95.70000000000002,0,0.0,43,0.43,100,0.017371870134957133,19737
no_layernorm,sweeping,3,198,0.04807692307692307,93.70000000000006,1,0.01,44,0.44,100,0.013469895275775343,19837
no_layernorm,sweeping,3,199,0.04784688995215311,97.40000000000002,0,0.0,26,0.26,100,0.012774139593821019,19937
no_layernorm,sweeping,4,0,1.0,71.79999999999997,10,0.1,91,0.91,100,0.11343749441407822,37
no_layernorm,sweeping,4,1,0.9090909090909091,85.60000000000008,3,0.03,85,0.85,100,0.022893681898713113,137
no_layernorm,sweeping,4,2,0.8333333333333334,73.69999999999999,9,0.09,92,0.92,100,0.0208522483240813,237
no_layernorm,sweeping,4,3,0.7692307692307692,76.6,8,0.08,81,0.81,100,0.014704222925938665,337
no_layernorm,sweeping,4,4,0.7142857142857143,69.99999999999997,11,0.11,90,0.9,100,0.012224103938788176,437
no_layernorm,sweeping,4,5,0.6666666666666666,77.70000000000002,7,0.07,88,0.88,100,0.012249761936254799,537
no_layernorm,sweeping,4,6,0.625,74.39999999999998,9,0.09,82,0.82,100,0.013949257899075746,637
no_layernorm,sweeping,4,7,0.5882352941176471,79.30000000000004,7,0.07,72,0.72,100,0.017245949264615774,737
no_layernorm,sweeping,4,8,0.5555555555555556,76.1,8,0.08,83,0.83,100,0.06704896258190274,837
no_layernorm,sweeping,4,9,0.5263157894736842,82.30000000000004,5,0.05,82,0.82,100,0.019109519431367517,937
no_layernorm,sweeping,4,10,0.5,80.60000000000001,6,0.06,79,0.79,100,0.016276725698262454,1037
no_layernorm,sweeping,4,11,0.47619047619047616,82.80000000000003,5,0.05,75,0.75,100,0.016850059125572442,1137
no_layernorm,sweeping,4,12,0.45454545454545453,84.90000000000005,4,0.04,75,0.75,100,0.015110733355395495,1237
no_layernorm,sweeping,4,13,0.4347826086956522,80.80000000000005,6,0.06,78,0.78,100,0.01764979284722358,1337
no_layernorm,sweeping,4,14,0.4166666666666667,86.80000000000007,3,0.03,75,0.75,100,0.01626681990455836,1437
no_layernorm,sweeping,4,15,0.4,82.50000000000004,5,0.05,80,0.8,100,0.01752891955897212,1537
no_layernorm,sweeping,4,16,0.3846153846153846,82.50000000000001,6,0.06,61,0.61,100,0.014627981558442115,1637
no_layernorm,sweeping,4,17,0.37037037037037035,87.90000000000003,3,0.03,63,0.63,100,0.015436592889018356,1737
no_layernorm,sweeping,4,18,0.35714285714285715,83.70000000000005,5,0.05,68,0.68,100,0.015440670172683895,1837
no_layernorm,sweeping,4,19,0.3448275862068966,83.40000000000005,5,0.05,71,0.71,100,0.01583638386800885,1937
no_layernorm,sweeping,4,20,0.3333333333333333,85.40000000000002,5,0.05,51,0.51,100,0.015031231511384248,2037
no_layernorm,sweeping,4,21,0.3225806451612903,76.10000000000001,9,0.09,68,0.68,100,0.018198103867471217,2137
no_layernorm,sweeping,4,22,0.3125,90.30000000000003,2,0.02,59,0.59,100,0.02052264756523073,2237
no_layernorm,sweeping,4,23,0.30303030303030304,85.90000000000006,4,0.04,63,0.63,100,0.01737783697899431,2337
no_layernorm,sweeping,4,24,0.29411764705882354,87.90000000000006,3,0.03,63,0.63,100,0.022344471849501134,2437
no_layernorm,sweeping,4,25,0.2857142857142857,87.70000000000005,3,0.03,66,0.66,100,0.024031544462777676,2537
no_layernorm,sweeping,4,26,0.2777777777777778,90.20000000000005,2,0.02,60,0.6,100,0.01809993154834956,2637
no_layernorm,sweeping,4,27,0.27027027027027023,84.40000000000005,5,0.05,61,0.61,100,0.022914655543863773,2737
no_layernorm,sweeping,4,28,0.2631578947368421,84.20000000000002,5,0.05,63,0.63,100,0.019416376142762603,2837
no_layernorm,sweeping,4,29,0.25641025641025644,92.00000000000006,1,0.01,61,0.61,100,0.02084914264269173,2937
no_layernorm,sweeping,4,30,0.25,86.80000000000004,4,0.04,56,0.56,100,0.01652942181099206,3037
no_layernorm,sweeping,4,31,0.24390243902439027,90.30000000000005,2,0.02,59,0.59,100,0.02129708996973932,3137
no_layernorm,sweeping,4,32,0.23809523809523808,83.80000000000005,5,0.05,67,0.67,100,0.022603777199983598,3237
no_layernorm,sweeping,4,33,0.23255813953488372,93.10000000000008,1,0.01,50,0.5,100,0.020023735566064717,3337
no_layernorm,sweeping,4,34,0.22727272727272727,86.80000000000004,4,0.04,56,0.56,100,0.02095800793264061,3437
no_layernorm,sweeping,4,35,0.2222222222222222,93.30000000000008,1,0.01,48,0.48,100,0.021613356182351707,3537
no_layernorm,sweeping,4,36,0.2173913043478261,88.10000000000004,3,0.03,62,0.62,100,0.032417696760967375,3637
no_layernorm,sweeping,4,37,0.2127659574468085,88.40000000000006,3,0.03,59,0.59,100,0.02432510214857757,3737
no_layernorm,sweeping,4,38,0.20833333333333334,88.4,3,0.03,59,0.59,100,0.02837866522371769,3837
no_layernorm,sweeping,4,39,0.2040816326530612,92.50000000000004,1,0.01,56,0.56,100,0.022166096870787442,3937
no_layernorm,sweeping,4,40,0.2,89.80000000000008,2,0.02,64,0.64,100,0.025838089855387807,4037
no_layernorm,sweeping,4,41,0.19607843137254904,93.00000000000004,1,0.01,51,0.51,100,0.03432729327585548,4137
no_layernorm,sweeping,4,42,0.1923076923076923,95.10000000000007,0,0.0,49,0.49,100,0.021169283762574195,4237
no_layernorm,sweeping,4,43,0.18867924528301888,87.60000000000007,3,0.03,67,0.67,100,0.02082101282197982,4337
no_layernorm,sweeping,4,44,0.18518518518518517,89.00000000000006,3,0.03,53,0.53,100,0.021169019783847033,4437
no_layernorm,sweeping,4,45,0.18181818181818182,89.10000000000007,3,0.03,52,0.52,100,0.02133776798378676,4537
no_layernorm,sweeping,4,46,0.17857142857142858,92.80000000000005,1,0.01,53,0.53,100,0.02965665256604552,4637
no_layernorm,sweeping,4,47,0.17543859649122806,86.70000000000002,4,0.04,57,0.57,100,0.02057849123608321,4737
no_layernorm,sweeping,4,48,0.1724137931034483,90.80000000000004,2,0.02,54,0.54,100,0.025461157904937862,4837
no_layernorm,sweeping,4,49,0.1694915254237288,89.20000000000005,3,0.03,50,0.5,100,0.021567305512726308,4937
no_layernorm,sweeping,4,50,0.16666666666666666,89.00000000000004,3,0.03,53,0.53,100,0.021817866233177483,5037
no_layernorm,sweeping,4,51,0.1639344262295082,87.40000000000003,4,0.04,50,0.5,100,0.019974808506667614,5137
no_layernorm,sweeping,4,52,0.16129032258064516,93.50000000000006,1,0.01,46,0.46,100,0.023435027878731488,5237
no_layernorm,sweeping,4,53,0.15873015873015872,91.00000000000006,2,0.02,52,0.52,100,0.02378903214354068,5337
no_layernorm,sweeping,4,54,0.15625,94.70000000000007,0,0.0,53,0.53,100,0.03277883803006262,5437
no_layernorm,sweeping,4,55,0.15384615384615385,92.50000000000004,1,0.01,56,0.56,100,0.02520456563681364,5537
no_layernorm,sweeping,4,56,0.15151515151515152,92.30000000000004,2,0.02,39,0.39,100,0.028634668891318143,5637
no_layernorm,sweeping,4,57,0.14925373134328357,87.60000000000001,4,0.04,47,0.47,100,0.02613686738535762,5737
no_layernorm,sweeping,4,58,0.14705882352941177,93.70000000000006,1,0.01,44,0.44,100,0.022526856143958867,5837
no_layernorm,sweeping,4,59,0.14492753623188406,94.90000000000005,0,0.0,51,0.51,100,0.021156344381161034,5937
no_layernorm,sweeping,4,60,0.14285714285714285,92.60000000000004,1,0.01,54,0.54,100,0.019185320138931275,6037
no_layernorm,sweeping,4,61,0.14084507042253522,95.50000000000009,0,0.0,45,0.45,100,0.026240764549002052,6137
no_layernorm,sweeping,4,62,0.1388888888888889,88.20000000000005,3,0.03,60,0.6,100,0.03033935097977519,6237
no_layernorm,sweeping,4,63,0.136986301369863,91.50000000000006,2,0.02,47,0.47,100,0.021091796653345228,6337
no_layernorm,sweeping,4,64,0.13513513513513511,85.20000000000005,5,0.05,52,0.52,100,0.02352116407826543,6437
no_layernorm,sweeping,4,65,0.13333333333333333,93.00000000000007,1,0.01,51,0.51,100,0.02661563824862242,6537
no_layernorm,sweeping,4,66,0.13157894736842105,93.90000000000005,1,0.01,42,0.42,100,0.02654239282477647,6637
no_layernorm,sweeping,4,67,0.12987012987012986,91.40000000000005,2,0.02,48,0.48,100,0.01930124587845057,6737
no_layernorm,sweeping,4,68,0.12820512820512822,91.30000000000004,2,0.02,49,0.49,100,0.024786628242582084,6837
no_layernorm,sweeping,4,69,0.12658227848101264,83.40000000000002,6,0.06,52,0.52,100,0.024400650141760707,6937
no_layernorm,sweeping,4,70,0.125,89.9,3,0.03,44,0.44,100,0.03924732295796275,7037
no_layernorm,sweeping,4,71,0.1234567901234568,95.50000000000009,0,0.0,45,0.45,100,0.025467969118617474,7137
no_layernorm,sweeping,4,72,0.12195121951219513,93.20000000000006,1,0.01,49,0.49,100,0.027353514661081137,7237
no_layernorm,sweeping,4,73,0.12048192771084336,91.30000000000004,2,0.02,49,0.49,100,0.030452341036871076,7337
no_layernorm,sweeping,4,74,0.11904761904761904,93.30000000000004,1,0.01,48,0.48,100,0.02806698008440435,7437
no_layernorm,sweeping,4,75,0.11764705882352941,85.60000000000004,5,0.05,48,0.48,100,0.02385044371243566,7537
no_layernorm,sweeping,4,76,0.11627906976744186,93.60000000000005,1,0.01,45,0.45,100,0.023689035712741315,7637
no_layernorm,sweeping,4,77,0.1149425287356322,90.70000000000005,2,0.02,55,0.55,100,0.018350571324117482,7737
no_layernorm,sweeping,4,78,0.11363636363636363,91.70000000000007,2,0.02,45,0.45,100,0.02517205773387104,7837
no_layernorm,sweeping,4,79,0.11235955056179775,93.70000000000003,1,0.01,44,0.44,100,0.024226712994277477,7937
no_layernorm,sweeping,4,80,0.1111111111111111,95.40000000000008,0,0.0,46,0.46,100,0.037767264856956896,8037
no_layernorm,sweeping,4,81,0.10989010989010989,95.30000000000005,0,0.0,47,0.47,100,0.031759679606184366,8137
no_layernorm,sweeping,4,82,0.10869565217391305,91.00000000000006,2,0.02,52,0.52,100,0.029601795095950366,8237
no_layernorm,sweeping,4,83,0.1075268817204301,85.30000000000003,5,0.05,52,0.52,100,0.022175904409959913,8337
no_layernorm,sweeping,4,84,0.10638297872340426,95.30000000000001,0,0.0,47,0.47,100,0.03974842543713748,8437
no_layernorm,sweeping,4,85,0.10526315789473684,94.90000000000008,0,0.0,51,0.51,100,0.02051399148069322,8537
no_layernorm,sweeping,4,86,0.10416666666666667,93.90000000000006,1,0.01,42,0.42,100,0.02645068814046681,8637
no_layernorm,sweeping,4,87,0.10309278350515465,95.60000000000008,0,0.0,44,0.44,100,0.029419674440287053,8737
no_layernorm,sweeping,4,88,0.1020408163265306,87.70000000000006,4,0.04,47,0.47,100,0.029736561784520745,8837
no_layernorm,sweeping,4,89,0.10101010101010101,95.40000000000006,0,0.0,46,0.46,100,0.025221975333988667,8937
no_layernorm,sweeping,4,90,0.1,94.00000000000006,1,0.01,41,0.41,100,0.02493259445298463,9037
no_layernorm,sweeping,4,91,0.09900990099009901,90.20000000000006,3,0.03,41,0.41,100,0.028825920498929916,9137
no_layernorm,sweeping,4,92,0.09803921568627452,91.60000000000002,2,0.02,46,0.46,100,0.02736058346927166,9237
no_layernorm,sweeping,4,93,0.0970873786407767,92.30000000000004,2,0.02,39,0.39,100,0.021347613646648823,9337
no_layernorm,sweeping,4,94,0.09615384615384615,93.70000000000005,1,0.01,44,0.44,100,0.020548845403827728,9437
no_layernorm,sweeping,4,95,0.09523809523809523,95.90000000000006,0,0.0,41,0.41,100,0.02408721859101206,9537
no_layernorm,sweeping,4,96,0.09433962264150944,93.20000000000005,1,0.01,49,0.49,100,0.026333723091520368,9637
no_layernorm,sweeping,4,97,0.09345794392523366,95.90000000000006,0,0.0,41,0.41,100,0.023052861914038658,9737
no_layernorm,sweeping,4,98,0.09259259259259259,91.30000000000005,2,0.02,49,0.49,100,0.02638780767098069,9837
no_layernorm,sweeping,4,99,0.09174311926605504,95.20000000000005,0,0.0,48,0.48,100,0.035336442883126436,9937
no_layernorm,sweeping,4,100,0.09090909090909091,93.70000000000005,1,0.01,44,0.44,100,0.025269203837960958,10037
no_layernorm,sweeping,4,101,0.0900900900900901,91.50000000000006,2,0.02,47,0.47,100,0.03057226679287851,10137
no_layernorm,sweeping,4,102,0.08928571428571429,87.70000000000005,4,0.04,46,0.46,100,0.034806903651915494,10237
no_layernorm,sweeping,4,103,0.08849557522123894,91.60000000000007,2,0.02,46,0.46,100,0.0393696625251323,10337
no_layernorm,sweeping,4,104,0.08771929824561403,89.10000000000005,3,0.03,52,0.52,100,0.026811268581077456,10437
no_layernorm,sweeping,4,105,0.08695652173913043,91.20000000000003,2,0.02,50,0.5,100,0.03251038108021021,10537
no_layernorm,sweeping,4,106,0.08620689655172414,94.30000000000003,1,0.01,38,0.38,100,0.027438802265096457,10637
no_layernorm,sweeping,4,107,0.08547008547008547,90.10000000000004,3,0.03,41,0.41,100,0.03131074317265302,10737
no_layernorm,sweeping,4,108,0.0847457627118644,94.20000000000005,1,0.01,39,0.39,100,0.02464586724061519,10837
no_layernorm,sweeping,4,109,0.08403361344537814,92.20000000000006,2,0.02,40,0.4,100,0.01983500491362065,10937
no_layernorm,sweeping,4,110,0.08333333333333333,96.10000000000005,0,0.0,39,0.39,100,0.03035522859543562,11037
no_layernorm,sweeping,4,111,0.08264462809917356,95.70000000000007,0,0.0,43,0.43,100,0.04033232673071325,11137
no_layernorm,sweeping,4,112,0.0819672131147541,91.90000000000003,2,0.02,43,0.43,100,0.027289592646993696,11237
no_layernorm,sweeping,4,113,0.08130081300813008,94.00000000000006,1,0.01,41,0.41,100,0.019158878154121338,11337
no_layernorm,sweeping,4,114,0.08064516129032258,93.80000000000004,1,0.01,43,0.43,100,0.029676579744555055,11437
no_layernorm,sweeping,4,115,0.08,95.90000000000005,0,0.0,41,0.41,100,0.036966213416308166,11537
no_layernorm,sweeping,4,116,0.07936507936507936,95.50000000000004,0,0.0,45,0.45,100,0.03270451870281249,11637
no_layernorm,sweeping,4,117,0.07874015748031496,93.80000000000004,1,0.01,43,0.43,100,0.03776810036506504,11737
no_layernorm,sweeping,4,118,0.078125,95.50000000000003,0,0.0,45,0.45,100,0.029021839094348252,11837
no_layernorm,sweeping,4,119,0.07751937984496124,91.40000000000003,2,0.02,48,0.48,100,0.02708597092423588,11937
no_layernorm,sweeping,4,120,0.07692307692307693,93.40000000000005,1,0.01,47,0.47,100,0.01901405385695398,12037
no_layernorm,sweeping,4,121,0.07633587786259542,91.60000000000005,2,0.02,46,0.46,100,0.019794281516224147,12137
no_layernorm,sweeping,4,122,0.07575757575757576,96.20000000000005,0,0.0,38,0.38,100,0.021232034652493893,12237
no_layernorm,sweeping,4,123,0.07518796992481203,95.90000000000006,0,0.0,41,0.41,100,0.02250526942778379,12337
no_layernorm,sweeping,4,124,0.07462686567164178,94.90000000000003,1,0.01,32,0.32,100,0.026901082363910974,12437
no_layernorm,sweeping,4,125,0.07407407407407407,93.90000000000006,1,0.01,41,0.41,100,0.01800209906883538,12537
no_layernorm,sweeping,4,126,0.07352941176470588,91.60000000000005,2,0.02,46,0.46,100,0.03394455180503428,12637
no_layernorm,sweeping,4,127,0.07299270072992702,92.80000000000004,2,0.02,34,0.34,100,0.02207283314317465,12737
no_layernorm,sweeping,4,128,0.07246376811594203,94.40000000000003,1,0.01,36,0.36,100,0.025137363467365503,12837
no_layernorm,sweeping,4,129,0.07194244604316546,96.60000000000005,0,0.0,34,0.34,100,0.018848513490520417,12937
no_layernorm,sweeping,4,130,0.07142857142857142,95.90000000000006,0,0.0,41,0.41,100,0.02731354026356712,13037
no_layernorm,sweeping,4,131,0.07092198581560284,93.70000000000005,1,0.01,44,0.44,100,0.02378173409495503,13137
no_layernorm,sweeping,4,132,0.07042253521126761,92.20000000000003,2,0.02,40,0.4,100,0.02224284693133086,13237
no_layernorm,sweeping,4,133,0.06993006993006992,92.20000000000005,2,0.02,40,0.4,100,0.029660220104269684,13337
no_layernorm,sweeping,4,134,0.06944444444444445,94.10000000000005,1,0.01,40,0.4,100,0.027339435620233415,13437
no_layernorm,sweeping,4,135,0.06896551724137931,93.70000000000005,1,0.01,44,0.44,100,0.020226506143808366,13537
no_layernorm,sweeping,4,136,0.0684931506849315,91.50000000000001,2,0.02,47,0.47,100,0.018036710303276776,13637
no_layernorm,sweeping,4,137,0.06802721088435375,94.30000000000004,1,0.01,38,0.38,100,0.01628425730857998,13737
no_layernorm,sweeping,4,138,0.06756756756756756,96.10000000000002,0,0.0,39,0.39,100,0.016574161343742164,13837
no_layernorm,sweeping,4,139,0.06711409395973154,94.10000000000007,1,0.01,40,0.4,100,0.029750241860747338,13937
no_layernorm,sweeping,4,140,0.06666666666666667,96.20000000000005,0,0.0,38,0.38,100,0.02414448761381209,14037
no_layernorm,sweeping,4,141,0.06622516556291391,96.20000000000003,0,0.0,38,0.38,100,0.022250649463385345,14137
no_layernorm,sweeping,4,142,0.06578947368421052,96.00000000000003,0,0.0,40,0.4,100,0.025852433363907038,14237
no_layernorm,sweeping,4,143,0.06535947712418301,90.60000000000005,3,0.03,37,0.37,100,0.020869133670348674,14337
no_layernorm,sweeping,4,144,0.06493506493506493,94.20000000000005,1,0.01,39,0.39,100,0.020237817126326264,14437
no_layernorm,sweeping,4,145,0.06451612903225806,95.70000000000007,0,0.0,43,0.43,100,0.01913904391229153,14537
no_layernorm,sweeping,4,146,0.06410256410256411,94.4,1,0.01,37,0.37,100,0.01988690414931625,14637
no_layernorm,sweeping,4,147,0.06369426751592357,96.20000000000005,0,0.0,38,0.38,100,0.01963873270433396,14737
no_layernorm,sweeping,4,148,0.06329113924050632,94.60000000000005,1,0.01,35,0.35,100,0.031443886840716,14837
no_layernorm,sweeping,4,149,0.06289308176100629,92.20000000000005,2,0.02,40,0.4,100,0.01936886575538665,14937
no_layernorm,sweeping,4,150,0.0625,93.80000000000003,1,0.01,43,0.43,100,0.022449645176529885,15037
no_layernorm,sweeping,4,151,0.06211180124223602,89.40000000000006,3,0.03,48,0.48,100,0.022442446700297297,15137
no_layernorm,sweeping,4,152,0.0617283950617284,89.90000000000002,3,0.03,44,0.44,100,0.01342595658497885,15237
no_layernorm,sweeping,4,153,0.06134969325153374,92.60000000000002,2,0.02,35,0.35,100,0.01811011853162199,15337
no_layernorm,sweeping,4,154,0.06097560975609757,96.20000000000005,0,0.0,38,0.38,100,0.0222278051963076,15437
no_layernorm,sweeping,4,155,0.06060606060606061,91.80000000000004,2,0.02,44,0.44,100,0.027956999414600434,15537
no_layernorm,sweeping,4,156,0.06024096385542168,93.90000000000009,1,0.01,42,0.42,100,0.01512554000597447,15637
no_layernorm,sweeping,4,157,0.059880239520958084,96.50000000000004,0,0.0,35,0.35,100,0.02108354119816795,15737
no_layernorm,sweeping,4,158,0.05952380952380952,92.70000000000002,2,0.02,35,0.35,100,0.018792137326672672,15837
no_layernorm,sweeping,4,159,0.0591715976331361,94.40000000000003,1,0.01,37,0.37,100,0.02511574812699109,15937
no_layernorm,sweeping,4,160,0.058823529411764705,94.90000000000003,1,0.01,32,0.32,100,0.024584738221019507,16037
no_layernorm,sweeping,4,161,0.05847953216374269,94.90000000000006,0,0.0,51,0.51,100,0.01649503116030246,16137
no_layernorm,sweeping,4,162,0.05813953488372093,94.30000000000004,1,0.01,38,0.38,100,0.033369364971295,16237
no_layernorm,sweeping,4,163,0.057803468208092484,95.70000000000003,0,0.0,43,0.43,100,0.017623095382004975,16337
no_layernorm,sweeping,4,164,0.0574712643678161,96.50000000000004,0,0.0,35,0.35,100,0.021021810572128742,16437
no_layernorm,sweeping,4,165,0.05714285714285714,92.50000000000004,2,0.02,37,0.37,100,0.028359643411822618,16537
no_layernorm,sweeping,4,166,0.056818181818181816,96.10000000000008,0,0.0,39,0.39,100,0.014892255889717489,16637
no_layernorm,sweeping,4,167,0.05649717514124294,94.70000000000003,1,0.01,34,0.34,100,0.0237157771573402,16737
no_layernorm,sweeping,4,168,0.056179775280898875,94.50000000000004,1,0.01,36,0.36,100,0.01435390442609787,16837
no_layernorm,sweeping,4,169,0.0558659217877095,96.00000000000006,0,0.0,40,0.4,100,0.015628488443326205,16937
no_layernorm,sweeping,4,170,0.05555555555555555,96.00000000000006,0,0.0,40,0.4,100,0.021390671879053115,17037
no_layernorm,sweeping,4,171,0.055248618784530384,96.40000000000006,0,0.0,36,0.36,100,0.02235306540504098,17137
no_layernorm,sweeping,4,172,0.054945054945054944,94.40000000000005,1,0.01,37,0.37,100,0.01666470066877082,17237
no_layernorm,sweeping,4,173,0.0546448087431694,95.70000000000005,0,0.0,43,0.43,100,0.015034222600515932,17337
no_layernorm,sweeping,4,174,0.05434782608695653,96.30000000000004,0,0.0,37,0.37,100,0.019251017374917866,17437
no_layernorm,sweeping,4,175,0.05405405405405406,94.30000000000003,1,0.01,38,0.38,100,0.01968257497763261,17537
no_layernorm,sweeping,4,176,0.05376344086021505,96.10000000000005,0,0.0,39,0.39,100,0.014566098218783735,17637
no_layernorm,sweeping,4,177,0.053475935828877004,92.20000000000003,2,0.02,40,0.4,100,0.021799552161246537,17737
no_layernorm,sweeping,4,178,0.05319148936170213,93.00000000000003,2,0.02,32,0.32,100,0.015702702994458376,17837
no_layernorm,sweeping,4,179,0.052910052910052914,92.70000000000005,2,0.02,34,0.34,100,0.01600406887708232,17937
no_layernorm,sweeping,4,180,0.05263157894736842,97.30000000000004,0,0.0,27,0.27,100,0.015156932428944857,18037
no_layernorm,sweeping,4,181,0.05235602094240837,96.70000000000005,0,0.0,33,0.33,100,0.015810153796337545,18137
no_layernorm,sweeping,4,182,0.052083333333333336,96.70000000000005,0,0.0,33,0.33,100,0.015234511641319842,18237
no_layernorm,sweeping,4,183,0.05181347150259067,96.40000000000005,0,0.0,36,0.36,100,0.014559897100552917,18337
no_layernorm,sweeping,4,184,0.051546391752577324,96.70000000000003,0,0.0,33,0.33,100,0.024653745486866684,18437
no_layernorm,sweeping,4,185,0.05128205128205128,96.00000000000004,0,0.0,40,0.4,100,0.01448971539037302,18537
no_layernorm,sweeping,4,186,0.0510204081632653,95.10000000000002,1,0.01,30,0.3,100,0.014826745586469769,18637
no_layernorm,sweeping,4,187,0.050761421319796954,95.00000000000004,1,0.01,31,0.31,100,0.012893896363675595,18737
no_layernorm,sweeping,4,188,0.050505050505050504,94.90000000000002,1,0.01,32,0.32,100,0.019768761140294373,18837
no_layernorm,sweeping,4,189,0.05025125628140704,96.40000000000003,0,0.0,36,0.36,100,0.02413197947200388,18937
no_layernorm,sweeping,4,190,0.05,96.50000000000003,0,0.0,35,0.35,100,0.01783070371253416,19037
no_layernorm,sweeping,4,191,0.04975124378109452,96.30000000000005,0,0.0,37,0.37,100,0.00985133986454457,19137
no_layernorm,sweeping,4,192,0.04950495049504951,96.60000000000002,0,0.0,34,0.34,100,0.021347352121956646,19237
no_layernorm,sweeping,4,193,0.04926108374384236,95.00000000000006,1,0.01,30,0.3,100,0.018877999533433467,19337
no_layernorm,sweeping,4,194,0.04901960784313726,95.10000000000002,1,0.01,30,0.3,100,0.01190289473044686,19437
no_layernorm,sweeping,4,195,0.04878048780487805,96.50000000000004,0,0.0,35,0.35,100,0.016625313584227114,19537
no_layernorm,sweeping,4,196,0.04854368932038835,96.20000000000006,0,0.0,38,0.38,100,0.01086703132139519,19637
no_layernorm,sweeping,4,197,0.04830917874396135,92.40000000000003,2,0.02,38,0.38,100,0.020704864545259626,19737
no_layernorm,sweeping,4,198,0.04807692307692307,96.40000000000005,0,0.0,36,0.36,100,0.012644749626051634,19837
no_layernorm,sweeping,4,199,0.04784688995215311,94.10000000000002,1,0.01,40,0.4,100,0.01816513979109004,19937
no_layernorm,sweeping,5,0,1.0,68.09999999999994,12,0.12,91,0.91,100,0.1397224111935577,37
no_layernorm,sweeping,5,1,0.9090909090909091,60.799999999999926,16,0.16,85,0.85,100,0.026679996605962514,137
no_layernorm,sweeping,5,2,0.8333333333333334,74.8,9,0.09,81,0.81,100,0.01614436277654022,237
no_layernorm,sweeping,5,3,0.7692307692307692,83.30000000000004,4,0.04,91,0.91,100,0.013897432098165154,337
no_layernorm,sweeping,5,4,0.7142857142857143,66.29999999999994,13,0.13,85,0.85,100,0.013924432406201958,437
no_layernorm,sweeping,5,5,0.6666666666666666,77.10000000000002,8,0.08,74,0.74,100,0.013825484123080968,537
no_layernorm,sweeping,5,6,0.625,78.60000000000004,7,0.07,80,0.8,100,0.013067983267828822,637
no_layernorm,sweeping,5,7,0.5882352941176471,83.30000000000001,5,0.05,71,0.71,100,0.011723406468518079,737
no_layernorm,sweeping,5,8,0.5555555555555556,84.50000000000004,4,0.04,79,0.79,100,0.016948472447693347,837
no_layernorm,sweeping,5,9,0.5263157894736842,84.30000000000007,4,0.04,81,0.81,100,0.017594040115363897,937
no_layernorm,sweeping,5,10,0.5,80.40000000000002,6,0.06,82,0.82,100,0.01972625175956637,1037
no_layernorm,sweeping,5,11,0.47619047619047616,84.00000000000006,4,0.04,83,0.83,100,0.021747292298823596,1137
no_layernorm,sweeping,5,12,0.45454545454545453,83.90000000000005,4,0.04,83,0.83,100,0.020331218428909777,1237
no_layernorm,sweeping,5,13,0.4347826086956522,89.50000000000006,2,0.02,67,0.67,100,0.017999669504351914,1337
no_layernorm,sweeping,5,14,0.4166666666666667,89.00000000000006,2,0.02,71,0.71,100,0.018285262947902083,1437
no_layernorm,sweeping,5,15,0.4,84.00000000000003,5,0.05,65,0.65,100,0.01882169927470386,1537
no_layernorm,sweeping,5,16,0.3846153846153846,85.50000000000006,4,0.04,69,0.69,100,0.02016393655911088,1637
no_layernorm,sweeping,5,17,0.37037037037037035,85.90000000000005,4,0.04,65,0.65,100,0.017414157781749963,1737
no_layernorm,sweeping,5,18,0.35714285714285715,83.80000000000004,5,0.05,67,0.67,100,0.02086825039703399,1837
no_layernorm,sweeping,5,19,0.3448275862068966,85.10000000000005,4,0.04,73,0.73,100,0.022448587827384472,1937
no_layernorm,sweeping,5,20,0.3333333333333333,90.70000000000007,1,0.01,74,0.74,100,0.024771406878717244,2037
no_layernorm,sweeping,5,21,0.3225806451612903,83.8,5,0.05,67,0.67,100,0.020374427516944706,2137
no_layernorm,sweeping,5,22,0.3125,81.00000000000003,6,0.06,75,0.75,100,0.026332246703095735,2237
no_layernorm,sweeping,5,23,0.30303030303030304,88.90000000000005,2,0.02,73,0.73,100,0.02000999336130917,2337
no_layernorm,sweeping,5,24,0.29411764705882354,90.20000000000002,2,0.02,60,0.6,100,0.020739447576925158,2437
no_layernorm,sweeping,5,25,0.2857142857142857,90.70000000000006,1,0.01,74,0.74,100,0.01588912331033498,2537
no_layernorm,sweeping,5,26,0.2777777777777778,91.80000000000005,1,0.01,63,0.63,100,0.016931751118972896,2637
no_layernorm,sweeping,5,27,0.27027027027027023,85.30000000000004,4,0.04,71,0.71,100,0.03595550927333534,2737
no_layernorm,sweeping,5,28,0.2631578947368421,87.50000000000007,3,0.03,67,0.67,100,0.03223811314906925,2837
no_layernorm,sweeping,5,29,0.25641025641025644,84.00000000000003,5,0.05,65,0.65,100,0.02213000014424324,2937
no_layernorm,sweeping,5,30,0.25,90.10000000000008,2,0.02,60,0.6,100,0.023239155504852532,3037
no_layernorm,sweeping,5,31,0.24390243902439027,90.70000000000007,2,0.02,55,0.55,100,0.018233081446960567,3137
no_layernorm,sweeping,5,32,0.23809523809523808,94.80000000000008,0,0.0,52,0.52,100,0.029396733762696386,3237
no_layernorm,sweeping,5,33,0.23255813953488372,82.80000000000003,6,0.06,58,0.58,100,0.02969009257853031,3337
no_layernorm,sweeping,5,34,0.22727272727272727,89.30000000000004,3,0.03,50,0.5,100,0.02040625998284668,3437
no_layernorm,sweeping,5,35,0.2222222222222222,88.40000000000003,3,0.03,59,0.59,100,0.019981138347648083,3537
no_layernorm,sweeping,5,36,0.2173913043478261,90.20000000000002,2,0.02,60,0.6,100,0.016182471704669295,3637
no_layernorm,sweeping,5,37,0.2127659574468085,91.00000000000004,2,0.02,52,0.52,100,0.017990852589718997,3737
no_layernorm,sweeping,5,38,0.20833333333333334,93.30000000000003,1,0.01,48,0.48,100,0.024891952443867923,3837
no_layernorm,sweeping,5,39,0.2040816326530612,86.10000000000002,4,0.04,61,0.61,100,0.037613937333226204,3937
no_layernorm,sweeping,5,40,0.2,92.20000000000006,1,0.01,59,0.59,100,0.02075444357469678,4037
no_layernorm,sweeping,5,41,0.19607843137254904,90.90000000000006,2,0.02,52,0.52,100,0.019256607769057153,4137
no_layernorm,sweeping,5,42,0.1923076923076923,92.60000000000008,1,0.01,55,0.55,100,0.023250115998089314,4237
no_layernorm,sweeping,5,43,0.18867924528301888,84.30000000000004,5,0.05,62,0.62,100,0.023968586968258022,4337
no_layernorm,sweeping,5,44,0.18518518518518517,95.40000000000006,0,0.0,46,0.46,100,0.015990199362859128,4437
no_layernorm,sweeping,5,45,0.18181818181818182,89.10000000000005,3,0.03,51,0.51,100,0.018739743772894144,4537
no_layernorm,sweeping,5,46,0.17857142857142858,91.30000000000005,2,0.02,49,0.49,100,0.016428618617355825,4637
no_layernorm,sweeping,5,47,0.17543859649122806,90.70000000000002,2,0.02,55,0.55,100,0.02455209457781166,4737
no_layernorm,sweeping,5,48,0.1724137931034483,91.60000000000002,2,0.02,45,0.45,100,0.03280220636865124,4837
no_layernorm,sweeping,5,49,0.1694915254237288,95.20000000000005,0,0.0,48,0.48,100,0.027470356887206435,4937
no_layernorm,sweeping,5,50,0.16666666666666666,84.70000000000006,5,0.05,58,0.58,100,0.024821834107860923,5037
no_layernorm,sweeping,5,51,0.1639344262295082,91.30000000000007,2,0.02,49,0.49,100,0.034644974656403066,5137
no_layernorm,sweeping,5,52,0.16129032258064516,94.30000000000008,0,0.0,57,0.57,100,0.021779959429986773,5237
no_layernorm,sweeping,5,53,0.15873015873015872,93.30000000000004,1,0.01,48,0.48,100,0.019839446102268996,5337
no_layernorm,sweeping,5,54,0.15625,93.50000000000007,1,0.01,46,0.46,100,0.0231093043461442,5437
no_layernorm,sweeping,5,55,0.15384615384615385,89.40000000000003,3,0.03,49,0.49,100,0.029294877806678415,5537
no_layernorm,sweeping,5,56,0.15151515151515152,95.50000000000004,0,0.0,45,0.45,100,0.022024499010294674,5637
no_layernorm,sweeping,5,57,0.14925373134328357,91.80000000000007,2,0.02,44,0.44,100,0.018408067673444748,5737
no_layernorm,sweeping,5,58,0.14705882352941177,88.70000000000002,3,0.03,56,0.56,100,0.02060862610116601,5837
no_layernorm,sweeping,5,59,0.14492753623188406,91.90000000000003,2,0.02,43,0.43,100,0.021628662487491967,5937
no_layernorm,sweeping,5,60,0.14285714285714285,95.30000000000007,0,0.0,47,0.47,100,0.01843375545926392,6037
no_layernorm,sweeping,5,61,0.14084507042253522,89.30000000000004,3,0.03,50,0.5,100,0.018854151191189886,6137
no_layernorm,sweeping,5,62,0.1388888888888889,88.10000000000002,4,0.04,43,0.43,100,0.023754298938438296,6237
no_layernorm,sweeping,5,63,0.136986301369863,93.60000000000008,1,0.01,45,0.45,100,0.018762210067361593,6337
no_layernorm,sweeping,5,64,0.13513513513513511,93.60000000000008,1,0.01,45,0.45,100,0.022099270741455256,6437
no_layernorm,sweeping,5,65,0.13333333333333333,91.10000000000004,2,0.02,50,0.5,100,0.02412167502567172,6537
no_layernorm,sweeping,5,66,0.13157894736842105,92.90000000000006,1,0.01,52,0.52,100,0.018620518674142657,6637
no_layernorm,sweeping,5,67,0.12987012987012986,93.30000000000004,1,0.01,48,0.48,100,0.029039149233140053,6737
no_layernorm,sweeping,5,68,0.12820512820512822,91.90000000000003,2,0.02,43,0.43,100,0.025303510427474977,6837
no_layernorm,sweeping,5,69,0.12658227848101264,95.80000000000005,0,0.0,42,0.42,100,0.029783017793670298,6937
no_layernorm,sweeping,5,70,0.125,91.40000000000003,2,0.02,48,0.48,100,0.023267347537912427,7037
no_layernorm,sweeping,5,71,0.1234567901234568,92.10000000000005,2,0.02,41,0.41,100,0.026466018259525298,7137
no_layernorm,sweeping,5,72,0.12195121951219513,87.50000000000003,4,0.04,48,0.48,100,0.02452957256231457,7237
no_layernorm,sweeping,5,73,0.12048192771084336,87.70000000000002,4,0.04,47,0.47,100,0.037677507856860755,7337
no_layernorm,sweeping,5,74,0.11904761904761904,95.90000000000003,0,0.0,41,0.41,100,0.027264908254146576,7437
no_layernorm,sweeping,5,75,0.11764705882352941,93.20000000000006,1,0.01,49,0.49,100,0.024979767920449376,7537
no_layernorm,sweeping,5,76,0.11627906976744186,94.10000000000005,1,0.01,40,0.4,100,0.024686045683920382,7637
no_layernorm,sweeping,5,77,0.1149425287356322,93.70000000000005,1,0.01,44,0.44,100,0.02295890353154391,7737
no_layernorm,sweeping,5,78,0.11363636363636363,91.80000000000005,2,0.02,44,0.44,100,0.02630945556331426,7837
no_layernorm,sweeping,5,79,0.11235955056179775,93.60000000000005,1,0.01,45,0.45,100,0.019862230625003575,7937
no_layernorm,sweeping,5,80,0.1111111111111111,93.40000000000002,1,0.01,47,0.47,100,0.027128094569779933,8037
no_layernorm,sweeping,5,81,0.10989010989010989,88.00000000000003,4,0.04,44,0.44,100,0.020672713704407215,8137
no_layernorm,sweeping,5,82,0.10869565217391305,96.30000000000007,0,0.0,37,0.37,100,0.03313671835698187,8237
no_layernorm,sweeping,5,83,0.1075268817204301,94.10000000000005,1,0.01,40,0.4,100,0.026242182068526746,8337
no_layernorm,sweeping,5,84,0.10638297872340426,94.50000000000004,1,0.01,36,0.36,100,0.021463567479513584,8437
no_layernorm,sweeping,5,85,0.10526315789473684,92.30000000000001,2,0.02,38,0.38,100,0.0170324786612764,8537
no_layernorm,sweeping,5,86,0.10416666666666667,92.10000000000002,2,0.02,40,0.4,100,0.02525467364117503,8637
no_layernorm,sweeping,5,87,0.10309278350515465,96.20000000000005,0,0.0,38,0.38,100,0.02099983109161258,8737
no_layernorm,sweeping,5,88,0.1020408163265306,94.60000000000004,1,0.01,35,0.35,100,0.029608695940114556,8837
no_layernorm,sweeping,5,89,0.10101010101010101,92.00000000000003,2,0.02,42,0.42,100,0.021057643438689412,8937
no_layernorm,sweeping,5,90,0.1,96.40000000000005,0,0.0,36,0.36,100,0.033758261925540864,9037
no_layernorm,sweeping,5,91,0.09900990099009901,94.00000000000003,1,0.01,41,0.41,100,0.02442731000483036,9137
no_layernorm,sweeping,5,92,0.09803921568627452,92.60000000000005,2,0.02,36,0.36,100,0.025074518797919155,9237
no_layernorm,sweeping,5,93,0.0970873786407767,94.30000000000001,1,0.01,38,0.38,100,0.019145051683299243,9337
no_layernorm,sweeping,5,94,0.09615384615384615,93.70000000000006,1,0.01,44,0.44,100,0.0197059882665053,9437
no_layernorm,sweeping,5,95,0.09523809523809523,95.40000000000009,0,0.0,46,0.46,100,0.02037692741025239,9537
no_layernorm,sweeping,5,96,0.09433962264150944,92.10000000000004,2,0.02,41,0.41,100,0.019133842368610203,9637
no_layernorm,sweeping,5,97,0.09345794392523366,90.00000000000003,3,0.03,42,0.42,100,0.018555609011091292,9737
no_layernorm,sweeping,5,98,0.09259259259259259,94.80000000000004,1,0.01,32,0.32,100,0.018523506810888647,9837
no_layernorm,sweeping,5,99,0.09174311926605504,91.70000000000002,2,0.02,45,0.45,100,0.01722668627742678,9937
no_layernorm,sweeping,5,100,0.09090909090909091,96.00000000000003,0,0.0,40,0.4,100,0.02175080601358786,10037
no_layernorm,sweeping,5,101,0.0900900900900901,95.50000000000003,0,0.0,45,0.45,100,0.028500428511761128,10137
no_layernorm,sweeping,5,102,0.08928571428571429,91.60000000000002,2,0.02,46,0.46,100,0.022190680862404406,10237
no_layernorm,sweeping,5,103,0.08849557522123894,93.60000000000004,1,0.01,45,0.45,100,0.01987575473729521,10337
no_layernorm,sweeping,5,104,0.08771929824561403,94.10000000000005,1,0.01,39,0.39,100,0.017762630418874322,10437
no_layernorm,sweeping,5,105,0.08695652173913043,96.10000000000005,0,0.0,39,0.39,100,0.0241956246457994,10537
no_layernorm,sweeping,5,106,0.08620689655172414,96.30000000000007,0,0.0,37,0.37,100,0.02029149136971682,10637
no_layernorm,sweeping,5,107,0.08547008547008547,94.40000000000003,1,0.01,36,0.36,100,0.01550623900257051,10737
no_layernorm,sweeping,5,108,0.0847457627118644,94.50000000000003,1,0.01,36,0.36,100,0.02115140330977738,10837
no_layernorm,sweeping,5,109,0.08403361344537814,90.10000000000004,3,0.03,42,0.42,100,0.027666116442997008,10937
no_layernorm,sweeping,5,110,0.08333333333333333,93.70000000000006,1,0.01,44,0.44,100,0.02163163004908711,11037
no_layernorm,sweeping,5,111,0.08264462809917356,87.50000000000006,4,0.04,49,0.49,100,0.019942393978126347,11137
no_layernorm,sweeping,5,112,0.0819672131147541,93.50000000000003,1,0.01,46,0.46,100,0.02527858255431056,11237
no_layernorm,sweeping,5,113,0.08130081300813008,96.00000000000006,0,0.0,40,0.4,100,0.02605714834295213,11337
no_layernorm,sweeping,5,114,0.08064516129032258,96.20000000000006,0,0.0,38,0.38,100,0.020917907995171844,11437
no_layernorm,sweeping,5,115,0.08,91.90000000000005,2,0.02,42,0.42,100,0.018800956080667675,11537
no_layernorm,sweeping,5,116,0.07936507936507936,96.20000000000005,0,0.0,38,0.38,100,0.015234083766117693,11637
no_layernorm,sweeping,5,117,0.07874015748031496,94.00000000000003,1,0.01,41,0.41,100,0.01953370638890192,11737
no_layernorm,sweeping,5,118,0.078125,92.10000000000002,2,0.02,41,0.41,100,0.020772932837717237,11837
no_layernorm,sweeping,5,119,0.07751937984496124,97.30000000000004,0,0.0,27,0.27,100,0.023052591709420086,11937
no_layernorm,sweeping,5,120,0.07692307692307693,89.50000000000004,3,0.03,48,0.48,100,0.02351394548546523,12037
no_layernorm,sweeping,5,121,0.07633587786259542,96.20000000000006,0,0.0,38,0.38,100,0.025580497300252317,12137
no_layernorm,sweeping,5,122,0.07575757575757576,94.60000000000004,1,0.01,35,0.35,100,0.020469858557917178,12237
no_layernorm,sweeping,5,123,0.07518796992481203,96.30000000000004,0,0.0,37,0.37,100,0.019865984614007175,12337
no_layernorm,sweeping,5,124,0.07462686567164178,94.30000000000007,1,0.01,38,0.38,100,0.017039862819947304,12437
no_layernorm,sweeping,5,125,0.07407407407407407,94.40000000000003,1,0.01,37,0.37,100,0.013988061079289764,12537
no_layernorm,sweeping,5,126,0.07352941176470588,94.40000000000003,1,0.01,37,0.37,100,0.017270189428236337,12637
no_layernorm,sweeping,5,127,0.07299270072992702,92.40000000000003,2,0.02,38,0.38,100,0.026855230126529933,12737
no_layernorm,sweeping,5,128,0.07246376811594203,96.80000000000004,0,0.0,32,0.32,100,0.01870360261760652,12837
no_layernorm,sweeping,5,129,0.07194244604316546,95.00000000000004,1,0.01,31,0.31,100,0.018333036666736007,12937
no_layernorm,sweeping,5,130,0.07142857142857142,94.40000000000006,1,0.01,37,0.37,100,0.021074614031240346,13037
no_layernorm,sweeping,5,131,0.07092198581560284,92.40000000000003,2,0.02,37,0.37,100,0.02173953227698803,13137
no_layernorm,sweeping,5,132,0.07042253521126761,97.00000000000003,0,0.0,30,0.3,100,0.024214805222582073,13237
no_layernorm,sweeping,5,133,0.06993006993006992,88.20000000000003,4,0.04,42,0.42,100,0.018718205709010362,13337
no_layernorm,sweeping,5,134,0.06944444444444445,96.50000000000003,0,0.0,35,0.35,100,0.021050304281525312,13437
no_layernorm,sweeping,5,135,0.06896551724137931,96.50000000000004,0,0.0,35,0.35,100,0.018563385054003446,13537
no_layernorm,sweeping,5,136,0.0684931506849315,97.00000000000003,0,0.0,30,0.3,100,0.0163013754459098,13637
no_layernorm,sweeping,5,137,0.06802721088435375,94.60000000000002,1,0.01,35,0.35,100,0.01836307947989553,13737
no_layernorm,sweeping,5,138,0.06756756756756756,92.50000000000006,2,0.02,36,0.36,100,0.015473743083421141,13837
no_layernorm,sweeping,5,139,0.06711409395973154,92.30000000000004,2,0.02,39,0.39,100,0.018110689823515713,13937
no_layernorm,sweeping,5,140,0.06666666666666667,94.30000000000007,1,0.01,38,0.38,100,0.01835121076321229,14037
no_layernorm,sweeping,5,141,0.06622516556291391,92.00000000000006,2,0.02,41,0.41,100,0.021929318648763,14137
no_layernorm,sweeping,5,142,0.06578947368421052,96.20000000000005,0,0.0,38,0.38,100,0.015030417747329921,14237
no_layernorm,sweeping,5,143,0.06535947712418301,94.30000000000004,1,0.01,38,0.38,100,0.011904888583812863,14337
no_layernorm,sweeping,5,144,0.06493506493506493,95.70000000000007,0,0.0,43,0.43,100,0.018673300242517142,14437
no_layernorm,sweeping,5,145,0.06451612903225806,95.90000000000003,0,0.0,41,0.41,100,0.032163099283352495,14537
no_layernorm,sweeping,5,146,0.06410256410256411,95.80000000000005,0,0.0,42,0.42,100,0.017821008176542818,14637
no_layernorm,sweeping,5,147,0.06369426751592357,96.50000000000007,0,0.0,35,0.35,100,0.02066988083999604,14737
no_layernorm,sweeping,5,148,0.06329113924050632,96.30000000000004,0,0.0,37,0.37,100,0.016728733223862945,14837
no_layernorm,sweeping,5,149,0.06289308176100629,94.70000000000003,1,0.01,34,0.34,100,0.01906291668303311,14937
no_layernorm,sweeping,5,150,0.0625,94.50000000000004,1,0.01,36,0.36,100,0.014954384304583073,15037
no_layernorm,sweeping,5,151,0.06211180124223602,94.70000000000003,1,0.01,34,0.34,100,0.019987291018478574,15137
no_layernorm,sweeping,5,152,0.0617283950617284,96.00000000000003,0,0.0,40,0.4,100,0.018053050730377437,15237
no_layernorm,sweeping,5,153,0.06134969325153374,94.50000000000003,1,0.01,36,0.36,100,0.02257897102739662,15337
no_layernorm,sweeping,5,154,0.06097560975609757,94.50000000000003,1,0.01,36,0.36,100,0.022237736522220074,15437
no_layernorm,sweeping,5,155,0.06060606060606061,96.80000000000004,0,0.0,32,0.32,100,0.014981127793435007,15537
no_layernorm,sweeping,5,156,0.06024096385542168,96.50000000000003,0,0.0,35,0.35,100,0.014988919720053673,15637
no_layernorm,sweeping,5,157,0.059880239520958084,97.10000000000004,0,0.0,29,0.29,100,0.021571159739978613,15737
no_layernorm,sweeping,5,158,0.05952380952380952,96.70000000000005,0,0.0,33,0.33,100,0.02694790404289961,15837
no_layernorm,sweeping,5,159,0.0591715976331361,97.10000000000004,0,0.0,29,0.29,100,0.01445963216945529,15937
no_layernorm,sweeping,5,160,0.058823529411764705,96.50000000000004,0,0.0,35,0.35,100,0.020124359496403486,16037
no_layernorm,sweeping,5,161,0.05847953216374269,96.30000000000005,0,0.0,37,0.37,100,0.015314300779718905,16137
no_layernorm,sweeping,5,162,0.05813953488372093,92.50000000000001,2,0.02,37,0.37,100,0.013211644859984517,16237
no_layernorm,sweeping,5,163,0.057803468208092484,96.50000000000003,0,0.0,35,0.35,100,0.012550139573868364,16337
no_layernorm,sweeping,5,164,0.0574712643678161,94.10000000000002,1,0.01,40,0.4,100,0.014790223001036794,16437
no_layernorm,sweeping,5,165,0.05714285714285714,92.50000000000003,2,0.02,36,0.36,100,0.020485305823385716,16537
no_layernorm,sweeping,5,166,0.056818181818181816,92.50000000000006,2,0.02,37,0.37,100,0.018019852158613504,16637
no_layernorm,sweeping,5,167,0.05649717514124294,92.60000000000005,2,0.02,36,0.36,100,0.021079327517654747,16737
no_layernorm,sweeping,5,168,0.056179775280898875,96.40000000000003,0,0.0,36,0.36,100,0.014186676810495555,16837
no_layernorm,sweeping,5,169,0.0558659217877095,96.70000000000005,0,0.0,33,0.33,100,0.020076742654200643,16937
no_layernorm,sweeping,5,170,0.05555555555555555,94.90000000000003,1,0.01,32,0.32,100,0.016975798259954898,17037
no_layernorm,sweeping,5,171,0.055248618784530384,94.70000000000003,1,0.01,34,0.34,100,0.015295894942246377,17137
no_layernorm,sweeping,5,172,0.054945054945054944,94.80000000000004,1,0.01,33,0.33,100,0.015383113718125969,17237
no_layernorm,sweeping,5,173,0.0546448087431694,97.10000000000002,0,0.0,29,0.29,100,0.021881074886769058,17337
no_layernorm,sweeping,5,174,0.05434782608695653,94.40000000000003,1,0.01,37,0.37,100,0.01478104948066175,17437
no_layernorm,sweeping,5,175,0.05405405405405406,92.80000000000003,2,0.02,34,0.34,100,0.013528925515711308,17537
no_layernorm,sweeping,5,176,0.05376344086021505,94.80000000000003,1,0.01,33,0.33,100,0.014837937941774727,17637
no_layernorm,sweeping,5,177,0.053475935828877004,93.30000000000004,2,0.02,29,0.29,100,0.0148758700536564,17737
no_layernorm,sweeping,5,178,0.05319148936170213,97.30000000000004,0,0.0,27,0.27,100,0.018830154757015407,17837
no_layernorm,sweeping,5,179,0.052910052910052914,95.00000000000004,1,0.01,31,0.31,100,0.012204697839915752,17937
no_layernorm,sweeping,5,180,0.05263157894736842,94.90000000000005,1,0.01,32,0.32,100,0.016878550127148628,18037
no_layernorm,sweeping,5,181,0.05235602094240837,95.10000000000002,1,0.01,29,0.29,100,0.01945523632923141,18137
no_layernorm,sweeping,5,182,0.052083333333333336,97.40000000000003,0,0.0,26,0.26,100,0.013805953729897737,18237
no_layernorm,sweeping,5,183,0.05181347150259067,96.50000000000004,0,0.0,35,0.35,100,0.017614261964336037,18337
no_layernorm,sweeping,5,184,0.051546391752577324,96.60000000000002,0,0.0,34,0.34,100,0.018074214442167433,18437
no_layernorm,sweeping,5,185,0.05128205128205128,96.70000000000005,0,0.0,33,0.33,100,0.012420076737180352,18537
no_layernorm,sweeping,5,186,0.0510204081632653,96.80000000000004,0,0.0,32,0.32,100,0.020502197104506195,18637
no_layernorm,sweeping,5,187,0.050761421319796954,95.10000000000002,1,0.01,30,0.3,100,0.012276702034287155,18737
no_layernorm,sweeping,5,188,0.050505050505050504,96.70000000000003,0,0.0,33,0.33,100,0.00935720229987055,18837
no_layernorm,sweeping,5,189,0.05025125628140704,96.60000000000004,0,0.0,34,0.34,100,0.01954580915393308,18937
no_layernorm,sweeping,5,190,0.05,96.90000000000003,0,0.0,31,0.31,100,0.014218558864668012,19037
no_layernorm,sweeping,5,191,0.04975124378109452,94.80000000000003,1,0.01,33,0.33,100,0.012036100125405937,19137
no_layernorm,sweeping,5,192,0.04950495049504951,97.20000000000003,0,0.0,28,0.28,100,0.015037149442359805,19237
no_layernorm,sweeping,5,193,0.04926108374384236,96.20000000000006,0,0.0,38,0.38,100,0.013779158412944525,19337
no_layernorm,sweeping,5,194,0.04901960784313726,96.90000000000003,0,0.0,31,0.31,100,0.010288178666960447,19437
no_layernorm,sweeping,5,195,0.04878048780487805,92.20000000000005,2,0.02,40,0.4,100,0.011311310441233218,19537
no_layernorm,sweeping,5,196,0.04854368932038835,96.70000000000003,0,0.0,33,0.33,100,0.016258198712021114,19637
no_layernorm,sweeping,5,197,0.04830917874396135,96.40000000000003,0,0.0,36,0.36,100,0.013217485838104039,19737
no_layernorm,sweeping,5,198,0.04807692307692307,96.60000000000005,0,0.0,34,0.34,100,0.01107987142400816,19837
no_layernorm,sweeping,5,199,0.04784688995215311,96.60000000000004,0,0.0,34,0.34,100,0.014707776606082917,19937
no_layernorm,sweeping,6,0,1.0,68.69999999999997,12,0.12,83,0.83,100,0.10766655554038447,37
no_layernorm,sweeping,6,1,0.9090909090909091,63.19999999999994,15,0.15,81,0.81,100,0.028952875277027487,137
no_layernorm,sweeping,6,2,0.8333333333333334,72.09999999999997,10,0.1,88,0.88,100,0.016716087870299816,237
no_layernorm,sweeping,6,3,0.7692307692307692,74.6,9,0.09,83,0.83,100,0.012918472443707286,337
no_layernorm,sweeping,6,4,0.7142857142857143,78.20000000000002,7,0.07,85,0.85,100,0.01287465997505933,437
no_layernorm,sweeping,6,5,0.6666666666666666,75.3,9,0.09,76,0.76,100,0.015943585936911406,537
no_layernorm,sweeping,6,6,0.625,72.8,10,0.1,79,0.79,100,0.011963500729762018,637
no_layernorm,sweeping,6,7,0.5882352941176471,86.20000000000005,3,0.03,81,0.81,100,0.01630746137816459,737
no_layernorm,sweeping,6,8,0.5555555555555556,88.30000000000007,2,0.02,79,0.79,100,0.01592654007486999,837
no_layernorm,sweeping,6,9,0.5263157894736842,80.50000000000004,6,0.06,81,0.81,100,0.013341256193816662,937
no_layernorm,sweeping,6,10,0.5,88.70000000000007,2,0.02,74,0.74,100,0.013466498218476772,1037
no_layernorm,sweeping,6,11,0.47619047619047616,79.30000000000003,7,0.07,74,0.74,100,0.012767501384951174,1137
no_layernorm,sweeping,6,12,0.45454545454545453,79.10000000000001,7,0.07,75,0.75,100,0.011657466730102897,1237
no_layernorm,sweeping,6,13,0.4347826086956522,79.10000000000001,7,0.07,76,0.76,100,0.013799192295409738,1337
no_layernorm,sweeping,6,14,0.4166666666666667,89.6000000000001,2,0.02,66,0.66,100,0.02049491799902171,1437
no_layernorm,sweeping,6,15,0.4,88.90000000000003,2,0.02,73,0.73,100,0.015690477648749947,1537
no_layernorm,sweeping,6,16,0.3846153846153846,77.40000000000002,8,0.08,72,0.72,100,0.023676864015869797,1637
no_layernorm,sweeping,6,17,0.37037037037037035,88.40000000000003,3,0.03,59,0.59,100,0.02435623705852777,1737
no_layernorm,sweeping,6,18,0.35714285714285715,81.70000000000005,6,0.06,69,0.69,100,0.019243394169025124,1837
no_layernorm,sweeping,6,19,0.3448275862068966,89.10000000000005,2,0.02,71,0.71,100,0.014746521655470133,1937
no_layernorm,sweeping,6,20,0.3333333333333333,86.10000000000005,4,0.04,61,0.61,100,0.02612944379914552,2037
no_layernorm,sweeping,6,21,0.3225806451612903,86.10000000000005,4,0.04,63,0.63,100,0.020384382870979607,2137
no_layernorm,sweeping,6,22,0.3125,82.50000000000003,6,0.06,61,0.61,100,0.02140286218840629,2237
no_layernorm,sweeping,6,23,0.30303030303030304,90.30000000000007,2,0.02,59,0.59,100,0.02111613973043859,2337
no_layernorm,sweeping,6,24,0.29411764705882354,88.00000000000006,3,0.03,63,0.63,100,0.017569677052088083,2437
no_layernorm,sweeping,6,25,0.2857142857142857,77.80000000000003,8,0.08,69,0.69,100,0.013537804465740919,2537
no_layernorm,sweeping,6,26,0.2777777777777778,92.30000000000007,1,0.01,58,0.58,100,0.018636388275772332,2637
no_layernorm,sweeping,6,27,0.27027027027027023,94.90000000000005,0,0.0,51,0.51,100,0.01712991777341813,2737
no_layernorm,sweeping,6,28,0.2631578947368421,87.60000000000007,3,0.03,67,0.67,100,0.021049007247202097,2837
no_layernorm,sweeping,6,29,0.25641025641025644,89.00000000000004,3,0.03,53,0.53,100,0.018692086446098984,2937
no_layernorm,sweeping,6,30,0.25,88.20000000000002,3,0.03,61,0.61,100,0.018070683116093278,3037
no_layernorm,sweeping,6,31,0.24390243902439027,87.70000000000006,3,0.03,66,0.66,100,0.015820124386809766,3137
no_layernorm,sweeping,6,32,0.23809523809523808,87.80000000000003,3,0.03,65,0.65,100,0.018599711759015918,3237
no_layernorm,sweeping,6,33,0.23255813953488372,82.90000000000003,6,0.06,56,0.56,100,0.020526349358260632,3337
no_layernorm,sweeping,6,34,0.22727272727272727,90.20000000000003,2,0.02,60,0.6,100,0.019126134561374783,3437
no_layernorm,sweeping,6,35,0.2222222222222222,93.10000000000005,1,0.01,50,0.5,100,0.018964175153523683,3537
no_layernorm,sweeping,6,36,0.2173913043478261,88.30000000000007,3,0.03,59,0.59,100,0.020207189274951815,3637
no_layernorm,sweeping,6,37,0.2127659574468085,93.90000000000003,1,0.01,42,0.42,100,0.024740255759097635,3737
no_layernorm,sweeping,6,38,0.20833333333333334,90.80000000000004,2,0.02,54,0.54,100,0.026603332683444024,3837
no_layernorm,sweeping,6,39,0.2040816326530612,87.80000000000005,4,0.04,46,0.46,100,0.024039314407855273,3937
no_layernorm,sweeping,6,40,0.2,92.90000000000003,1,0.01,52,0.52,100,0.02202368524391204,4037
no_layernorm,sweeping,6,41,0.19607843137254904,91.50000000000003,2,0.02,47,0.47,100,0.01918326235143468,4137
no_layernorm,sweeping,6,42,0.1923076923076923,81.0,7,0.07,57,0.57,100,0.021280750865116715,4237
no_layernorm,sweeping,6,43,0.18867924528301888,93.30000000000003,1,0.01,48,0.48,100,0.02432496067136526,4337
no_layernorm,sweeping,6,44,0.18518518518518517,91.50000000000006,2,0.02,47,0.47,100,0.02271921013481915,4437
no_layernorm,sweeping,6,45,0.18181818181818182,91.10000000000005,2,0.02,50,0.5,100,0.0205081137875095,4537
no_layernorm,sweeping,6,46,0.17857142857142858,94.40000000000008,0,0.0,56,0.56,100,0.027091226135380567,4637
no_layernorm,sweeping,6,47,0.17543859649122806,91.1,2,0.02,50,0.5,100,0.025573682482354344,4737
no_layernorm,sweeping,6,48,0.1724137931034483,90.90000000000002,2,0.02,52,0.52,100,0.02508961329702288,4837
no_layernorm,sweeping,6,49,0.1694915254237288,95.60000000000005,0,0.0,44,0.44,100,0.023764129634946583,4937
no_layernorm,sweeping,6,50,0.16666666666666666,91.00000000000006,2,0.02,50,0.5,100,0.020800302121788263,5037
no_layernorm,sweeping,6,51,0.1639344262295082,87.50000000000003,4,0.04,49,0.49,100,0.020408303043805063,5137
no_layernorm,sweeping,6,52,0.16129032258064516,89.90000000000005,3,0.03,44,0.44,100,0.02051056711934507,5237
no_layernorm,sweeping,6,53,0.15873015873015872,94.60000000000002,0,0.0,54,0.54,100,0.02649368466809392,5337
no_layernorm,sweeping,6,54,0.15625,87.70000000000003,4,0.04,46,0.46,100,0.026696224100887775,5437
no_layernorm,sweeping,6,55,0.15384615384615385,93.10000000000005,1,0.01,49,0.49,100,0.026063467101193963,5537
no_layernorm,sweeping,6,56,0.15151515151515152,93.80000000000005,1,0.01,43,0.43,100,0.021147053199820222,5637
no_layernorm,sweeping,6,57,0.14925373134328357,93.60000000000005,1,0.01,45,0.45,100,0.026115307714790106,5737
no_layernorm,sweeping,6,58,0.14705882352941177,89.30000000000001,3,0.03,50,0.5,100,0.022348078484646976,5837
no_layernorm,sweeping,6,59,0.14492753623188406,91.00000000000004,2,0.02,52,0.52,100,0.023217384284362198,5937
no_layernorm,sweeping,6,60,0.14285714285714285,92.90000000000006,1,0.01,52,0.52,100,0.02311537102330476,6037
no_layernorm,sweeping,6,61,0.14084507042253522,85.30000000000003,5,0.05,51,0.51,100,0.030145301036536693,6137
no_layernorm,sweeping,6,62,0.1388888888888889,91.30000000000003,2,0.02,49,0.49,100,0.02347505512647331,6237
no_layernorm,sweeping,6,63,0.136986301369863,95.70000000000007,0,0.0,43,0.43,100,0.020529939306434243,6337
no_layernorm,sweeping,6,64,0.13513513513513511,92.30000000000005,1,0.01,58,0.58,100,0.032349140751175585,6437
no_layernorm,sweeping,6,65,0.13333333333333333,96.00000000000003,0,0.0,40,0.4,100,0.022606007317081095,6537
no_layernorm,sweeping,6,66,0.13157894736842105,91.90000000000005,2,0.02,43,0.43,100,0.021703161760233344,6637
no_layernorm,sweeping,6,67,0.12987012987012986,93.20000000000006,1,0.01,48,0.48,100,0.04453956591431051,6737
no_layernorm,sweeping,6,68,0.12820512820512822,92.80000000000005,1,0.01,53,0.53,100,0.021423597102984786,6837
no_layernorm,sweeping,6,69,0.12658227848101264,95.40000000000008,0,0.0,46,0.46,100,0.0323854400543496,6937
no_layernorm,sweeping,6,70,0.125,96.50000000000003,0,0.0,35,0.35,100,0.020161690106615424,7037
no_layernorm,sweeping,6,71,0.1234567901234568,92.90000000000008,1,0.01,52,0.52,100,0.02686703426297754,7137
no_layernorm,sweeping,6,72,0.12195121951219513,91.20000000000005,2,0.02,50,0.5,100,0.030507042012177406,7237
no_layernorm,sweeping,6,73,0.12048192771084336,95.60000000000005,0,0.0,44,0.44,100,0.020961095350794493,7337
no_layernorm,sweeping,6,74,0.11904761904761904,91.60000000000004,2,0.02,46,0.46,100,0.02626761400140822,7437
no_layernorm,sweeping,6,75,0.11764705882352941,93.50000000000007,1,0.01,46,0.46,100,0.02470663858577609,7537
no_layernorm,sweeping,6,76,0.11627906976744186,94.40000000000003,1,0.01,37,0.37,100,0.025933084571734072,7637
no_layernorm,sweeping,6,77,0.1149425287356322,95.40000000000006,0,0.0,46,0.46,100,0.023129601636901496,7737
no_layernorm,sweeping,6,78,0.11363636363636363,95.30000000000005,0,0.0,47,0.47,100,0.023290364402346313,7837
no_layernorm,sweeping,6,79,0.11235955056179775,91.60000000000004,2,0.02,46,0.46,100,0.021609243932180108,7937
no_layernorm,sweeping,6,80,0.1111111111111111,93.70000000000007,1,0.01,44,0.44,100,0.023368376791477203,8037
no_layernorm,sweeping,6,81,0.10989010989010989,91.50000000000006,2,0.02,47,0.47,100,0.023918035309761762,8137
no_layernorm,sweeping,6,82,0.10869565217391305,94.20000000000005,1,0.01,39,0.39,100,0.024069693200290204,8237
no_layernorm,sweeping,6,83,0.1075268817204301,91.90000000000005,2,0.02,43,0.43,100,0.020274963020347057,8337
no_layernorm,sweeping,6,84,0.10638297872340426,87.30000000000001,4,0.04,50,0.5,100,0.020535312267020343,8437
no_layernorm,sweeping,6,85,0.10526315789473684,91.50000000000004,2,0.02,46,0.46,100,0.025444733370095493,8537
no_layernorm,sweeping,6,86,0.10416666666666667,94.30000000000004,1,0.01,38,0.38,100,0.023152091945521532,8637
no_layernorm,sweeping,6,87,0.10309278350515465,92.90000000000008,1,0.01,52,0.52,100,0.026430713632144033,8737
no_layernorm,sweeping,6,88,0.1020408163265306,96.50000000000004,0,0.0,35,0.35,100,0.02105878612725064,8837
no_layernorm,sweeping,6,89,0.10101010101010101,96.10000000000008,0,0.0,39,0.39,100,0.022542224419303238,8937
no_layernorm,sweeping,6,90,0.1,93.70000000000006,1,0.01,44,0.44,100,0.019967406555078924,9037
no_layernorm,sweeping,6,91,0.09900990099009901,93.80000000000008,1,0.01,43,0.43,100,0.021385769308544696,9137
no_layernorm,sweeping,6,92,0.09803921568627452,93.90000000000005,1,0.01,42,0.42,100,0.02248869875445962,9237
no_layernorm,sweeping,6,93,0.0970873786407767,94.20000000000003,1,0.01,39,0.39,100,0.019939444111660123,9337
no_layernorm,sweeping,6,94,0.09615384615384615,91.40000000000003,2,0.02,47,0.47,100,0.021149252150207756,9437
no_layernorm,sweeping,6,95,0.09523809523809523,96.40000000000003,0,0.0,36,0.36,100,0.024291682897601276,9537
no_layernorm,sweeping,6,96,0.09433962264150944,95.40000000000003,0,0.0,46,0.46,100,0.026620261818170548,9637
no_layernorm,sweeping,6,97,0.09345794392523366,94.00000000000004,1,0.01,41,0.41,100,0.022740779584273695,9737
no_layernorm,sweeping,6,98,0.09259259259259259,86.30000000000001,5,0.05,42,0.42,100,0.022467001504264773,9837
no_layernorm,sweeping,6,99,0.09174311926605504,94.60000000000005,1,0.01,35,0.35,100,0.02490129178855568,9937
no_layernorm,sweeping,6,100,0.09090909090909091,96.60000000000004,0,0.0,34,0.34,100,0.02125798230059445,10037
no_layernorm,sweeping,6,101,0.0900900900900901,93.80000000000004,1,0.01,43,0.43,100,0.019600272560492158,10137
no_layernorm,sweeping,6,102,0.08928571428571429,93.70000000000005,1,0.01,44,0.44,100,0.02033562116790563,10237
no_layernorm,sweeping,6,103,0.08849557522123894,95.40000000000006,0,0.0,46,0.46,100,0.027449448257684708,10337
no_layernorm,sweeping,6,104,0.08771929824561403,89.80000000000004,3,0.03,45,0.45,100,0.02359755929093808,10437
no_layernorm,sweeping,6,105,0.08695652173913043,90.00000000000004,3,0.03,43,0.43,100,0.021919605783186854,10537
no_layernorm,sweeping,6,106,0.08620689655172414,96.60000000000005,0,0.0,34,0.34,100,0.02386699865106493,10637
no_layernorm,sweeping,6,107,0.08547008547008547,95.70000000000005,0,0.0,43,0.43,100,0.03023183882236481,10737
no_layernorm,sweeping,6,108,0.0847457627118644,96.50000000000006,0,0.0,35,0.35,100,0.025429918789304794,10837
no_layernorm,sweeping,6,109,0.08403361344537814,93.80000000000007,1,0.01,43,0.43,100,0.018407924808561803,10937
no_layernorm,sweeping,6,110,0.08333333333333333,95.80000000000007,0,0.0,42,0.42,100,0.020621027406305073,11037
no_layernorm,sweeping,6,111,0.08264462809917356,96.00000000000006,0,0.0,40,0.4,100,0.024984261754434557,11137
no_layernorm,sweeping,6,112,0.0819672131147541,95.70000000000006,0,0.0,43,0.43,100,0.021458769673481582,11237
no_layernorm,sweeping,6,113,0.08130081300813008,94.00000000000004,1,0.01,41,0.41,100,0.021133226216770707,11337
no_layernorm,sweeping,6,114,0.08064516129032258,96.40000000000003,0,0.0,36,0.36,100,0.03282869884744286,11437
no_layernorm,sweeping,6,115,0.08,96.20000000000005,0,0.0,38,0.38,100,0.02118155642412603,11537
no_layernorm,sweeping,6,116,0.07936507936507936,96.30000000000005,0,0.0,37,0.37,100,0.019571314579807222,11637
no_layernorm,sweeping,6,117,0.07874015748031496,96.10000000000005,0,0.0,39,0.39,100,0.021791070140898226,11737
no_layernorm,sweeping,6,118,0.078125,95.40000000000006,0,0.0,46,0.46,100,0.027540167788974942,11837
no_layernorm,sweeping,6,119,0.07751937984496124,96.20000000000002,0,0.0,38,0.38,100,0.019224644245114178,11937
no_layernorm,sweeping,6,120,0.07692307692307693,94.70000000000005,1,0.01,34,0.34,100,0.020707468623295425,12037
no_layernorm,sweeping,6,121,0.07633587786259542,91.70000000000003,2,0.02,45,0.45,100,0.021444730330258607,12137
no_layernorm,sweeping,6,122,0.07575757575757576,93.90000000000002,1,0.01,42,0.42,100,0.018419588492251934,12237
no_layernorm,sweeping,6,123,0.07518796992481203,92.00000000000007,2,0.02,42,0.42,100,0.018051579082384705,12337
no_layernorm,sweeping,6,124,0.07462686567164178,96.80000000000004,0,0.0,32,0.32,100,0.021605500061996283,12437
no_layernorm,sweeping,6,125,0.07407407407407407,96.80000000000004,0,0.0,32,0.32,100,0.019990306971594693,12537
no_layernorm,sweeping,6,126,0.07352941176470588,94.30000000000007,1,0.01,38,0.38,100,0.02022977585438639,12637
no_layernorm,sweeping,6,127,0.07299270072992702,96.20000000000002,0,0.0,38,0.38,100,0.028296615229919553,12737
no_layernorm,sweeping,6,128,0.07246376811594203,96.70000000000002,0,0.0,33,0.33,100,0.023105845795944335,12837
no_layernorm,sweeping,6,129,0.07194244604316546,94.60000000000005,1,0.01,35,0.35,100,0.019329020413570108,12937
no_layernorm,sweeping,6,130,0.07142857142857142,93.70000000000003,1,0.01,44,0.44,100,0.024747748281806706,13037
no_layernorm,sweeping,6,131,0.07092198581560284,95.70000000000006,0,0.0,43,0.43,100,0.024879857688210903,13137
no_layernorm,sweeping,6,132,0.07042253521126761,93.90000000000003,1,0.01,42,0.42,100,0.023690271163359283,13237
no_layernorm,sweeping,6,133,0.06993006993006992,89.70000000000005,3,0.03,46,0.46,100,0.015047972556203604,13337
no_layernorm,sweeping,6,134,0.06944444444444445,96.70000000000003,0,0.0,33,0.33,100,0.027769525535404682,13437
no_layernorm,sweeping,6,135,0.06896551724137931,94.30000000000004,1,0.01,38,0.38,100,0.018403067053295672,13537
no_layernorm,sweeping,6,136,0.0684931506849315,93.90000000000003,1,0.01,42,0.42,100,0.02689516024198383,13637
no_layernorm,sweeping,6,137,0.06802721088435375,96.10000000000004,0,0.0,39,0.39,100,0.019533897656947373,13737
no_layernorm,sweeping,6,138,0.06756756756756756,96.30000000000004,0,0.0,37,0.37,100,0.016605923837050795,13837
no_layernorm,sweeping,6,139,0.06711409395973154,96.10000000000007,0,0.0,39,0.39,100,0.015908744032494725,13937
no_layernorm,sweeping,6,140,0.06666666666666667,96.30000000000005,0,0.0,37,0.37,100,0.019959503915160895,14037
no_layernorm,sweeping,6,141,0.06622516556291391,96.40000000000003,0,0.0,36,0.36,100,0.019094794201664628,14137
no_layernorm,sweeping,6,142,0.06578947368421052,96.30000000000005,0,0.0,37,0.37,100,0.016988261479418724,14237
no_layernorm,sweeping,6,143,0.06535947712418301,96.20000000000003,0,0.0,38,0.38,100,0.01590228665852919,14337
no_layernorm,sweeping,6,144,0.06493506493506493,92.50000000000004,2,0.02,37,0.37,100,0.02146080690436065,14437
no_layernorm,sweeping,6,145,0.06451612903225806,96.50000000000003,0,0.0,35,0.35,100,0.023199757351540028,14537
no_layernorm,sweeping,6,146,0.06410256410256411,91.30000000000004,2,0.02,49,0.49,100,0.019593331613577902,14637
no_layernorm,sweeping,6,147,0.06369426751592357,97.00000000000003,0,0.0,30,0.3,100,0.029686516602523624,14737
no_layernorm,sweeping,6,148,0.06329113924050632,92.30000000000001,2,0.02,39,0.39,100,0.013147304253652691,14837
no_layernorm,sweeping,6,149,0.06289308176100629,96.10000000000007,0,0.0,39,0.39,100,0.01810822242870927,14937
no_layernorm,sweeping,6,150,0.0625,94.40000000000005,1,0.01,37,0.37,100,0.01757530278991908,15037
no_layernorm,sweeping,6,151,0.06211180124223602,95.10000000000005,1,0.01,30,0.3,100,0.017096930984407663,15137
no_layernorm,sweeping,6,152,0.0617283950617284,96.20000000000005,0,0.0,38,0.38,100,0.020524227684363724,15237
no_layernorm,sweeping,6,153,0.06134969325153374,95.80000000000004,0,0.0,42,0.42,100,0.01663631775882095,15337
no_layernorm,sweeping,6,154,0.06097560975609757,90.20000000000003,3,0.03,41,0.41,100,0.015668038863223047,15437
no_layernorm,sweeping,6,155,0.06060606060606061,96.90000000000006,0,0.0,31,0.31,100,0.017646077442914247,15537
no_layernorm,sweeping,6,156,0.06024096385542168,94.80000000000004,1,0.01,33,0.33,100,0.017561815138906242,15637
no_layernorm,sweeping,6,157,0.059880239520958084,94.80000000000004,1,0.01,33,0.33,100,0.024543069838546216,15737
no_layernorm,sweeping,6,158,0.05952380952380952,92.60000000000005,2,0.02,35,0.35,100,0.016331180923152715,15837
no_layernorm,sweeping,6,159,0.0591715976331361,94.10000000000004,1,0.01,40,0.4,100,0.020630297351162882,15937
no_layernorm,sweeping,6,160,0.058823529411764705,94.90000000000006,1,0.01,32,0.32,100,0.014892109418287874,16037
no_layernorm,sweeping,6,161,0.05847953216374269,95.60000000000004,0,0.0,44,0.44,100,0.01762851560022682,16137
no_layernorm,sweeping,6,162,0.05813953488372093,97.00000000000006,0,0.0,30,0.3,100,0.015634463597089053,16237
no_layernorm,sweeping,6,163,0.057803468208092484,90.20000000000007,3,0.03,41,0.41,100,0.01415154363727197,16337
no_layernorm,sweeping,6,164,0.0574712643678161,96.70000000000005,0,0.0,33,0.33,100,0.016339464941993356,16437
no_layernorm,sweeping,6,165,0.05714285714285714,96.50000000000004,0,0.0,35,0.35,100,0.014030405064113438,16537
no_layernorm,sweeping,6,166,0.056818181818181816,96.80000000000004,0,0.0,32,0.32,100,0.012845964857842774,16637
no_layernorm,sweeping,6,167,0.05649717514124294,94.30000000000005,1,0.01,38,0.38,100,0.018223122528288515,16737
no_layernorm,sweeping,6,168,0.056179775280898875,94.50000000000006,1,0.01,36,0.36,100,0.017808243525214495,16837
no_layernorm,sweeping,6,169,0.0558659217877095,90.20000000000003,3,0.03,40,0.4,100,0.022644763425923885,16937
no_layernorm,sweeping,6,170,0.05555555555555555,91.50000000000003,2,0.02,47,0.47,100,0.016977132060565055,17037
no_layernorm,sweeping,6,171,0.055248618784530384,96.80000000000004,0,0.0,32,0.32,100,0.018589589917100965,17137
no_layernorm,sweeping,6,172,0.054945054945054944,97.00000000000004,0,0.0,30,0.3,100,0.01711687466595322,17237
no_layernorm,sweeping,6,173,0.0546448087431694,95.10000000000004,1,0.01,29,0.29,100,0.013862869718577713,17337
no_layernorm,sweeping,6,174,0.05434782608695653,95.10000000000002,1,0.01,30,0.3,100,0.018701086631044746,17437
no_layernorm,sweeping,6,175,0.05405405405405406,96.50000000000004,0,0.0,35,0.35,100,0.015484367867466063,17537
no_layernorm,sweeping,6,176,0.05376344086021505,96.80000000000004,0,0.0,32,0.32,100,0.01498199259629473,17637
no_layernorm,sweeping,6,177,0.053475935828877004,94.20000000000005,1,0.01,39,0.39,100,0.02093186660669744,17737
no_layernorm,sweeping,6,178,0.05319148936170213,94.90000000000003,1,0.01,32,0.32,100,0.021191112780943513,17837
no_layernorm,sweeping,6,179,0.052910052910052914,92.00000000000003,2,0.02,42,0.42,100,0.017245531980879605,17937
no_layernorm,sweeping,6,180,0.05263157894736842,96.00000000000006,0,0.0,40,0.4,100,0.019069386587943882,18037
no_layernorm,sweeping,6,181,0.05235602094240837,94.90000000000003,1,0.01,31,0.31,100,0.013995377505198121,18137
no_layernorm,sweeping,6,182,0.052083333333333336,96.30000000000007,0,0.0,37,0.37,100,0.014866956223268063,18237
no_layernorm,sweeping,6,183,0.05181347150259067,96.10000000000007,0,0.0,39,0.39,100,0.01946074902545661,18337
no_layernorm,sweeping,6,184,0.051546391752577324,94.60000000000002,1,0.01,34,0.34,100,0.017116663907654584,18437
no_layernorm,sweeping,6,185,0.05128205128205128,94.70000000000005,1,0.01,34,0.34,100,0.014931394653394818,18537
no_layernorm,sweeping,6,186,0.0510204081632653,93.00000000000003,2,0.02,31,0.31,100,0.014177221619756892,18637
no_layernorm,sweeping,6,187,0.050761421319796954,96.20000000000005,0,0.0,38,0.38,100,0.014352463595569133,18737
no_layernorm,sweeping,6,188,0.050505050505050504,96.70000000000005,0,0.0,33,0.33,100,0.018325372408144178,18837
no_layernorm,sweeping,6,189,0.05025125628140704,97.00000000000006,0,0.0,30,0.3,100,0.012582223014906049,18937
no_layernorm,sweeping,6,190,0.05,94.60000000000004,1,0.01,35,0.35,100,0.017956787815783172,19037
no_layernorm,sweeping,6,191,0.04975124378109452,96.70000000000006,0,0.0,33,0.33,100,0.014598987477365882,19137
no_layernorm,sweeping,6,192,0.04950495049504951,97.30000000000004,0,0.0,27,0.27,100,0.018569787468295545,19237
no_layernorm,sweeping,6,193,0.04926108374384236,96.90000000000002,0,0.0,31,0.31,100,0.017232627111952753,19337
no_layernorm,sweeping,6,194,0.04901960784313726,96.80000000000004,0,0.0,32,0.32,100,0.011011160127818585,19437
no_layernorm,sweeping,6,195,0.04878048780487805,96.70000000000005,0,0.0,33,0.33,100,0.016902232486754657,19537
no_layernorm,sweeping,6,196,0.04854368932038835,96.50000000000006,0,0.0,35,0.35,100,0.012355866674333811,19637
no_layernorm,sweeping,6,197,0.04830917874396135,97.10000000000005,0,0.0,29,0.29,100,0.015057357801124454,19737
no_layernorm,sweeping,6,198,0.04807692307692307,95.20000000000003,1,0.01,29,0.29,100,0.012072350077796728,19837
no_layernorm,sweeping,6,199,0.04784688995215311,95.30000000000004,1,0.01,28,0.28,100,0.016541551747359336,19937
no_layernorm,sweeping,7,0,1.0,64.39999999999993,14,0.14,88,0.88,100,0.20440220571047552,37
no_layernorm,sweeping,7,1,0.9090909090909091,81.70000000000005,5,0.05,88,0.88,100,0.03214623362757266,137
no_layernorm,sweeping,7,2,0.8333333333333334,74.1,9,0.09,88,0.88,100,0.020008972273208202,237
no_layernorm,sweeping,7,3,0.7692307692307692,69.79999999999997,11,0.11,89,0.89,100,0.013934737448580562,337
no_layernorm,sweeping,7,4,0.7142857142857143,79.70000000000002,6,0.06,88,0.88,100,0.015525148971937597,437
no_layernorm,sweeping,7,5,0.6666666666666666,74.29999999999998,9,0.09,86,0.86,100,0.01787576049566269,537
no_layernorm,sweeping,7,6,0.625,83.60000000000004,4,0.04,87,0.87,100,0.013183892774395644,637
no_layernorm,sweeping,7,7,0.5882352941176471,83.20000000000005,5,0.05,72,0.72,100,0.012881638114340604,737
no_layernorm,sweeping,7,8,0.5555555555555556,66.69999999999993,13,0.13,85,0.85,100,0.011511457250453532,837
no_layernorm,sweeping,7,9,0.5263157894736842,78.8,7,0.07,79,0.79,100,0.014162515737116337,937
no_layernorm,sweeping,7,10,0.5,79.50000000000003,7,0.07,69,0.69,100,0.015987604963593183,1037
no_layernorm,sweeping,7,11,0.47619047619047616,81.40000000000005,6,0.06,72,0.72,100,0.011435410464182496,1137
no_layernorm,sweeping,7,12,0.45454545454545453,83.30000000000004,5,0.05,72,0.72,100,0.01791534495074302,1237
no_layernorm,sweeping,7,13,0.4347826086956522,83.20000000000003,5,0.05,73,0.73,100,0.01450562855694443,1337
no_layernorm,sweeping,7,14,0.4166666666666667,83.40000000000006,5,0.05,71,0.71,100,0.013188839689828456,1437
no_layernorm,sweeping,7,15,0.4,82.80000000000004,5,0.05,77,0.77,100,0.016468180269002916,1537
no_layernorm,sweeping,7,16,0.3846153846153846,79.4,7,0.07,71,0.71,100,0.01850019669625908,1637
no_layernorm,sweeping,7,17,0.37037037037037035,81.00000000000006,6,0.06,75,0.75,100,0.014909512037411332,1737
no_layernorm,sweeping,7,18,0.35714285714285715,87.90000000000003,3,0.03,63,0.63,100,0.018411180805414915,1837
no_layernorm,sweeping,7,19,0.3448275862068966,91.30000000000005,1,0.01,68,0.68,100,0.018307292792014776,1937
no_layernorm,sweeping,7,20,0.3333333333333333,87.50000000000003,3,0.03,68,0.68,100,0.019406990967690944,2037
no_layernorm,sweeping,7,21,0.3225806451612903,86.30000000000004,4,0.04,60,0.6,100,0.01437632021959871,2137
no_layernorm,sweeping,7,22,0.3125,87.60000000000004,3,0.03,67,0.67,100,0.021640708255581557,2237
no_layernorm,sweeping,7,23,0.30303030303030304,85.60000000000007,4,0.04,66,0.66,100,0.02036909697111696,2337
no_layernorm,sweeping,7,24,0.29411764705882354,82.30000000000004,6,0.06,63,0.63,100,0.018816598542034626,2437
no_layernorm,sweeping,7,25,0.2857142857142857,88.30000000000004,3,0.03,60,0.6,100,0.024806491364724934,2537
no_layernorm,sweeping,7,26,0.2777777777777778,81.60000000000002,6,0.06,70,0.7,100,0.03414206253364682,2637
no_layernorm,sweeping,7,27,0.27027027027027023,82.80000000000001,6,0.06,58,0.58,100,0.023442500862292947,2737
no_layernorm,sweeping,7,28,0.2631578947368421,83.70000000000005,6,0.06,47,0.47,100,0.020815041670575737,2837
no_layernorm,sweeping,7,29,0.25641025641025644,86.70000000000005,4,0.04,57,0.57,100,0.01925648359581828,2937
no_layernorm,sweeping,7,30,0.25,84.50000000000003,5,0.05,59,0.59,100,0.01799470541998744,3037
no_layernorm,sweeping,7,31,0.24390243902439027,91.20000000000006,2,0.02,49,0.49,100,0.02042670999187976,3137
no_layernorm,sweeping,7,32,0.23809523809523808,86.90000000000002,4,0.04,55,0.55,100,0.017998405299149454,3237
no_layernorm,sweeping,7,33,0.23255813953488372,89.10000000000002,3,0.03,52,0.52,100,0.0164083038456738,3337
no_layernorm,sweeping,7,34,0.22727272727272727,84.40000000000003,5,0.05,59,0.59,100,0.02286802338901907,3437
no_layernorm,sweeping,7,35,0.2222222222222222,93.00000000000003,1,0.01,51,0.51,100,0.022310235765762628,3537
no_layernorm,sweeping,7,36,0.2173913043478261,88.80000000000007,3,0.03,55,0.55,100,0.023772297259420157,3637
no_layernorm,sweeping,7,37,0.2127659574468085,90.50000000000004,2,0.02,56,0.56,100,0.023827495188452303,3737
no_layernorm,sweeping,7,38,0.20833333333333334,94.90000000000006,0,0.0,51,0.51,100,0.020629214076325297,3837
no_layernorm,sweeping,7,39,0.2040816326530612,88.90000000000003,3,0.03,54,0.54,100,0.02494763390161097,3937
no_layernorm,sweeping,7,40,0.2,90.70000000000007,2,0.02,54,0.54,100,0.019800770641304553,4037
no_layernorm,sweeping,7,41,0.19607843137254904,89.00000000000004,3,0.03,53,0.53,100,0.018438035841099917,4137
no_layernorm,sweeping,7,42,0.1923076923076923,90.80000000000005,2,0.02,54,0.54,100,0.021798639595508575,4237
no_layernorm,sweeping,7,43,0.18867924528301888,92.80000000000005,1,0.01,53,0.53,100,0.01985946038737893,4337
no_layernorm,sweeping,7,44,0.18518518518518517,92.50000000000006,1,0.01,56,0.56,100,0.01913513503037393,4437
no_layernorm,sweeping,7,45,0.18181818181818182,88.20000000000006,3,0.03,61,0.61,100,0.019609731109812855,4537
no_layernorm,sweeping,7,46,0.17857142857142858,89.00000000000004,3,0.03,53,0.53,100,0.0201604893617332,4637
no_layernorm,sweeping,7,47,0.17543859649122806,88.90000000000006,3,0.03,54,0.54,100,0.021517885280773044,4737
no_layernorm,sweeping,7,48,0.1724137931034483,95.30000000000005,0,0.0,47,0.47,100,0.022046732325106858,4837
no_layernorm,sweeping,7,49,0.1694915254237288,95.30000000000005,0,0.0,47,0.47,100,0.028363961530849337,4937
no_layernorm,sweeping,7,50,0.16666666666666666,87.40000000000006,4,0.04,50,0.5,100,0.026353779500350356,5037
no_layernorm,sweeping,7,51,0.1639344262295082,89.60000000000005,3,0.03,47,0.47,100,0.0258690140908584,5137
no_layernorm,sweeping,7,52,0.16129032258064516,88.20000000000005,3,0.03,61,0.61,100,0.02151863995473832,5237
no_layernorm,sweeping,7,53,0.15873015873015872,90.40000000000003,2,0.02,58,0.58,100,0.029753490751609206,5337
no_layernorm,sweeping,7,54,0.15625,87.80000000000004,4,0.04,45,0.45,100,0.03521203725133091,5437
no_layernorm,sweeping,7,55,0.15384615384615385,88.50000000000007,3,0.03,58,0.58,100,0.024142384021542965,5537
no_layernorm,sweeping,7,56,0.15151515151515152,90.80000000000001,2,0.02,53,0.53,100,0.02497865932062268,5637
no_layernorm,sweeping,7,57,0.14925373134328357,91.40000000000009,2,0.02,48,0.48,100,0.025579848526977002,5737
no_layernorm,sweeping,7,58,0.14705882352941177,94.90000000000003,0,0.0,51,0.51,100,0.027202214212156833,5837
no_layernorm,sweeping,7,59,0.14492753623188406,93.10000000000008,1,0.01,49,0.49,100,0.024615161595866086,5937
no_layernorm,sweeping,7,60,0.14285714285714285,91.20000000000003,2,0.02,50,0.5,100,0.022049778709188103,6037
no_layernorm,sweeping,7,61,0.14084507042253522,89.30000000000004,3,0.03,50,0.5,100,0.02322875545825809,6137
no_layernorm,sweeping,7,62,0.1388888888888889,95.20000000000006,0,0.0,48,0.48,100,0.024126676744781434,6237
no_layernorm,sweeping,7,63,0.136986301369863,90.90000000000009,2,0.02,52,0.52,100,0.02856554685626179,6337
no_layernorm,sweeping,7,64,0.13513513513513511,90.60000000000007,2,0.02,56,0.56,100,0.018455038885585962,6437
no_layernorm,sweeping,7,65,0.13333333333333333,91.90000000000006,2,0.02,43,0.43,100,0.02495855883229524,6537
no_layernorm,sweeping,7,66,0.13157894736842105,91.80000000000003,2,0.02,42,0.42,100,0.029242953602224588,6637
no_layernorm,sweeping,7,67,0.12987012987012986,93.20000000000006,1,0.01,49,0.49,100,0.027634192332625387,6737
no_layernorm,sweeping,7,68,0.12820512820512822,95.00000000000004,0,0.0,50,0.5,100,0.02337953754235059,6837
no_layernorm,sweeping,7,69,0.12658227848101264,93.20000000000006,1,0.01,49,0.49,100,0.02074122496880591,6937
no_layernorm,sweeping,7,70,0.125,91.20000000000005,2,0.02,50,0.5,100,0.03743626567535102,7037
no_layernorm,sweeping,7,71,0.1234567901234568,91.40000000000005,2,0.02,47,0.47,100,0.02412035958841443,7137
no_layernorm,sweeping,7,72,0.12195121951219513,92.80000000000005,1,0.01,53,0.53,100,0.024345007603988052,7237
no_layernorm,sweeping,7,73,0.12048192771084336,95.30000000000004,0,0.0,47,0.47,100,0.020952960937283934,7337
no_layernorm,sweeping,7,74,0.11904761904761904,90.90000000000003,2,0.02,53,0.53,100,0.02824076419696212,7437
no_layernorm,sweeping,7,75,0.11764705882352941,93.80000000000001,1,0.01,43,0.43,100,0.026792078497819602,7537
no_layernorm,sweeping,7,76,0.11627906976744186,89.20000000000005,3,0.03,50,0.5,100,0.02909235341474414,7637
no_layernorm,sweeping,7,77,0.1149425287356322,86.00000000000006,5,0.05,44,0.44,100,0.0214719543652609,7737
no_layernorm,sweeping,7,78,0.11363636363636363,92.90000000000008,1,0.01,51,0.51,100,0.019462424837984146,7837
no_layernorm,sweeping,7,79,0.11235955056179775,96.10000000000004,0,0.0,39,0.39,100,0.021450315965339542,7937
no_layernorm,sweeping,7,80,0.1111111111111111,93.40000000000008,1,0.01,47,0.47,100,0.022649306999519468,8037
no_layernorm,sweeping,7,81,0.10989010989010989,93.60000000000005,1,0.01,45,0.45,100,0.016419909368269144,8137
no_layernorm,sweeping,7,82,0.10869565217391305,92.00000000000003,2,0.02,41,0.41,100,0.02430578778963536,8237
no_layernorm,sweeping,7,83,0.1075268817204301,92.30000000000001,2,0.02,39,0.39,100,0.027398167462088167,8337
no_layernorm,sweeping,7,84,0.10638297872340426,92.80000000000007,1,0.01,53,0.53,100,0.028303553890436886,8437
no_layernorm,sweeping,7,85,0.10526315789473684,91.70000000000003,2,0.02,45,0.45,100,0.020222825813107193,8537
no_layernorm,sweeping,7,86,0.10416666666666667,93.70000000000003,1,0.01,44,0.44,100,0.019071243640501053,8637
no_layernorm,sweeping,7,87,0.10309278350515465,93.50000000000003,1,0.01,46,0.46,100,0.0294171087956056,8737
no_layernorm,sweeping,7,88,0.1020408163265306,93.70000000000005,1,0.01,44,0.44,100,0.036506487256847325,8837
no_layernorm,sweeping,7,89,0.10101010101010101,91.00000000000004,2,0.02,52,0.52,100,0.023212323929183185,8937
no_layernorm,sweeping,7,90,0.1,95.50000000000006,0,0.0,45,0.45,100,0.018101496300660075,9037
no_layernorm,sweeping,7,91,0.09900990099009901,95.50000000000006,0,0.0,45,0.45,100,0.02927011896856129,9137
no_layernorm,sweeping,7,92,0.09803921568627452,90.20000000000003,3,0.03,41,0.41,100,0.026411902925465258,9237
no_layernorm,sweeping,7,93,0.0970873786407767,87.40000000000003,4,0.04,50,0.5,100,0.019299883618950842,9337
no_layernorm,sweeping,7,94,0.09615384615384615,93.70000000000006,1,0.01,44,0.44,100,0.018564481185749174,9437
no_layernorm,sweeping,7,95,0.09523809523809523,95.20000000000007,0,0.0,48,0.48,100,0.018265134654939175,9537
no_layernorm,sweeping,7,96,0.09433962264150944,93.90000000000006,1,0.01,42,0.42,100,0.022981797442771495,9637
no_layernorm,sweeping,7,97,0.09345794392523366,95.50000000000009,0,0.0,45,0.45,100,0.020441485508345066,9737
no_layernorm,sweeping,7,98,0.09259259259259259,93.70000000000005,1,0.01,44,0.44,100,0.024920196374878287,9837
no_layernorm,sweeping,7,99,0.09174311926605504,93.30000000000007,1,0.01,48,0.48,100,0.024333019773475826,9937
no_layernorm,sweeping,7,100,0.09090909090909091,91.70000000000006,2,0.02,45,0.45,100,0.02246498630847782,10037
no_layernorm,sweeping,7,101,0.0900900900900901,89.80000000000001,3,0.03,45,0.45,100,0.019007714199833572,10137
no_layernorm,sweeping,7,102,0.08928571428571429,93.70000000000007,1,0.01,43,0.43,100,0.015759732099249957,10237
no_layernorm,sweeping,7,103,0.08849557522123894,96.40000000000005,0,0.0,36,0.36,100,0.02381777182687074,10337
no_layernorm,sweeping,7,104,0.08771929824561403,95.90000000000008,0,0.0,41,0.41,100,0.01784535523504019,10437
no_layernorm,sweeping,7,105,0.08695652173913043,91.80000000000004,2,0.02,44,0.44,100,0.03163711903616786,10537
no_layernorm,sweeping,7,106,0.08620689655172414,95.90000000000006,0,0.0,41,0.41,100,0.021591878361068666,10637
no_layernorm,sweeping,7,107,0.08547008547008547,94.40000000000005,1,0.01,37,0.37,100,0.018290802128612994,10737
no_layernorm,sweeping,7,108,0.0847457627118644,93.90000000000002,1,0.01,42,0.42,100,0.020219238242134452,10837
no_layernorm,sweeping,7,109,0.08403361344537814,95.30000000000007,0,0.0,47,0.47,100,0.022888201414607467,10937
no_layernorm,sweeping,7,110,0.08333333333333333,95.30000000000007,0,0.0,47,0.47,100,0.024305813498795032,11037
no_layernorm,sweeping,7,111,0.08264462809917356,93.50000000000007,1,0.01,45,0.45,100,0.02102432957617566,11137
no_layernorm,sweeping,7,112,0.0819672131147541,93.60000000000004,1,0.01,45,0.45,100,0.023964857892133297,11237
no_layernorm,sweeping,7,113,0.08130081300813008,93.30000000000003,2,0.02,28,0.28,100,0.01500425364356488,11337
no_layernorm,sweeping,7,114,0.08064516129032258,96.30000000000004,0,0.0,37,0.37,100,0.02517272988334298,11437
no_layernorm,sweeping,7,115,0.08,91.50000000000004,3,0.03,26,0.26,100,0.019579262733459474,11537
no_layernorm,sweeping,7,116,0.07936507936507936,94.20000000000005,1,0.01,39,0.39,100,0.02080471890978515,11637
no_layernorm,sweeping,7,117,0.07874015748031496,92.20000000000003,2,0.02,40,0.4,100,0.018250101529993117,11737
no_layernorm,sweeping,7,118,0.078125,95.70000000000003,0,0.0,43,0.43,100,0.01777268364559859,11837
no_layernorm,sweeping,7,119,0.07751937984496124,94.50000000000004,1,0.01,36,0.36,100,0.02375831007026136,11937
no_layernorm,sweeping,7,120,0.07692307692307693,93.90000000000005,1,0.01,42,0.42,100,0.02017018897458911,12037
no_layernorm,sweeping,7,121,0.07633587786259542,94.20000000000005,1,0.01,39,0.39,100,0.02346194333396852,12137
no_layernorm,sweeping,7,122,0.07575757575757576,92.80000000000007,1,0.01,53,0.53,100,0.0171221379423514,12237
no_layernorm,sweeping,7,123,0.07518796992481203,93.90000000000005,1,0.01,42,0.42,100,0.017199540962465107,12337
no_layernorm,sweeping,7,124,0.07462686567164178,95.90000000000005,0,0.0,41,0.41,100,0.03060711866244674,12437
no_layernorm,sweeping,7,125,0.07407407407407407,92.70000000000003,2,0.02,35,0.35,100,0.015579467201605439,12537
no_layernorm,sweeping,7,126,0.07352941176470588,93.80000000000007,1,0.01,43,0.43,100,0.020364114209078254,12637
no_layernorm,sweeping,7,127,0.07299270072992702,93.70000000000005,1,0.01,44,0.44,100,0.021341543798334896,12737
no_layernorm,sweeping,7,128,0.07246376811594203,96.00000000000004,0,0.0,40,0.4,100,0.018479130282066762,12837
no_layernorm,sweeping,7,129,0.07194244604316546,95.80000000000007,0,0.0,42,0.42,100,0.025692541715689004,12937
no_layernorm,sweeping,7,130,0.07142857142857142,92.10000000000005,2,0.02,41,0.41,100,0.020010428950190545,13037
no_layernorm,sweeping,7,131,0.07092198581560284,87.80000000000004,4,0.04,46,0.46,100,0.025461870529688894,13137
no_layernorm,sweeping,7,132,0.07042253521126761,93.80000000000005,1,0.01,43,0.43,100,0.01690386960282922,13237
no_layernorm,sweeping,7,133,0.06993006993006992,94.10000000000002,1,0.01,40,0.4,100,0.02013104780577123,13337
no_layernorm,sweeping,7,134,0.06944444444444445,96.40000000000002,0,0.0,36,0.36,100,0.015684630973264575,13437
no_layernorm,sweeping,7,135,0.06896551724137931,95.90000000000005,0,0.0,41,0.41,100,0.018047456834465264,13537
no_layernorm,sweeping,7,136,0.0684931506849315,94.40000000000005,1,0.01,36,0.36,100,0.01659377480391413,13637
no_layernorm,sweeping,7,137,0.06802721088435375,96.10000000000004,0,0.0,39,0.39,100,0.03056366501376033,13737
no_layernorm,sweeping,7,138,0.06756756756756756,96.70000000000006,0,0.0,33,0.33,100,0.017581490632146597,13837
no_layernorm,sweeping,7,139,0.06711409395973154,96.10000000000005,0,0.0,39,0.39,100,0.019706248226575553,13937
no_layernorm,sweeping,7,140,0.06666666666666667,96.70000000000007,0,0.0,33,0.33,100,0.02106963443569839,14037
no_layernorm,sweeping,7,141,0.06622516556291391,94.60000000000004,1,0.01,35,0.35,100,0.024238817607983947,14137
no_layernorm,sweeping,7,142,0.06578947368421052,95.80000000000004,0,0.0,42,0.42,100,0.024242671891115605,14237
no_layernorm,sweeping,7,143,0.06535947712418301,94.20000000000005,1,0.01,39,0.39,100,0.043377788974903526,14337
no_layernorm,sweeping,7,144,0.06493506493506493,96.60000000000004,0,0.0,34,0.34,100,0.01876430691918358,14437
no_layernorm,sweeping,7,145,0.06451612903225806,92.60000000000002,2,0.02,36,0.36,100,0.017896256451494993,14537
no_layernorm,sweeping,7,146,0.06410256410256411,96.70000000000003,0,0.0,33,0.33,100,0.028143556816503407,14637
no_layernorm,sweeping,7,147,0.06369426751592357,96.20000000000006,0,0.0,38,0.38,100,0.018432019513566048,14737
no_layernorm,sweeping,7,148,0.06329113924050632,94.50000000000003,1,0.01,36,0.36,100,0.023750397586263718,14837
no_layernorm,sweeping,7,149,0.06289308176100629,96.70000000000003,0,0.0,33,0.33,100,0.026007621129974724,14937
no_layernorm,sweeping,7,150,0.0625,94.00000000000003,1,0.01,41,0.41,100,0.016148780835792423,15037
no_layernorm,sweeping,7,151,0.06211180124223602,96.20000000000007,0,0.0,38,0.38,100,0.01236390760866925,15137
no_layernorm,sweeping,7,152,0.0617283950617284,92.70000000000003,2,0.02,35,0.35,100,0.019034195956774056,15237
no_layernorm,sweeping,7,153,0.06134969325153374,93.90000000000005,1,0.01,42,0.42,100,0.018111369204707444,15337
no_layernorm,sweeping,7,154,0.06097560975609757,96.30000000000004,0,0.0,37,0.37,100,0.014591155899688601,15437
no_layernorm,sweeping,7,155,0.06060606060606061,94.60000000000002,1,0.01,35,0.35,100,0.012437350819818676,15537
no_layernorm,sweeping,7,156,0.06024096385542168,94.70000000000005,1,0.01,34,0.34,100,0.014532167613506317,15637
no_layernorm,sweeping,7,157,0.059880239520958084,96.20000000000005,0,0.0,38,0.38,100,0.015029734123963863,15737
no_layernorm,sweeping,7,158,0.05952380952380952,95.60000000000007,0,0.0,44,0.44,100,0.016267948453314602,15837
no_layernorm,sweeping,7,159,0.0591715976331361,94.50000000000006,1,0.01,36,0.36,100,0.02267281168140471,15937
no_layernorm,sweeping,7,160,0.058823529411764705,96.90000000000003,0,0.0,31,0.31,100,0.024933104082010688,16037
no_layernorm,sweeping,7,161,0.05847953216374269,95.60000000000005,0,0.0,44,0.44,100,0.027731041715014726,16137
no_layernorm,sweeping,7,162,0.05813953488372093,94.50000000000003,1,0.01,35,0.35,100,0.019845851841382683,16237
no_layernorm,sweeping,7,163,0.057803468208092484,96.60000000000004,0,0.0,34,0.34,100,0.014192691377829761,16337
no_layernorm,sweeping,7,164,0.0574712643678161,93.00000000000006,2,0.02,32,0.32,100,0.016576863024383784,16437
no_layernorm,sweeping,7,165,0.05714285714285714,94.80000000000004,1,0.01,33,0.33,100,0.012044780147261918,16537
no_layernorm,sweeping,7,166,0.056818181818181816,96.80000000000004,0,0.0,32,0.32,100,0.021652269018813966,16637
no_layernorm,sweeping,7,167,0.05649717514124294,94.40000000000006,1,0.01,36,0.36,100,0.014154057651758194,16737
no_layernorm,sweeping,7,168,0.056179775280898875,96.60000000000005,0,0.0,34,0.34,100,0.015487299249507487,16837
no_layernorm,sweeping,7,169,0.0558659217877095,93.90000000000003,1,0.01,42,0.42,100,0.019082757043652237,16937
no_layernorm,sweeping,7,170,0.05555555555555555,94.40000000000005,1,0.01,37,0.37,100,0.01430810691555962,17037
no_layernorm,sweeping,7,171,0.055248618784530384,95.00000000000004,1,0.01,31,0.31,100,0.010154787169303745,17137
no_layernorm,sweeping,7,172,0.054945054945054944,91.0,3,0.03,33,0.33,100,0.013060670699924231,17237
no_layernorm,sweeping,7,173,0.0546448087431694,96.30000000000004,0,0.0,37,0.37,100,0.0146588968555443,17337
no_layernorm,sweeping,7,174,0.05434782608695653,96.70000000000002,0,0.0,33,0.33,100,0.01635013416642323,17437
no_layernorm,sweeping,7,175,0.05405405405405406,97.20000000000003,0,0.0,28,0.28,100,0.015869095744565128,17537
no_layernorm,sweeping,7,176,0.05376344086021505,94.20000000000006,1,0.01,39,0.39,100,0.01678659235825762,17637
no_layernorm,sweeping,7,177,0.053475935828877004,96.50000000000006,0,0.0,35,0.35,100,0.009596192785538733,17737
no_layernorm,sweeping,7,178,0.05319148936170213,96.60000000000005,0,0.0,34,0.34,100,0.015674765943549572,17837
no_layernorm,sweeping,7,179,0.052910052910052914,94.70000000000003,1,0.01,34,0.34,100,0.01606993392808363,17937
no_layernorm,sweeping,7,180,0.05263157894736842,94.60000000000004,1,0.01,35,0.35,100,0.01521148334722966,18037
no_layernorm,sweeping,7,181,0.05235602094240837,95.10000000000002,1,0.01,30,0.3,100,0.00900294559309259,18137
no_layernorm,sweeping,7,182,0.052083333333333336,94.70000000000005,1,0.01,34,0.34,100,0.012149032088927925,18237
no_layernorm,sweeping,7,183,0.05181347150259067,94.50000000000006,1,0.01,36,0.36,100,0.014058521394617855,18337
no_layernorm,sweeping,7,184,0.051546391752577324,94.90000000000006,1,0.01,32,0.32,100,0.011420436843764037,18437
no_layernorm,sweeping,7,185,0.05128205128205128,96.90000000000003,0,0.0,31,0.31,100,0.011696445976849646,18537
no_layernorm,sweeping,7,186,0.0510204081632653,97.00000000000003,0,0.0,30,0.3,100,0.018903518291190267,18637
no_layernorm,sweeping,7,187,0.050761421319796954,97.30000000000004,0,0.0,27,0.27,100,0.014572346471250058,18737
no_layernorm,sweeping,7,188,0.050505050505050504,96.60000000000004,0,0.0,34,0.34,100,0.011604153895750641,18837
no_layernorm,sweeping,7,189,0.05025125628140704,94.90000000000003,1,0.01,32,0.32,100,0.015191584613639862,18937
no_layernorm,sweeping,7,190,0.05,95.30000000000004,1,0.01,28,0.28,100,0.010880044519435614,19037
no_layernorm,sweeping,7,191,0.04975124378109452,94.80000000000004,1,0.01,33,0.33,100,0.016048380923457443,19137
no_layernorm,sweeping,7,192,0.04950495049504951,94.30000000000004,1,0.01,37,0.37,100,0.01832040985580534,19237
no_layernorm,sweeping,7,193,0.04926108374384236,90.80000000000001,3,0.03,35,0.35,100,0.020281930188648403,19337
no_layernorm,sweeping,7,194,0.04901960784313726,94.80000000000004,1,0.01,33,0.33,100,0.011605367527808995,19437
no_layernorm,sweeping,7,195,0.04878048780487805,92.40000000000005,2,0.02,38,0.38,100,0.013977543525397778,19537
no_layernorm,sweeping,7,196,0.04854368932038835,96.80000000000004,0,0.0,32,0.32,100,0.01063390089897439,19637
no_layernorm,sweeping,7,197,0.04830917874396135,96.50000000000003,0,0.0,35,0.35,100,0.015940914636012167,19737
no_layernorm,sweeping,7,198,0.04807692307692307,94.90000000000003,1,0.01,32,0.32,100,0.010614323350600897,19837
no_layernorm,sweeping,7,199,0.04784688995215311,92.40000000000003,2,0.02,38,0.38,100,0.015433540870435535,19937
no_layernorm,sweeping,8,0,1.0,78.10000000000001,7,0.07,84,0.84,100,0.12437074754789874,37
no_layernorm,sweeping,8,1,0.9090909090909091,76.60000000000001,8,0.08,82,0.82,100,0.0275197914801538,137
no_layernorm,sweeping,8,2,0.8333333333333334,73.79999999999998,9,0.09,91,0.91,100,0.019121791506186127,237
no_layernorm,sweeping,8,3,0.7692307692307692,72.1,10,0.1,89,0.89,100,0.017798585584387183,337
no_layernorm,sweeping,8,4,0.7142857142857143,76.10000000000001,8,0.08,85,0.85,100,0.013101613335311412,437
no_layernorm,sweeping,8,5,0.6666666666666666,82.40000000000003,5,0.05,81,0.81,100,0.011620861203409731,537
no_layernorm,sweeping,8,6,0.625,73.9,9,0.09,87,0.87,100,0.011931698275730014,637
no_layernorm,sweeping,8,7,0.5882352941176471,90.20000000000005,1,0.01,79,0.79,100,0.010172105422243475,737
no_layernorm,sweeping,8,8,0.5555555555555556,84.80000000000004,4,0.04,74,0.74,100,0.01383138092700392,837
no_layernorm,sweeping,8,9,0.5263157894736842,82.10000000000004,5,0.05,82,0.82,100,0.014743942334316671,937
no_layernorm,sweeping,8,10,0.5,79.50000000000003,7,0.07,72,0.72,100,0.011190262027084827,1037
no_layernorm,sweeping,8,11,0.47619047619047616,82.10000000000004,5,0.05,81,0.81,100,0.010344133148901164,1137
no_layernorm,sweeping,8,12,0.45454545454545453,78.10000000000001,8,0.08,66,0.66,100,0.011811294159851968,1237
no_layernorm,sweeping,8,13,0.4347826086956522,77.70000000000002,8,0.08,71,0.71,100,0.013109772107563913,1337
no_layernorm,sweeping,8,14,0.4166666666666667,82.80000000000003,5,0.05,77,0.77,100,0.014203241078648716,1437
no_layernorm,sweeping,8,15,0.4,87.00000000000006,3,0.03,73,0.73,100,0.01519644055981189,1537
no_layernorm,sweeping,8,16,0.3846153846153846,76.1,9,0.09,66,0.66,100,0.01745587844401598,1637
no_layernorm,sweeping,8,17,0.37037037037037035,75.39999999999999,9,0.09,75,0.75,100,0.0136027902783826,1737
no_layernorm,sweeping,8,18,0.35714285714285715,84.10000000000004,5,0.05,64,0.64,100,0.014958010483533145,1837
no_layernorm,sweeping,8,19,0.3448275862068966,77.89999999999999,8,0.08,67,0.67,100,0.01547878015320748,1937
no_layernorm,sweeping,8,20,0.3333333333333333,84.00000000000004,5,0.05,65,0.65,100,0.013731320519000292,2037
no_layernorm,sweeping,8,21,0.3225806451612903,89.40000000000006,2,0.02,67,0.67,100,0.013408455806784332,2137
no_layernorm,sweeping,8,22,0.3125,83.00000000000003,6,0.06,55,0.55,100,0.0173562736925669,2237
no_layernorm,sweeping,8,23,0.30303030303030304,85.80000000000005,4,0.04,66,0.66,100,0.01758283673785627,2337
no_layernorm,sweeping,8,24,0.29411764705882354,86.30000000000005,4,0.04,61,0.61,100,0.013814637628383935,2437
no_layernorm,sweeping,8,25,0.2857142857142857,89.90000000000008,2,0.02,63,0.63,100,0.03171562263742089,2537
no_layernorm,sweeping,8,26,0.2777777777777778,88.80000000000004,3,0.03,55,0.55,100,0.02748219157103449,2637
no_layernorm,sweeping,8,27,0.27027027027027023,89.00000000000004,3,0.03,52,0.52,100,0.022339606615714727,2737
no_layernorm,sweeping,8,28,0.2631578947368421,91.00000000000006,2,0.02,52,0.52,100,0.030056600673124195,2837
no_layernorm,sweeping,8,29,0.25641025641025644,90.00000000000003,2,0.02,62,0.62,100,0.02099817867623642,2937
no_layernorm,sweeping,8,30,0.25,90.20000000000005,2,0.02,60,0.6,100,0.024461038340814412,3037
no_layernorm,sweeping,8,31,0.24390243902439027,91.70000000000005,1,0.01,64,0.64,100,0.023199873906560243,3137
no_layernorm,sweeping,8,32,0.23809523809523808,85.20000000000006,5,0.05,53,0.53,100,0.026425316566601395,3237
no_layernorm,sweeping,8,33,0.23255813953488372,84.50000000000006,5,0.05,60,0.6,100,0.018108146055601536,3337
no_layernorm,sweeping,8,34,0.22727272727272727,90.40000000000006,2,0.02,58,0.58,100,0.0248921387642622,3437
no_layernorm,sweeping,8,35,0.2222222222222222,94.90000000000006,0,0.0,51,0.51,100,0.025146355275064706,3537
no_layernorm,sweeping,8,36,0.2173913043478261,93.80000000000007,1,0.01,42,0.42,100,0.021227821209467947,3637
no_layernorm,sweeping,8,37,0.2127659574468085,88.50000000000009,3,0.03,58,0.58,100,0.02302102036308497,3737
no_layernorm,sweeping,8,38,0.20833333333333334,89.70000000000005,2,0.02,65,0.65,100,0.028209209362976252,3837
no_layernorm,sweeping,8,39,0.2040816326530612,89.20000000000003,3,0.03,49,0.49,100,0.03150276969652623,3937
no_layernorm,sweeping,8,40,0.2,89.70000000000005,3,0.03,46,0.46,100,0.024618681585416198,4037
no_layernorm,sweeping,8,41,0.19607843137254904,87.20000000000003,4,0.04,52,0.52,100,0.018273787684738637,4137
no_layernorm,sweeping,8,42,0.1923076923076923,88.50000000000006,3,0.03,58,0.58,100,0.03225881258025765,4237
no_layernorm,sweeping,8,43,0.18867924528301888,89.60000000000002,3,0.03,47,0.47,100,0.027145062312483786,4337
no_layernorm,sweeping,8,44,0.18518518518518517,91.20000000000005,2,0.02,50,0.5,100,0.021619085017591716,4437
no_layernorm,sweeping,8,45,0.18181818181818182,96.10000000000005,0,0.0,39,0.39,100,0.028996418016031384,4537
no_layernorm,sweeping,8,46,0.17857142857142858,89.20000000000005,3,0.03,51,0.51,100,0.030875650020316243,4637
no_layernorm,sweeping,8,47,0.17543859649122806,88.90000000000008,3,0.03,54,0.54,100,0.02919122891500592,4737
no_layernorm,sweeping,8,48,0.1724137931034483,89.20000000000002,3,0.03,51,0.51,100,0.02308723652269691,4837
no_layernorm,sweeping,8,49,0.1694915254237288,90.90000000000003,2,0.02,53,0.53,100,0.02483230677433312,4937
no_layernorm,sweeping,8,50,0.16666666666666666,91.10000000000005,2,0.02,51,0.51,100,0.023271758947521447,5037
no_layernorm,sweeping,8,51,0.1639344262295082,91.20000000000005,2,0.02,50,0.5,100,0.028792546978220344,5137
no_layernorm,sweeping,8,52,0.16129032258064516,93.60000000000005,1,0.01,45,0.45,100,0.02596874224022031,5237
no_layernorm,sweeping,8,53,0.15873015873015872,93.90000000000003,1,0.01,42,0.42,100,0.02274238840676844,5337
no_layernorm,sweeping,8,54,0.15625,94.60000000000008,0,0.0,54,0.54,100,0.02866199650336057,5437
no_layernorm,sweeping,8,55,0.15384615384615385,93.50000000000007,1,0.01,46,0.46,100,0.02281912602018565,5537
no_layernorm,sweeping,8,56,0.15151515151515152,91.00000000000006,2,0.02,52,0.52,100,0.02563266151584685,5637
no_layernorm,sweeping,8,57,0.14925373134328357,91.60000000000007,2,0.02,46,0.46,100,0.02030069534201175,5737
no_layernorm,sweeping,8,58,0.14705882352941177,93.70000000000006,0,0.0,63,0.63,100,0.02145591379608959,5837
no_layernorm,sweeping,8,59,0.14492753623188406,88.30000000000005,3,0.03,60,0.6,100,0.02012418623548001,5937
no_layernorm,sweeping,8,60,0.14285714285714285,93.60000000000004,1,0.01,45,0.45,100,0.02550774859264493,6037
no_layernorm,sweeping,8,61,0.14084507042253522,92.80000000000005,1,0.01,53,0.53,100,0.021078199027106167,6137
no_layernorm,sweeping,8,62,0.1388888888888889,94.80000000000007,0,0.0,52,0.52,100,0.0197455068025738,6237
no_layernorm,sweeping,8,63,0.136986301369863,83.20000000000002,6,0.06,53,0.53,100,0.02789705437142402,6337
no_layernorm,sweeping,8,64,0.13513513513513511,93.30000000000005,1,0.01,48,0.48,100,0.03490028650034219,6437
no_layernorm,sweeping,8,65,0.13333333333333333,85.90000000000003,5,0.05,45,0.45,100,0.022629370451904832,6537
no_layernorm,sweeping,8,66,0.13157894736842105,91.30000000000004,2,0.02,49,0.49,100,0.02918961432296783,6637
no_layernorm,sweeping,8,67,0.12987012987012986,92.90000000000006,1,0.01,52,0.52,100,0.02572302825283259,6737
no_layernorm,sweeping,8,68,0.12820512820512822,93.10000000000005,1,0.01,50,0.5,100,0.02110607915557921,6837
no_layernorm,sweeping,8,69,0.12658227848101264,91.80000000000004,2,0.02,44,0.44,100,0.024126118058338763,6937
no_layernorm,sweeping,8,70,0.125,92.00000000000003,2,0.02,42,0.42,100,0.023220542073249816,7037
no_layernorm,sweeping,8,71,0.1234567901234568,91.60000000000005,2,0.02,45,0.45,100,0.03238767602015287,7137
no_layernorm,sweeping,8,72,0.12195121951219513,91.40000000000003,2,0.02,48,0.48,100,0.027725164252333342,7237
no_layernorm,sweeping,8,73,0.12048192771084336,88.70000000000006,3,0.03,56,0.56,100,0.02631024200934917,7337
no_layernorm,sweeping,8,74,0.11904761904761904,91.40000000000006,2,0.02,48,0.48,100,0.023130638315342365,7437
no_layernorm,sweeping,8,75,0.11764705882352941,89.50000000000004,3,0.03,48,0.48,100,0.020802897596731783,7537
no_layernorm,sweeping,8,76,0.11627906976744186,91.30000000000003,2,0.02,48,0.48,100,0.03051063739694655,7637
no_layernorm,sweeping,8,77,0.1149425287356322,93.50000000000004,1,0.01,46,0.46,100,0.025276918550953268,7737
no_layernorm,sweeping,8,78,0.11363636363636363,91.40000000000003,2,0.02,48,0.48,100,0.025251429881900548,7837
no_layernorm,sweeping,8,79,0.11235955056179775,96.00000000000006,0,0.0,40,0.4,100,0.021887238803319633,7937
no_layernorm,sweeping,8,80,0.1111111111111111,91.9,2,0.02,43,0.43,100,0.023960560052655636,8037
no_layernorm,sweeping,8,81,0.10989010989010989,92.50000000000003,2,0.02,36,0.36,100,0.02535558459814638,8137
no_layernorm,sweeping,8,82,0.10869565217391305,91.90000000000006,2,0.02,43,0.43,100,0.028705805144272744,8237
no_layernorm,sweeping,8,83,0.1075268817204301,94.30000000000005,1,0.01,38,0.38,100,0.019734585611149668,8337
no_layernorm,sweeping,8,84,0.10638297872340426,91.50000000000007,2,0.02,47,0.47,100,0.0195937386341393,8437
no_layernorm,sweeping,8,85,0.10526315789473684,93.80000000000003,1,0.01,43,0.43,100,0.023066533175297083,8537
no_layernorm,sweeping,8,86,0.10416666666666667,91.50000000000007,2,0.02,47,0.47,100,0.02963071602396667,8637
no_layernorm,sweeping,8,87,0.10309278350515465,92.40000000000002,2,0.02,38,0.38,100,0.02914056263398379,8737
no_layernorm,sweeping,8,88,0.1020408163265306,95.90000000000006,0,0.0,41,0.41,100,0.014395649023354053,8837
no_layernorm,sweeping,8,89,0.10101010101010101,90.30000000000004,3,0.03,40,0.4,100,0.022399023985490204,8937
no_layernorm,sweeping,8,90,0.1,90.40000000000002,3,0.03,38,0.38,100,0.0215536835975945,9037
no_layernorm,sweeping,8,91,0.09900990099009901,93.70000000000006,1,0.01,43,0.43,100,0.03096466895658523,9137
no_layernorm,sweeping,8,92,0.09803921568627452,95.30000000000005,0,0.0,47,0.47,100,0.030839925855398177,9237
no_layernorm,sweeping,8,93,0.0970873786407767,94.10000000000007,1,0.01,40,0.4,100,0.02522287402302027,9337
no_layernorm,sweeping,8,94,0.09615384615384615,96.40000000000003,0,0.0,36,0.36,100,0.024521467043086886,9437
no_layernorm,sweeping,8,95,0.09523809523809523,91.70000000000002,2,0.02,45,0.45,100,0.03333289024420082,9537
no_layernorm,sweeping,8,96,0.09433962264150944,94.40000000000006,0,0.0,56,0.56,100,0.022294897772371768,9637
no_layernorm,sweeping,8,97,0.09345794392523366,96.60000000000005,0,0.0,34,0.34,100,0.03174823354929686,9737
no_layernorm,sweeping,8,98,0.09259259259259259,94.40000000000005,1,0.01,37,0.37,100,0.026843480207026003,9837
no_layernorm,sweeping,8,99,0.09174311926605504,93.70000000000002,1,0.01,44,0.44,100,0.022052240427583455,9937
no_layernorm,sweeping,8,100,0.09090909090909091,96.90000000000005,0,0.0,31,0.31,100,0.021549166883341967,10037
no_layernorm,sweeping,8,101,0.0900900900900901,95.30000000000005,0,0.0,47,0.47,100,0.028660859782248735,10137
no_layernorm,sweeping,8,102,0.08928571428571429,95.80000000000004,0,0.0,42,0.42,100,0.02070212521124631,10237
no_layernorm,sweeping,8,103,0.08849557522123894,87.60000000000002,4,0.04,47,0.47,100,0.019696237365715207,10337
no_layernorm,sweeping,8,104,0.08771929824561403,94.10000000000002,1,0.01,40,0.4,100,0.02457288444042206,10437
no_layernorm,sweeping,8,105,0.08695652173913043,95.90000000000005,0,0.0,41,0.41,100,0.02529107325710356,10537
no_layernorm,sweeping,8,106,0.08620689655172414,93.20000000000005,1,0.01,49,0.49,100,0.021798607199452816,10637
no_layernorm,sweeping,8,107,0.08547008547008547,89.90000000000003,3,0.03,44,0.44,100,0.02891685317270458,10737
no_layernorm,sweeping,8,108,0.0847457627118644,93.60000000000005,1,0.01,45,0.45,100,0.02396448507439345,10837
no_layernorm,sweeping,8,109,0.08403361344537814,95.60000000000002,0,0.0,44,0.44,100,0.022700462541542947,10937
no_layernorm,sweeping,8,110,0.08333333333333333,94.40000000000003,1,0.01,37,0.37,100,0.017327148243784906,11037
no_layernorm,sweeping,8,111,0.08264462809917356,93.70000000000003,1,0.01,44,0.44,100,0.02604278870858252,11137
no_layernorm,sweeping,8,112,0.0819672131147541,94.00000000000006,1,0.01,41,0.41,100,0.026899312301538886,11237
no_layernorm,sweeping,8,113,0.08130081300813008,93.70000000000006,1,0.01,44,0.44,100,0.03749532386427745,11337
no_layernorm,sweeping,8,114,0.08064516129032258,94.20000000000006,1,0.01,39,0.39,100,0.021106441551819444,11437
no_layernorm,sweeping,8,115,0.08,92.10000000000002,2,0.02,41,0.41,100,0.03262319004163146,11537
no_layernorm,sweeping,8,116,0.07936507936507936,93.80000000000001,1,0.01,43,0.43,100,0.021656495179049672,11637
no_layernorm,sweeping,8,117,0.07874015748031496,95.70000000000006,0,0.0,43,0.43,100,0.03183888368308544,11737
no_layernorm,sweeping,8,118,0.078125,95.60000000000005,0,0.0,44,0.44,100,0.02098532043863088,11837
no_layernorm,sweeping,8,119,0.07751937984496124,96.40000000000005,0,0.0,36,0.36,100,0.031077068466693163,11937
no_layernorm,sweeping,8,120,0.07692307692307693,95.50000000000003,0,0.0,45,0.45,100,0.019895962490700185,12037
no_layernorm,sweeping,8,121,0.07633587786259542,95.70000000000006,0,0.0,43,0.43,100,0.020829648491926492,12137
no_layernorm,sweeping,8,122,0.07575757575757576,89.90000000000003,3,0.03,44,0.44,100,0.02185036689043045,12237
no_layernorm,sweeping,8,123,0.07518796992481203,94.80000000000004,1,0.01,33,0.33,100,0.025315339607186616,12337
no_layernorm,sweeping,8,124,0.07462686567164178,95.70000000000005,0,0.0,43,0.43,100,0.023275742819532753,12437
no_layernorm,sweeping,8,125,0.07407407407407407,92.10000000000005,2,0.02,41,0.41,100,0.02357199050951749,12537
no_layernorm,sweeping,8,126,0.07352941176470588,96.30000000000004,0,0.0,37,0.37,100,0.028851868524216114,12637
no_layernorm,sweeping,8,127,0.07299270072992702,94.70000000000003,1,0.01,34,0.34,100,0.02529853496933356,12737
no_layernorm,sweeping,8,128,0.07246376811594203,93.80000000000003,1,0.01,43,0.43,100,0.023850610768422483,12837
no_layernorm,sweeping,8,129,0.07194244604316546,93.90000000000005,1,0.01,42,0.42,100,0.01602104336954653,12937
no_layernorm,sweeping,8,130,0.07142857142857142,94.10000000000002,1,0.01,40,0.4,100,0.019006709367968142,13037
no_layernorm,sweeping,8,131,0.07092198581560284,95.80000000000007,0,0.0,42,0.42,100,0.02070587088353932,13137
no_layernorm,sweeping,8,132,0.07042253521126761,92.30000000000003,2,0.02,39,0.39,100,0.01777790247928351,13237
no_layernorm,sweeping,8,133,0.06993006993006992,92.00000000000003,2,0.02,42,0.42,100,0.018039418514817954,13337
no_layernorm,sweeping,8,134,0.06944444444444445,96.00000000000009,0,0.0,40,0.4,100,0.013828738150186837,13437
no_layernorm,sweeping,8,135,0.06896551724137931,96.00000000000004,0,0.0,40,0.4,100,0.018879467016085984,13537
no_layernorm,sweeping,8,136,0.0684931506849315,94.20000000000003,1,0.01,39,0.39,100,0.01835297574987635,13637
no_layernorm,sweeping,8,137,0.06802721088435375,95.90000000000005,0,0.0,41,0.41,100,0.040331981698982416,13737
no_layernorm,sweeping,8,138,0.06756756756756756,93.70000000000005,1,0.01,44,0.44,100,0.023078026289585978,13837
no_layernorm,sweeping,8,139,0.06711409395973154,95.30000000000011,0,0.0,47,0.47,100,0.019067772570997475,13937
no_layernorm,sweeping,8,140,0.06666666666666667,90.20000000000002,3,0.03,41,0.41,100,0.02277876254171133,14037
no_layernorm,sweeping,8,141,0.06622516556291391,92.40000000000006,2,0.02,38,0.38,100,0.01813820286653936,14137
no_layernorm,sweeping,8,142,0.06578947368421052,94.40000000000005,1,0.01,37,0.37,100,0.015522941008675843,14237
no_layernorm,sweeping,8,143,0.06535947712418301,96.80000000000004,0,0.0,32,0.32,100,0.022952675437554717,14337
no_layernorm,sweeping,8,144,0.06493506493506493,94.30000000000004,1,0.01,38,0.38,100,0.018411566419526935,14437
no_layernorm,sweeping,8,145,0.06451612903225806,94.40000000000005,1,0.01,37,0.37,100,0.01831421020440757,14537
no_layernorm,sweeping,8,146,0.06410256410256411,94.30000000000004,1,0.01,38,0.38,100,0.020306668779812753,14637
no_layernorm,sweeping,8,147,0.06369426751592357,96.40000000000003,0,0.0,36,0.36,100,0.016309753679670393,14737
no_layernorm,sweeping,8,148,0.06329113924050632,94.50000000000007,1,0.01,36,0.36,100,0.019252001633867623,14837
no_layernorm,sweeping,8,149,0.06289308176100629,95.80000000000007,0,0.0,42,0.42,100,0.015583082863595337,14937
no_layernorm,sweeping,8,150,0.0625,94.20000000000005,1,0.01,39,0.39,100,0.02208531460724771,15037
no_layernorm,sweeping,8,151,0.06211180124223602,94.30000000000004,1,0.01,38,0.38,100,0.01730913801584393,15137
no_layernorm,sweeping,8,152,0.0617283950617284,96.00000000000006,0,0.0,40,0.4,100,0.021891703996807337,15237
no_layernorm,sweeping,8,153,0.06134969325153374,96.30000000000004,0,0.0,37,0.37,100,0.020229135192930698,15337
no_layernorm,sweeping,8,154,0.06097560975609757,94.10000000000007,1,0.01,40,0.4,100,0.020734832843299956,15437
no_layernorm,sweeping,8,155,0.06060606060606061,96.50000000000003,0,0.0,35,0.35,100,0.020492649672087283,15537
no_layernorm,sweeping,8,156,0.06024096385542168,94.30000000000003,1,0.01,38,0.38,100,0.015355698820203543,15637
no_layernorm,sweeping,8,157,0.059880239520958084,96.40000000000005,0,0.0,36,0.36,100,0.018845235132612288,15737
no_layernorm,sweeping,8,158,0.05952380952380952,96.70000000000002,0,0.0,33,0.33,100,0.01748740967363119,15837
no_layernorm,sweeping,8,159,0.0591715976331361,96.30000000000005,0,0.0,37,0.37,100,0.020018364656716584,15937
no_layernorm,sweeping,8,160,0.058823529411764705,94.10000000000005,1,0.01,40,0.4,100,0.015276073152199388,16037
no_layernorm,sweeping,8,161,0.05847953216374269,96.40000000000003,0,0.0,36,0.36,100,0.018104765696916728,16137
no_layernorm,sweeping,8,162,0.05813953488372093,92.70000000000002,2,0.02,35,0.35,100,0.0188700407394208,16237
no_layernorm,sweeping,8,163,0.057803468208092484,95.50000000000003,0,0.0,45,0.45,100,0.01640779940644279,16337
no_layernorm,sweeping,8,164,0.0574712643678161,96.20000000000005,0,0.0,38,0.38,100,0.014800790534354746,16437
no_layernorm,sweeping,8,165,0.05714285714285714,95.50000000000003,1,0.01,26,0.26,100,0.015964885018765928,16537
no_layernorm,sweeping,8,166,0.056818181818181816,96.10000000000005,0,0.0,39,0.39,100,0.019730475931428373,16637
no_layernorm,sweeping,8,167,0.05649717514124294,95.20000000000005,1,0.01,29,0.29,100,0.01586958176456392,16737
no_layernorm,sweeping,8,168,0.056179775280898875,94.00000000000006,1,0.01,41,0.41,100,0.014060441546607762,16837
no_layernorm,sweeping,8,169,0.0558659217877095,94.00000000000004,1,0.01,40,0.4,100,0.0163645573426038,16937
no_layernorm,sweeping,8,170,0.05555555555555555,94.30000000000004,1,0.01,38,0.38,100,0.01811500920681283,17037
no_layernorm,sweeping,8,171,0.055248618784530384,92.40000000000002,2,0.02,38,0.38,100,0.012225366046186537,17137
no_layernorm,sweeping,8,172,0.054945054945054944,96.80000000000005,0,0.0,32,0.32,100,0.018673758460208773,17237
no_layernorm,sweeping,8,173,0.0546448087431694,90.60000000000004,3,0.03,36,0.36,100,0.020457509676925837,17337
no_layernorm,sweeping,8,174,0.05434782608695653,96.50000000000003,0,0.0,35,0.35,100,0.01567815141752362,17437
no_layernorm,sweeping,8,175,0.05405405405405406,94.60000000000005,1,0.01,35,0.35,100,0.0181409641681239,17537
no_layernorm,sweeping,8,176,0.05376344086021505,96.50000000000003,0,0.0,35,0.35,100,0.01216004861984402,17637
no_layernorm,sweeping,8,177,0.053475935828877004,92.70000000000005,2,0.02,34,0.34,100,0.016760594323277474,17737
no_layernorm,sweeping,8,178,0.05319148936170213,92.90000000000003,2,0.02,33,0.33,100,0.011685810117051006,17837
no_layernorm,sweeping,8,179,0.052910052910052914,96.80000000000004,0,0.0,32,0.32,100,0.020343213581945747,17937
no_layernorm,sweeping,8,180,0.05263157894736842,94.40000000000003,1,0.01,37,0.37,100,0.012979419440962375,18037
no_layernorm,sweeping,8,181,0.05235602094240837,94.00000000000006,1,0.01,41,0.41,100,0.016711594678927213,18137
no_layernorm,sweeping,8,182,0.052083333333333336,96.30000000000007,0,0.0,37,0.37,100,0.012831676823552698,18237
no_layernorm,sweeping,8,183,0.05181347150259067,94.70000000000003,1,0.01,34,0.34,100,0.01167616552207619,18337
no_layernorm,sweeping,8,184,0.051546391752577324,96.40000000000003,0,0.0,36,0.36,100,0.013806468781549484,18437
no_layernorm,sweeping,8,185,0.05128205128205128,92.80000000000001,2,0.02,34,0.34,100,0.019545500497333706,18537
no_layernorm,sweeping,8,186,0.0510204081632653,90.10000000000004,3,0.03,42,0.42,100,0.015975743357557803,18637
no_layernorm,sweeping,8,187,0.050761421319796954,96.80000000000003,0,0.0,32,0.32,100,0.016779658598825336,18737
no_layernorm,sweeping,8,188,0.050505050505050504,96.80000000000005,0,0.0,32,0.32,100,0.010708413633983583,18837
no_layernorm,sweeping,8,189,0.05025125628140704,95.40000000000005,0,0.0,46,0.46,100,0.023243760261684655,18937
no_layernorm,sweeping,8,190,0.05,97.00000000000003,0,0.0,30,0.3,100,0.014199847131967544,19037
no_layernorm,sweeping,8,191,0.04975124378109452,96.50000000000003,0,0.0,35,0.35,100,0.012407151754014195,19137
no_layernorm,sweeping,8,192,0.04950495049504951,92.40000000000003,2,0.02,38,0.38,100,0.01259649173822254,19237
no_layernorm,sweeping,8,193,0.04926108374384236,95.70000000000005,0,0.0,43,0.43,100,0.019791555721312762,19337
no_layernorm,sweeping,8,194,0.04901960784313726,94.20000000000003,1,0.01,39,0.39,100,0.01750623688334599,19437
no_layernorm,sweeping,8,195,0.04878048780487805,96.40000000000006,0,0.0,36,0.36,100,0.014904286111705006,19537
no_layernorm,sweeping,8,196,0.04854368932038835,96.50000000000003,0,0.0,35,0.35,100,0.015513201099820436,19637
no_layernorm,sweeping,8,197,0.04830917874396135,97.00000000000006,0,0.0,30,0.3,100,0.0113496626005508,19737
no_layernorm,sweeping,8,198,0.04807692307692307,94.40000000000006,1,0.01,37,0.37,100,0.012094829666893929,19837
no_layernorm,sweeping,8,199,0.04784688995215311,96.40000000000006,0,0.0,36,0.36,100,0.02342460461659357,19937
no_layernorm,sweeping,9,0,1.0,64.19999999999992,14,0.14,91,0.91,100,0.12816966090955445,37
no_layernorm,sweeping,9,1,0.9090909090909091,80.5,6,0.06,81,0.81,100,0.03539383525960147,137
no_layernorm,sweeping,9,2,0.8333333333333334,69.99999999999997,11,0.11,90,0.9,100,0.01691830687224865,237
no_layernorm,sweeping,9,3,0.7692307692307692,69.99999999999996,11,0.11,88,0.88,100,0.013676367830485106,337
no_layernorm,sweeping,9,4,0.7142857142857143,74.10000000000001,9,0.09,84,0.84,100,0.012092180689796806,437
no_layernorm,sweeping,9,5,0.6666666666666666,76.2,8,0.08,86,0.86,100,0.01168669346254319,537
no_layernorm,sweeping,9,6,0.625,86.10000000000005,3,0.03,82,0.82,100,0.018075639810413123,637
no_layernorm,sweeping,9,7,0.5882352941176471,78.50000000000003,7,0.07,81,0.81,100,0.01561016844585538,737
no_layernorm,sweeping,9,8,0.5555555555555556,70.69999999999997,11,0.11,84,0.84,100,0.010707756634801627,837
no_layernorm,sweeping,9,9,0.5263157894736842,73.39999999999996,10,0.1,74,0.74,100,0.012266570557840169,937
no_layernorm,sweeping,9,10,0.5,84.40000000000006,4,0.04,80,0.8,100,0.011627736175432802,1037
no_layernorm,sweeping,9,11,0.47619047619047616,87.00000000000007,3,0.03,73,0.73,100,0.017621090272441506,1137
no_layernorm,sweeping,9,12,0.45454545454545453,83.10000000000002,5,0.05,73,0.73,100,0.013196971542201936,1237
no_layernorm,sweeping,9,13,0.4347826086956522,77.4,8,0.08,74,0.74,100,0.011298308321274817,1337
no_layernorm,sweeping,9,14,0.4166666666666667,83.80000000000005,5,0.05,67,0.67,100,0.01328130449168384,1437
no_layernorm,sweeping,9,15,0.4,79.50000000000001,7,0.07,72,0.72,100,0.01337037063203752,1537
no_layernorm,sweeping,9,16,0.3846153846153846,85.80000000000008,4,0.04,66,0.66,100,0.017113903774879872,1637
no_layernorm,sweeping,9,17,0.37037037037037035,85.50000000000006,4,0.04,67,0.67,100,0.013616481788922101,1737
no_layernorm,sweeping,9,18,0.35714285714285715,85.70000000000006,4,0.04,67,0.67,100,0.012086323481053114,1837
no_layernorm,sweeping,9,19,0.3448275862068966,83.20000000000005,5,0.05,73,0.73,100,0.016065399693325162,1937
no_layernorm,sweeping,9,20,0.3333333333333333,80.30000000000001,7,0.07,64,0.64,100,0.019094329783692954,2037
no_layernorm,sweeping,9,21,0.3225806451612903,88.40000000000002,3,0.03,59,0.59,100,0.018602492990903555,2137
no_layernorm,sweeping,9,22,0.3125,85.20000000000005,4,0.04,72,0.72,100,0.023507210980169474,2237
no_layernorm,sweeping,9,23,0.30303030303030304,83.50000000000003,5,0.05,70,0.7,100,0.017714620758779345,2337
no_layernorm,sweeping,9,24,0.29411764705882354,91.30000000000003,1,0.01,68,0.68,100,0.020904919779859484,2437
no_layernorm,sweeping,9,25,0.2857142857142857,91.1000000000001,1,0.01,70,0.7,100,0.025545936599373816,2537
no_layernorm,sweeping,9,26,0.2777777777777778,85.30000000000003,4,0.04,71,0.71,100,0.017001813254319133,2637
no_layernorm,sweeping,9,27,0.27027027027027023,92.30000000000004,1,0.01,58,0.58,100,0.01987727389205247,2737
no_layernorm,sweeping,9,28,0.2631578947368421,84.6,5,0.05,58,0.58,100,0.018314747652038933,2837
no_layernorm,sweeping,9,29,0.25641025641025644,87.70000000000005,3,0.03,66,0.66,100,0.016835899706929922,2937
no_layernorm,sweeping,9,30,0.25,88.20000000000005,3,0.03,61,0.61,100,0.017116653295233847,3037
no_layernorm,sweeping,9,31,0.24390243902439027,92.30000000000007,1,0.01,58,0.58,100,0.02257118923123926,3137
no_layernorm,sweeping,9,32,0.23809523809523808,84.30000000000003,5,0.05,62,0.62,100,0.021901929015293718,3237
no_layernorm,sweeping,9,33,0.23255813953488372,86.90000000000005,4,0.04,54,0.54,100,0.019104799637570977,3337
no_layernorm,sweeping,9,34,0.22727272727272727,91.90000000000006,1,0.01,62,0.62,100,0.021184175559319555,3437
no_layernorm,sweeping,9,35,0.2222222222222222,82.50000000000004,6,0.06,58,0.58,100,0.02070175429340452,3537
no_layernorm,sweeping,9,36,0.2173913043478261,89.90000000000006,2,0.02,62,0.62,100,0.020942160431295632,3637
no_layernorm,sweeping,9,37,0.2127659574468085,89.60000000000002,2,0.02,66,0.66,100,0.024789220737293362,3737
no_layernorm,sweeping,9,38,0.20833333333333334,84.00000000000007,5,0.05,65,0.65,100,0.026176904151216148,3837
no_layernorm,sweeping,9,39,0.2040816326530612,88.60000000000007,3,0.03,57,0.57,100,0.019062822344712915,3937
no_layernorm,sweeping,9,40,0.2,89.70000000000006,2,0.02,65,0.65,100,0.021547347558662295,4037
no_layernorm,sweeping,9,41,0.19607843137254904,95.70000000000007,0,0.0,43,0.43,100,0.021733251470141112,4137
no_layernorm,sweeping,9,42,0.1923076923076923,88.60000000000008,3,0.03,56,0.56,100,0.025363687882199882,4237
no_layernorm,sweeping,9,43,0.18867924528301888,90.60000000000005,2,0.02,54,0.54,100,0.017562724403105676,4337
no_layernorm,sweeping,9,44,0.18518518518518517,88.50000000000007,3,0.03,58,0.58,100,0.01795058464165777,4437
no_layernorm,sweeping,9,45,0.18181818181818182,88.00000000000006,3,0.03,62,0.62,100,0.021752355261705814,4537
no_layernorm,sweeping,9,46,0.17857142857142858,87.40000000000003,4,0.04,50,0.5,100,0.02966735911089927,4637
no_layernorm,sweeping,9,47,0.17543859649122806,93.00000000000007,1,0.01,50,0.5,100,0.023880510106682778,4737
no_layernorm,sweeping,9,48,0.1724137931034483,89.10000000000004,3,0.03,52,0.52,100,0.02451788883190602,4837
no_layernorm,sweeping,9,49,0.1694915254237288,91.10000000000002,2,0.02,51,0.51,100,0.02618588846642524,4937
no_layernorm,sweeping,9,50,0.16666666666666666,93.70000000000007,1,0.01,44,0.44,100,0.029624635963700713,5037
no_layernorm,sweeping,9,51,0.1639344262295082,91.10000000000005,2,0.02,51,0.51,100,0.03026152220321819,5137
no_layernorm,sweeping,9,52,0.16129032258064516,91.80000000000004,2,0.02,44,0.44,100,0.02444733798969537,5237
no_layernorm,sweeping,9,53,0.15873015873015872,89.40000000000003,3,0.03,49,0.49,100,0.02755330319982022,5337
no_layernorm,sweeping,9,54,0.15625,90.80000000000004,2,0.02,54,0.54,100,0.033580610528588295,5437
no_layernorm,sweeping,9,55,0.15384615384615385,93.00000000000009,1,0.01,51,0.51,100,0.027641502963379024,5537
no_layernorm,sweeping,9,56,0.15151515151515152,88.70000000000005,3,0.03,55,0.55,100,0.022693731640465557,5637
no_layernorm,sweeping,9,57,0.14925373134328357,90.70000000000005,2,0.02,54,0.54,100,0.025476966290734707,5737
no_layernorm,sweeping,9,58,0.14705882352941177,94.40000000000006,0,0.0,56,0.56,100,0.02210227584000677,5837
no_layernorm,sweeping,9,59,0.14492753623188406,89.60000000000004,3,0.03,47,0.47,100,0.025276038320735095,5937
no_layernorm,sweeping,9,60,0.14285714285714285,89.30000000000003,3,0.03,49,0.49,100,0.034162632627412676,6037
no_layernorm,sweeping,9,61,0.14084507042253522,92.50000000000006,1,0.01,56,0.56,100,0.022587839793413878,6137
no_layernorm,sweeping,9,62,0.1388888888888889,91.90000000000003,2,0.02,43,0.43,100,0.03322880008723587,6237
no_layernorm,sweeping,9,63,0.136986301369863,95.30000000000004,0,0.0,47,0.47,100,0.020719346501864494,6337
no_layernorm,sweeping,9,64,0.13513513513513511,89.50000000000003,3,0.03,48,0.48,100,0.025589678203687072,6437
no_layernorm,sweeping,9,65,0.13333333333333333,86.80000000000004,4,0.04,56,0.56,100,0.0250069836480543,6537
no_layernorm,sweeping,9,66,0.13157894736842105,92.70000000000007,1,0.01,54,0.54,100,0.027060252549126744,6637
no_layernorm,sweeping,9,67,0.12987012987012986,91.20000000000003,2,0.02,50,0.5,100,0.04107086737640202,6737
no_layernorm,sweeping,9,68,0.12820512820512822,93.40000000000006,1,0.01,47,0.47,100,0.02417472627479583,6837
no_layernorm,sweeping,9,69,0.12658227848101264,88.60000000000007,3,0.03,57,0.57,100,0.021139475773088633,6937
no_layernorm,sweeping,9,70,0.125,93.70000000000003,1,0.01,44,0.44,100,0.024717854559421538,7037
no_layernorm,sweeping,9,71,0.1234567901234568,92.70000000000007,1,0.01,54,0.54,100,0.022549402327276768,7137
no_layernorm,sweeping,9,72,0.12195121951219513,93.40000000000005,1,0.01,47,0.47,100,0.021196291046217085,7237
no_layernorm,sweeping,9,73,0.12048192771084336,94.40000000000006,0,0.0,56,0.56,100,0.019612751798704267,7337
no_layernorm,sweeping,9,74,0.11904761904761904,88.00000000000004,4,0.04,41,0.41,100,0.028081135554239155,7437
no_layernorm,sweeping,9,75,0.11764705882352941,93.80000000000004,1,0.01,43,0.43,100,0.02343376631848514,7537
no_layernorm,sweeping,9,76,0.11627906976744186,94.40000000000006,0,0.0,56,0.56,100,0.020922031574882566,7637
no_layernorm,sweeping,9,77,0.1149425287356322,93.90000000000003,1,0.01,42,0.42,100,0.02125603021122515,7737
no_layernorm,sweeping,9,78,0.11363636363636363,94.00000000000007,1,0.01,41,0.41,100,0.028288782667368652,7837
no_layernorm,sweeping,9,79,0.11235955056179775,95.40000000000008,0,0.0,46,0.46,100,0.01951878088992089,7937
no_layernorm,sweeping,9,80,0.1111111111111111,86.90000000000003,4,0.04,55,0.55,100,0.022513912934809924,8037
no_layernorm,sweeping,9,81,0.10989010989010989,91.80000000000004,2,0.02,43,0.43,100,0.038532157596200704,8137
no_layernorm,sweeping,9,82,0.10869565217391305,93.70000000000006,1,0.01,44,0.44,100,0.023174339346587657,8237
no_layernorm,sweeping,9,83,0.1075268817204301,95.50000000000004,0,0.0,45,0.45,100,0.026465469701215626,8337
no_layernorm,sweeping,9,84,0.10638297872340426,92.60000000000007,1,0.01,55,0.55,100,0.02546294081490487,8437
no_layernorm,sweeping,9,85,0.10526315789473684,96.30000000000007,0,0.0,37,0.37,100,0.01813141188584268,8537
no_layernorm,sweeping,9,86,0.10416666666666667,95.70000000000007,0,0.0,43,0.43,100,0.020373395550996064,8637
no_layernorm,sweeping,9,87,0.10309278350515465,93.30000000000005,1,0.01,48,0.48,100,0.020530788763426244,8737
no_layernorm,sweeping,9,88,0.1020408163265306,93.20000000000005,1,0.01,49,0.49,100,0.02593006119597703,8837
no_layernorm,sweeping,9,89,0.10101010101010101,93.10000000000008,1,0.01,50,0.5,100,0.03619640923570842,8937
no_layernorm,sweeping,9,90,0.1,93.70000000000005,1,0.01,44,0.44,100,0.03148508148733527,9037
no_layernorm,sweeping,9,91,0.09900990099009901,87.00000000000003,4,0.04,54,0.54,100,0.031125091048888862,9137
no_layernorm,sweeping,9,92,0.09803921568627452,92.10000000000004,2,0.02,41,0.41,100,0.028282141680829227,9237
no_layernorm,sweeping,9,93,0.0970873786407767,91.10000000000005,2,0.02,50,0.5,100,0.023574558761902155,9337
no_layernorm,sweeping,9,94,0.09615384615384615,93.10000000000005,1,0.01,50,0.5,100,0.025729019856080414,9437
no_layernorm,sweeping,9,95,0.09523809523809523,91.60000000000004,2,0.02,46,0.46,100,0.03309347357600927,9537
no_layernorm,sweeping,9,96,0.09433962264150944,95.10000000000004,0,0.0,49,0.49,100,0.040150837269611654,9637
no_layernorm,sweeping,9,97,0.09345794392523366,89.80000000000005,3,0.03,45,0.45,100,0.0188600360089913,9737
no_layernorm,sweeping,9,98,0.09259259259259259,91.60000000000004,2,0.02,46,0.46,100,0.019980661207810044,9837
no_layernorm,sweeping,9,99,0.09174311926605504,95.10000000000007,0,0.0,49,0.49,100,0.03682551028672606,9937
no_layernorm,sweeping,9,100,0.09090909090909091,95.00000000000006,0,0.0,50,0.5,100,0.02315192204900086,10037
no_layernorm,sweeping,9,101,0.0900900900900901,93.50000000000006,1,0.01,46,0.46,100,0.022788273750338702,10137
no_layernorm,sweeping,9,102,0.08928571428571429,93.90000000000005,1,0.01,42,0.42,100,0.019862162042409183,10237
no_layernorm,sweeping,9,103,0.08849557522123894,95.60000000000007,0,0.0,44,0.44,100,0.023736862600781023,10337
no_layernorm,sweeping,9,104,0.08771929824561403,91.80000000000004,2,0.02,44,0.44,100,0.03145279540214688,10437
no_layernorm,sweeping,9,105,0.08695652173913043,93.60000000000005,1,0.01,45,0.45,100,0.019397668768651784,10537
no_layernorm,sweeping,9,106,0.08620689655172414,92.30000000000003,2,0.02,39,0.39,100,0.024604348009452225,10637
no_layernorm,sweeping,9,107,0.08547008547008547,95.40000000000006,0,0.0,46,0.46,100,0.026777510880492628,10737
no_layernorm,sweeping,9,108,0.0847457627118644,93.90000000000005,1,0.01,42,0.42,100,0.020506193842738867,10837
no_layernorm,sweeping,9,109,0.08403361344537814,93.80000000000005,1,0.01,43,0.43,100,0.020898763546720146,10937
no_layernorm,sweeping,9,110,0.08333333333333333,95.00000000000006,0,0.0,50,0.5,100,0.020811047279275952,11037
no_layernorm,sweeping,9,111,0.08264462809917356,91.80000000000005,2,0.02,44,0.44,100,0.026207563588395714,11137
no_layernorm,sweeping,9,112,0.0819672131147541,94.00000000000003,1,0.01,40,0.4,100,0.02106572159100324,11237
no_layernorm,sweeping,9,113,0.08130081300813008,93.70000000000002,1,0.01,44,0.44,100,0.020398409855552017,11337
no_layernorm,sweeping,9,114,0.08064516129032258,91.60000000000004,2,0.02,46,0.46,100,0.025963019817136227,11437
no_layernorm,sweeping,9,115,0.08,93.60000000000004,1,0.01,45,0.45,100,0.030394037482328714,11537
no_layernorm,sweeping,9,116,0.07936507936507936,92.70000000000005,1,0.01,54,0.54,100,0.027712510041892527,11637
no_layernorm,sweeping,9,117,0.07874015748031496,96.10000000000005,0,0.0,39,0.39,100,0.02565877656918019,11737
no_layernorm,sweeping,9,118,0.078125,95.50000000000009,0,0.0,45,0.45,100,0.018349864706397056,11837
no_layernorm,sweeping,9,119,0.07751937984496124,93.60000000000002,1,0.01,45,0.45,100,0.021943821972236037,11937
no_layernorm,sweeping,9,120,0.07692307692307693,95.70000000000003,0,0.0,43,0.43,100,0.023823255584575237,12037
no_layernorm,sweeping,9,121,0.07633587786259542,95.20000000000005,0,0.0,48,0.48,100,0.023568644530605525,12137
no_layernorm,sweeping,9,122,0.07575757575757576,95.60000000000005,0,0.0,44,0.44,100,0.01773903377354145,12237
no_layernorm,sweeping,9,123,0.07518796992481203,91.90000000000005,2,0.02,43,0.43,100,0.02390600332757458,12337
no_layernorm,sweeping,9,124,0.07462686567164178,96.80000000000005,0,0.0,32,0.32,100,0.015560793140903115,12437
no_layernorm,sweeping,9,125,0.07407407407407407,96.00000000000007,0,0.0,40,0.4,100,0.018788606193847954,12537
no_layernorm,sweeping,9,126,0.07352941176470588,95.90000000000003,0,0.0,41,0.41,100,0.01931529081426561,12637
no_layernorm,sweeping,9,127,0.07299270072992702,94.60000000000004,1,0.01,35,0.35,100,0.018318100804463028,12737
no_layernorm,sweeping,9,128,0.07246376811594203,96.20000000000003,0,0.0,38,0.38,100,0.020594012942165136,12837
no_layernorm,sweeping,9,129,0.07194244604316546,94.30000000000005,1,0.01,38,0.38,100,0.017954868730157614,12937
no_layernorm,sweeping,9,130,0.07142857142857142,93.80000000000004,1,0.01,42,0.42,100,0.030108467997051774,13037
no_layernorm,sweeping,9,131,0.07092198581560284,95.40000000000003,0,0.0,46,0.46,100,0.01868306962773204,13137
no_layernorm,sweeping,9,132,0.07042253521126761,94.10000000000007,1,0.01,40,0.4,100,0.024311216622591017,13237
no_layernorm,sweeping,9,133,0.06993006993006992,95.80000000000007,0,0.0,42,0.42,100,0.021447944215033203,13337
no_layernorm,sweeping,9,134,0.06944444444444445,96.00000000000006,0,0.0,40,0.4,100,0.0206082952208817,13437
no_layernorm,sweeping,9,135,0.06896551724137931,96.40000000000006,0,0.0,36,0.36,100,0.017997259711846708,13537
no_layernorm,sweeping,9,136,0.0684931506849315,96.20000000000006,0,0.0,38,0.38,100,0.02001098110806197,13637
no_layernorm,sweeping,9,137,0.06802721088435375,96.00000000000003,0,0.0,40,0.4,100,0.029818606688641013,13737
no_layernorm,sweeping,9,138,0.06756756756756756,94.00000000000006,1,0.01,41,0.41,100,0.020147607666440307,13837
no_layernorm,sweeping,9,139,0.06711409395973154,92.40000000000003,2,0.02,38,0.38,100,0.020694582720752804,13937
no_layernorm,sweeping,9,140,0.06666666666666667,94.10000000000005,1,0.01,40,0.4,100,0.021054699304513633,14037
no_layernorm,sweeping,9,141,0.06622516556291391,96.40000000000005,0,0.0,36,0.36,100,0.022281133201904595,14137
no_layernorm,sweeping,9,142,0.06578947368421052,94.00000000000006,1,0.01,40,0.4,100,0.027692645848728718,14237
no_layernorm,sweeping,9,143,0.06535947712418301,95.90000000000003,0,0.0,41,0.41,100,0.02280259707942605,14337
no_layernorm,sweeping,9,144,0.06493506493506493,96.50000000000003,0,0.0,35,0.35,100,0.012951470422558486,14437
no_layernorm,sweeping,9,145,0.06451612903225806,90.30000000000007,3,0.03,40,0.4,100,0.020454278653487562,14537
no_layernorm,sweeping,9,146,0.06410256410256411,95.80000000000008,0,0.0,42,0.42,100,0.014869848778471351,14637
no_layernorm,sweeping,9,147,0.06369426751592357,93.80000000000003,1,0.01,43,0.43,100,0.01512976944912225,14737
no_layernorm,sweeping,9,148,0.06329113924050632,94.80000000000004,1,0.01,33,0.33,100,0.02039828726090491,14837
no_layernorm,sweeping,9,149,0.06289308176100629,94.10000000000004,1,0.01,40,0.4,100,0.01792300568893552,14937
no_layernorm,sweeping,9,150,0.0625,95.70000000000006,0,0.0,43,0.43,100,0.016274153070989995,15037
no_layernorm,sweeping,9,151,0.06211180124223602,93.60000000000005,1,0.01,45,0.45,100,0.022624775813892484,15137
no_layernorm,sweeping,9,152,0.0617283950617284,91.90000000000003,2,0.02,43,0.43,100,0.023912831931374966,15237
no_layernorm,sweeping,9,153,0.06134969325153374,95.50000000000009,0,0.0,45,0.45,100,0.0162836717069149,15337
no_layernorm,sweeping,9,154,0.06097560975609757,96.80000000000004,0,0.0,32,0.32,100,0.026723710098303856,15437
no_layernorm,sweeping,9,155,0.06060606060606061,96.20000000000003,0,0.0,38,0.38,100,0.016679354240186513,15537
no_layernorm,sweeping,9,156,0.06024096385542168,93.30000000000004,1,0.01,48,0.48,100,0.018585165636613964,15637
no_layernorm,sweeping,9,157,0.059880239520958084,95.80000000000005,0,0.0,42,0.42,100,0.019949254980310797,15737
no_layernorm,sweeping,9,158,0.05952380952380952,94.40000000000003,1,0.01,37,0.37,100,0.016024849386885764,15837
no_layernorm,sweeping,9,159,0.0591715976331361,90.50000000000003,3,0.03,37,0.37,100,0.014707563105039298,15937
no_layernorm,sweeping,9,160,0.058823529411764705,94.60000000000004,1,0.01,34,0.34,100,0.01648153006564826,16037
no_layernorm,sweeping,9,161,0.05847953216374269,96.10000000000005,0,0.0,39,0.39,100,0.014443820575252175,16137
no_layernorm,sweeping,9,162,0.05813953488372093,92.50000000000003,2,0.02,37,0.37,100,0.02241678339196369,16237
no_layernorm,sweeping,9,163,0.057803468208092484,95.80000000000004,0,0.0,42,0.42,100,0.01596338799688965,16337
no_layernorm,sweeping,9,164,0.0574712643678161,96.50000000000003,0,0.0,35,0.35,100,0.02181586186401546,16437
no_layernorm,sweeping,9,165,0.05714285714285714,96.90000000000005,0,0.0,31,0.31,100,0.017411733642220498,16537
no_layernorm,sweeping,9,166,0.056818181818181816,94.10000000000007,1,0.01,40,0.4,100,0.015854310053400697,16637
no_layernorm,sweeping,9,167,0.05649717514124294,96.70000000000005,0,0.0,33,0.33,100,0.012817836687900127,16737
no_layernorm,sweeping,9,168,0.056179775280898875,96.50000000000004,0,0.0,35,0.35,100,0.02019225277006626,16837
no_layernorm,sweeping,9,169,0.0558659217877095,92.30000000000004,2,0.02,38,0.38,100,0.01664565402083099,16937
no_layernorm,sweeping,9,170,0.05555555555555555,95.10000000000005,1,0.01,30,0.3,100,0.011137170295696705,17037
no_layernorm,sweeping,9,171,0.055248618784530384,94.10000000000004,1,0.01,40,0.4,100,0.01753042675089091,17137
no_layernorm,sweeping,9,172,0.054945054945054944,96.30000000000007,0,0.0,37,0.37,100,0.02825507484842092,17237
no_layernorm,sweeping,9,173,0.0546448087431694,94.70000000000005,1,0.01,34,0.34,100,0.016927350093610585,17337
no_layernorm,sweeping,9,174,0.05434782608695653,94.30000000000004,1,0.01,38,0.38,100,0.015654936351347716,17437
no_layernorm,sweeping,9,175,0.05405405405405406,96.60000000000002,0,0.0,34,0.34,100,0.016859522494487463,17537
no_layernorm,sweeping,9,176,0.05376344086021505,90.40000000000003,3,0.03,39,0.39,100,0.022815245552919805,17637
no_layernorm,sweeping,9,177,0.053475935828877004,94.50000000000003,1,0.01,35,0.35,100,0.01754603861598298,17737
no_layernorm,sweeping,9,178,0.05319148936170213,96.50000000000006,0,0.0,35,0.35,100,0.013560178461484612,17837
no_layernorm,sweeping,9,179,0.052910052910052914,95.00000000000004,1,0.01,31,0.31,100,0.012937699072062969,17937
no_layernorm,sweeping,9,180,0.05263157894736842,96.50000000000006,0,0.0,35,0.35,100,0.015905547090806067,18037
no_layernorm,sweeping,9,181,0.05235602094240837,96.90000000000005,0,0.0,31,0.31,100,0.019085182978305967,18137
no_layernorm,sweeping,9,182,0.052083333333333336,96.00000000000003,0,0.0,40,0.4,100,0.01313770079985261,18237
no_layernorm,sweeping,9,183,0.05181347150259067,96.80000000000003,0,0.0,32,0.32,100,0.022879073400981723,18337
no_layernorm,sweeping,9,184,0.051546391752577324,92.40000000000006,2,0.02,38,0.38,100,0.01673436734126881,18437
no_layernorm,sweeping,9,185,0.05128205128205128,96.00000000000006,0,0.0,40,0.4,100,0.011438775961287319,18537
no_layernorm,sweeping,9,186,0.0510204081632653,96.00000000000003,0,0.0,40,0.4,100,0.014732477506622672,18637
no_layernorm,sweeping,9,187,0.050761421319796954,96.50000000000004,0,0.0,35,0.35,100,0.012098412828054279,18737
no_layernorm,sweeping,9,188,0.050505050505050504,96.60000000000002,0,0.0,34,0.34,100,0.020837266731541605,18837
no_layernorm,sweeping,9,189,0.05025125628140704,96.30000000000004,0,0.0,37,0.37,100,0.011893236385658383,18937
no_layernorm,sweeping,9,190,0.05,94.40000000000006,1,0.01,37,0.37,100,0.017311330466764047,19037
no_layernorm,sweeping,9,191,0.04975124378109452,96.50000000000003,0,0.0,35,0.35,100,0.017668196328449993,19137
no_layernorm,sweeping,9,192,0.04950495049504951,96.30000000000004,0,0.0,37,0.37,100,0.011167168021202087,19237
no_layernorm,sweeping,9,193,0.04926108374384236,96.70000000000002,0,0.0,33,0.33,100,0.013149808314628898,19337
no_layernorm,sweeping,9,194,0.04901960784313726,97.10000000000002,0,0.0,29,0.29,100,0.01751403404166922,19437
no_layernorm,sweeping,9,195,0.04878048780487805,92.70000000000002,2,0.02,35,0.35,100,0.015130172793287783,19537
no_layernorm,sweeping,9,196,0.04854368932038835,96.50000000000003,0,0.0,35,0.35,100,0.019543369589373468,19637
no_layernorm,sweeping,9,197,0.04830917874396135,92.90000000000003,2,0.02,33,0.33,100,0.01575426427880302,19737
no_layernorm,sweeping,9,198,0.04807692307692307,94.70000000000005,1,0.01,34,0.34,100,0.01119467141572386,19837
no_layernorm,sweeping,9,199,0.04784688995215311,97.10000000000005,0,0.0,29,0.29,100,0.011919478974305094,19937
no_layernorm,sweeping,10,0,1.0,75.8,8,0.08,90,0.9,100,0.11065949592739344,37
no_layernorm,sweeping,10,1,0.9090909090909091,80.50000000000006,6,0.06,80,0.8,100,0.022774815801531078,137
no_layernorm,sweeping,10,2,0.8333333333333334,59.399999999999935,17,0.17,81,0.81,100,0.015364570217207075,237
no_layernorm,sweeping,10,3,0.7692307692307692,72.19999999999997,10,0.1,87,0.87,100,0.013216554601676762,337
no_layernorm,sweeping,10,4,0.7142857142857143,72.19999999999996,10,0.1,87,0.87,100,0.01127087950706482,437
no_layernorm,sweeping,10,5,0.6666666666666666,74.50000000000001,9,0.09,83,0.83,100,0.012818162287585437,537
no_layernorm,sweeping,10,6,0.625,82.00000000000003,5,0.05,83,0.83,100,0.013414974408224225,637
no_layernorm,sweeping,10,7,0.5882352941176471,80.80000000000003,6,0.06,78,0.78,100,0.009114264589734376,737
no_layernorm,sweeping,10,8,0.5555555555555556,68.89999999999998,12,0.12,83,0.83,100,0.008537400932982563,837
no_layernorm,sweeping,10,9,0.5263157894736842,80.90000000000005,6,0.06,77,0.77,100,0.012607667590491473,937
no_layernorm,sweeping,10,10,0.5,74.99999999999999,9,0.09,79,0.79,100,0.011318289786577224,1037
no_layernorm,sweeping,10,11,0.47619047619047616,84.90000000000005,4,0.04,75,0.75,100,0.01158145104534924,1137
no_layernorm,sweeping,10,12,0.45454545454545453,79.10000000000001,7,0.07,75,0.75,100,0.019876840570941568,1237
no_layernorm,sweeping,10,13,0.4347826086956522,78.30000000000001,7,0.07,84,0.84,100,0.013718721577897669,1337
no_layernorm,sweeping,10,14,0.4166666666666667,83.30000000000004,5,0.05,70,0.7,100,0.0141123110614717,1437
no_layernorm,sweeping,10,15,0.4,87.90000000000003,3,0.03,64,0.64,100,0.012732933885417878,1537
no_layernorm,sweeping,10,16,0.3846153846153846,84.00000000000003,5,0.05,64,0.64,100,0.014158606266137212,1637
no_layernorm,sweeping,10,17,0.37037037037037035,79.60000000000004,7,0.07,71,0.71,100,0.015384863996878266,1737
no_layernorm,sweeping,10,18,0.35714285714285715,89.80000000000007,2,0.02,64,0.64,100,0.015404547238722444,1837
no_layernorm,sweeping,10,19,0.3448275862068966,90.20000000000005,2,0.02,60,0.6,100,0.01660372670274228,1937
no_layernorm,sweeping,10,20,0.3333333333333333,89.80000000000007,2,0.02,64,0.64,100,0.01516841416247189,2037
no_layernorm,sweeping,10,21,0.3225806451612903,88.70000000000005,3,0.03,56,0.56,100,0.013885269025340676,2137
no_layernorm,sweeping,10,22,0.3125,88.30000000000004,3,0.03,60,0.6,100,0.019080942035652696,2237
no_layernorm,sweeping,10,23,0.30303030303030304,83.00000000000004,6,0.06,56,0.56,100,0.015132543337531388,2337
no_layernorm,sweeping,10,24,0.29411764705882354,81.30000000000005,6,0.06,72,0.72,100,0.01602329174987972,2437
no_layernorm,sweeping,10,25,0.2857142857142857,89.20000000000005,3,0.03,50,0.5,100,0.01713194982148707,2537
no_layernorm,sweeping,10,26,0.2777777777777778,80.50000000000001,7,0.07,61,0.61,100,0.03424658079631627,2637
no_layernorm,sweeping,10,27,0.27027027027027023,92.30000000000004,1,0.01,58,0.58,100,0.022457206062972544,2737
no_layernorm,sweeping,10,28,0.2631578947368421,80.70000000000002,7,0.07,59,0.59,100,0.017841960680671037,2837
no_layernorm,sweeping,10,29,0.25641025641025644,88.50000000000006,3,0.03,57,0.57,100,0.01835355020593852,2937
no_layernorm,sweeping,10,30,0.25,90.40000000000003,2,0.02,57,0.57,100,0.016187807084061204,3037
no_layernorm,sweeping,10,31,0.24390243902439027,91.00000000000003,2,0.02,52,0.52,100,0.014557956429198384,3137
no_layernorm,sweeping,10,32,0.23809523809523808,88.40000000000003,3,0.03,59,0.59,100,0.019909643894061448,3237
no_layernorm,sweeping,10,33,0.23255813953488372,87.40000000000005,4,0.04,49,0.49,100,0.017647638260386886,3337
no_layernorm,sweeping,10,34,0.22727272727272727,88.90000000000006,3,0.03,54,0.54,100,0.02881971185095608,3437
no_layernorm,sweeping,10,35,0.2222222222222222,91.10000000000005,2,0.02,51,0.51,100,0.023219062467105686,3537
no_layernorm,sweeping,10,36,0.2173913043478261,89.20000000000003,3,0.03,50,0.5,100,0.028266010447405277,3637
no_layernorm,sweeping,10,37,0.2127659574468085,90.70000000000007,2,0.02,55,0.55,100,0.019444461460225285,3737
no_layernorm,sweeping,10,38,0.20833333333333334,91.00000000000004,2,0.02,52,0.52,100,0.028709615767002105,3837
no_layernorm,sweeping,10,39,0.2040816326530612,82.80000000000001,6,0.06,56,0.56,100,0.02138874635566026,3937
no_layernorm,sweeping,10,40,0.2,82.80000000000004,6,0.06,58,0.58,100,0.024352041194215416,4037
no_layernorm,sweeping,10,41,0.19607843137254904,88.30000000000007,3,0.03,60,0.6,100,0.024117591055110098,4137
no_layernorm,sweeping,10,42,0.1923076923076923,87.20000000000005,4,0.04,51,0.51,100,0.02836029216181487,4237
no_layernorm,sweeping,10,43,0.18867924528301888,89.50000000000003,3,0.03,48,0.48,100,0.025573333194479346,4337
no_layernorm,sweeping,10,44,0.18518518518518517,90.60000000000007,2,0.02,56,0.56,100,0.030023706881329416,4437
no_layernorm,sweeping,10,45,0.18181818181818182,84.90000000000003,5,0.05,55,0.55,100,0.023885215814225376,4537
no_layernorm,sweeping,10,46,0.17857142857142858,89.60000000000001,3,0.03,47,0.47,100,0.020705596054904164,4637
no_layernorm,sweeping,10,47,0.17543859649122806,91.00000000000006,2,0.02,51,0.51,100,0.021143224663101135,4737
no_layernorm,sweeping,10,48,0.1724137931034483,85.10000000000002,5,0.05,54,0.54,100,0.020409611528739335,4837
no_layernorm,sweeping,10,49,0.1694915254237288,91.20000000000003,2,0.02,50,0.5,100,0.023659744872711597,4937
no_layernorm,sweeping,10,50,0.16666666666666666,93.20000000000005,1,0.01,49,0.49,100,0.020072514256462455,5037
no_layernorm,sweeping,10,51,0.1639344262295082,95.90000000000003,0,0.0,41,0.41,100,0.01864890198688954,5137
no_layernorm,sweeping,10,52,0.16129032258064516,91.70000000000006,2,0.02,44,0.44,100,0.017408658228814603,5237
no_layernorm,sweeping,10,53,0.15873015873015872,89.60000000000007,3,0.03,47,0.47,100,0.023361850921064617,5337
no_layernorm,sweeping,10,54,0.15625,93.10000000000005,1,0.01,50,0.5,100,0.030668352129869163,5437
no_layernorm,sweeping,10,55,0.15384615384615385,92.90000000000006,1,0.01,52,0.52,100,0.023893605759367345,5537
no_layernorm,sweeping,10,56,0.15151515151515152,94.20000000000006,1,0.01,38,0.38,100,0.021943509969860317,5637
no_layernorm,sweeping,10,57,0.14925373134328357,91.30000000000007,2,0.02,48,0.48,100,0.01917954835575074,5737
no_layernorm,sweeping,10,58,0.14705882352941177,91.30000000000003,2,0.02,49,0.49,100,0.029553110986016692,5837
no_layernorm,sweeping,10,59,0.14492753623188406,91.80000000000007,2,0.02,44,0.44,100,0.029859988489188253,5937
no_layernorm,sweeping,10,60,0.14285714285714285,92.40000000000006,1,0.01,57,0.57,100,0.023289536493830382,6037
no_layernorm,sweeping,10,61,0.14084507042253522,91.30000000000005,2,0.02,48,0.48,100,0.023129754471592604,6137
no_layernorm,sweeping,10,62,0.1388888888888889,95.00000000000006,0,0.0,50,0.5,100,0.026771929929964244,6237
no_layernorm,sweeping,10,63,0.136986301369863,93.70000000000002,1,0.01,44,0.44,100,0.01583055410999805,6337
no_layernorm,sweeping,10,64,0.13513513513513511,94.00000000000003,1,0.01,41,0.41,100,0.022824679436162114,6437
no_layernorm,sweeping,10,65,0.13333333333333333,93.80000000000003,1,0.01,43,0.43,100,0.02238327375613153,6537
no_layernorm,sweeping,10,66,0.13157894736842105,89.10000000000005,3,0.03,51,0.51,100,0.02380830014590174,6637
no_layernorm,sweeping,10,67,0.12987012987012986,88.10000000000004,4,0.04,43,0.43,100,0.020634589702822267,6737
no_layernorm,sweeping,10,68,0.12820512820512822,96.40000000000005,0,0.0,36,0.36,100,0.02213912911247462,6837
no_layernorm,sweeping,10,69,0.12658227848101264,95.20000000000005,0,0.0,48,0.48,100,0.01944624960422516,6937
no_layernorm,sweeping,10,70,0.125,94.00000000000006,1,0.01,41,0.41,100,0.023794079865328967,7037
no_layernorm,sweeping,10,71,0.1234567901234568,89.30000000000001,3,0.03,50,0.5,100,0.026933357343077658,7137
no_layernorm,sweeping,10,72,0.12195121951219513,87.80000000000001,4,0.04,46,0.46,100,0.025032592033967377,7237
no_layernorm,sweeping,10,73,0.12048192771084336,92.10000000000004,2,0.02,40,0.4,100,0.021066700569354,7337
no_layernorm,sweeping,10,74,0.11904761904761904,91.40000000000003,2,0.02,48,0.48,100,0.02864089732989669,7437
no_layernorm,sweeping,10,75,0.11764705882352941,96.20000000000003,0,0.0,38,0.38,100,0.03253266243264079,7537
no_layernorm,sweeping,10,76,0.11627906976744186,93.40000000000005,1,0.01,47,0.47,100,0.025682501532137393,7637
no_layernorm,sweeping,10,77,0.1149425287356322,94.00000000000003,1,0.01,41,0.41,100,0.021984397370833905,7737
no_layernorm,sweeping,10,78,0.11363636363636363,95.90000000000003,0,0.0,41,0.41,100,0.016760815917514264,7837
no_layernorm,sweeping,10,79,0.11235955056179775,89.00000000000003,3,0.03,53,0.53,100,0.02312364859506488,7937
no_layernorm,sweeping,10,80,0.1111111111111111,96.00000000000003,0,0.0,40,0.4,100,0.022593084452673794,8037
no_layernorm,sweeping,10,81,0.10989010989010989,89.50000000000003,3,0.03,48,0.48,100,0.02475300016347319,8137
no_layernorm,sweeping,10,82,0.10869565217391305,93.20000000000007,1,0.01,48,0.48,100,0.032754774685017765,8237
no_layernorm,sweeping,10,83,0.1075268817204301,93.50000000000004,1,0.01,46,0.46,100,0.026782551356591286,8337
no_layernorm,sweeping,10,84,0.10638297872340426,92.00000000000001,2,0.02,42,0.42,100,0.017058051533531397,8437
no_layernorm,sweeping,10,85,0.10526315789473684,89.60000000000004,3,0.03,47,0.47,100,0.016514647896401585,8537
no_layernorm,sweeping,10,86,0.10416666666666667,92.90000000000005,2,0.02,32,0.32,100,0.031038072933442892,8637
no_layernorm,sweeping,10,87,0.10309278350515465,91.50000000000006,2,0.02,47,0.47,100,0.024736248087137938,8737
no_layernorm,sweeping,10,88,0.1020408163265306,92.40000000000002,2,0.02,38,0.38,100,0.025639108242467047,8837
no_layernorm,sweeping,10,89,0.10101010101010101,87.60000000000004,4,0.04,47,0.47,100,0.030587329692207278,8937
no_layernorm,sweeping,10,90,0.1,96.40000000000005,0,0.0,36,0.36,100,0.020278768492862583,9037
no_layernorm,sweeping,10,91,0.09900990099009901,95.80000000000007,0,0.0,42,0.42,100,0.028056385207455604,9137
no_layernorm,sweeping,10,92,0.09803921568627452,93.50000000000004,1,0.01,46,0.46,100,0.028419320955872535,9237
no_layernorm,sweeping,10,93,0.0970873786407767,96.00000000000006,0,0.0,40,0.4,100,0.027599900448694824,9337
no_layernorm,sweeping,10,94,0.09615384615384615,94.20000000000005,1,0.01,39,0.39,100,0.025567855136469007,9437
no_layernorm,sweeping,10,95,0.09523809523809523,96.00000000000003,0,0.0,40,0.4,100,0.0261707399552688,9537
no_layernorm,sweeping,10,96,0.09433962264150944,94.30000000000003,1,0.01,38,0.38,100,0.017830884899012744,9637
no_layernorm,sweeping,10,97,0.09345794392523366,93.90000000000006,1,0.01,41,0.41,100,0.020087488782592117,9737
no_layernorm,sweeping,10,98,0.09259259259259259,93.80000000000005,1,0.01,43,0.43,100,0.023153533721342684,9837
no_layernorm,sweeping,10,99,0.09174311926605504,91.60000000000005,2,0.02,46,0.46,100,0.024998951060697435,9937
no_layernorm,sweeping,10,100,0.09090909090909091,94.30000000000005,1,0.01,38,0.38,100,0.02578182429075241,10037
no_layernorm,sweeping,10,101,0.0900900900900901,93.80000000000003,1,0.01,43,0.43,100,0.020126214404590427,10137
no_layernorm,sweeping,10,102,0.08928571428571429,93.20000000000005,1,0.01,49,0.49,100,0.020669421218335628,10237
no_layernorm,sweeping,10,103,0.08849557522123894,93.60000000000008,1,0.01,45,0.45,100,0.036121838381513956,10337
no_layernorm,sweeping,10,104,0.08771929824561403,93.70000000000005,1,0.01,44,0.44,100,0.01890913081821054,10437
no_layernorm,sweeping,10,105,0.08695652173913043,96.10000000000005,0,0.0,39,0.39,100,0.016930081595201044,10537
no_layernorm,sweeping,10,106,0.08620689655172414,93.60000000000008,1,0.01,45,0.45,100,0.02058540679514408,10637
no_layernorm,sweeping,10,107,0.08547008547008547,95.90000000000003,0,0.0,41,0.41,100,0.026924568032845854,10737
no_layernorm,sweeping,10,108,0.0847457627118644,95.80000000000003,0,0.0,42,0.42,100,0.02393777740653604,10837
no_layernorm,sweeping,10,109,0.08403361344537814,94.90000000000005,0,0.0,51,0.51,100,0.027895183567889035,10937
no_layernorm,sweeping,10,110,0.08333333333333333,90.10000000000004,3,0.03,42,0.42,100,0.0186817161552608,11037
no_layernorm,sweeping,10,111,0.08264462809917356,93.90000000000003,1,0.01,42,0.42,100,0.02389516057446599,11137
no_layernorm,sweeping,10,112,0.0819672131147541,96.00000000000004,0,0.0,40,0.4,100,0.015616110353730618,11237
no_layernorm,sweeping,10,113,0.08130081300813008,94.60000000000004,1,0.01,35,0.35,100,0.019452563151717187,11337
no_layernorm,sweeping,10,114,0.08064516129032258,94.30000000000007,1,0.01,38,0.38,100,0.016856075674295427,11437
no_layernorm,sweeping,10,115,0.08,92.30000000000007,2,0.02,39,0.39,100,0.018602323476225136,11537
no_layernorm,sweeping,10,116,0.07936507936507936,96.50000000000006,0,0.0,35,0.35,100,0.019400946740061046,11637
no_layernorm,sweeping,10,117,0.07874015748031496,94.50000000000003,1,0.01,36,0.36,100,0.018391301571391523,11737
no_layernorm,sweeping,10,118,0.078125,94.40000000000002,1,0.01,37,0.37,100,0.025278558507561683,11837
no_layernorm,sweeping,10,119,0.07751937984496124,96.40000000000005,0,0.0,36,0.36,100,0.023068086029961705,11937
no_layernorm,sweeping,10,120,0.07692307692307693,88.4,4,0.04,40,0.4,100,0.021890831659547985,12037
no_layernorm,sweeping,10,121,0.07633587786259542,96.20000000000006,0,0.0,38,0.38,100,0.01903724439907819,12137
no_layernorm,sweeping,10,122,0.07575757575757576,93.90000000000003,1,0.01,41,0.41,100,0.022628824603743852,12237
no_layernorm,sweeping,10,123,0.07518796992481203,94.30000000000003,1,0.01,37,0.37,100,0.020433909015264363,12337
no_layernorm,sweeping,10,124,0.07462686567164178,95.90000000000006,0,0.0,41,0.41,100,0.01725797782186419,12437
no_layernorm,sweeping,10,125,0.07407407407407407,94.00000000000007,1,0.01,41,0.41,100,0.018872772776521742,12537
no_layernorm,sweeping,10,126,0.07352941176470588,96.00000000000004,0,0.0,40,0.4,100,0.01933290181681514,12637
no_layernorm,sweeping,10,127,0.07299270072992702,92.60000000000005,2,0.02,36,0.36,100,0.02043635366484523,12737
no_layernorm,sweeping,10,128,0.07246376811594203,89.50000000000003,3,0.03,47,0.47,100,0.020105541558004914,12837
no_layernorm,sweeping,10,129,0.07194244604316546,96.20000000000005,0,0.0,38,0.38,100,0.011888582548126579,12937
no_layernorm,sweeping,10,130,0.07142857142857142,95.00000000000004,1,0.01,30,0.3,100,0.02845129669178277,13037
no_layernorm,sweeping,10,131,0.07092198581560284,94.10000000000005,1,0.01,40,0.4,100,0.02629120628349483,13137
no_layernorm,sweeping,10,132,0.07042253521126761,90.40000000000005,3,0.03,39,0.39,100,0.016854502614587544,13237
no_layernorm,sweeping,10,133,0.06993006993006992,96.50000000000004,0,0.0,35,0.35,100,0.02373956031166017,13337
no_layernorm,sweeping,10,134,0.06944444444444445,92.30000000000004,2,0.02,39,0.39,100,0.022272274964489042,13437
no_layernorm,sweeping,10,135,0.06896551724137931,89.90000000000002,3,0.03,44,0.44,100,0.017297209170646966,13537
no_layernorm,sweeping,10,136,0.0684931506849315,92.60000000000002,2,0.02,36,0.36,100,0.018134377140086144,13637
no_layernorm,sweeping,10,137,0.06802721088435375,96.80000000000004,0,0.0,32,0.32,100,0.014326475351117552,13737
no_layernorm,sweeping,10,138,0.06756756756756756,96.00000000000006,0,0.0,40,0.4,100,0.0213121364149265,13837
no_layernorm,sweeping,10,139,0.06711409395973154,96.20000000000005,0,0.0,38,0.38,100,0.018093173801898958,13937
no_layernorm,sweeping,10,140,0.06666666666666667,95.00000000000006,0,0.0,50,0.5,100,0.034927646638825534,14037
no_layernorm,sweeping,10,141,0.06622516556291391,93.00000000000004,2,0.02,32,0.32,100,0.024825430875644088,14137
no_layernorm,sweeping,10,142,0.06578947368421052,90.40000000000005,3,0.03,38,0.38,100,0.022162839234806598,14237
no_layernorm,sweeping,10,143,0.06535947712418301,96.00000000000004,0,0.0,40,0.4,100,0.020595161765813826,14337
no_layernorm,sweeping,10,144,0.06493506493506493,93.60000000000005,1,0.01,44,0.44,100,0.019553197401110084,14437
no_layernorm,sweeping,10,145,0.06451612903225806,97.10000000000004,0,0.0,29,0.29,100,0.023537379780318588,14537
no_layernorm,sweeping,10,146,0.06410256410256411,94.40000000000003,1,0.01,36,0.36,100,0.016661361814476548,14637
no_layernorm,sweeping,10,147,0.06369426751592357,96.70000000000005,0,0.0,33,0.33,100,0.015866704722866415,14737
no_layernorm,sweeping,10,148,0.06329113924050632,94.50000000000006,1,0.01,36,0.36,100,0.015958566169720145,14837
no_layernorm,sweeping,10,149,0.06289308176100629,92.10000000000004,2,0.02,41,0.41,100,0.018578127245418727,14937
no_layernorm,sweeping,10,150,0.0625,94.20000000000005,1,0.01,39,0.39,100,0.015140053890645504,15037
no_layernorm,sweeping,10,151,0.06211180124223602,96.10000000000007,0,0.0,39,0.39,100,0.01452009147265926,15137
no_layernorm,sweeping,10,152,0.0617283950617284,96.70000000000005,0,0.0,33,0.33,100,0.019034473160281777,15237
no_layernorm,sweeping,10,153,0.06134969325153374,94.60000000000004,1,0.01,35,0.35,100,0.02921755922259763,15337
no_layernorm,sweeping,10,154,0.06097560975609757,94.70000000000005,1,0.01,34,0.34,100,0.014367186455056071,15437
no_layernorm,sweeping,10,155,0.06060606060606061,92.20000000000006,2,0.02,40,0.4,100,0.021324634035117924,15537
no_layernorm,sweeping,10,156,0.06024096385542168,96.30000000000004,0,0.0,37,0.37,100,0.028514759950339794,15637
no_layernorm,sweeping,10,157,0.059880239520958084,94.40000000000003,1,0.01,37,0.37,100,0.013827661485411227,15737
no_layernorm,sweeping,10,158,0.05952380952380952,96.10000000000004,0,0.0,39,0.39,100,0.01380982470465824,15837
no_layernorm,sweeping,10,159,0.0591715976331361,96.30000000000004,0,0.0,37,0.37,100,0.018697125527542085,15937
no_layernorm,sweeping,10,160,0.058823529411764705,94.20000000000005,1,0.01,39,0.39,100,0.013839562875218689,16037
no_layernorm,sweeping,10,161,0.05847953216374269,96.50000000000003,0,0.0,35,0.35,100,0.01480656314874068,16137
no_layernorm,sweeping,10,162,0.05813953488372093,94.80000000000003,1,0.01,33,0.33,100,0.020669287960045038,16237
no_layernorm,sweeping,10,163,0.057803468208092484,94.30000000000003,1,0.01,38,0.38,100,0.014168734620325267,16337
no_layernorm,sweeping,10,164,0.0574712643678161,93.90000000000006,1,0.01,42,0.42,100,0.01676927721593529,16437
no_layernorm,sweeping,10,165,0.05714285714285714,96.80000000000004,0,0.0,32,0.32,100,0.01491797978291288,16537
no_layernorm,sweeping,10,166,0.056818181818181816,96.10000000000005,0,0.0,39,0.39,100,0.01350643833866343,16637
no_layernorm,sweeping,10,167,0.05649717514124294,93.80000000000005,1,0.01,43,0.43,100,0.016862480172421784,16737
no_layernorm,sweeping,10,168,0.056179775280898875,96.40000000000006,0,0.0,36,0.36,100,0.023949880411382764,16837
no_layernorm,sweeping,10,169,0.0558659217877095,96.20000000000005,0,0.0,38,0.38,100,0.014730673637241126,16937
no_layernorm,sweeping,10,170,0.05555555555555555,96.90000000000003,0,0.0,31,0.31,100,0.015519226472824811,17037
no_layernorm,sweeping,10,171,0.055248618784530384,96.20000000000006,0,0.0,38,0.38,100,0.020704748034477236,17137
no_layernorm,sweeping,10,172,0.054945054945054944,94.70000000000005,1,0.01,34,0.34,100,0.016276952708140016,17237
no_layernorm,sweeping,10,173,0.0546448087431694,94.40000000000003,1,0.01,37,0.37,100,0.017617586911655964,17337
no_layernorm,sweeping,10,174,0.05434782608695653,93.10000000000002,2,0.02,31,0.31,100,0.018836342417635023,17437
no_layernorm,sweeping,10,175,0.05405405405405406,97.10000000000005,0,0.0,29,0.29,100,0.01560732835670933,17537
no_layernorm,sweeping,10,176,0.05376344086021505,97.10000000000002,0,0.0,29,0.29,100,0.014572059612255543,17637
no_layernorm,sweeping,10,177,0.053475935828877004,94.70000000000003,1,0.01,34,0.34,100,0.013517386190360412,17737
no_layernorm,sweeping,10,178,0.05319148936170213,94.70000000000005,1,0.01,34,0.34,100,0.012815909367054701,17837
no_layernorm,sweeping,10,179,0.052910052910052914,97.00000000000003,0,0.0,30,0.3,100,0.016814413317479193,17937
no_layernorm,sweeping,10,180,0.05263157894736842,94.30000000000004,1,0.01,38,0.38,100,0.01601105254376307,18037
no_layernorm,sweeping,10,181,0.05235602094240837,95.20000000000005,1,0.01,29,0.29,100,0.015035602708812802,18137
no_layernorm,sweeping,10,182,0.052083333333333336,96.60000000000005,0,0.0,34,0.34,100,0.018277691653929652,18237
no_layernorm,sweeping,10,183,0.05181347150259067,95.70000000000005,0,0.0,43,0.43,100,0.01825370338279754,18337
no_layernorm,sweeping,10,184,0.051546391752577324,95.00000000000004,1,0.01,31,0.31,100,0.013082047097850592,18437
no_layernorm,sweeping,10,185,0.05128205128205128,94.60000000000002,1,0.01,35,0.35,100,0.01559571732999757,18537
no_layernorm,sweeping,10,186,0.0510204081632653,96.50000000000004,0,0.0,35,0.35,100,0.015574378799647093,18637
no_layernorm,sweeping,10,187,0.050761421319796954,94.50000000000006,1,0.01,36,0.36,100,0.013883045117836446,18737
no_layernorm,sweeping,10,188,0.050505050505050504,95.30000000000004,1,0.01,28,0.28,100,0.01689963965443894,18837
no_layernorm,sweeping,10,189,0.05025125628140704,96.80000000000003,0,0.0,32,0.32,100,0.02229812519159168,18937
no_layernorm,sweeping,10,190,0.05,96.40000000000003,0,0.0,36,0.36,100,0.023335955175571143,19037
no_layernorm,sweeping,10,191,0.04975124378109452,93.90000000000006,1,0.01,42,0.42,100,0.013618016617838293,19137
no_layernorm,sweeping,10,192,0.04950495049504951,94.40000000000005,1,0.01,37,0.37,100,0.00970892152749002,19237
no_layernorm,sweeping,10,193,0.04926108374384236,96.30000000000007,0,0.0,37,0.37,100,0.015803109961561857,19337
no_layernorm,sweeping,10,194,0.04901960784313726,96.70000000000005,0,0.0,33,0.33,100,0.008470967567991466,19437
no_layernorm,sweeping,10,195,0.04878048780487805,97.00000000000003,0,0.0,30,0.3,100,0.01673136155353859,19537
no_layernorm,sweeping,10,196,0.04854368932038835,97.20000000000005,0,0.0,28,0.28,100,0.012777522860560567,19637
no_layernorm,sweeping,10,197,0.04830917874396135,97.10000000000005,0,0.0,29,0.29,100,0.02174438756192103,19737
no_layernorm,sweeping,10,198,0.04807692307692307,97.10000000000002,0,0.0,29,0.29,100,0.01656111014308408,19837
no_layernorm,sweeping,10,199,0.04784688995215311,97.10000000000005,0,0.0,29,0.29,100,0.01163918973179534,19937
no_layernorm,random,1,0,1.0,66.89999999999995,13,0.13,82,0.82,100,0.1057137801135714,37
no_layernorm,random,1,1,0.9090909090909091,65.29999999999995,14,0.14,81,0.81,100,0.02594322819262743,137
no_layernorm,random,1,2,0.8333333333333334,72.1,10,0.1,88,0.88,100,0.019169580778107046,237
no_layernorm,random,1,3,0.7692307692307692,74.5,9,0.09,82,0.82,100,0.013643172848969699,337
no_layernorm,random,1,4,0.7142857142857143,62.59999999999994,15,0.15,85,0.85,100,0.01520624936092645,437
no_layernorm,random,1,5,0.6666666666666666,78.20000000000002,7,0.07,83,0.83,100,0.012959807352162898,537
no_layernorm,random,1,6,0.625,78.00000000000001,7,0.07,84,0.84,100,0.011265272051095962,637
no_layernorm,random,1,7,0.5882352941176471,78.20000000000003,7,0.07,82,0.82,100,0.013510943539440632,737
no_layernorm,random,1,8,0.5555555555555556,81.20000000000005,6,0.06,72,0.72,100,0.015409424910321831,837
no_layernorm,random,1,9,0.5263157894736842,78.2,7,0.07,82,0.82,100,0.01520693438127637,937
no_layernorm,random,1,10,0.5,82.40000000000005,5,0.05,80,0.8,100,0.013160416083410382,1037
no_layernorm,random,1,11,0.47619047619047616,81.00000000000001,6,0.06,75,0.75,100,0.013540961174294352,1137
no_layernorm,random,1,12,0.45454545454545453,86.40000000000006,3,0.03,79,0.79,100,0.012657647277228535,1237
no_layernorm,random,1,13,0.4347826086956522,84.90000000000006,4,0.04,75,0.75,100,0.018655038024298846,1337
no_layernorm,random,1,14,0.4166666666666667,89.10000000000011,2,0.02,71,0.71,100,0.013220234517939388,1437
no_layernorm,random,1,15,0.4,85.40000000000006,4,0.04,70,0.7,100,0.0126031105639413,1537
no_layernorm,random,1,16,0.3846153846153846,83.10000000000001,5,0.05,74,0.74,100,0.017255321512930095,1637
no_layernorm,random,1,17,0.37037037037037035,87.20000000000003,3,0.03,70,0.7,100,0.014722759588621556,1737
no_layernorm,random,1,18,0.35714285714285715,80.2,7,0.07,65,0.65,100,0.015111787831410766,1837
no_layernorm,random,1,19,0.3448275862068966,85.30000000000008,4,0.04,70,0.7,100,0.013422014405950904,1937
no_layernorm,random,1,20,0.3333333333333333,86.00000000000006,4,0.04,62,0.62,100,0.015081494203768671,2037
no_layernorm,random,1,21,0.3225806451612903,84.70000000000003,5,0.05,56,0.56,100,0.015276161707006394,2137
no_layernorm,random,1,22,0.3125,83.30000000000004,5,0.05,72,0.72,100,0.02387161843944341,2237
no_layernorm,random,1,23,0.30303030303030304,83.40000000000003,5,0.05,71,0.71,100,0.017626763130538167,2337
no_layernorm,random,1,24,0.29411764705882354,87.90000000000003,3,0.03,64,0.64,100,0.015699877492152153,2437
no_layernorm,random,1,25,0.2857142857142857,87.50000000000009,3,0.03,67,0.67,100,0.01819315930828452,2537
no_layernorm,random,1,26,0.2777777777777778,90.60000000000008,2,0.02,56,0.56,100,0.01946874910965562,2637
no_layernorm,random,1,27,0.27027027027027023,90.20000000000006,2,0.02,60,0.6,100,0.027287398101761937,2737
no_layernorm,random,1,28,0.2631578947368421,82.50000000000003,6,0.06,60,0.6,100,0.02206865118816495,2837
no_layernorm,random,1,29,0.25641025641025644,88.60000000000007,3,0.03,57,0.57,100,0.02244367021135986,2937
no_layernorm,random,1,30,0.25,87.50000000000006,3,0.03,67,0.67,100,0.0201320730894804,3037
no_layernorm,random,1,31,0.24390243902439027,81.39999999999999,7,0.07,52,0.52,100,0.024581541856750846,3137
no_layernorm,random,1,32,0.23809523809523808,88.80000000000003,3,0.03,54,0.54,100,0.026977416262961924,3237
no_layernorm,random,1,33,0.23255813953488372,92.10000000000008,1,0.01,60,0.6,100,0.036795506235212085,3337
no_layernorm,random,1,34,0.22727272727272727,90.00000000000004,2,0.02,62,0.62,100,0.03008485446218401,3437
no_layernorm,random,1,35,0.2222222222222222,90.50000000000006,2,0.02,57,0.57,100,0.0207494042115286,3537
no_layernorm,random,1,36,0.2173913043478261,88.90000000000006,3,0.03,54,0.54,100,0.023213272020220756,3637
no_layernorm,random,1,37,0.2127659574468085,86.10000000000002,4,0.04,62,0.62,100,0.023395531764253973,3737
no_layernorm,random,1,38,0.20833333333333334,92.40000000000008,1,0.01,56,0.56,100,0.018800079091452062,3837
no_layernorm,random,1,39,0.2040816326530612,86.50000000000003,4,0.04,58,0.58,100,0.025179079030640424,3937
no_layernorm,random,1,40,0.2,90.50000000000004,2,0.02,57,0.57,100,0.01687081314623356,4037
no_layernorm,random,1,41,0.19607843137254904,93.30000000000005,1,0.01,48,0.48,100,0.0258269140124321,4137
no_layernorm,random,1,42,0.1923076923076923,92.60000000000007,1,0.01,55,0.55,100,0.02033813124988228,4237
no_layernorm,random,1,43,0.18867924528301888,92.70000000000006,1,0.01,54,0.54,100,0.02139436875935644,4337
no_layernorm,random,1,44,0.18518518518518517,93.90000000000003,1,0.01,42,0.42,100,0.01786278050392866,4437
no_layernorm,random,1,45,0.18181818181818182,90.20000000000005,2,0.02,59,0.59,100,0.019075977134052666,4537
no_layernorm,random,1,46,0.17857142857142858,95.30000000000005,0,0.0,47,0.47,100,0.023555000978522003,4637
no_layernorm,random,1,47,0.17543859649122806,85.50000000000003,5,0.05,49,0.49,100,0.0237722714105621,4737
no_layernorm,random,1,48,0.1724137931034483,90.90000000000006,2,0.02,52,0.52,100,0.025860234699212014,4837
no_layernorm,random,1,49,0.1694915254237288,88.90000000000003,3,0.03,54,0.54,100,0.021344755832105874,4937
no_layernorm,random,1,50,0.16666666666666666,91.00000000000004,2,0.02,52,0.52,100,0.032946060430258516,5037
no_layernorm,random,1,51,0.1639344262295082,94.50000000000004,0,0.0,55,0.55,100,0.024747836850583554,5137
no_layernorm,random,1,52,0.16129032258064516,86.50000000000006,4,0.04,59,0.59,100,0.028333507254719736,5237
no_layernorm,random,1,53,0.15873015873015872,93.10000000000005,1,0.01,50,0.5,100,0.02210886396467686,5337
no_layernorm,random,1,54,0.15625,91.30000000000007,2,0.02,49,0.49,100,0.02441486042458564,5437
no_layernorm,random,1,55,0.15384615384615385,91.00000000000001,2,0.02,52,0.52,100,0.03400669299066067,5537
no_layernorm,random,1,56,0.15151515151515152,91.20000000000003,2,0.02,50,0.5,100,0.01964458386413753,5637
no_layernorm,random,1,57,0.14925373134328357,92.90000000000005,1,0.01,52,0.52,100,0.024192012706771494,5737
no_layernorm,random,1,58,0.14705882352941177,90.40000000000003,2,0.02,58,0.58,100,0.024755368172191084,5837
no_layernorm,random,1,59,0.14492753623188406,91.40000000000006,2,0.02,47,0.47,100,0.027648128126747905,5937
no_layernorm,random,1,60,0.14285714285714285,91.20000000000005,2,0.02,49,0.49,100,0.020508200745098293,6037
no_layernorm,random,1,61,0.14084507042253522,89.80000000000001,3,0.03,45,0.45,100,0.027158852987922727,6137
no_layernorm,random,1,62,0.1388888888888889,89.40000000000008,3,0.03,49,0.49,100,0.02105300626717508,6237
no_layernorm,random,1,63,0.136986301369863,89.30000000000004,3,0.03,50,0.5,100,0.024722610679455102,6337
no_layernorm,random,1,64,0.13513513513513511,90.60000000000007,2,0.02,56,0.56,100,0.02773139505647123,6437
no_layernorm,random,1,65,0.13333333333333333,92.60000000000002,2,0.02,36,0.36,100,0.026419244157150388,6537
no_layernorm,random,1,66,0.13157894736842105,93.20000000000005,1,0.01,48,0.48,100,0.02345587735529989,6637
no_layernorm,random,1,67,0.12987012987012986,93.90000000000005,1,0.01,42,0.42,100,0.024276899700053037,6737
no_layernorm,random,1,68,0.12820512820512822,89.50000000000006,3,0.03,48,0.48,100,0.021375053133815526,6837
no_layernorm,random,1,69,0.12658227848101264,95.20000000000002,0,0.0,48,0.48,100,0.02130615195725113,6937
no_layernorm,random,1,70,0.125,92.10000000000005,2,0.02,40,0.4,100,0.030281917988322676,7037
no_layernorm,random,1,71,0.1234567901234568,89.50000000000006,3,0.03,48,0.48,100,0.03385792477056384,7137
no_layernorm,random,1,72,0.12195121951219513,85.10000000000002,5,0.05,54,0.54,100,0.02014563398435712,7237
no_layernorm,random,1,73,0.12048192771084336,83.4,6,0.06,51,0.51,100,0.025667994120158254,7337
no_layernorm,random,1,74,0.11904761904761904,93.60000000000004,1,0.01,44,0.44,100,0.02627688504289836,7437
no_layernorm,random,1,75,0.11764705882352941,94.9,1,0.01,32,0.32,100,0.03156192281283438,7537
no_layernorm,random,1,76,0.11627906976744186,93.60000000000004,1,0.01,44,0.44,100,0.02687139319255948,7637
no_layernorm,random,1,77,0.1149425287356322,90.30000000000004,3,0.03,40,0.4,100,0.029762569828890265,7737
no_layernorm,random,1,78,0.11363636363636363,92.90000000000003,1,0.01,52,0.52,100,0.022800129810348152,7837
no_layernorm,random,1,79,0.11235955056179775,91.90000000000005,2,0.02,43,0.43,100,0.025412517399527133,7937
no_layernorm,random,1,80,0.1111111111111111,93.60000000000007,1,0.01,45,0.45,100,0.020136680374853312,8037
no_layernorm,random,1,81,0.10989010989010989,93.90000000000003,1,0.01,42,0.42,100,0.022066985014826058,8137
no_layernorm,random,1,82,0.10869565217391305,92.60000000000002,2,0.02,36,0.36,100,0.022424328289926052,8237
no_layernorm,random,1,83,0.1075268817204301,95.80000000000007,0,0.0,42,0.42,100,0.021508823474869133,8337
no_layernorm,random,1,84,0.10638297872340426,94.30000000000005,1,0.01,38,0.38,100,0.0270953032001853,8437
no_layernorm,random,1,85,0.10526315789473684,94.50000000000003,1,0.01,36,0.36,100,0.02160575063433498,8537
no_layernorm,random,1,86,0.10416666666666667,95.10000000000007,0,0.0,49,0.49,100,0.021580473352223635,8637
no_layernorm,random,1,87,0.10309278350515465,95.40000000000005,0,0.0,46,0.46,100,0.025884713544510305,8737
no_layernorm,random,1,88,0.1020408163265306,93.40000000000003,1,0.01,47,0.47,100,0.032090057246387006,8837
no_layernorm,random,1,89,0.10101010101010101,90.60000000000005,2,0.02,56,0.56,100,0.022431625332683326,8937
no_layernorm,random,1,90,0.1,93.70000000000002,1,0.01,44,0.44,100,0.027863649604842066,9037
no_layernorm,random,1,91,0.09900990099009901,94.10000000000005,1,0.01,40,0.4,100,0.02194162956206128,9137
no_layernorm,random,1,92,0.09803921568627452,93.50000000000003,1,0.01,46,0.46,100,0.03635622546076775,9237
no_layernorm,random,1,93,0.0970873786407767,95.50000000000006,0,0.0,45,0.45,100,0.029379070494323967,9337
no_layernorm,random,1,94,0.09615384615384615,92.90000000000006,1,0.01,52,0.52,100,0.021724365004338324,9437
no_layernorm,random,1,95,0.09523809523809523,92.40000000000003,2,0.02,38,0.38,100,0.02375733369961381,9537
no_layernorm,random,1,96,0.09433962264150944,94.80000000000007,1,0.01,33,0.33,100,0.02647861246019602,9637
no_layernorm,random,1,97,0.09345794392523366,96.60000000000004,0,0.0,34,0.34,100,0.02377635769546032,9737
no_layernorm,random,1,98,0.09259259259259259,94.20000000000007,1,0.01,38,0.38,100,0.03651300483383238,9837
no_layernorm,random,1,99,0.09174311926605504,95.80000000000004,0,0.0,42,0.42,100,0.02781582813244313,9937
no_layernorm,random,1,100,0.09090909090909091,94.50000000000003,1,0.01,36,0.36,100,0.025605134423822163,10037
no_layernorm,random,1,101,0.0900900900900901,95.10000000000004,0,0.0,49,0.49,100,0.024732085610739887,10137
no_layernorm,random,1,102,0.08928571428571429,92.10000000000002,2,0.02,41,0.41,100,0.024593390743248164,10237
no_layernorm,random,1,103,0.08849557522123894,96.80000000000004,0,0.0,32,0.32,100,0.02807279973756522,10337
no_layernorm,random,1,104,0.08771929824561403,91.60000000000002,2,0.02,46,0.46,100,0.02230625892058015,10437
no_layernorm,random,1,105,0.08695652173913043,94.90000000000005,0,0.0,51,0.51,100,0.03303355029784143,10537
no_layernorm,random,1,106,0.08620689655172414,94.00000000000003,1,0.01,41,0.41,100,0.029353590654209255,10637
no_layernorm,random,1,107,0.08547008547008547,95.40000000000006,0,0.0,46,0.46,100,0.02285594930872321,10737
no_layernorm,random,1,108,0.0847457627118644,94.90000000000006,1,0.01,32,0.32,100,0.024560606544837355,10837
no_layernorm,random,1,109,0.08403361344537814,94.50000000000003,1,0.01,36,0.36,100,0.02617162183858454,10937
no_layernorm,random,1,110,0.08333333333333333,96.20000000000005,0,0.0,38,0.38,100,0.027054291437380015,11037
no_layernorm,random,1,111,0.08264462809917356,92.30000000000001,2,0.02,39,0.39,100,0.025082422089762985,11137
no_layernorm,random,1,112,0.0819672131147541,93.60000000000007,1,0.01,45,0.45,100,0.02236102004535496,11237
no_layernorm,random,1,113,0.08130081300813008,92.50000000000003,2,0.02,36,0.36,100,0.019658215623348952,11337
no_layernorm,random,1,114,0.08064516129032258,91.80000000000004,2,0.02,44,0.44,100,0.01596610258333385,11437
no_layernorm,random,1,115,0.08,94.30000000000001,1,0.01,38,0.38,100,0.020273287831805646,11537
no_layernorm,random,1,116,0.07936507936507936,91.60000000000005,2,0.02,46,0.46,100,0.0315288883401081,11637
no_layernorm,random,1,117,0.07874015748031496,96.20000000000005,0,0.0,38,0.38,100,0.014600479840300978,11737
no_layernorm,random,1,118,0.078125,94.40000000000003,1,0.01,37,0.37,100,0.01734629653394222,11837
no_layernorm,random,1,119,0.07751937984496124,96.50000000000003,0,0.0,35,0.35,100,0.024315484138205647,11937
no_layernorm,random,1,120,0.07692307692307693,95.10000000000008,0,0.0,49,0.49,100,0.019665935589000583,12037
no_layernorm,random,1,121,0.07633587786259542,95.00000000000006,1,0.01,30,0.3,100,0.02302197833545506,12137
no_layernorm,random,1,122,0.07575757575757576,96.20000000000003,0,0.0,38,0.38,100,0.01969920488074422,12237
no_layernorm,random,1,123,0.07518796992481203,94.50000000000009,1,0.01,36,0.36,100,0.017284855619072913,12337
no_layernorm,random,1,124,0.07462686567164178,91.20000000000002,3,0.03,31,0.31,100,0.024234305885620415,12437
no_layernorm,random,1,125,0.07407407407407407,94.90000000000005,1,0.01,31,0.31,100,0.02836296227062121,12537
no_layernorm,random,1,126,0.07352941176470588,94.30000000000004,1,0.01,38,0.38,100,0.02044477974995971,12637
no_layernorm,random,1,127,0.07299270072992702,95.50000000000006,0,0.0,45,0.45,100,0.028218372855335475,12737
no_layernorm,random,1,128,0.07246376811594203,96.80000000000007,0,0.0,32,0.32,100,0.032034978331066666,12837
no_layernorm,random,1,129,0.07194244604316546,92.60000000000005,2,0.02,35,0.35,100,0.021143916714936494,12937
no_layernorm,random,1,130,0.07142857142857142,95.10000000000005,1,0.01,30,0.3,100,0.02675730308983475,13037
no_layernorm,random,1,131,0.07092198581560284,91.60000000000004,2,0.02,46,0.46,100,0.0288236364396289,13137
no_layernorm,random,1,132,0.07042253521126761,96.60000000000001,0,0.0,34,0.34,100,0.021929331799037756,13237
no_layernorm,random,1,133,0.06993006993006992,94.30000000000007,1,0.01,38,0.38,100,0.021611611610278487,13337
no_layernorm,random,1,134,0.06944444444444445,94.80000000000003,1,0.01,33,0.33,100,0.027304099672473967,13437
no_layernorm,random,1,135,0.06896551724137931,96.80000000000005,0,0.0,32,0.32,100,0.023274995340034365,13537
no_layernorm,random,1,136,0.0684931506849315,96.70000000000005,0,0.0,33,0.33,100,0.02229509988799691,13637
no_layernorm,random,1,137,0.06802721088435375,96.30000000000004,0,0.0,37,0.37,100,0.02500501207076013,13737
no_layernorm,random,1,138,0.06756756756756756,96.50000000000003,0,0.0,35,0.35,100,0.02355294325388968,13837
no_layernorm,random,1,139,0.06711409395973154,96.60000000000007,0,0.0,34,0.34,100,0.015504912207834422,13937
no_layernorm,random,1,140,0.06666666666666667,96.90000000000005,0,0.0,31,0.31,100,0.026590773807838558,14037
no_layernorm,random,1,141,0.06622516556291391,95.70000000000002,0,0.0,43,0.43,100,0.018320760391652584,14137
no_layernorm,random,1,142,0.06578947368421052,93.00000000000003,2,0.02,31,0.31,100,0.018170287422835826,14237
no_layernorm,random,1,143,0.06535947712418301,94.6,1,0.01,35,0.35,100,0.025396810825914145,14337
no_layernorm,random,1,144,0.06493506493506493,92.30000000000005,2,0.02,38,0.38,100,0.02108762489166111,14437
no_layernorm,random,1,145,0.06451612903225806,94.40000000000003,1,0.01,36,0.36,100,0.02290492649190128,14537
no_layernorm,random,1,146,0.06410256410256411,95.20000000000003,1,0.01,29,0.29,100,0.03167136427015066,14637
no_layernorm,random,1,147,0.06369426751592357,96.40000000000005,0,0.0,36,0.36,100,0.018713293066248297,14737
no_layernorm,random,1,148,0.06329113924050632,91.30000000000001,3,0.03,30,0.3,100,0.027735078954137862,14837
no_layernorm,random,1,149,0.06289308176100629,95.60000000000005,0,0.0,44,0.44,100,0.021974065480753778,14937
no_layernorm,random,1,150,0.0625,94.80000000000001,1,0.01,33,0.33,100,0.03340085370466113,15037
no_layernorm,random,1,151,0.06211180124223602,94.80000000000008,1,0.01,33,0.33,100,0.022395778459031134,15137
no_layernorm,random,1,152,0.0617283950617284,93.80000000000004,1,0.01,43,0.43,100,0.01882666607387364,15237
no_layernorm,random,1,153,0.06134969325153374,92.70000000000003,2,0.02,35,0.35,100,0.0194216881506145,15337
no_layernorm,random,1,154,0.06097560975609757,95.60000000000007,0,0.0,44,0.44,100,0.019157783202826975,15437
no_layernorm,random,1,155,0.06060606060606061,96.40000000000006,0,0.0,36,0.36,100,0.024851510706357657,15537
no_layernorm,random,1,156,0.06024096385542168,96.80000000000004,0,0.0,32,0.32,100,0.023135882657952606,15637
no_layernorm,random,1,157,0.059880239520958084,96.40000000000005,0,0.0,36,0.36,100,0.024095764979720116,15737
no_layernorm,random,1,158,0.05952380952380952,95.80000000000004,0,0.0,42,0.42,100,0.028688375544734298,15837
no_layernorm,random,1,159,0.0591715976331361,96.00000000000004,0,0.0,40,0.4,100,0.020837450555991382,15937
no_layernorm,random,1,160,0.058823529411764705,96.80000000000003,0,0.0,32,0.32,100,0.015308701463509352,16037
no_layernorm,random,1,161,0.05847953216374269,95.90000000000006,0,0.0,41,0.41,100,0.017920894105918704,16137
no_layernorm,random,1,162,0.05813953488372093,94.70000000000005,1,0.01,34,0.34,100,0.02543124354444444,16237
no_layernorm,random,1,163,0.057803468208092484,94.60000000000002,1,0.01,35,0.35,100,0.02009418320376426,16337
no_layernorm,random,1,164,0.0574712643678161,96.20000000000006,0,0.0,38,0.38,100,0.01915090685710311,16437
no_layernorm,random,1,165,0.05714285714285714,94.50000000000004,1,0.01,36,0.36,100,0.01953036163467914,16537
no_layernorm,random,1,166,0.056818181818181816,96.70000000000005,0,0.0,33,0.33,100,0.016783302114345134,16637
no_layernorm,random,1,167,0.05649717514124294,94.50000000000004,1,0.01,36,0.36,100,0.014068538947030902,16737
no_layernorm,random,1,168,0.056179775280898875,90.30000000000003,3,0.03,39,0.39,100,0.02752106696367264,16837
no_layernorm,random,1,169,0.0558659217877095,96.20000000000007,0,0.0,38,0.38,100,0.01928439730312675,16937
no_layernorm,random,1,170,0.05555555555555555,95.50000000000006,0,0.0,45,0.45,100,0.015924739819020033,17037
no_layernorm,random,1,171,0.055248618784530384,92.40000000000003,2,0.02,38,0.38,100,0.015299069075845183,17137
no_layernorm,random,1,172,0.054945054945054944,97.70000000000005,0,0.0,23,0.23,100,0.021936303223483264,17237
no_layernorm,random,1,173,0.0546448087431694,92.40000000000003,2,0.02,37,0.37,100,0.012896227515302599,17337
no_layernorm,random,1,174,0.05434782608695653,95.30000000000004,1,0.01,28,0.28,100,0.02074768510647118,17437
no_layernorm,random,1,175,0.05405405405405406,95.70000000000007,0,0.0,43,0.43,100,0.019164240281097592,17537
no_layernorm,random,1,176,0.05376344086021505,95.4,1,0.01,27,0.27,100,0.0195204932638444,17637
no_layernorm,random,1,177,0.053475935828877004,96.60000000000002,0,0.0,34,0.34,100,0.026072250916622578,17737
no_layernorm,random,1,178,0.05319148936170213,94.80000000000004,1,0.01,33,0.33,100,0.01599860441405326,17837
no_layernorm,random,1,179,0.052910052910052914,95.90000000000003,1,0.01,22,0.22,100,0.015619701463729143,17937
no_layernorm,random,1,180,0.05263157894736842,94.20000000000003,1,0.01,38,0.38,100,0.014731294985394924,18037
no_layernorm,random,1,181,0.05235602094240837,95.20000000000005,1,0.01,29,0.29,100,0.010856548615265638,18137
no_layernorm,random,1,182,0.052083333333333336,97.50000000000006,0,0.0,25,0.25,100,0.01562602965161204,18237
no_layernorm,random,1,183,0.05181347150259067,97.20000000000005,0,0.0,28,0.28,100,0.01839988023741171,18337
no_layernorm,random,1,184,0.051546391752577324,96.40000000000006,0,0.0,36,0.36,100,0.018000140166841448,18437
no_layernorm,random,1,185,0.05128205128205128,97.5,0,0.0,25,0.25,100,0.0175337526621297,18537
no_layernorm,random,1,186,0.0510204081632653,97.90000000000005,0,0.0,21,0.21,100,0.019399935388937594,18637
no_layernorm,random,1,187,0.050761421319796954,96.80000000000004,0,0.0,32,0.32,100,0.022787291454151273,18737
no_layernorm,random,1,188,0.050505050505050504,94.4,1,0.01,37,0.37,100,0.0223988986434415,18837
no_layernorm,random,1,189,0.05025125628140704,94.90000000000003,1,0.01,32,0.32,100,0.016561053693294525,18937
no_layernorm,random,1,190,0.05,97.00000000000006,0,0.0,30,0.3,100,0.030032150656916203,19037
no_layernorm,random,1,191,0.04975124378109452,97.20000000000005,0,0.0,28,0.28,100,0.016318862927146256,19137
no_layernorm,random,1,192,0.04950495049504951,96.70000000000005,0,0.0,33,0.33,100,0.015321086826734245,19237
no_layernorm,random,1,193,0.04926108374384236,94.70000000000003,1,0.01,34,0.34,100,0.02675414287019521,19337
no_layernorm,random,1,194,0.04901960784313726,97.10000000000005,0,0.0,29,0.29,100,0.012568742628209293,19437
no_layernorm,random,1,195,0.04878048780487805,95.20000000000005,1,0.01,29,0.29,100,0.01614048403687775,19537
no_layernorm,random,1,196,0.04854368932038835,93.60000000000002,2,0.02,26,0.26,100,0.015035663826856761,19637
no_layernorm,random,1,197,0.04830917874396135,97.40000000000008,0,0.0,26,0.26,100,0.01798230139538646,19737
no_layernorm,random,1,198,0.04807692307692307,95.30000000000004,1,0.01,28,0.28,100,0.011339554907754063,19837
no_layernorm,random,1,199,0.04784688995215311,96.70000000000007,0,0.0,33,0.33,100,0.013898887026589363,19937
no_layernorm,random,2,0,1.0,62.099999999999916,15,0.15,92,0.92,100,0.18264434547037692,37
no_layernorm,random,2,1,0.9090909090909091,76.29999999999998,8,0.08,84,0.84,100,0.034147175513207915,137
no_layernorm,random,2,2,0.8333333333333334,76.4,8,0.08,83,0.83,100,0.018096978310495615,237
no_layernorm,random,2,3,0.7692307692307692,64.39999999999992,14,0.14,89,0.89,100,0.014961218223907053,337
no_layernorm,random,2,4,0.7142857142857143,76.3,8,0.08,85,0.85,100,0.014088930347934365,437
no_layernorm,random,2,5,0.6666666666666666,68.29999999999998,12,0.12,86,0.86,100,0.01366499342955649,537
no_layernorm,random,2,6,0.625,82.00000000000004,5,0.05,85,0.85,100,0.013774887607432902,637
no_layernorm,random,2,7,0.5882352941176471,76.40000000000003,8,0.08,82,0.82,100,0.013524450394324958,737
no_layernorm,random,2,8,0.5555555555555556,81.20000000000003,6,0.06,72,0.72,100,0.012231893306598067,837
no_layernorm,random,2,9,0.5263157894736842,80.90000000000002,6,0.06,76,0.76,100,0.01459898787084967,937
no_layernorm,random,2,10,0.5,74.4,9,0.09,84,0.84,100,0.015446213446557522,1037
no_layernorm,random,2,11,0.47619047619047616,81.80000000000004,6,0.06,68,0.68,100,0.015519936550408602,1137
no_layernorm,random,2,12,0.45454545454545453,80.90000000000003,6,0.06,76,0.76,100,0.012673166780732572,1237
no_layernorm,random,2,13,0.4347826086956522,83.40000000000002,5,0.05,70,0.7,100,0.013217076347209512,1337
no_layernorm,random,2,14,0.4166666666666667,82.20000000000002,6,0.06,64,0.64,100,0.01490295510739088,1437
no_layernorm,random,2,15,0.4,88.90000000000005,2,0.02,72,0.72,100,0.012346059330739081,1537
no_layernorm,random,2,16,0.3846153846153846,87.90000000000006,3,0.03,64,0.64,100,0.012848230951931328,1637
no_layernorm,random,2,17,0.37037037037037035,77.49999999999999,8,0.08,72,0.72,100,0.01448343665804714,1737
no_layernorm,random,2,18,0.35714285714285715,83.50000000000006,5,0.05,69,0.69,100,0.017261084751226008,1837
no_layernorm,random,2,19,0.3448275862068966,77.9,8,0.08,68,0.68,100,0.01793101211078465,1937
no_layernorm,random,2,20,0.3333333333333333,78.80000000000004,7,0.07,79,0.79,100,0.024721746877767146,2037
no_layernorm,random,2,21,0.3225806451612903,86.60000000000008,3,0.03,77,0.77,100,0.02716768553480506,2137
no_layernorm,random,2,22,0.3125,84.10000000000007,5,0.05,62,0.62,100,0.021836140854284168,2237
no_layernorm,random,2,23,0.30303030303030304,90.90000000000008,1,0.01,72,0.72,100,0.021724738189950587,2337
no_layernorm,random,2,24,0.29411764705882354,90.60000000000002,2,0.02,56,0.56,100,0.019212543945759535,2437
no_layernorm,random,2,25,0.2857142857142857,88.40000000000005,3,0.03,59,0.59,100,0.01676422598771751,2537
no_layernorm,random,2,26,0.2777777777777778,93.90000000000009,0,0.0,61,0.61,100,0.019130251370370388,2637
no_layernorm,random,2,27,0.27027027027027023,87.70000000000005,3,0.03,66,0.66,100,0.019904112592339516,2737
no_layernorm,random,2,28,0.2631578947368421,84.90000000000003,5,0.05,56,0.56,100,0.017833579923026265,2837
no_layernorm,random,2,29,0.25641025641025644,78.7,8,0.08,61,0.61,100,0.01961088116746396,2937
no_layernorm,random,2,30,0.25,90.20000000000007,2,0.02,59,0.59,100,0.019495192714966834,3037
no_layernorm,random,2,31,0.24390243902439027,90.00000000000003,2,0.02,62,0.62,100,0.024897834337316453,3137
no_layernorm,random,2,32,0.23809523809523808,84.70000000000005,5,0.05,56,0.56,100,0.02271847735159099,3237
no_layernorm,random,2,33,0.23255813953488372,88.40000000000003,3,0.03,59,0.59,100,0.018214171123690902,3337
no_layernorm,random,2,34,0.22727272727272727,86.90000000000006,4,0.04,54,0.54,100,0.023849430419504644,3437
no_layernorm,random,2,35,0.2222222222222222,85.90000000000005,4,0.04,65,0.65,100,0.021586800310760736,3537
no_layernorm,random,2,36,0.2173913043478261,92.00000000000006,1,0.01,60,0.6,100,0.022734676795080302,3637
no_layernorm,random,2,37,0.2127659574468085,88.80000000000008,3,0.03,55,0.55,100,0.026312833526171742,3737
no_layernorm,random,2,38,0.20833333333333334,88.70000000000006,3,0.03,56,0.56,100,0.022475272435694933,3837
no_layernorm,random,2,39,0.2040816326530612,92.40000000000003,1,0.01,57,0.57,100,0.02919115231372416,3937
no_layernorm,random,2,40,0.2,83.20000000000005,6,0.06,53,0.53,100,0.023857881845906377,4037
no_layernorm,random,2,41,0.19607843137254904,92.50000000000006,1,0.01,56,0.56,100,0.024981560404412448,4137
no_layernorm,random,2,42,0.1923076923076923,90.80000000000004,2,0.02,53,0.53,100,0.0268167306156829,4237
no_layernorm,random,2,43,0.18867924528301888,80.50000000000003,7,0.07,59,0.59,100,0.02435785033274442,4337
no_layernorm,random,2,44,0.18518518518518517,94.3000000000001,0,0.0,57,0.57,100,0.02317137101199478,4437
no_layernorm,random,2,45,0.18181818181818182,87.90000000000006,3,0.03,64,0.64,100,0.020663907546550037,4537
no_layernorm,random,2,46,0.17857142857142858,93.00000000000006,1,0.01,51,0.51,100,0.02143668114207685,4637
no_layernorm,random,2,47,0.17543859649122806,89.70000000000005,3,0.03,46,0.46,100,0.026703588562086225,4737
no_layernorm,random,2,48,0.1724137931034483,90.30000000000007,2,0.02,59,0.59,100,0.023068771800026297,4837
no_layernorm,random,2,49,0.1694915254237288,83.10000000000002,6,0.06,55,0.55,100,0.02427666310686618,4937
no_layernorm,random,2,50,0.16666666666666666,93.50000000000004,1,0.01,46,0.46,100,0.021797870583832264,5037
no_layernorm,random,2,51,0.1639344262295082,89.90000000000003,2,0.02,63,0.63,100,0.022238969625905155,5137
no_layernorm,random,2,52,0.16129032258064516,87.10000000000007,4,0.04,52,0.52,100,0.018093166970647872,5237
no_layernorm,random,2,53,0.15873015873015872,89.80000000000004,3,0.03,45,0.45,100,0.021528470646589994,5337
no_layernorm,random,2,54,0.15625,86.30000000000005,4,0.04,61,0.61,100,0.02103875163011253,5437
no_layernorm,random,2,55,0.15384615384615385,90.70000000000005,2,0.02,55,0.55,100,0.02856663933955133,5537
no_layernorm,random,2,56,0.15151515151515152,90.90000000000005,2,0.02,53,0.53,100,0.023313894206658005,5637
no_layernorm,random,2,57,0.14925373134328357,93.50000000000003,1,0.01,46,0.46,100,0.025406000898219646,5737
no_layernorm,random,2,58,0.14705882352941177,91.20000000000003,2,0.02,50,0.5,100,0.03484193731099367,5837
no_layernorm,random,2,59,0.14492753623188406,86.90000000000003,4,0.04,55,0.55,100,0.022083891606889665,5937
no_layernorm,random,2,60,0.14285714285714285,94.60000000000007,0,0.0,54,0.54,100,0.020591929079964755,6037
no_layernorm,random,2,61,0.14084507042253522,93.40000000000003,1,0.01,47,0.47,100,0.024876225828193127,6137
no_layernorm,random,2,62,0.1388888888888889,90.60000000000008,2,0.02,56,0.56,100,0.01993741942103952,6237
no_layernorm,random,2,63,0.136986301369863,89.20000000000003,3,0.03,51,0.51,100,0.023061103778891267,6337
no_layernorm,random,2,64,0.13513513513513511,91.40000000000008,2,0.02,48,0.48,100,0.019399961046874522,6437
no_layernorm,random,2,65,0.13333333333333333,90.39999999999999,3,0.03,39,0.39,100,0.023327616779133677,6537
no_layernorm,random,2,66,0.13157894736842105,91.90000000000005,2,0.02,43,0.43,100,0.02449313335586339,6637
no_layernorm,random,2,67,0.12987012987012986,86.80000000000003,4,0.04,55,0.55,100,0.032280743923038244,6737
no_layernorm,random,2,68,0.12820512820512822,95.20000000000007,0,0.0,48,0.48,100,0.022286558453924955,6837
no_layernorm,random,2,69,0.12658227848101264,91.60000000000004,2,0.02,46,0.46,100,0.026497790906578302,6937
no_layernorm,random,2,70,0.125,85.90000000000005,4,0.04,65,0.65,100,0.025624442719854413,7037
no_layernorm,random,2,71,0.1234567901234568,93.20000000000007,1,0.01,49,0.49,100,0.021954350671730936,7137
no_layernorm,random,2,72,0.12195121951219513,96.30000000000003,0,0.0,37,0.37,100,0.025917941844090818,7237
no_layernorm,random,2,73,0.12048192771084336,93.30000000000007,1,0.01,48,0.48,100,0.03085795840714127,7337
no_layernorm,random,2,74,0.11904761904761904,91.60000000000004,2,0.02,46,0.46,100,0.0195465718023479,7437
no_layernorm,random,2,75,0.11764705882352941,93.7000000000001,1,0.01,44,0.44,100,0.02899697929620743,7537
no_layernorm,random,2,76,0.11627906976744186,88.80000000000007,3,0.03,55,0.55,100,0.02002390324138105,7637
no_layernorm,random,2,77,0.1149425287356322,94.00000000000007,1,0.01,41,0.41,100,0.020048599829897283,7737
no_layernorm,random,2,78,0.11363636363636363,93.80000000000004,1,0.01,43,0.43,100,0.020872407210990786,7837
no_layernorm,random,2,79,0.11235955056179775,92.60000000000008,1,0.01,55,0.55,100,0.026707138516940176,7937
no_layernorm,random,2,80,0.1111111111111111,91.10000000000002,2,0.02,51,0.51,100,0.021148653817363083,8037
no_layernorm,random,2,81,0.10989010989010989,95.10000000000005,0,0.0,49,0.49,100,0.025717637720517814,8137
no_layernorm,random,2,82,0.10869565217391305,90.40000000000005,2,0.02,58,0.58,100,0.01940627924632281,8237
no_layernorm,random,2,83,0.1075268817204301,94.00000000000006,1,0.01,41,0.41,100,0.020743497759103776,8337
no_layernorm,random,2,84,0.10638297872340426,89.60000000000005,3,0.03,47,0.47,100,0.024843023754656315,8437
no_layernorm,random,2,85,0.10526315789473684,90.00000000000006,3,0.03,43,0.43,100,0.021356769558042287,8537
no_layernorm,random,2,86,0.10416666666666667,91.70000000000002,2,0.02,45,0.45,100,0.025252680885605516,8637
no_layernorm,random,2,87,0.10309278350515465,93.70000000000006,1,0.01,44,0.44,100,0.027599033741280435,8737
no_layernorm,random,2,88,0.1020408163265306,94.60000000000007,0,0.0,54,0.54,100,0.02247710817027837,8837
no_layernorm,random,2,89,0.10101010101010101,94.20000000000003,1,0.01,39,0.39,100,0.019303830093704163,8937
no_layernorm,random,2,90,0.1,95.30000000000005,1,0.01,28,0.28,100,0.024360110382549465,9037
no_layernorm,random,2,91,0.09900990099009901,92.50000000000004,2,0.02,37,0.37,100,0.02322864475660026,9137
no_layernorm,random,2,92,0.09803921568627452,95.30000000000003,0,0.0,47,0.47,100,0.024438293781131507,9237
no_layernorm,random,2,93,0.0970873786407767,96.40000000000005,0,0.0,36,0.36,100,0.021623286763206125,9337
no_layernorm,random,2,94,0.09615384615384615,95.90000000000002,0,0.0,41,0.41,100,0.021579453744925557,9437
no_layernorm,random,2,95,0.09523809523809523,93.80000000000001,1,0.01,43,0.43,100,0.017186103141866624,9537
no_layernorm,random,2,96,0.09433962264150944,95.60000000000008,0,0.0,44,0.44,100,0.023031519502401353,9637
no_layernorm,random,2,97,0.09345794392523366,95.30000000000007,0,0.0,47,0.47,100,0.019837370859459042,9737
no_layernorm,random,2,98,0.09259259259259259,93.40000000000005,1,0.01,47,0.47,100,0.018774856668896972,9837
no_layernorm,random,2,99,0.09174311926605504,95.00000000000001,1,0.01,31,0.31,100,0.01991563177201897,9937
no_layernorm,random,2,100,0.09090909090909091,92.20000000000003,2,0.02,39,0.39,100,0.022065569157712163,10037
no_layernorm,random,2,101,0.0900900900900901,92.50000000000001,2,0.02,37,0.37,100,0.017644111863337458,10137
no_layernorm,random,2,102,0.08928571428571429,96.10000000000005,0,0.0,39,0.39,100,0.02004143184516579,10237
no_layernorm,random,2,103,0.08849557522123894,93.00000000000003,1,0.01,51,0.51,100,0.02177674856502563,10337
no_layernorm,random,2,104,0.08771929824561403,91.40000000000005,2,0.02,48,0.48,100,0.017930931821465493,10437
no_layernorm,random,2,105,0.08695652173913043,94.40000000000003,1,0.01,37,0.37,100,0.018488175231032074,10537
no_layernorm,random,2,106,0.08620689655172414,96.00000000000006,0,0.0,40,0.4,100,0.023402313040569424,10637
no_layernorm,random,2,107,0.08547008547008547,93.40000000000005,1,0.01,47,0.47,100,0.021255474044010042,10737
no_layernorm,random,2,108,0.0847457627118644,95.70000000000006,0,0.0,43,0.43,100,0.027734232163056732,10837
no_layernorm,random,2,109,0.08403361344537814,96.30000000000007,0,0.0,37,0.37,100,0.028963283812627198,10937
no_layernorm,random,2,110,0.08333333333333333,94.80000000000004,1,0.01,33,0.33,100,0.023423674926161767,11037
no_layernorm,random,2,111,0.08264462809917356,92.50000000000003,2,0.02,37,0.37,100,0.021275618113577366,11137
no_layernorm,random,2,112,0.0819672131147541,94.60000000000004,1,0.01,35,0.35,100,0.021731656533665954,11237
no_layernorm,random,2,113,0.08130081300813008,94.60000000000004,1,0.01,35,0.35,100,0.01873882407322526,11337
no_layernorm,random,2,114,0.08064516129032258,95.50000000000003,1,0.01,26,0.26,100,0.021328829629346728,11437
no_layernorm,random,2,115,0.08,96.60000000000005,0,0.0,34,0.34,100,0.019780053249560295,11537
no_layernorm,random,2,116,0.07936507936507936,96.00000000000006,0,0.0,40,0.4,100,0.018289077137596907,11637
no_layernorm,random,2,117,0.07874015748031496,93.50000000000003,1,0.01,46,0.46,100,0.01481896465178579,11737
no_layernorm,random,2,118,0.078125,96.00000000000009,0,0.0,40,0.4,100,0.017404391625896097,11837
no_layernorm,random,2,119,0.07751937984496124,95.00000000000003,1,0.01,31,0.31,100,0.017496945750899613,11937
no_layernorm,random,2,120,0.07692307692307693,96.10000000000005,0,0.0,39,0.39,100,0.018459060061722994,12037
no_layernorm,random,2,121,0.07633587786259542,95.40000000000002,0,0.0,46,0.46,100,0.020901721480768173,12137
no_layernorm,random,2,122,0.07575757575757576,96.30000000000004,0,0.0,37,0.37,100,0.021729766200296582,12237
no_layernorm,random,2,123,0.07518796992481203,91.90000000000006,2,0.02,43,0.43,100,0.01577137250453234,12337
no_layernorm,random,2,124,0.07462686567164178,96.80000000000004,0,0.0,32,0.32,100,0.019402100460138173,12437
no_layernorm,random,2,125,0.07407407407407407,96.90000000000005,0,0.0,31,0.31,100,0.01471287866588682,12537
no_layernorm,random,2,126,0.07352941176470588,96.80000000000004,0,0.0,32,0.32,100,0.019594446714036165,12637
no_layernorm,random,2,127,0.07299270072992702,92.30000000000003,2,0.02,39,0.39,100,0.024971466837450863,12737
no_layernorm,random,2,128,0.07246376811594203,96.30000000000005,0,0.0,37,0.37,100,0.01872528930194676,12837
no_layernorm,random,2,129,0.07194244604316546,96.70000000000005,0,0.0,33,0.33,100,0.019089750279672444,12937
no_layernorm,random,2,130,0.07142857142857142,96.10000000000005,0,0.0,39,0.39,100,0.018176021077670156,13037
no_layernorm,random,2,131,0.07092198581560284,97.10000000000007,0,0.0,29,0.29,100,0.015050413724966348,13137
no_layernorm,random,2,132,0.07042253521126761,93.90000000000006,1,0.01,42,0.42,100,0.022278731260448693,13237
no_layernorm,random,2,133,0.06993006993006992,96.70000000000002,0,0.0,33,0.33,100,0.025050614615902304,13337
no_layernorm,random,2,134,0.06944444444444445,94.80000000000001,1,0.01,33,0.33,100,0.018034660634584726,13437
no_layernorm,random,2,135,0.06896551724137931,97.60000000000004,0,0.0,24,0.24,100,0.024576608296483754,13537
no_layernorm,random,2,136,0.0684931506849315,97.20000000000002,0,0.0,28,0.28,100,0.020382369621656835,13637
no_layernorm,random,2,137,0.06802721088435375,96.80000000000004,0,0.0,32,0.32,100,0.019170560836791993,13737
no_layernorm,random,2,138,0.06756756756756756,91.00000000000006,3,0.03,33,0.33,100,0.016617582601029426,13837
no_layernorm,random,2,139,0.06711409395973154,88.20000000000005,4,0.04,40,0.4,100,0.02542241611983627,13937
no_layernorm,random,2,140,0.06666666666666667,96.60000000000005,0,0.0,34,0.34,100,0.01941590303555131,14037
no_layernorm,random,2,141,0.06622516556291391,97.60000000000002,0,0.0,24,0.24,100,0.017932259812951087,14137
no_layernorm,random,2,142,0.06578947368421052,94.90000000000003,1,0.01,32,0.32,100,0.01854722893796861,14237
no_layernorm,random,2,143,0.06535947712418301,95.90000000000006,0,0.0,41,0.41,100,0.022404048109892757,14337
no_layernorm,random,2,144,0.06493506493506493,92.10000000000002,2,0.02,40,0.4,100,0.018718974278308452,14437
no_layernorm,random,2,145,0.06451612903225806,97.00000000000007,0,0.0,30,0.3,100,0.014103104164823889,14537
no_layernorm,random,2,146,0.06410256410256411,96.50000000000007,0,0.0,35,0.35,100,0.016510052643716334,14637
no_layernorm,random,2,147,0.06369426751592357,96.00000000000006,0,0.0,40,0.4,100,0.02004249923862517,14737
no_layernorm,random,2,148,0.06329113924050632,93.50000000000006,1,0.01,46,0.46,100,0.01435448785778135,14837
no_layernorm,random,2,149,0.06289308176100629,97.4,0,0.0,26,0.26,100,0.019765498754568397,14937
no_layernorm,random,2,150,0.0625,96.60000000000005,0,0.0,34,0.34,100,0.020132357915863396,15037
no_layernorm,random,2,151,0.06211180124223602,95.50000000000004,1,0.01,25,0.25,100,0.016748216468840837,15137
no_layernorm,random,2,152,0.0617283950617284,96.30000000000005,0,0.0,37,0.37,100,0.020234787059016525,15237
no_layernorm,random,2,153,0.06134969325153374,94.70000000000005,1,0.01,34,0.34,100,0.02143862785771489,15337
no_layernorm,random,2,154,0.06097560975609757,96.30000000000004,0,0.0,37,0.37,100,0.024234496667049826,15437
no_layernorm,random,2,155,0.06060606060606061,94.80000000000004,1,0.01,33,0.33,100,0.016435740240849553,15537
no_layernorm,random,2,156,0.06024096385542168,94.10000000000004,1,0.01,40,0.4,100,0.015813986817374826,15637
no_layernorm,random,2,157,0.059880239520958084,94.00000000000007,1,0.01,41,0.41,100,0.025390067412517967,15737
no_layernorm,random,2,158,0.05952380952380952,95.20000000000002,1,0.01,29,0.29,100,0.01691774052102119,15837
no_layernorm,random,2,159,0.0591715976331361,97.20000000000006,0,0.0,28,0.28,100,0.01739366251276806,15937
no_layernorm,random,2,160,0.058823529411764705,95.10000000000005,1,0.01,30,0.3,100,0.018950009173713624,16037
no_layernorm,random,2,161,0.05847953216374269,97.20000000000002,0,0.0,28,0.28,100,0.02498607345856726,16137
no_layernorm,random,2,162,0.05813953488372093,94.50000000000003,1,0.01,35,0.35,100,0.017396832960657777,16237
no_layernorm,random,2,163,0.057803468208092484,96.90000000000003,0,0.0,31,0.31,100,0.015954364235512913,16337
no_layernorm,random,2,164,0.0574712643678161,93.90000000000006,1,0.01,42,0.42,100,0.01616493091452867,16437
no_layernorm,random,2,165,0.05714285714285714,96.60000000000002,0,0.0,34,0.34,100,0.015491034900769592,16537
no_layernorm,random,2,166,0.056818181818181816,96.00000000000007,0,0.0,40,0.4,100,0.02312013303395361,16637
no_layernorm,random,2,167,0.05649717514124294,93.90000000000006,1,0.01,41,0.41,100,0.022204489321447907,16737
no_layernorm,random,2,168,0.056179775280898875,95.80000000000003,0,0.0,42,0.42,100,0.020588583196513355,16837
no_layernorm,random,2,169,0.0558659217877095,96.20000000000002,0,0.0,38,0.38,100,0.01810223388951272,16937
no_layernorm,random,2,170,0.05555555555555555,96.30000000000007,0,0.0,37,0.37,100,0.018373082401230933,17037
no_layernorm,random,2,171,0.055248618784530384,96.60000000000005,0,0.0,34,0.34,100,0.014961358443833887,17137
no_layernorm,random,2,172,0.054945054945054944,96.50000000000003,0,0.0,35,0.35,100,0.012030075378715992,17237
no_layernorm,random,2,173,0.0546448087431694,97.30000000000004,0,0.0,27,0.27,100,0.01544034064747393,17337
no_layernorm,random,2,174,0.05434782608695653,95.20000000000005,1,0.01,29,0.29,100,0.012540798792615533,17437
no_layernorm,random,2,175,0.05405405405405406,95.80000000000001,1,0.01,23,0.23,100,0.012983556906692683,17537
no_layernorm,random,2,176,0.05376344086021505,97.10000000000002,0,0.0,29,0.29,100,0.012084852869156748,17637
no_layernorm,random,2,177,0.053475935828877004,96.40000000000009,0,0.0,36,0.36,100,0.02052100274246186,17737
no_layernorm,random,2,178,0.05319148936170213,95.20000000000006,1,0.01,29,0.29,100,0.015140090291388332,17837
no_layernorm,random,2,179,0.052910052910052914,95.2,1,0.01,29,0.29,100,0.013700315712485462,17937
no_layernorm,random,2,180,0.05263157894736842,95.10000000000005,1,0.01,30,0.3,100,0.02072645528241992,18037
no_layernorm,random,2,181,0.05235602094240837,96.7,0,0.0,33,0.33,100,0.02025014945771545,18137
no_layernorm,random,2,182,0.052083333333333336,96.30000000000007,0,0.0,37,0.37,100,0.014200780461542307,18237
no_layernorm,random,2,183,0.05181347150259067,96.70000000000006,0,0.0,33,0.33,100,0.014365430744364858,18337
no_layernorm,random,2,184,0.051546391752577324,94.50000000000003,1,0.01,36,0.36,100,0.013333574440330266,18437
no_layernorm,random,2,185,0.05128205128205128,96.60000000000002,0,0.0,34,0.34,100,0.016927882041782142,18537
no_layernorm,random,2,186,0.0510204081632653,95.5,1,0.01,26,0.26,100,0.016895000566728414,18637
no_layernorm,random,2,187,0.050761421319796954,97.80000000000004,0,0.0,22,0.22,100,0.01613259460311383,18737
no_layernorm,random,2,188,0.050505050505050504,96.50000000000004,0,0.0,35,0.35,100,0.011161851573269814,18837
no_layernorm,random,2,189,0.05025125628140704,97.60000000000005,0,0.0,24,0.24,100,0.012010982050560415,18937
no_layernorm,random,2,190,0.05,95.90000000000003,1,0.01,22,0.22,100,0.014728951754514129,19037
no_layernorm,random,2,191,0.04975124378109452,97.69999999999999,0,0.0,23,0.23,100,0.013692517105955631,19137
no_layernorm,random,2,192,0.04950495049504951,95.20000000000005,1,0.01,29,0.29,100,0.01268476746045053,19237
no_layernorm,random,2,193,0.04926108374384236,95.60000000000002,1,0.01,24,0.24,100,0.016530464231036605,19337
no_layernorm,random,2,194,0.04901960784313726,91.90000000000005,2,0.02,43,0.43,100,0.02293642492266372,19437
no_layernorm,random,2,195,0.04878048780487805,88.70000000000003,4,0.04,37,0.37,100,0.01793417223263532,19537
no_layernorm,random,2,196,0.04854368932038835,93.10000000000002,2,0.02,31,0.31,100,0.008541619952302426,19637
no_layernorm,random,2,197,0.04830917874396135,95.90000000000003,0,0.0,41,0.41,100,0.01348741949768737,19737
no_layernorm,random,2,198,0.04807692307692307,96.9,0,0.0,31,0.31,100,0.013678124696016312,19837
no_layernorm,random,2,199,0.04784688995215311,96.60000000000005,0,0.0,34,0.34,100,0.02042163667501882,19937
no_layernorm,random,3,0,1.0,71.69999999999996,10,0.1,92,0.92,100,0.12523297693681074,37
no_layernorm,random,3,1,0.9090909090909091,60.59999999999993,16,0.16,88,0.88,100,0.03608048510737717,137
no_layernorm,random,3,2,0.8333333333333334,77.60000000000002,7,0.07,89,0.89,100,0.016976567879319192,237
no_layernorm,random,3,3,0.7692307692307692,84.00000000000007,4,0.04,84,0.84,100,0.016845503877848386,337
no_layernorm,random,3,4,0.7142857142857143,68.59999999999998,12,0.12,84,0.84,100,0.016835046764463187,437
no_layernorm,random,3,5,0.6666666666666666,66.69999999999996,13,0.13,83,0.83,100,0.013821539464406668,537
no_layernorm,random,3,6,0.625,76.4,8,0.08,80,0.8,100,0.009910218277946114,637
no_layernorm,random,3,7,0.5882352941176471,79.20000000000003,7,0.07,74,0.74,100,0.01066200659610331,737
no_layernorm,random,3,8,0.5555555555555556,70.29999999999998,11,0.11,86,0.86,100,0.009983688471838831,837
no_layernorm,random,3,9,0.5263157894736842,78.30000000000003,7,0.07,83,0.83,100,0.014313003402203322,937
no_layernorm,random,3,10,0.5,74.69999999999999,9,0.09,79,0.79,100,0.01313939904794097,1037
no_layernorm,random,3,11,0.47619047619047616,80.50000000000004,6,0.06,81,0.81,100,0.01328912241384387,1137
no_layernorm,random,3,12,0.45454545454545453,81.70000000000003,6,0.06,68,0.68,100,0.01169182817917317,1237
no_layernorm,random,3,13,0.4347826086956522,84.80000000000007,4,0.04,76,0.76,100,0.01125322824344039,1337
no_layernorm,random,3,14,0.4166666666666667,83.50000000000004,5,0.05,70,0.7,100,0.015380521342158317,1437
no_layernorm,random,3,15,0.4,81.60000000000002,6,0.06,70,0.7,100,0.01400603677611798,1537
no_layernorm,random,3,16,0.3846153846153846,89.60000000000005,2,0.02,66,0.66,100,0.017292899047024548,1637
no_layernorm,random,3,17,0.37037037037037035,87.60000000000007,3,0.03,67,0.67,100,0.012543098498135806,1737
no_layernorm,random,3,18,0.35714285714285715,91.50000000000009,1,0.01,66,0.66,100,0.012441587806679309,1837
no_layernorm,random,3,19,0.3448275862068966,89.40000000000005,2,0.02,67,0.67,100,0.0196652839332819,1937
no_layernorm,random,3,20,0.3333333333333333,91.80000000000004,1,0.01,63,0.63,100,0.025598473981954157,2037
no_layernorm,random,3,21,0.3225806451612903,89.10000000000008,2,0.02,70,0.7,100,0.025249416213482617,2137
no_layernorm,random,3,22,0.3125,89.90000000000003,2,0.02,63,0.63,100,0.015427577826194465,2237
no_layernorm,random,3,23,0.30303030303030304,83.00000000000007,5,0.05,75,0.75,100,0.018115440565161407,2337
no_layernorm,random,3,24,0.29411764705882354,89.90000000000006,2,0.02,61,0.61,100,0.020876685278490185,2437
no_layernorm,random,3,25,0.2857142857142857,85.80000000000001,4,0.04,65,0.65,100,0.017963363216258587,2537
no_layernorm,random,3,26,0.2777777777777778,83.90000000000003,5,0.05,65,0.65,100,0.02429383700247854,2637
no_layernorm,random,3,27,0.27027027027027023,91.50000000000006,1,0.01,66,0.66,100,0.020052515510469673,2737
no_layernorm,random,3,28,0.2631578947368421,91.90000000000009,1,0.01,62,0.62,100,0.02330505582038313,2837
no_layernorm,random,3,29,0.25641025641025644,92.60000000000005,1,0.01,55,0.55,100,0.020306428275071085,2937
no_layernorm,random,3,30,0.25,87.90000000000003,3,0.03,64,0.64,100,0.022134814676828683,3037
no_layernorm,random,3,31,0.24390243902439027,82.00000000000003,6,0.06,64,0.64,100,0.025938662132248283,3137
no_layernorm,random,3,32,0.23809523809523808,87.9,3,0.03,64,0.64,100,0.02418306698091328,3237
no_layernorm,random,3,33,0.23255813953488372,90.60000000000008,2,0.02,55,0.55,100,0.02039631796069443,3337
no_layernorm,random,3,34,0.22727272727272727,92.20000000000007,1,0.01,59,0.59,100,0.023153492766432464,3437
no_layernorm,random,3,35,0.2222222222222222,90.30000000000004,2,0.02,59,0.59,100,0.019184188940562306,3537
no_layernorm,random,3,36,0.2173913043478261,90.80000000000007,2,0.02,54,0.54,100,0.021647667535580693,3637
no_layernorm,random,3,37,0.2127659574468085,91.90000000000002,2,0.02,43,0.43,100,0.0210621755477041,3737
no_layernorm,random,3,38,0.20833333333333334,90.80000000000007,2,0.02,54,0.54,100,0.024990673656575382,3837
no_layernorm,random,3,39,0.2040816326530612,92.90000000000003,1,0.01,52,0.52,100,0.036011651498265566,3937
no_layernorm,random,3,40,0.2,84.30000000000004,5,0.05,61,0.61,100,0.02176955609116703,4037
no_layernorm,random,3,41,0.19607843137254904,88.90000000000009,3,0.03,54,0.54,100,0.023650935981422663,4137
no_layernorm,random,3,42,0.1923076923076923,88.30000000000007,3,0.03,60,0.6,100,0.021057410510256887,4237
no_layernorm,random,3,43,0.18867924528301888,91.10000000000005,2,0.02,51,0.51,100,0.023612187169492246,4337
no_layernorm,random,3,44,0.18518518518518517,89.60000000000005,3,0.03,47,0.47,100,0.02438473136164248,4437
no_layernorm,random,3,45,0.18181818181818182,84.10000000000002,5,0.05,64,0.64,100,0.02621717025525868,4537
no_layernorm,random,3,46,0.17857142857142858,95.10000000000005,0,0.0,49,0.49,100,0.028528803726658225,4637
no_layernorm,random,3,47,0.17543859649122806,90.10000000000005,2,0.02,61,0.61,100,0.023187825419008733,4737
no_layernorm,random,3,48,0.1724137931034483,88.00000000000007,3,0.03,63,0.63,100,0.02171467015054077,4837
no_layernorm,random,3,49,0.1694915254237288,90.10000000000004,3,0.03,42,0.42,100,0.02826069114729762,4937
no_layernorm,random,3,50,0.16666666666666666,88.90000000000005,3,0.03,54,0.54,100,0.027310899272561074,5037
no_layernorm,random,3,51,0.1639344262295082,93.00000000000003,1,0.01,51,0.51,100,0.027278355564922096,5137
no_layernorm,random,3,52,0.16129032258064516,90.10000000000004,2,0.02,61,0.61,100,0.027538085277192294,5237
no_layernorm,random,3,53,0.15873015873015872,93.50000000000003,1,0.01,46,0.46,100,0.027982656066305935,5337
no_layernorm,random,3,54,0.15625,90.50000000000006,2,0.02,57,0.57,100,0.026790302861481905,5437
no_layernorm,random,3,55,0.15384615384615385,91.2,2,0.02,49,0.49,100,0.026326528466306627,5537
no_layernorm,random,3,56,0.15151515151515152,91.00000000000003,2,0.02,52,0.52,100,0.024701612992212175,5637
no_layernorm,random,3,57,0.14925373134328357,95.40000000000003,0,0.0,46,0.46,100,0.02423086652997881,5737
no_layernorm,random,3,58,0.14705882352941177,91.90000000000002,2,0.02,42,0.42,100,0.0236214542388916,5837
no_layernorm,random,3,59,0.14492753623188406,90.20000000000005,3,0.03,40,0.4,100,0.025735477334819734,5937
no_layernorm,random,3,60,0.14285714285714285,91.70000000000003,2,0.02,45,0.45,100,0.028720866572111845,6037
no_layernorm,random,3,61,0.14084507042253522,90.60000000000007,2,0.02,56,0.56,100,0.025237249881029128,6137
no_layernorm,random,3,62,0.1388888888888889,95.10000000000005,0,0.0,49,0.49,100,0.030128585444763302,6237
no_layernorm,random,3,63,0.136986301369863,94.10000000000005,1,0.01,40,0.4,100,0.02644264841452241,6337
no_layernorm,random,3,64,0.13513513513513511,91.60000000000004,2,0.02,45,0.45,100,0.03070192367769778,6437
no_layernorm,random,3,65,0.13333333333333333,88.30000000000003,4,0.04,40,0.4,100,0.030875085657462477,6537
no_layernorm,random,3,66,0.13157894736842105,91.50000000000004,2,0.02,47,0.47,100,0.02446694978978485,6637
no_layernorm,random,3,67,0.12987012987012986,88.20000000000005,4,0.04,42,0.42,100,0.025240129828453063,6737
no_layernorm,random,3,68,0.12820512820512822,90.50000000000006,2,0.02,57,0.57,100,0.023599257124587894,6837
no_layernorm,random,3,69,0.12658227848101264,91.20000000000003,2,0.02,49,0.49,100,0.026262056133709848,6937
no_layernorm,random,3,70,0.125,94.90000000000005,0,0.0,51,0.51,100,0.026911088628694416,7037
no_layernorm,random,3,71,0.1234567901234568,93.60000000000002,1,0.01,45,0.45,100,0.026543204989284277,7137
no_layernorm,random,3,72,0.12195121951219513,91.60000000000004,2,0.02,45,0.45,100,0.02183315983507782,7237
no_layernorm,random,3,73,0.12048192771084336,91.80000000000008,2,0.02,43,0.43,100,0.025234145331196486,7337
no_layernorm,random,3,74,0.11904761904761904,92.60000000000008,1,0.01,55,0.55,100,0.03467346761841327,7437
no_layernorm,random,3,75,0.11764705882352941,95.30000000000007,0,0.0,47,0.47,100,0.02731826014816761,7537
no_layernorm,random,3,76,0.11627906976744186,93.50000000000004,1,0.01,45,0.45,100,0.03370846113190055,7637
no_layernorm,random,3,77,0.1149425287356322,95.90000000000006,0,0.0,41,0.41,100,0.028539191726595164,7737
no_layernorm,random,3,78,0.11363636363636363,95.20000000000007,0,0.0,48,0.48,100,0.028597630439326168,7837
no_layernorm,random,3,79,0.11235955056179775,95.90000000000006,0,0.0,41,0.41,100,0.02608805879484862,7937
no_layernorm,random,3,80,0.1111111111111111,85.80000000000004,5,0.05,46,0.46,100,0.02413918200880289,8037
no_layernorm,random,3,81,0.10989010989010989,96.20000000000005,0,0.0,38,0.38,100,0.02406819586176425,8137
no_layernorm,random,3,82,0.10869565217391305,95.80000000000004,0,0.0,42,0.42,100,0.029216493605636062,8237
no_layernorm,random,3,83,0.1075268817204301,92.5000000000001,1,0.01,56,0.56,100,0.02366161552257836,8337
no_layernorm,random,3,84,0.10638297872340426,91.80000000000004,2,0.02,43,0.43,100,0.03629278531298041,8437
no_layernorm,random,3,85,0.10526315789473684,94.20000000000005,1,0.01,39,0.39,100,0.02758673618081957,8537
no_layernorm,random,3,86,0.10416666666666667,93.20000000000007,1,0.01,49,0.49,100,0.020010584234260023,8637
no_layernorm,random,3,87,0.10309278350515465,95.40000000000003,0,0.0,46,0.46,100,0.020552018331363796,8737
no_layernorm,random,3,88,0.1020408163265306,93.10000000000004,1,0.01,50,0.5,100,0.031879015117883686,8837
no_layernorm,random,3,89,0.10101010101010101,90.30000000000005,3,0.03,40,0.4,100,0.020557752763852476,8937
no_layernorm,random,3,90,0.1,95.20000000000005,0,0.0,48,0.48,100,0.03559689963236451,9037
no_layernorm,random,3,91,0.09900990099009901,95.80000000000004,0,0.0,42,0.42,100,0.018809624523855747,9137
no_layernorm,random,3,92,0.09803921568627452,92.50000000000006,1,0.01,56,0.56,100,0.020849874606356025,9237
no_layernorm,random,3,93,0.0970873786407767,93.6000000000001,1,0.01,45,0.45,100,0.02615130275953561,9337
no_layernorm,random,3,94,0.09615384615384615,92.30000000000004,2,0.02,39,0.39,100,0.03266157531179488,9437
no_layernorm,random,3,95,0.09523809523809523,95.40000000000005,0,0.0,46,0.46,100,0.01939799998421222,9537
no_layernorm,random,3,96,0.09433962264150944,92.00000000000006,2,0.02,42,0.42,100,0.023037087502889336,9637
no_layernorm,random,3,97,0.09345794392523366,92.10000000000005,2,0.02,41,0.41,100,0.02149661533534527,9737
no_layernorm,random,3,98,0.09259259259259259,96.10000000000004,0,0.0,39,0.39,100,0.03725469683296979,9837
no_layernorm,random,3,99,0.09174311926605504,95.90000000000003,0,0.0,41,0.41,100,0.025609545735642315,9937
no_layernorm,random,3,100,0.09090909090909091,93.10000000000005,2,0.02,31,0.31,100,0.036125942734070125,10037
no_layernorm,random,3,101,0.0900900900900901,92.60000000000004,2,0.02,35,0.35,100,0.04015575919765979,10137
no_layernorm,random,3,102,0.08928571428571429,96.80000000000004,0,0.0,32,0.32,100,0.024953319546766578,10237
no_layernorm,random,3,103,0.08849557522123894,94.00000000000004,1,0.01,41,0.41,100,0.02183726945426315,10337
no_layernorm,random,3,104,0.08771929824561403,93.10000000000005,1,0.01,50,0.5,100,0.0229512750916183,10437
no_layernorm,random,3,105,0.08695652173913043,95.90000000000003,0,0.0,41,0.41,100,0.02221264945808798,10537
no_layernorm,random,3,106,0.08620689655172414,95.10000000000008,0,0.0,49,0.49,100,0.028128085802309216,10637
no_layernorm,random,3,107,0.08547008547008547,91.90000000000003,2,0.02,42,0.42,100,0.019138281559571625,10737
no_layernorm,random,3,108,0.0847457627118644,89.20000000000006,3,0.03,50,0.5,100,0.019440633906051517,10837
no_layernorm,random,3,109,0.08403361344537814,96.40000000000006,0,0.0,36,0.36,100,0.027216616212390365,10937
no_layernorm,random,3,110,0.08333333333333333,92.50000000000009,2,0.02,37,0.37,100,0.028161051403731107,11037
no_layernorm,random,3,111,0.08264462809917356,92.50000000000006,2,0.02,37,0.37,100,0.017450706963427366,11137
no_layernorm,random,3,112,0.0819672131147541,94.10000000000005,1,0.01,40,0.4,100,0.028617487717419864,11237
no_layernorm,random,3,113,0.08130081300813008,95.60000000000005,0,0.0,44,0.44,100,0.021117459861561657,11337
no_layernorm,random,3,114,0.08064516129032258,92.20000000000006,2,0.02,40,0.4,100,0.028816952360793947,11437
no_layernorm,random,3,115,0.08,94.20000000000002,1,0.01,39,0.39,100,0.019429191038943826,11537
no_layernorm,random,3,116,0.07936507936507936,91.50000000000007,2,0.02,47,0.47,100,0.023236659532412888,11637
no_layernorm,random,3,117,0.07874015748031496,96.20000000000005,0,0.0,38,0.38,100,0.017414399618282915,11737
no_layernorm,random,3,118,0.078125,92.70000000000005,2,0.02,35,0.35,100,0.02963716729544103,11837
no_layernorm,random,3,119,0.07751937984496124,90.30000000000004,3,0.03,40,0.4,100,0.020412964122369884,11937
no_layernorm,random,3,120,0.07692307692307693,93.90000000000002,1,0.01,42,0.42,100,0.021336384736932813,12037
no_layernorm,random,3,121,0.07633587786259542,96.70000000000005,0,0.0,33,0.33,100,0.020536199980415403,12137
no_layernorm,random,3,122,0.07575757575757576,96.60000000000007,0,0.0,34,0.34,100,0.021792386854067446,12237
no_layernorm,random,3,123,0.07518796992481203,95.50000000000006,0,0.0,45,0.45,100,0.021406813845969735,12337
no_layernorm,random,3,124,0.07462686567164178,94.20000000000006,1,0.01,39,0.39,100,0.02967172345146537,12437
no_layernorm,random,3,125,0.07407407407407407,96.90000000000003,0,0.0,31,0.31,100,0.02090788075234741,12537
no_layernorm,random,3,126,0.07352941176470588,96.80000000000003,0,0.0,32,0.32,100,0.024038057308644056,12637
no_layernorm,random,3,127,0.07299270072992702,94.60000000000002,1,0.01,35,0.35,100,0.03395103965420276,12737
no_layernorm,random,3,128,0.07246376811594203,96.00000000000006,0,0.0,40,0.4,100,0.025714785093441606,12837
no_layernorm,random,3,129,0.07194244604316546,90.30000000000001,3,0.03,38,0.38,100,0.024522286877036094,12937
no_layernorm,random,3,130,0.07142857142857142,97.20000000000005,0,0.0,28,0.28,100,0.0185081955883652,13037
no_layernorm,random,3,131,0.07092198581560284,96.20000000000005,0,0.0,38,0.38,100,0.02085779294371605,13137
no_layernorm,random,3,132,0.07042253521126761,96.30000000000004,0,0.0,37,0.37,100,0.029524216284044086,13237
no_layernorm,random,3,133,0.06993006993006992,96.70000000000002,0,0.0,33,0.33,100,0.01684613074641675,13337
no_layernorm,random,3,134,0.06944444444444445,92.20000000000003,2,0.02,40,0.4,100,0.022931403880938887,13437
no_layernorm,random,3,135,0.06896551724137931,96.50000000000007,0,0.0,35,0.35,100,0.019914784021675586,13537
no_layernorm,random,3,136,0.0684931506849315,94.50000000000003,1,0.01,36,0.36,100,0.024417993137612937,13637
no_layernorm,random,3,137,0.06802721088435375,97.10000000000001,0,0.0,29,0.29,100,0.020673512830398977,13737
no_layernorm,random,3,138,0.06756756756756756,96.60000000000007,0,0.0,34,0.34,100,0.0220261487737298,13837
no_layernorm,random,3,139,0.06711409395973154,96.80000000000004,0,0.0,32,0.32,100,0.016329836952500044,13937
no_layernorm,random,3,140,0.06666666666666667,96.60000000000002,0,0.0,34,0.34,100,0.02156536507187411,14037
no_layernorm,random,3,141,0.06622516556291391,96.80000000000004,0,0.0,32,0.32,100,0.02277081331703812,14137
no_layernorm,random,3,142,0.06578947368421052,94.30000000000004,1,0.01,37,0.37,100,0.02422994267195463,14237
no_layernorm,random,3,143,0.06535947712418301,94.90000000000006,1,0.01,32,0.32,100,0.022027318635955452,14337
no_layernorm,random,3,144,0.06493506493506493,91.20000000000007,3,0.03,31,0.31,100,0.02059162667253986,14437
no_layernorm,random,3,145,0.06451612903225806,90.00000000000004,3,0.03,43,0.43,100,0.021428132676519454,14537
no_layernorm,random,3,146,0.06410256410256411,92.40000000000005,2,0.02,38,0.38,100,0.028314944454468787,14637
no_layernorm,random,3,147,0.06369426751592357,96.80000000000003,0,0.0,32,0.32,100,0.020025921519845724,14737
no_layernorm,random,3,148,0.06329113924050632,97.00000000000003,0,0.0,30,0.3,100,0.026506927479058504,14837
no_layernorm,random,3,149,0.06289308176100629,97.20000000000007,0,0.0,28,0.28,100,0.020271906591951848,14937
no_layernorm,random,3,150,0.0625,91.80000000000007,2,0.02,43,0.43,100,0.024718068586662412,15037
no_layernorm,random,3,151,0.06211180124223602,97.40000000000002,0,0.0,26,0.26,100,0.02439703148789704,15137
no_layernorm,random,3,152,0.0617283950617284,96.10000000000005,0,0.0,39,0.39,100,0.01814645010512322,15237
no_layernorm,random,3,153,0.06134969325153374,97.10000000000004,0,0.0,29,0.29,100,0.02044120247475803,15337
no_layernorm,random,3,154,0.06097560975609757,96.50000000000003,0,0.0,35,0.35,100,0.017275488101877273,15437
no_layernorm,random,3,155,0.06060606060606061,97.20000000000005,0,0.0,28,0.28,100,0.029943808824755253,15537
no_layernorm,random,3,156,0.06024096385542168,93.0,2,0.02,31,0.31,100,0.019967088475823402,15637
no_layernorm,random,3,157,0.059880239520958084,96.80000000000005,0,0.0,32,0.32,100,0.02062291231472045,15737
no_layernorm,random,3,158,0.05952380952380952,96.4,0,0.0,36,0.36,100,0.023580537545494735,15837
no_layernorm,random,3,159,0.0591715976331361,94.30000000000004,1,0.01,38,0.38,100,0.022155082155950367,15937
no_layernorm,random,3,160,0.058823529411764705,96.90000000000005,0,0.0,31,0.31,100,0.017130542448721826,16037
no_layernorm,random,3,161,0.05847953216374269,97.00000000000003,0,0.0,30,0.3,100,0.016060199041385205,16137
no_layernorm,random,3,162,0.05813953488372093,95.60000000000008,0,0.0,44,0.44,100,0.015261493003927172,16237
no_layernorm,random,3,163,0.057803468208092484,94.80000000000007,1,0.01,33,0.33,100,0.01701942999381572,16337
no_layernorm,random,3,164,0.0574712643678161,97.00000000000003,0,0.0,30,0.3,100,0.018749125069007277,16437
no_layernorm,random,3,165,0.05714285714285714,97.30000000000003,0,0.0,27,0.27,100,0.020247781276702882,16537
no_layernorm,random,3,166,0.056818181818181816,95.10000000000002,1,0.01,29,0.29,100,0.01918943854048848,16637
no_layernorm,random,3,167,0.05649717514124294,90.20000000000005,3,0.03,40,0.4,100,0.017924820678308605,16737
no_layernorm,random,3,168,0.056179775280898875,95.8000000000001,0,0.0,42,0.42,100,0.028127199742011725,16837
no_layernorm,random,3,169,0.0558659217877095,94.70000000000007,1,0.01,34,0.34,100,0.018728559855371713,16937
no_layernorm,random,3,170,0.05555555555555555,97.20000000000002,0,0.0,28,0.28,100,0.01662012381479144,17037
no_layernorm,random,3,171,0.055248618784530384,93.00000000000009,1,0.01,50,0.5,100,0.020945534259080887,17137
no_layernorm,random,3,172,0.054945054945054944,93.0,2,0.02,32,0.32,100,0.016890380335971712,17237
no_layernorm,random,3,173,0.0546448087431694,97.30000000000005,0,0.0,27,0.27,100,0.01718306797556579,17337
no_layernorm,random,3,174,0.05434782608695653,93.00000000000004,2,0.02,31,0.31,100,0.022763651120476423,17437
no_layernorm,random,3,175,0.05405405405405406,89.50000000000003,4,0.04,29,0.29,100,0.020840694196522236,17537
no_layernorm,random,3,176,0.05376344086021505,94.90000000000002,1,0.01,32,0.32,100,0.025585241592489184,17637
no_layernorm,random,3,177,0.053475935828877004,97.50000000000004,0,0.0,25,0.25,100,0.019326311394106597,17737
no_layernorm,random,3,178,0.05319148936170213,93.90000000000008,1,0.01,42,0.42,100,0.017711860854178668,17837
no_layernorm,random,3,179,0.052910052910052914,87.70000000000003,4,0.04,46,0.46,100,0.024922959203831852,17937
no_layernorm,random,3,180,0.05263157894736842,94.80000000000003,1,0.01,33,0.33,100,0.02086617728229612,18037
no_layernorm,random,3,181,0.05235602094240837,97.20000000000003,0,0.0,28,0.28,100,0.01767440014751628,18137
no_layernorm,random,3,182,0.052083333333333336,95.10000000000005,1,0.01,30,0.3,100,0.02808034123852849,18237
no_layernorm,random,3,183,0.05181347150259067,95.10000000000005,1,0.01,30,0.3,100,0.025079432828351855,18337
no_layernorm,random,3,184,0.051546391752577324,94.30000000000004,1,0.01,37,0.37,100,0.01605037090368569,18437
no_layernorm,random,3,185,0.05128205128205128,95.10000000000004,1,0.01,30,0.3,100,0.017942297789268195,18537
no_layernorm,random,3,186,0.0510204081632653,96.90000000000003,0,0.0,31,0.31,100,0.017745248267892748,18637
no_layernorm,random,3,187,0.050761421319796954,94.40000000000005,1,0.01,37,0.37,100,0.015899217072874307,18737
no_layernorm,random,3,188,0.050505050505050504,97.00000000000003,0,0.0,30,0.3,100,0.017511256961151956,18837
no_layernorm,random,3,189,0.05025125628140704,97.30000000000004,0,0.0,27,0.27,100,0.013871137690730393,18937
no_layernorm,random,3,190,0.05,93.9,1,0.01,42,0.42,100,0.018149743555113673,19037
no_layernorm,random,3,191,0.04975124378109452,94.20000000000002,1,0.01,39,0.39,100,0.015232400167733431,19137
no_layernorm,random,3,192,0.04950495049504951,95.60000000000002,1,0.01,25,0.25,100,0.013030393910594285,19237
no_layernorm,random,3,193,0.04926108374384236,97.30000000000001,0,0.0,27,0.27,100,0.012868256149813533,19337
no_layernorm,random,3,194,0.04901960784313726,95.00000000000003,1,0.01,31,0.31,100,0.014651105855591595,19437
no_layernorm,random,3,195,0.04878048780487805,96.90000000000005,0,0.0,31,0.31,100,0.022730895197018982,19537
no_layernorm,random,3,196,0.04854368932038835,94.80000000000003,1,0.01,33,0.33,100,0.018788895464967936,19637
no_layernorm,random,3,197,0.04830917874396135,96.20000000000002,0,0.0,38,0.38,100,0.019886736548505722,19737
no_layernorm,random,3,198,0.04807692307692307,95.00000000000003,1,0.01,31,0.31,100,0.02211690557654947,19837
no_layernorm,random,3,199,0.04784688995215311,95.50000000000001,1,0.01,26,0.26,100,0.026874975846149028,19937
no_layernorm,random,4,0,1.0,71.79999999999997,10,0.1,91,0.91,100,0.10203907845189443,37
no_layernorm,random,4,1,0.9090909090909091,68.49999999999996,12,0.12,86,0.86,100,0.0333367801643908,137
no_layernorm,random,4,2,0.8333333333333334,69.89999999999996,11,0.11,89,0.89,100,0.02024071056395769,237
no_layernorm,random,4,3,0.7692307692307692,69.19999999999996,12,0.12,78,0.78,100,0.013101116986945271,337
no_layernorm,random,4,4,0.7142857142857143,75.70000000000002,8,0.08,90,0.9,100,0.018022394715808333,437
no_layernorm,random,4,5,0.6666666666666666,80.50000000000004,6,0.06,81,0.81,100,0.025675898417830467,537
no_layernorm,random,4,6,0.625,78.20000000000003,7,0.07,83,0.83,100,0.017304724995046854,637
no_layernorm,random,4,7,0.5882352941176471,72.89999999999998,10,0.1,77,0.77,100,0.013811082695610821,737
no_layernorm,random,4,8,0.5555555555555556,81.40000000000002,6,0.06,71,0.71,100,0.013182704374194144,837
no_layernorm,random,4,9,0.5263157894736842,83.10000000000002,5,0.05,74,0.74,100,0.022024456094950438,937
no_layernorm,random,4,10,0.5,82.70000000000006,5,0.05,78,0.78,100,0.016821354674175382,1037
no_layernorm,random,4,11,0.47619047619047616,83.10000000000004,5,0.05,74,0.74,100,0.014050492374226451,1137
no_layernorm,random,4,12,0.45454545454545453,84.50000000000003,4,0.04,79,0.79,100,0.016989877708256246,1237
no_layernorm,random,4,13,0.4347826086956522,77.3,8,0.08,73,0.73,100,0.013145877844654024,1337
no_layernorm,random,4,14,0.4166666666666667,74.60000000000001,9,0.09,80,0.8,100,0.013845808343030513,1437
no_layernorm,random,4,15,0.4,87.50000000000004,3,0.03,68,0.68,100,0.015032179793342948,1537
no_layernorm,random,4,16,0.3846153846153846,87.50000000000006,3,0.03,68,0.68,100,0.015198691259138286,1637
no_layernorm,random,4,17,0.37037037037037035,87.50000000000006,3,0.03,68,0.68,100,0.02522589160129428,1737
no_layernorm,random,4,18,0.35714285714285715,86.20000000000002,4,0.04,61,0.61,100,0.01826386315282434,1837
no_layernorm,random,4,19,0.3448275862068966,82.30000000000004,6,0.06,61,0.61,100,0.020775360194966196,1937
no_layernorm,random,4,20,0.3333333333333333,88.50000000000003,3,0.03,58,0.58,100,0.01866690453607589,2037
no_layernorm,random,4,21,0.3225806451612903,74.29999999999998,10,0.1,65,0.65,100,0.021483181519433858,2137
no_layernorm,random,4,22,0.3125,74.0,10,0.1,68,0.68,100,0.031850194251164796,2237
no_layernorm,random,4,23,0.30303030303030304,83.20000000000003,6,0.06,54,0.54,100,0.041564437043853104,2337
no_layernorm,random,4,24,0.29411764705882354,83.0,6,0.06,56,0.56,100,0.027208584528416395,2437
no_layernorm,random,4,25,0.2857142857142857,86.00000000000001,4,0.04,64,0.64,100,0.027550053130835295,2537
no_layernorm,random,4,26,0.2777777777777778,88.30000000000007,3,0.03,60,0.6,100,0.03237663000822067,2637
no_layernorm,random,4,27,0.27027027027027023,85.10000000000002,5,0.05,53,0.53,100,0.033878915891982615,2737
no_layernorm,random,4,28,0.2631578947368421,84.50000000000003,5,0.05,60,0.6,100,0.027387316985987127,2837
no_layernorm,random,4,29,0.25641025641025644,85.40000000000005,5,0.05,51,0.51,100,0.02333486992865801,2937
no_layernorm,random,4,30,0.25,93.00000000000006,1,0.01,51,0.51,100,0.030557679678313434,3037
no_layernorm,random,4,31,0.24390243902439027,82.10000000000005,6,0.06,64,0.64,100,0.02169122323393822,3137
no_layernorm,random,4,32,0.23809523809523808,85.90000000000005,4,0.04,65,0.65,100,0.03379718360491097,3237
no_layernorm,random,4,33,0.23255813953488372,92.30000000000005,1,0.01,58,0.58,100,0.049975206614471974,3337
no_layernorm,random,4,34,0.22727272727272727,91.30000000000004,2,0.02,49,0.49,100,0.058793933922424914,3437
no_layernorm,random,4,35,0.2222222222222222,95.8000000000001,0,0.0,42,0.42,100,0.11487570459023118,3537
no_layernorm,random,4,36,0.2173913043478261,88.80000000000005,3,0.03,54,0.54,100,0.08476159115321934,3637
no_layernorm,random,4,37,0.2127659574468085,92.30000000000005,1,0.01,58,0.58,100,0.11095126818865537,3737
no_layernorm,random,4,38,0.20833333333333334,85.60000000000005,5,0.05,49,0.49,100,0.15403639585711063,3837
no_layernorm,random,4,39,0.2040816326530612,93.70000000000005,1,0.01,44,0.44,100,0.28709904160350563,3937
no_layernorm,random,4,40,0.2,84.50000000000004,5,0.05,58,0.58,100,0.2857174603175372,4037
no_layernorm,random,4,41,0.19607843137254904,92.70000000000006,1,0.01,54,0.54,100,0.047208302887156606,4137
no_layernorm,random,4,42,0.1923076923076923,87.00000000000004,4,0.04,53,0.53,100,0.3121305064391345,4237
no_layernorm,random,4,43,0.18867924528301888,92.00000000000006,1,0.01,61,0.61,100,0.6352882846537977,4337
no_layernorm,random,4,44,0.18518518518518517,93.10000000000007,1,0.01,50,0.5,100,0.7371023537032306,4437
no_layernorm,random,4,45,0.18181818181818182,90.80000000000004,2,0.02,54,0.54,100,2.69199887169525,4537
no_layernorm,random,4,46,0.17857142857142858,93.10000000000004,1,0.01,50,0.5,100,5.01845863177441,4637
no_layernorm,random,4,47,0.17543859649122806,91.50000000000006,1,0.01,65,0.65,100,0.7041697999369353,4737
no_layernorm,random,4,48,0.1724137931034483,84.40000000000002,5,0.05,61,0.61,100,1.5832314139325172,4837
no_layernorm,random,4,49,0.1694915254237288,88.70000000000003,3,0.03,55,0.55,100,36.71317318751477,4937
no_layernorm,random,4,50,0.16666666666666666,94.20000000000009,0,0.0,58,0.58,100,64.64850967949256,5037
no_layernorm,random,4,51,0.1639344262295082,83.20000000000002,6,0.06,53,0.53,100,194.41179212152028,5137
no_layernorm,random,4,52,0.16129032258064516,91.40000000000005,2,0.02,48,0.48,100,195.72881591747515,5237
no_layernorm,random,4,53,0.15873015873015872,91.10000000000007,2,0.02,50,0.5,100,554.7875545938779,5337
no_layernorm,random,4,54,0.15625,94.90000000000003,0,0.0,51,0.51,100,511.9656566654053,5437
no_layernorm,random,4,55,0.15384615384615385,90.50000000000006,2,0.02,57,0.57,100,1236.0200382322166,5537
no_layernorm,random,4,56,0.15151515151515152,89.80000000000005,3,0.03,45,0.45,100,1299.9592234809977,5637
no_layernorm,random,4,57,0.14925373134328357,93.80000000000003,1,0.01,43,0.43,100,1960.310226650387,5737
no_layernorm,random,4,58,0.14705882352941177,93.30000000000005,1,0.01,48,0.48,100,2888.3346045952385,5837
no_layernorm,random,4,59,0.14492753623188406,95.10000000000008,0,0.0,49,0.49,100,3341.6231518875247,5937
no_layernorm,random,4,60,0.14285714285714285,92.5000000000001,1,0.01,56,0.56,100,1895.877432380761,6037
no_layernorm,random,4,61,0.14084507042253522,94.8000000000001,0,0.0,52,0.52,100,5318.0624696781115,6137
no_layernorm,random,4,62,0.1388888888888889,93.20000000000006,1,0.01,49,0.49,100,1797.2697800587584,6237
no_layernorm,random,4,63,0.136986301369863,90.90000000000003,2,0.02,53,0.53,100,5615.511129828412,6337
no_layernorm,random,4,64,0.13513513513513511,88.60000000000008,3,0.03,57,0.57,100,12892.872109271875,6437
no_layernorm,random,4,65,0.13333333333333333,91.30000000000005,2,0.02,48,0.48,100,7275.012985287122,6537
no_layernorm,random,4,66,0.13157894736842105,95.40000000000005,0,0.0,46,0.46,100,18682.93450324848,6637
no_layernorm,random,4,67,0.12987012987012986,91.00000000000006,2,0.02,52,0.52,100,9506.175146002117,6737
no_layernorm,random,4,68,0.12820512820512822,93.10000000000005,1,0.01,50,0.5,100,24360.16609587351,6837
no_layernorm,random,4,69,0.12658227848101264,91.70000000000005,1,0.01,64,0.64,100,27742.304295102414,6937
no_layernorm,random,4,70,0.125,91.20000000000009,2,0.02,50,0.5,100,18403.32911618566,7037
no_layernorm,random,4,71,0.1234567901234568,95.30000000000007,0,0.0,47,0.47,100,11116.521828055484,7137
no_layernorm,random,4,72,0.12195121951219513,93.50000000000006,1,0.01,46,0.46,100,30537.12185122129,7237
no_layernorm,random,4,73,0.12048192771084336,90.90000000000003,2,0.02,51,0.51,100,33082.49474225017,7337
no_layernorm,random,4,74,0.11904761904761904,94.70000000000006,0,0.0,53,0.53,100,10420.930584636913,7437
no_layernorm,random,4,75,0.11764705882352941,88.60000000000005,3,0.03,57,0.57,100,46879.4725932169,7537
no_layernorm,random,4,76,0.11627906976744186,90.70000000000007,2,0.02,55,0.55,100,71737.12720054049,7637
no_layernorm,random,4,77,0.1149425287356322,95.40000000000006,0,0.0,46,0.46,100,105518.94304749071,7737
no_layernorm,random,4,78,0.11363636363636363,90.00000000000003,3,0.03,43,0.43,100,48058.023495904396,7837
no_layernorm,random,4,79,0.11235955056179775,94.6000000000001,0,0.0,54,0.54,100,83798.37670808277,7937
no_layernorm,random,4,80,0.1111111111111111,93.20000000000003,1,0.01,49,0.49,100,79219.15130320948,8037
no_layernorm,random,4,81,0.10989010989010989,93.30000000000004,1,0.01,48,0.48,100,126000.38903845084,8137
no_layernorm,random,4,82,0.10869565217391305,91.10000000000004,2,0.02,51,0.51,100,111951.69481420191,8237
no_layernorm,random,4,83,0.1075268817204301,91.70000000000005,2,0.02,45,0.45,100,112151.83502487195,8337
no_layernorm,random,4,84,0.10638297872340426,96.00000000000006,0,0.0,40,0.4,100,156617.56766848822,8437
no_layernorm,random,4,85,0.10526315789473684,93.40000000000005,1,0.01,47,0.47,100,111484.72507365173,8537
no_layernorm,random,4,86,0.10416666666666667,90.70000000000006,2,0.02,55,0.55,100,154182.60911562192,8637
no_layernorm,random,4,87,0.10309278350515465,93.60000000000008,1,0.01,45,0.45,100,167030.84156614426,8737
no_layernorm,random,4,88,0.1020408163265306,95.20000000000006,0,0.0,48,0.48,100,124315.1283437895,8837
no_layernorm,random,4,89,0.10101010101010101,93.30000000000004,1,0.01,48,0.48,100,91290.33228021875,8937
no_layernorm,random,4,90,0.1,93.60000000000008,1,0.01,45,0.45,100,144188.68488208827,9037
no_layernorm,random,4,91,0.09900990099009901,91.20000000000007,2,0.02,50,0.5,100,268707.91869930533,9137
no_layernorm,random,4,92,0.09803921568627452,95.50000000000006,0,0.0,45,0.45,100,137098.85348486257,9237
no_layernorm,random,4,93,0.0970873786407767,96.00000000000003,0,0.0,40,0.4,100,98773.6568426283,9337
no_layernorm,random,4,94,0.09615384615384615,93.80000000000005,1,0.01,43,0.43,100,65449.67504798755,9437
no_layernorm,random,4,95,0.09523809523809523,93.70000000000005,1,0.01,44,0.44,100,112571.16378174625,9537
no_layernorm,random,4,96,0.09433962264150944,88.80000000000004,3,0.03,55,0.55,100,399840.68066090805,9637
no_layernorm,random,4,97,0.09345794392523366,93.40000000000006,1,0.01,47,0.47,100,234667.0274093589,9737
no_layernorm,random,4,98,0.09259259259259259,88.2,4,0.04,42,0.42,100,34020.208791105964,9837
no_layernorm,random,4,99,0.09174311926605504,91.20000000000005,2,0.02,50,0.5,100,66138.2840602687,9937
no_layernorm,random,4,100,0.09090909090909091,93.40000000000006,1,0.01,46,0.46,100,30895.6407441019,10037
no_layernorm,random,4,101,0.0900900900900901,93.10000000000005,1,0.01,50,0.5,100,59940.70233190915,10137
no_layernorm,random,4,102,0.08928571428571429,91.90000000000008,2,0.02,43,0.43,100,32603.644516245062,10237
no_layernorm,random,4,103,0.08849557522123894,93.90000000000008,1,0.01,42,0.42,100,1.1290975788701325,10337
no_layernorm,random,4,104,0.08771929824561403,91.70000000000007,2,0.02,45,0.45,100,49237.39720449547,10437
no_layernorm,random,4,105,0.08695652173913043,95.00000000000009,0,0.0,50,0.5,100,107724.56102186162,10537
no_layernorm,random,4,106,0.08620689655172414,93.80000000000004,1,0.01,43,0.43,100,121219.73963663977,10637
no_layernorm,random,4,107,0.08547008547008547,93.10000000000005,1,0.01,50,0.5,100,64883.706804151254,10737
no_layernorm,random,4,108,0.0847457627118644,95.70000000000005,0,0.0,43,0.43,100,34529.19129861785,10837
no_layernorm,random,4,109,0.08403361344537814,92.60000000000007,1,0.01,55,0.55,100,39139.14287036503,10937
no_layernorm,random,4,110,0.08333333333333333,93.20000000000007,1,0.01,49,0.49,100,111100.39469242594,11037
no_layernorm,random,4,111,0.08264462809917356,96.40000000000003,0,0.0,36,0.36,100,39427.75247132441,11137
no_layernorm,random,4,112,0.0819672131147541,94.70000000000006,1,0.01,34,0.34,100,129884.84507289302,11237
no_layernorm,random,4,113,0.08130081300813008,95.00000000000009,0,0.0,50,0.5,100,149615.4491655119,11337
no_layernorm,random,4,114,0.08064516129032258,95.10000000000005,1,0.01,30,0.3,100,47645.03592795087,11437
no_layernorm,random,4,115,0.08,96.00000000000006,0,0.0,40,0.4,100,242430.104212138,11537
no_layernorm,random,4,116,0.07936507936507936,95.40000000000005,0,0.0,46,0.46,100,75633.90521664126,11637
no_layernorm,random,4,117,0.07874015748031496,91.00000000000001,3,0.03,32,0.32,100,168639.90746463888,11737
no_layernorm,random,4,118,0.078125,96.60000000000008,0,0.0,34,0.34,100,294456.3264579318,11837
no_layernorm,random,4,119,0.07751937984496124,92.40000000000006,1,0.01,57,0.57,100,505285.4451857238,11937
no_layernorm,random,4,120,0.07692307692307693,96.20000000000007,0,0.0,38,0.38,100,447369.47167181416,12037
no_layernorm,random,4,121,0.07633587786259542,95.30000000000007,0,0.0,47,0.47,100,146251.84099904238,12137
no_layernorm,random,4,122,0.07575757575757576,95.70000000000005,0,0.0,43,0.43,100,597961.913273672,12237
no_layernorm,random,4,123,0.07518796992481203,96.40000000000003,0,0.0,36,0.36,100,148095.94237573814,12337
no_layernorm,random,4,124,0.07462686567164178,95.30000000000007,0,0.0,47,0.47,100,299385.3842674614,12437
no_layernorm,random,4,125,0.07407407407407407,93.40000000000009,1,0.01,46,0.46,100,419508.51552594366,12537
no_layernorm,random,4,126,0.07352941176470588,94.80000000000007,0,0.0,52,0.52,100,239911.78140867164,12637
no_layernorm,random,4,127,0.07299270072992702,94.00000000000006,1,0.01,41,0.41,100,543613.6748734222,12737
no_layernorm,random,4,128,0.07246376811594203,95.80000000000008,0,0.0,42,0.42,100,0.14431922673247755,12837
no_layernorm,random,4,129,0.07194244604316546,96.50000000000007,0,0.0,35,0.35,100,425179.6782661173,12937
no_layernorm,random,4,130,0.07142857142857142,96.20000000000005,0,0.0,38,0.38,100,3066.940689086714,13037
no_layernorm,random,4,131,0.07092198581560284,92.50000000000007,2,0.02,36,0.36,100,0.024141059471294284,13137
no_layernorm,random,4,132,0.07042253521126761,92.30000000000007,2,0.02,39,0.39,100,191749.6513897246,13237
no_layernorm,random,4,133,0.06993006993006992,93.60000000000002,1,0.01,45,0.45,100,212703.04799749667,13337
no_layernorm,random,4,134,0.06944444444444445,96.40000000000009,0,0.0,36,0.36,100,81679.4187333587,13437
no_layernorm,random,4,135,0.06896551724137931,95.40000000000005,0,0.0,46,0.46,100,63393.189707182835,13537
no_layernorm,random,4,136,0.0684931506849315,91.60000000000005,2,0.02,45,0.45,100,103489.66875324119,13637
no_layernorm,random,4,137,0.06802721088435375,95.60000000000005,0,0.0,44,0.44,100,2.125346485609189,13737
no_layernorm,random,4,138,0.06756756756756756,93.70000000000005,1,0.01,44,0.44,100,111864.98630463597,13837
no_layernorm,random,4,139,0.06711409395973154,86.80000000000005,5,0.05,37,0.37,100,50591.05383675997,13937
no_layernorm,random,4,140,0.06666666666666667,95.70000000000005,0,0.0,43,0.43,100,13222.97805593558,14037
no_layernorm,random,4,141,0.06622516556291391,95.60000000000007,0,0.0,44,0.44,100,169.83028277311007,14137
no_layernorm,random,4,142,0.06578947368421052,94.20000000000007,1,0.01,39,0.39,100,4.696338847819716,14237
no_layernorm,random,4,143,0.06535947712418301,92.90000000000003,1,0.01,52,0.52,100,1.36856240500696,14337
no_layernorm,random,4,144,0.06493506493506493,92.00000000000004,2,0.02,41,0.41,100,0.062067697579041126,14437
no_layernorm,random,4,145,0.06451612903225806,92.50000000000006,2,0.02,37,0.37,100,0.026538665238767863,14537
no_layernorm,random,4,146,0.06410256410256411,96.10000000000005,0,0.0,39,0.39,100,0.028910436811856927,14637
no_layernorm,random,4,147,0.06369426751592357,94.00000000000006,1,0.01,41,0.41,100,0.03647734394762665,14737
no_layernorm,random,4,148,0.06329113924050632,96.30000000000003,0,0.0,37,0.37,100,0.020216103391721845,14837
no_layernorm,random,4,149,0.06289308176100629,93.90000000000002,1,0.01,41,0.41,100,0.02042161736637354,14937
no_layernorm,random,4,150,0.0625,94.30000000000004,1,0.01,37,0.37,100,0.017449045192915947,15037
no_layernorm,random,4,151,0.06211180124223602,96.90000000000003,0,0.0,31,0.31,100,0.01813000565394759,15137
no_layernorm,random,4,152,0.0617283950617284,91.40000000000009,2,0.02,48,0.48,100,0.016736283912323416,15237
no_layernorm,random,4,153,0.06134969325153374,89.70000000000002,3,0.03,46,0.46,100,0.059747846578247846,15337
no_layernorm,random,4,154,0.06097560975609757,96.70000000000003,0,0.0,33,0.33,100,0.030030866074375807,15437
no_layernorm,random,4,155,0.06060606060606061,95.50000000000006,0,0.0,45,0.45,100,0.024544136337935923,15537
no_layernorm,random,4,156,0.06024096385542168,92.10000000000004,2,0.02,41,0.41,100,0.023258459004573524,15637
no_layernorm,random,4,157,0.059880239520958084,93.0,2,0.02,31,0.31,100,0.02116957030259073,15737
no_layernorm,random,4,158,0.05952380952380952,94.80000000000001,1,0.01,33,0.33,100,0.019709606962278484,15837
no_layernorm,random,4,159,0.0591715976331361,94.50000000000006,1,0.01,36,0.36,100,0.021190875223837793,15937
no_layernorm,random,4,160,0.058823529411764705,96.70000000000002,0,0.0,33,0.33,100,0.02711358739063144,16037
no_layernorm,random,4,161,0.05847953216374269,93.5,1,0.01,46,0.46,100,0.01792599553242326,16137
no_layernorm,random,4,162,0.05813953488372093,93.90000000000003,1,0.01,42,0.42,100,0.02177429514937103,16237
no_layernorm,random,4,163,0.057803468208092484,96.00000000000003,0,0.0,40,0.4,100,0.02009390191640705,16337
no_layernorm,random,4,164,0.0574712643678161,97.20000000000005,0,0.0,28,0.28,100,0.019024208830669524,16437
no_layernorm,random,4,165,0.05714285714285714,96.70000000000003,0,0.0,33,0.33,100,0.01792335635982454,16537
no_layernorm,random,4,166,0.056818181818181816,96.00000000000006,0,0.0,40,0.4,100,0.020257169739343227,16637
no_layernorm,random,4,167,0.05649717514124294,94.50000000000003,1,0.01,35,0.35,100,0.02534906490240246,16737
no_layernorm,random,4,168,0.056179775280898875,94.20000000000005,1,0.01,39,0.39,100,0.02463714553974569,16837
no_layernorm,random,4,169,0.0558659217877095,96.80000000000007,0,0.0,32,0.32,100,0.022438335423357783,16937
no_layernorm,random,4,170,0.05555555555555555,96.40000000000003,0,0.0,36,0.36,100,0.01383828382473439,17037
no_layernorm,random,4,171,0.055248618784530384,97.40000000000003,0,0.0,26,0.26,100,0.01892505875788629,17137
no_layernorm,random,4,172,0.054945054945054944,94.10000000000005,1,0.01,40,0.4,100,0.015519035584293305,17237
no_layernorm,random,4,173,0.0546448087431694,96.70000000000005,0,0.0,33,0.33,100,0.02189255625475198,17337
no_layernorm,random,4,174,0.05434782608695653,97.9,0,0.0,21,0.21,100,0.021526914215646686,17437
no_layernorm,random,4,175,0.05405405405405406,93.60000000000001,1,0.01,45,0.45,100,0.029828306529670955,17537
no_layernorm,random,4,176,0.05376344086021505,97.10000000000005,0,0.0,29,0.29,100,0.029770301477983593,17637
no_layernorm,random,4,177,0.053475935828877004,94.90000000000002,1,0.01,32,0.32,100,0.0198361677210778,17737
no_layernorm,random,4,178,0.05319148936170213,95.90000000000003,0,0.0,41,0.41,100,0.01935878344811499,17837
no_layernorm,random,4,179,0.052910052910052914,96.90000000000003,0,0.0,31,0.31,100,0.019333474654704332,17937
no_layernorm,random,4,180,0.05263157894736842,98.40000000000003,0,0.0,16,0.16,100,0.01966509731952101,18037
no_layernorm,random,4,181,0.05235602094240837,95.10000000000005,1,0.01,30,0.3,100,0.021442426173016428,18137
no_layernorm,random,4,182,0.052083333333333336,94.90000000000003,1,0.01,32,0.32,100,0.01643890729174018,18237
no_layernorm,random,4,183,0.05181347150259067,94.10000000000001,1,0.01,40,0.4,100,0.016524223582819103,18337
no_layernorm,random,4,184,0.051546391752577324,97.80000000000004,0,0.0,22,0.22,100,0.03069252070505172,18437
no_layernorm,random,4,185,0.05128205128205128,92.70000000000005,2,0.02,35,0.35,100,0.019426520918495952,18537
no_layernorm,random,4,186,0.0510204081632653,96.30000000000004,0,0.0,37,0.37,100,0.01820265058428049,18637
no_layernorm,random,4,187,0.050761421319796954,97.30000000000003,0,0.0,27,0.27,100,0.0250288918428123,18737
no_layernorm,random,4,188,0.050505050505050504,93.80000000000001,2,0.02,23,0.23,100,0.016884062476456164,18837
no_layernorm,random,4,189,0.05025125628140704,95.30000000000003,1,0.01,28,0.28,100,0.019348792815580964,18937
no_layernorm,random,4,190,0.05,92.70000000000003,2,0.02,34,0.34,100,0.018741795727983117,19037
no_layernorm,random,4,191,0.04975124378109452,96.60000000000005,0,0.0,34,0.34,100,0.014913525199517608,19137
no_layernorm,random,4,192,0.04950495049504951,97.50000000000006,0,0.0,25,0.25,100,0.013082762390840798,19237
no_layernorm,random,4,193,0.04926108374384236,97.60000000000005,0,0.0,24,0.24,100,0.01696699850494042,19337
no_layernorm,random,4,194,0.04901960784313726,97.40000000000005,0,0.0,26,0.26,100,0.01903089405503124,19437
no_layernorm,random,4,195,0.04878048780487805,97.90000000000002,0,0.0,21,0.21,100,0.0192965689022094,19537
no_layernorm,random,4,196,0.04854368932038835,96.30000000000004,0,0.0,37,0.37,100,0.018699918240308762,19637
no_layernorm,random,4,197,0.04830917874396135,96.60000000000004,0,0.0,34,0.34,100,0.021455563607160003,19737
no_layernorm,random,4,198,0.04807692307692307,97.50000000000006,0,0.0,25,0.25,100,0.027909498065710067,19837
no_layernorm,random,4,199,0.04784688995215311,98.20000000000002,0,0.0,18,0.18,100,0.017303098384290935,19937
no_layernorm,random,5,0,1.0,73.79999999999998,9,0.09,91,0.91,100,0.14356578252202756,37
no_layernorm,random,5,1,0.9090909090909091,66.39999999999995,13,0.13,85,0.85,100,0.02003149195574224,137
no_layernorm,random,5,2,0.8333333333333334,65.29999999999994,14,0.14,80,0.8,100,0.019941708319820464,237
no_layernorm,random,5,3,0.7692307692307692,75.8,8,0.08,90,0.9,100,0.015257968963123859,337
no_layernorm,random,5,4,0.7142857142857143,73.4,10,0.1,73,0.73,100,0.012069453122094273,437
no_layernorm,random,5,5,0.6666666666666666,80.20000000000003,6,0.06,83,0.83,100,0.012444814406335354,537
no_layernorm,random,5,6,0.625,76.70000000000002,8,0.08,80,0.8,100,0.011992472051642835,637
no_layernorm,random,5,7,0.5882352941176471,82.80000000000003,5,0.05,77,0.77,100,0.010952544384635984,737
no_layernorm,random,5,8,0.5555555555555556,88.90000000000006,2,0.02,73,0.73,100,0.011524068778380752,837
no_layernorm,random,5,9,0.5263157894736842,76.79999999999998,8,0.08,76,0.76,100,0.012797959349118173,937
no_layernorm,random,5,10,0.5,85.70000000000005,3,0.03,86,0.86,100,0.014585937731899321,1037
no_layernorm,random,5,11,0.47619047619047616,82.80000000000004,5,0.05,77,0.77,100,0.01245865820441395,1137
no_layernorm,random,5,12,0.45454545454545453,89.20000000000006,2,0.02,70,0.7,100,0.016506494409404694,1237
no_layernorm,random,5,13,0.4347826086956522,81.80000000000004,6,0.06,67,0.67,100,0.03368230426684022,1337
no_layernorm,random,5,14,0.4166666666666667,85.70000000000005,4,0.04,65,0.65,100,0.0382686016196385,1437
no_layernorm,random,5,15,0.4,81.40000000000002,6,0.06,70,0.7,100,0.021452749338932334,1537
no_layernorm,random,5,16,0.3846153846153846,85.50000000000004,4,0.04,67,0.67,100,0.018547056410461664,1637
no_layernorm,random,5,17,0.37037037037037035,83.50000000000004,5,0.05,70,0.7,100,0.015259183258749545,1737
no_layernorm,random,5,18,0.35714285714285715,87.90000000000005,3,0.03,63,0.63,100,0.017123527992516756,1837
no_layernorm,random,5,19,0.3448275862068966,87.90000000000006,3,0.03,62,0.62,100,0.014629196729511023,1937
no_layernorm,random,5,20,0.3333333333333333,80.60000000000004,7,0.07,61,0.61,100,0.01943510668352246,2037
no_layernorm,random,5,21,0.3225806451612903,78.2,8,0.08,66,0.66,100,0.01445978899486363,2137
no_layernorm,random,5,22,0.3125,78.20000000000005,8,0.08,65,0.65,100,0.01951351447030902,2237
no_layernorm,random,5,23,0.30303030303030304,82.50000000000006,6,0.06,61,0.61,100,0.022298027668148278,2337
no_layernorm,random,5,24,0.29411764705882354,86.50000000000006,4,0.04,59,0.59,100,0.018130296990275383,2437
no_layernorm,random,5,25,0.2857142857142857,85.80000000000001,4,0.04,66,0.66,100,0.01810357043519616,2537
no_layernorm,random,5,26,0.2777777777777778,81.20000000000003,7,0.07,54,0.54,100,0.024908037423156202,2637
no_layernorm,random,5,27,0.27027027027027023,90.00000000000003,2,0.02,62,0.62,100,0.02448375796433538,2737
no_layernorm,random,5,28,0.2631578947368421,90.90000000000003,2,0.02,53,0.53,100,0.019193075564689934,2837
no_layernorm,random,5,29,0.25641025641025644,90.10000000000005,2,0.02,61,0.61,100,0.023560915379785,2937
no_layernorm,random,5,30,0.25,94.10000000000004,1,0.01,40,0.4,100,0.018105036681517958,3037
no_layernorm,random,5,31,0.24390243902439027,84.30000000000008,5,0.05,61,0.61,100,0.02346201088745147,3137
no_layernorm,random,5,32,0.23809523809523808,91.20000000000003,2,0.02,49,0.49,100,0.022374877287074924,3237
no_layernorm,random,5,33,0.23255813953488372,88.5,3,0.03,58,0.58,100,0.026627280097454787,3337
no_layernorm,random,5,34,0.22727272727272727,90.30000000000007,2,0.02,58,0.58,100,0.027260558726266027,3437
no_layernorm,random,5,35,0.2222222222222222,92.90000000000006,1,0.01,52,0.52,100,0.01999731531832367,3537
no_layernorm,random,5,36,0.2173913043478261,88.00000000000003,3,0.03,62,0.62,100,0.028715222608298063,3637
no_layernorm,random,5,37,0.2127659574468085,91.30000000000004,2,0.02,49,0.49,100,0.025481397556141018,3737
no_layernorm,random,5,38,0.20833333333333334,90.70000000000005,2,0.02,55,0.55,100,0.022871757810935377,3837
no_layernorm,random,5,39,0.2040816326530612,88.50000000000006,3,0.03,57,0.57,100,0.023578154351562262,3937
no_layernorm,random,5,40,0.2,90.60000000000007,2,0.02,55,0.55,100,0.02104852706659585,4037
no_layernorm,random,5,41,0.19607843137254904,88.9,3,0.03,54,0.54,100,0.02598523590248078,4137
no_layernorm,random,5,42,0.1923076923076923,88.70000000000005,3,0.03,56,0.56,100,0.02642648458480835,4237
no_layernorm,random,5,43,0.18867924528301888,95.10000000000004,0,0.0,49,0.49,100,0.039297106815502046,4337
no_layernorm,random,5,44,0.18518518518518517,92.30000000000007,2,0.02,39,0.39,100,0.02103309579193592,4437
no_layernorm,random,5,45,0.18181818181818182,93.20000000000005,1,0.01,49,0.49,100,0.029400481544435024,4537
no_layernorm,random,5,46,0.17857142857142858,90.30000000000007,2,0.02,59,0.59,100,0.02522183034569025,4637
no_layernorm,random,5,47,0.17543859649122806,82.6,6,0.06,60,0.6,100,0.030653080753982067,4737
no_layernorm,random,5,48,0.1724137931034483,93.10000000000005,1,0.01,50,0.5,100,0.02271435792557895,4837
no_layernorm,random,5,49,0.1694915254237288,96.30000000000007,0,0.0,37,0.37,100,0.028969332724809647,4937
no_layernorm,random,5,50,0.16666666666666666,89.50000000000004,3,0.03,48,0.48,100,0.023895382615737617,5037
no_layernorm,random,5,51,0.1639344262295082,91.00000000000006,2,0.02,52,0.52,100,0.030794504042714835,5137
no_layernorm,random,5,52,0.16129032258064516,89.80000000000001,3,0.03,45,0.45,100,0.026138186929747464,5237
no_layernorm,random,5,53,0.15873015873015872,92.90000000000002,1,0.01,51,0.51,100,0.023272380623966457,5337
no_layernorm,random,5,54,0.15625,86.70000000000003,4,0.04,57,0.57,100,0.031344227837398646,5437
no_layernorm,random,5,55,0.15384615384615385,89.00000000000003,3,0.03,53,0.53,100,0.02166815834585577,5537
no_layernorm,random,5,56,0.15151515151515152,87.4,4,0.04,50,0.5,100,0.019143394245766103,5637
no_layernorm,random,5,57,0.14925373134328357,94.00000000000006,1,0.01,41,0.41,100,0.023203812139108777,5737
no_layernorm,random,5,58,0.14705882352941177,92.80000000000008,1,0.01,53,0.53,100,0.020937360813841222,5837
no_layernorm,random,5,59,0.14492753623188406,96.40000000000003,0,0.0,36,0.36,100,0.018208908922970293,5937
no_layernorm,random,5,60,0.14285714285714285,89.20000000000005,3,0.03,50,0.5,100,0.024477794077247383,6037
no_layernorm,random,5,61,0.14084507042253522,93.90000000000005,1,0.01,42,0.42,100,0.023437613188289106,6137
no_layernorm,random,5,62,0.1388888888888889,90.50000000000003,3,0.03,37,0.37,100,0.021823218939825893,6237
no_layernorm,random,5,63,0.136986301369863,94.60000000000004,1,0.01,35,0.35,100,0.02124200337100774,6337
no_layernorm,random,5,64,0.13513513513513511,92.50000000000009,2,0.02,37,0.37,100,0.025209792950190605,6437
no_layernorm,random,5,65,0.13333333333333333,93.20000000000006,1,0.01,49,0.49,100,0.02719612158834934,6537
no_layernorm,random,5,66,0.13157894736842105,93.60000000000005,1,0.01,45,0.45,100,0.027153558200225233,6637
no_layernorm,random,5,67,0.12987012987012986,91.30000000000001,2,0.02,49,0.49,100,0.029094651262275874,6737
no_layernorm,random,5,68,0.12820512820512822,92.50000000000001,2,0.02,37,0.37,100,0.02040764832869172,6837
no_layernorm,random,5,69,0.12658227848101264,89.50000000000003,3,0.03,48,0.48,100,0.01975799724459648,6937
no_layernorm,random,5,70,0.125,93.30000000000004,1,0.01,48,0.48,100,0.027761766286566854,7037
no_layernorm,random,5,71,0.1234567901234568,95.40000000000003,0,0.0,46,0.46,100,0.02140485724899918,7137
no_layernorm,random,5,72,0.12195121951219513,91.50000000000004,2,0.02,46,0.46,100,0.021944835623726247,7237
no_layernorm,random,5,73,0.12048192771084336,85.60000000000004,5,0.05,49,0.49,100,0.02769150628708303,7337
no_layernorm,random,5,74,0.11904761904761904,95.30000000000004,0,0.0,47,0.47,100,0.02454000842291862,7437
no_layernorm,random,5,75,0.11764705882352941,92.90000000000006,1,0.01,52,0.52,100,0.02670498738531023,7537
no_layernorm,random,5,76,0.11627906976744186,94.60000000000005,1,0.01,35,0.35,100,0.024313914012163877,7637
no_layernorm,random,5,77,0.1149425287356322,94.4,1,0.01,37,0.37,100,0.017108029536902904,7737
no_layernorm,random,5,78,0.11363636363636363,94.40000000000005,1,0.01,37,0.37,100,0.023708340511657298,7837
no_layernorm,random,5,79,0.11235955056179775,89.10000000000002,3,0.03,52,0.52,100,0.02385511145927012,7937
no_layernorm,random,5,80,0.1111111111111111,91.10000000000004,2,0.02,51,0.51,100,0.023080692877992987,8037
no_layernorm,random,5,81,0.10989010989010989,90.00000000000003,3,0.03,43,0.43,100,0.023666079016402365,8137
no_layernorm,random,5,82,0.10869565217391305,92.50000000000004,2,0.02,36,0.36,100,0.028913939991034567,8237
no_layernorm,random,5,83,0.1075268817204301,95.80000000000007,0,0.0,42,0.42,100,0.030656320219859482,8337
no_layernorm,random,5,84,0.10638297872340426,93.80000000000005,1,0.01,43,0.43,100,0.024585136147215962,8437
no_layernorm,random,5,85,0.10526315789473684,93.80000000000007,1,0.01,43,0.43,100,0.023547692866995932,8537
no_layernorm,random,5,86,0.10416666666666667,94.60000000000002,1,0.01,35,0.35,100,0.026147407814860343,8637
no_layernorm,random,5,87,0.10309278350515465,91.00000000000001,3,0.03,33,0.33,100,0.023296051828656347,8737
no_layernorm,random,5,88,0.1020408163265306,96.60000000000005,0,0.0,34,0.34,100,0.018709812611341477,8837
no_layernorm,random,5,89,0.10101010101010101,96.20000000000003,0,0.0,38,0.38,100,0.021315290676429868,8937
no_layernorm,random,5,90,0.1,96.20000000000002,0,0.0,38,0.38,100,0.017806245293468238,9037
no_layernorm,random,5,91,0.09900990099009901,91.80000000000007,2,0.02,44,0.44,100,0.021773098804987966,9137
no_layernorm,random,5,92,0.09803921568627452,95.6000000000001,0,0.0,44,0.44,100,0.01833286594133824,9237
no_layernorm,random,5,93,0.0970873786407767,96.90000000000003,0,0.0,31,0.31,100,0.029088003947399556,9337
no_layernorm,random,5,94,0.09615384615384615,88.80000000000007,4,0.04,35,0.35,100,0.018609209200367332,9437
no_layernorm,random,5,95,0.09523809523809523,90.10000000000005,3,0.03,42,0.42,100,0.02232822054065764,9537
no_layernorm,random,5,96,0.09433962264150944,91.90000000000003,2,0.02,42,0.42,100,0.023879275533836335,9637
no_layernorm,random,5,97,0.09345794392523366,95.40000000000003,0,0.0,46,0.46,100,0.0195203692978248,9737
no_layernorm,random,5,98,0.09259259259259259,95.80000000000001,0,0.0,42,0.42,100,0.024612775011919438,9837
no_layernorm,random,5,99,0.09174311926605504,96.80000000000004,0,0.0,32,0.32,100,0.019106736998073758,9937
no_layernorm,random,5,100,0.09090909090909091,92.50000000000009,2,0.02,37,0.37,100,0.020122899380512534,10037
no_layernorm,random,5,101,0.0900900900900901,94.50000000000004,1,0.01,36,0.36,100,0.0267828877735883,10137
no_layernorm,random,5,102,0.08928571428571429,95.40000000000006,0,0.0,46,0.46,100,0.019075040086172522,10237
no_layernorm,random,5,103,0.08849557522123894,90.10000000000005,3,0.03,42,0.42,100,0.017969136987812818,10337
no_layernorm,random,5,104,0.08771929824561403,93.30000000000004,1,0.01,47,0.47,100,0.019490721421316266,10437
no_layernorm,random,5,105,0.08695652173913043,96.50000000000003,0,0.0,35,0.35,100,0.019249057667329907,10537
no_layernorm,random,5,106,0.08620689655172414,96.90000000000008,0,0.0,31,0.31,100,0.016870313114486633,10637
no_layernorm,random,5,107,0.08547008547008547,92.50000000000003,2,0.02,37,0.37,100,0.02192639564629644,10737
no_layernorm,random,5,108,0.0847457627118644,94.80000000000001,1,0.01,33,0.33,100,0.024861770616844296,10837
no_layernorm,random,5,109,0.08403361344537814,94.80000000000005,1,0.01,33,0.33,100,0.02544715112540871,10937
no_layernorm,random,5,110,0.08333333333333333,92.10000000000005,2,0.02,40,0.4,100,0.02199309283401817,11037
no_layernorm,random,5,111,0.08264462809917356,92.20000000000002,2,0.02,40,0.4,100,0.020759163037873805,11137
no_layernorm,random,5,112,0.0819672131147541,93.80000000000004,1,0.01,43,0.43,100,0.029670057739131152,11237
no_layernorm,random,5,113,0.08130081300813008,91.70000000000005,2,0.02,45,0.45,100,0.031290957774035635,11337
no_layernorm,random,5,114,0.08064516129032258,96.90000000000003,0,0.0,31,0.31,100,0.023126091128215193,11437
no_layernorm,random,5,115,0.08,95.80000000000007,0,0.0,42,0.42,100,0.024829834308475254,11537
no_layernorm,random,5,116,0.07936507936507936,97.20000000000003,0,0.0,28,0.28,100,0.025338251385837795,11637
no_layernorm,random,5,117,0.07874015748031496,95.60000000000005,0,0.0,44,0.44,100,0.02453697841614485,11737
no_layernorm,random,5,118,0.078125,92.20000000000002,2,0.02,39,0.39,100,0.021214483631774785,11837
no_layernorm,random,5,119,0.07751937984496124,96.70000000000007,0,0.0,33,0.33,100,0.02438894265331328,11937
no_layernorm,random,5,120,0.07692307692307693,93.60000000000004,1,0.01,45,0.45,100,0.023008601334877313,12037
no_layernorm,random,5,121,0.07633587786259542,93.60000000000004,1,0.01,45,0.45,100,0.023654867922887207,12137
no_layernorm,random,5,122,0.07575757575757576,95.10000000000008,0,0.0,49,0.49,100,0.02141791536938399,12237
no_layernorm,random,5,123,0.07518796992481203,96.90000000000002,0,0.0,31,0.31,100,0.018876395993866025,12337
no_layernorm,random,5,124,0.07462686567164178,96.00000000000006,0,0.0,40,0.4,100,0.01620368749834597,12437
no_layernorm,random,5,125,0.07407407407407407,94.00000000000007,1,0.01,41,0.41,100,0.0243531471863389,12537
no_layernorm,random,5,126,0.07352941176470588,96.10000000000004,0,0.0,39,0.39,100,0.02004516562912613,12637
no_layernorm,random,5,127,0.07299270072992702,92.30000000000004,2,0.02,39,0.39,100,0.016843614960089327,12737
no_layernorm,random,5,128,0.07246376811594203,96.30000000000004,0,0.0,37,0.37,100,0.021223756396211685,12837
no_layernorm,random,5,129,0.07194244604316546,95.50000000000004,1,0.01,26,0.26,100,0.02715778601821512,12937
no_layernorm,random,5,130,0.07142857142857142,97.50000000000004,0,0.0,25,0.25,100,0.019033084674738347,13037
no_layernorm,random,5,131,0.07092198581560284,90.20000000000003,3,0.03,41,0.41,100,0.017470249715261163,13137
no_layernorm,random,5,132,0.07042253521126761,95.20000000000002,1,0.01,28,0.28,100,0.019890012163668872,13237
no_layernorm,random,5,133,0.06993006993006992,94.30000000000001,1,0.01,38,0.38,100,0.014163228662218898,13337
no_layernorm,random,5,134,0.06944444444444445,96.69999999999999,0,0.0,33,0.33,100,0.01764456640230492,13437
no_layernorm,random,5,135,0.06896551724137931,95.60000000000002,1,0.01,25,0.25,100,0.01715630819555372,13537
no_layernorm,random,5,136,0.0684931506849315,96.50000000000003,0,0.0,35,0.35,100,0.0249747649487108,13637
no_layernorm,random,5,137,0.06802721088435375,97.80000000000007,0,0.0,22,0.22,100,0.016874299817718565,13737
no_layernorm,random,5,138,0.06756756756756756,97.10000000000002,0,0.0,29,0.29,100,0.019807502254843713,13837
no_layernorm,random,5,139,0.06711409395973154,96.3000000000001,0,0.0,37,0.37,100,0.020410369792953135,13937
no_layernorm,random,5,140,0.06666666666666667,92.30000000000001,2,0.02,38,0.38,100,0.019992890758439897,14037
no_layernorm,random,5,141,0.06622516556291391,92.60000000000005,2,0.02,35,0.35,100,0.02362968719797209,14137
no_layernorm,random,5,142,0.06578947368421052,95.90000000000002,1,0.01,22,0.22,100,0.02028890548273921,14237
no_layernorm,random,5,143,0.06535947712418301,93.90000000000006,1,0.01,42,0.42,100,0.02253355810418725,14337
no_layernorm,random,5,144,0.06493506493506493,94.00000000000006,1,0.01,41,0.41,100,0.021105293859727682,14437
no_layernorm,random,5,145,0.06451612903225806,93.70000000000006,1,0.01,44,0.44,100,0.01634282655082643,14537
no_layernorm,random,5,146,0.06410256410256411,95.20000000000005,1,0.01,29,0.29,100,0.021121789591852576,14637
no_layernorm,random,5,147,0.06369426751592357,96.80000000000004,0,0.0,32,0.32,100,0.0305636181961745,14737
no_layernorm,random,5,148,0.06329113924050632,97.10000000000005,0,0.0,29,0.29,100,0.019943505953997374,14837
no_layernorm,random,5,149,0.06289308176100629,93.00000000000003,2,0.02,32,0.32,100,0.01709284759592265,14937
no_layernorm,random,5,150,0.0625,96.90000000000008,0,0.0,31,0.31,100,0.019930144655518234,15037
no_layernorm,random,5,151,0.06211180124223602,96.90000000000002,0,0.0,31,0.31,100,0.01518522661877796,15137
no_layernorm,random,5,152,0.0617283950617284,96.40000000000005,0,0.0,36,0.36,100,0.021071072621271014,15237
no_layernorm,random,5,153,0.06134969325153374,94.10000000000005,1,0.01,40,0.4,100,0.025834205923601986,15337
no_layernorm,random,5,154,0.06097560975609757,95.4,1,0.01,26,0.26,100,0.020864392975345255,15437
no_layernorm,random,5,155,0.06060606060606061,95.70000000000003,1,0.01,24,0.24,100,0.016167507590726018,15537
no_layernorm,random,5,156,0.06024096385542168,95.50000000000004,1,0.01,26,0.26,100,0.01692798264324665,15637
no_layernorm,random,5,157,0.059880239520958084,94.70000000000003,1,0.01,34,0.34,100,0.024057750180363654,15737
no_layernorm,random,5,158,0.05952380952380952,96.70000000000003,0,0.0,33,0.33,100,0.022536652754060926,15837
no_layernorm,random,5,159,0.0591715976331361,97.10000000000005,0,0.0,29,0.29,100,0.02069710518233478,15937
no_layernorm,random,5,160,0.058823529411764705,93.00000000000003,2,0.02,32,0.32,100,0.01669342174194753,16037
no_layernorm,random,5,161,0.05847953216374269,96.20000000000003,0,0.0,38,0.38,100,0.01688985557295382,16137
no_layernorm,random,5,162,0.05813953488372093,91.50000000000003,2,0.02,47,0.47,100,0.0153776464657858,16237
no_layernorm,random,5,163,0.057803468208092484,95.4,1,0.01,27,0.27,100,0.019795066290535034,16337
no_layernorm,random,5,164,0.0574712643678161,95.30000000000005,1,0.01,28,0.28,100,0.02036071681417525,16437
no_layernorm,random,5,165,0.05714285714285714,96.30000000000005,0,0.0,37,0.37,100,0.023335733027197422,16537
no_layernorm,random,5,166,0.056818181818181816,95.30000000000004,1,0.01,28,0.28,100,0.01699203112628311,16637
no_layernorm,random,5,167,0.05649717514124294,95.20000000000003,1,0.01,29,0.29,100,0.018096370978746563,16737
no_layernorm,random,5,168,0.056179775280898875,97.80000000000001,0,0.0,22,0.22,100,0.02017917892895639,16837
no_layernorm,random,5,169,0.0558659217877095,97.30000000000004,0,0.0,27,0.27,100,0.018156778002157807,16937
no_layernorm,random,5,170,0.05555555555555555,93.70000000000005,2,0.02,25,0.25,100,0.014382641615811735,17037
no_layernorm,random,5,171,0.055248618784530384,96.20000000000006,0,0.0,38,0.38,100,0.01643763446714729,17137
no_layernorm,random,5,172,0.054945054945054944,96.40000000000003,0,0.0,36,0.36,100,0.017684360458515583,17237
no_layernorm,random,5,173,0.0546448087431694,97.10000000000005,0,0.0,29,0.29,100,0.012161809247918426,17337
no_layernorm,random,5,174,0.05434782608695653,96.70000000000005,0,0.0,33,0.33,100,0.01426448460901156,17437
no_layernorm,random,5,175,0.05405405405405406,94.60000000000002,1,0.01,35,0.35,100,0.014825443532317876,17537
no_layernorm,random,5,176,0.05376344086021505,93.30000000000004,2,0.02,29,0.29,100,0.019913136893883347,17637
no_layernorm,random,5,177,0.053475935828877004,97.70000000000003,0,0.0,23,0.23,100,0.013902884770650416,17737
no_layernorm,random,5,178,0.05319148936170213,94.80000000000003,1,0.01,33,0.33,100,0.019191674683243037,17837
no_layernorm,random,5,179,0.052910052910052914,93.50000000000003,2,0.02,26,0.26,100,0.016267848294228317,17937
no_layernorm,random,5,180,0.05263157894736842,95.50000000000006,1,0.01,26,0.26,100,0.01860808498226106,18037
no_layernorm,random,5,181,0.05235602094240837,95.60000000000001,1,0.01,25,0.25,100,0.015166188958100974,18137
no_layernorm,random,5,182,0.052083333333333336,97.30000000000004,0,0.0,27,0.27,100,0.019347989330999554,18237
no_layernorm,random,5,183,0.05181347150259067,95.00000000000003,1,0.01,31,0.31,100,0.016864503310061993,18337
no_layernorm,random,5,184,0.051546391752577324,94.60000000000005,1,0.01,35,0.35,100,0.016176549408119172,18437
no_layernorm,random,5,185,0.05128205128205128,97.00000000000004,0,0.0,30,0.3,100,0.0145172100327909,18537
no_layernorm,random,5,186,0.0510204081632653,96.40000000000003,0,0.0,36,0.36,100,0.023565949611365794,18637
no_layernorm,random,5,187,0.050761421319796954,94.40000000000006,1,0.01,37,0.37,100,0.021697722361423075,18737
no_layernorm,random,5,188,0.050505050505050504,94.80000000000003,1,0.01,33,0.33,100,0.017443138705566526,18837
no_layernorm,random,5,189,0.05025125628140704,96.60000000000002,0,0.0,34,0.34,100,0.01585861492436379,18937
no_layernorm,random,5,190,0.05,91.6,3,0.03,27,0.27,100,0.016086546988226473,19037
no_layernorm,random,5,191,0.04975124378109452,97.20000000000005,0,0.0,28,0.28,100,0.012995195912662894,19137
no_layernorm,random,5,192,0.04950495049504951,97.80000000000004,0,0.0,22,0.22,100,0.01395258354023099,19237
no_layernorm,random,5,193,0.04926108374384236,96.20000000000002,1,0.01,18,0.18,100,0.012675255150534213,19337
no_layernorm,random,5,194,0.04901960784313726,95.20000000000007,1,0.01,29,0.29,100,0.021286430647596718,19437
no_layernorm,random,5,195,0.04878048780487805,97.50000000000004,0,0.0,25,0.25,100,0.013860174880828708,19537
no_layernorm,random,5,196,0.04854368932038835,95.20000000000003,1,0.01,29,0.29,100,0.014948765125591307,19637
no_layernorm,random,5,197,0.04830917874396135,93.80000000000007,2,0.02,23,0.23,100,0.016334211647044867,19737
no_layernorm,random,5,198,0.04807692307692307,96.70000000000005,0,0.0,33,0.33,100,0.01974546489305794,19837
no_layernorm,random,5,199,0.04784688995215311,96.70000000000003,0,0.0,33,0.33,100,0.015049057309515773,19937
no_layernorm,random,6,0,1.0,72.39999999999998,10,0.1,83,0.83,100,0.11792392953223474,37
no_layernorm,random,6,1,0.9090909090909091,72.49999999999999,10,0.1,81,0.81,100,0.020873419591225684,137
no_layernorm,random,6,2,0.8333333333333334,69.99999999999997,11,0.11,90,0.9,100,0.019236656725406646,237
no_layernorm,random,6,3,0.7692307692307692,59.199999999999946,17,0.17,84,0.84,100,0.013533227890729905,337
no_layernorm,random,6,4,0.7142857142857143,70.49999999999999,11,0.11,85,0.85,100,0.013791590477339924,437
no_layernorm,random,6,5,0.6666666666666666,80.90000000000002,6,0.06,74,0.74,100,0.01454904980957508,537
no_layernorm,random,6,6,0.625,69.89999999999998,11,0.11,89,0.89,100,0.011693490343168378,637
no_layernorm,random,6,7,0.5882352941176471,76.10000000000001,8,0.08,86,0.86,100,0.011957644317299128,737
no_layernorm,random,6,8,0.5555555555555556,80.90000000000002,6,0.06,77,0.77,100,0.011423944011330605,837
no_layernorm,random,6,9,0.5263157894736842,74.3,9,0.09,85,0.85,100,0.009824251453392208,937
no_layernorm,random,6,10,0.5,83.20000000000005,5,0.05,73,0.73,100,0.012077362416312099,1037
no_layernorm,random,6,11,0.47619047619047616,85.00000000000004,4,0.04,73,0.73,100,0.018963723061606288,1137
no_layernorm,random,6,12,0.45454545454545453,82.50000000000001,5,0.05,80,0.8,100,0.013388722552917898,1237
no_layernorm,random,6,13,0.4347826086956522,79.00000000000003,7,0.07,77,0.77,100,0.014635520982556044,1337
no_layernorm,random,6,14,0.4166666666666667,79.60000000000002,7,0.07,71,0.71,100,0.014181077713146806,1437
no_layernorm,random,6,15,0.4,84.00000000000004,5,0.05,65,0.65,100,0.020037401313893498,1537
no_layernorm,random,6,16,0.3846153846153846,86.10000000000004,4,0.04,62,0.62,100,0.019185319570824505,1637
no_layernorm,random,6,17,0.37037037037037035,84.20000000000002,5,0.05,59,0.59,100,0.012434320170432328,1737
no_layernorm,random,6,18,0.35714285714285715,85.10000000000005,4,0.04,72,0.72,100,0.015074509452097118,1837
no_layernorm,random,6,19,0.3448275862068966,89.60000000000007,2,0.02,66,0.66,100,0.023211456099525095,1937
no_layernorm,random,6,20,0.3333333333333333,87.40000000000006,3,0.03,69,0.69,100,0.013489594580605627,2037
no_layernorm,random,6,21,0.3225806451612903,88.30000000000005,3,0.03,60,0.6,100,0.016800576597452165,2137
no_layernorm,random,6,22,0.3125,87.70000000000003,3,0.03,66,0.66,100,0.016217335714027285,2237
no_layernorm,random,6,23,0.30303030303030304,90.00000000000006,2,0.02,62,0.62,100,0.018232503342442214,2337
no_layernorm,random,6,24,0.29411764705882354,89.90000000000006,2,0.02,62,0.62,100,0.017978889546357096,2437
no_layernorm,random,6,25,0.2857142857142857,87.50000000000006,3,0.03,66,0.66,100,0.01536628735717386,2537
no_layernorm,random,6,26,0.2777777777777778,90.20000000000005,2,0.02,60,0.6,100,0.019647223576903343,2637
no_layernorm,random,6,27,0.27027027027027023,82.40000000000002,6,0.06,62,0.62,100,0.022286598486825824,2737
no_layernorm,random,6,28,0.2631578947368421,89.40000000000006,2,0.02,68,0.68,100,0.016293410742655397,2837
no_layernorm,random,6,29,0.25641025641025644,89.90000000000003,2,0.02,63,0.63,100,0.020092317685484886,2937
no_layernorm,random,6,30,0.25,89.9,2,0.02,63,0.63,100,0.019377491595223548,3037
no_layernorm,random,6,31,0.24390243902439027,88.20000000000007,3,0.03,60,0.6,100,0.021143234483897686,3137
no_layernorm,random,6,32,0.23809523809523808,88.20000000000007,3,0.03,60,0.6,100,0.01872936057858169,3237
no_layernorm,random,6,33,0.23255813953488372,93.40000000000005,1,0.01,47,0.47,100,0.020472952062264085,3337
no_layernorm,random,6,34,0.22727272727272727,92.70000000000006,1,0.01,54,0.54,100,0.020949170207604766,3437
no_layernorm,random,6,35,0.2222222222222222,90.70000000000005,2,0.02,55,0.55,100,0.016434808941558004,3537
no_layernorm,random,6,36,0.2173913043478261,84.80000000000004,5,0.05,57,0.57,100,0.03226627924479544,3637
no_layernorm,random,6,37,0.2127659574468085,90.00000000000004,3,0.03,43,0.43,100,0.018123810924589635,3737
no_layernorm,random,6,38,0.20833333333333334,89.80000000000004,3,0.03,45,0.45,100,0.023289183313027026,3837
no_layernorm,random,6,39,0.2040816326530612,91.80000000000007,2,0.02,44,0.44,100,0.02772532219067216,3937
no_layernorm,random,6,40,0.2,91.60000000000002,2,0.02,46,0.46,100,0.027383584594354034,4037
no_layernorm,random,6,41,0.19607843137254904,95.00000000000003,0,0.0,50,0.5,100,0.0275900713307783,4137
no_layernorm,random,6,42,0.1923076923076923,92.60000000000004,1,0.01,55,0.55,100,0.021674775769934058,4237
no_layernorm,random,6,43,0.18867924528301888,92.20000000000005,2,0.02,39,0.39,100,0.022462877295911312,4337
no_layernorm,random,6,44,0.18518518518518517,92.60000000000008,1,0.01,55,0.55,100,0.02017280804924667,4437
no_layernorm,random,6,45,0.18181818181818182,89.00000000000006,3,0.03,52,0.52,100,0.019026772882789374,4537
no_layernorm,random,6,46,0.17857142857142858,93.80000000000007,1,0.01,43,0.43,100,0.017728655450046062,4637
no_layernorm,random,6,47,0.17543859649122806,87.00000000000003,4,0.04,54,0.54,100,0.027625791411846876,4737
no_layernorm,random,6,48,0.1724137931034483,88.4,3,0.03,59,0.59,100,0.018339301412925123,4837
no_layernorm,random,6,49,0.1694915254237288,95.70000000000005,0,0.0,43,0.43,100,0.024284723163582385,4937
no_layernorm,random,6,50,0.16666666666666666,93.10000000000008,1,0.01,50,0.5,100,0.028446146985515952,5037
no_layernorm,random,6,51,0.1639344262295082,83.70000000000003,6,0.06,49,0.49,100,0.021824512793682516,5137
no_layernorm,random,6,52,0.16129032258064516,95.70000000000006,0,0.0,43,0.43,100,0.028607610887847842,5237
no_layernorm,random,6,53,0.15873015873015872,93.40000000000006,1,0.01,47,0.47,100,0.025124263693578543,5337
no_layernorm,random,6,54,0.15625,87.90000000000005,4,0.04,45,0.45,100,0.0240611449861899,5437
no_layernorm,random,6,55,0.15384615384615385,93.80000000000001,1,0.01,43,0.43,100,0.02773837265558541,5537
no_layernorm,random,6,56,0.15151515151515152,93.20000000000007,1,0.01,49,0.49,100,0.024975657826289535,5637
no_layernorm,random,6,57,0.14925373134328357,95.80000000000007,0,0.0,42,0.42,100,0.020527550778351725,5737
no_layernorm,random,6,58,0.14705882352941177,88.90000000000003,3,0.03,53,0.53,100,0.03203425944317132,5837
no_layernorm,random,6,59,0.14492753623188406,95.20000000000005,0,0.0,48,0.48,100,0.02281418160535395,5937
no_layernorm,random,6,60,0.14285714285714285,92.00000000000003,2,0.02,42,0.42,100,0.028465366903692484,6037
no_layernorm,random,6,61,0.14084507042253522,87.10000000000004,4,0.04,52,0.52,100,0.037334889536723495,6137
no_layernorm,random,6,62,0.1388888888888889,91.00000000000004,2,0.02,52,0.52,100,0.023616980058141054,6237
no_layernorm,random,6,63,0.136986301369863,95.20000000000005,0,0.0,48,0.48,100,0.027556496500037612,6337
no_layernorm,random,6,64,0.13513513513513511,94.50000000000003,0,0.0,55,0.55,100,0.027133750431239605,6437
no_layernorm,random,6,65,0.13333333333333333,92.10000000000005,2,0.02,40,0.4,100,0.020981542514637113,6537
no_layernorm,random,6,66,0.13157894736842105,91.80000000000004,2,0.02,44,0.44,100,0.021840747704263776,6637
no_layernorm,random,6,67,0.12987012987012986,90.00000000000001,3,0.03,42,0.42,100,0.024737091148272158,6737
no_layernorm,random,6,68,0.12820512820512822,89.40000000000005,3,0.03,49,0.49,100,0.025710839941166342,6837
no_layernorm,random,6,69,0.12658227848101264,95.10000000000007,0,0.0,49,0.49,100,0.02457397002726793,6937
no_layernorm,random,6,70,0.125,96.50000000000004,0,0.0,35,0.35,100,0.024594766427762805,7037
no_layernorm,random,6,71,0.1234567901234568,95.50000000000004,0,0.0,45,0.45,100,0.02595591706223786,7137
no_layernorm,random,6,72,0.12195121951219513,94.60000000000007,0,0.0,54,0.54,100,0.02901352522429079,7237
no_layernorm,random,6,73,0.12048192771084336,95.70000000000007,0,0.0,43,0.43,100,0.021533098770305514,7337
no_layernorm,random,6,74,0.11904761904761904,93.80000000000004,1,0.01,43,0.43,100,0.021875590530689805,7437
no_layernorm,random,6,75,0.11764705882352941,96.60000000000004,0,0.0,34,0.34,100,0.03089941803365946,7537
no_layernorm,random,6,76,0.11627906976744186,94.60000000000002,1,0.01,35,0.35,100,0.025390683333389463,7637
no_layernorm,random,6,77,0.1149425287356322,93.20000000000002,2,0.02,30,0.3,100,0.022482817750424145,7737
no_layernorm,random,6,78,0.11363636363636363,92.20000000000005,2,0.02,40,0.4,100,0.02562458879314363,7837
no_layernorm,random,6,79,0.11235955056179775,93.60000000000005,1,0.01,45,0.45,100,0.03149040414020419,7937
no_layernorm,random,6,80,0.1111111111111111,86.30000000000003,5,0.05,40,0.4,100,0.02260708049405366,8037
no_layernorm,random,6,81,0.10989010989010989,94.30000000000004,1,0.01,38,0.38,100,0.024751362577080726,8137
no_layernorm,random,6,82,0.10869565217391305,94.00000000000006,1,0.01,41,0.41,100,0.022529869419522584,8237
no_layernorm,random,6,83,0.1075268817204301,93.90000000000003,1,0.01,42,0.42,100,0.03358449117746204,8337
no_layernorm,random,6,84,0.10638297872340426,89.00000000000006,3,0.03,53,0.53,100,0.020038684853352605,8437
no_layernorm,random,6,85,0.10526315789473684,93.50000000000007,1,0.01,46,0.46,100,0.02092817671597004,8537
no_layernorm,random,6,86,0.10416666666666667,93.80000000000004,1,0.01,43,0.43,100,0.03277937603648752,8637
no_layernorm,random,6,87,0.10309278350515465,90.60000000000004,3,0.03,36,0.36,100,0.030491609163582324,8737
no_layernorm,random,6,88,0.1020408163265306,93.90000000000003,1,0.01,42,0.42,100,0.02295556654687971,8837
no_layernorm,random,6,89,0.10101010101010101,91.50000000000007,2,0.02,47,0.47,100,0.03751372257247567,8937
no_layernorm,random,6,90,0.1,92.10000000000004,2,0.02,41,0.41,100,0.02216262272093445,9037
no_layernorm,random,6,91,0.09900990099009901,96.30000000000007,0,0.0,37,0.37,100,0.030325642307288944,9137
no_layernorm,random,6,92,0.09803921568627452,96.70000000000007,0,0.0,33,0.33,100,0.02231792398262769,9237
no_layernorm,random,6,93,0.0970873786407767,95.80000000000007,0,0.0,42,0.42,100,0.024885189831256867,9337
no_layernorm,random,6,94,0.09615384615384615,88.50000000000003,4,0.04,39,0.39,100,0.03555258345324546,9437
no_layernorm,random,6,95,0.09523809523809523,96.50000000000006,0,0.0,35,0.35,100,0.02939194854348898,9537
no_layernorm,random,6,96,0.09433962264150944,92.20000000000003,2,0.02,40,0.4,100,0.02457934613805264,9637
no_layernorm,random,6,97,0.09345794392523366,88.00000000000003,4,0.04,44,0.44,100,0.027857179143466054,9737
no_layernorm,random,6,98,0.09259259259259259,93.00000000000006,1,0.01,51,0.51,100,0.025114876795560123,9837
no_layernorm,random,6,99,0.09174311926605504,94.20000000000006,1,0.01,39,0.39,100,0.02447099069599062,9937
no_layernorm,random,6,100,0.09090909090909091,96.30000000000004,0,0.0,37,0.37,100,0.029470302779227495,10037
no_layernorm,random,6,101,0.0900900900900901,93.90000000000006,1,0.01,42,0.42,100,0.026434385618194937,10137
no_layernorm,random,6,102,0.08928571428571429,95.50000000000003,0,0.0,45,0.45,100,0.02028179713524878,10237
no_layernorm,random,6,103,0.08849557522123894,94.20000000000005,1,0.01,39,0.39,100,0.022417829234618693,10337
no_layernorm,random,6,104,0.08771929824561403,96.40000000000005,0,0.0,36,0.36,100,0.02337070703972131,10437
no_layernorm,random,6,105,0.08695652173913043,90.50000000000001,3,0.03,37,0.37,100,0.018492742602247744,10537
no_layernorm,random,6,106,0.08620689655172414,96.10000000000005,0,0.0,39,0.39,100,0.020428523460868746,10637
no_layernorm,random,6,107,0.08547008547008547,96.00000000000003,0,0.0,40,0.4,100,0.026145654767751693,10737
no_layernorm,random,6,108,0.0847457627118644,95.60000000000007,0,0.0,44,0.44,100,0.029357079504989086,10837
no_layernorm,random,6,109,0.08403361344537814,88.70000000000002,4,0.04,35,0.35,100,0.03021191659849137,10937
no_layernorm,random,6,110,0.08333333333333333,91.00000000000006,2,0.02,51,0.51,100,0.03845057575963438,11037
no_layernorm,random,6,111,0.08264462809917356,95.90000000000006,0,0.0,41,0.41,100,0.02794761913828552,11137
no_layernorm,random,6,112,0.0819672131147541,92.10000000000002,2,0.02,41,0.41,100,0.019679117212072016,11237
no_layernorm,random,6,113,0.08130081300813008,94.20000000000005,1,0.01,39,0.39,100,0.026672376403585076,11337
no_layernorm,random,6,114,0.08064516129032258,96.20000000000003,0,0.0,38,0.38,100,0.0360329532600008,11437
no_layernorm,random,6,115,0.08,96.50000000000006,0,0.0,35,0.35,100,0.02108973232563585,11537
no_layernorm,random,6,116,0.07936507936507936,93.80000000000005,1,0.01,43,0.43,100,0.022939723092131315,11637
no_layernorm,random,6,117,0.07874015748031496,91.80000000000004,2,0.02,43,0.43,100,0.0315425481274724,11737
no_layernorm,random,6,118,0.078125,93.70000000000006,1,0.01,43,0.43,100,0.028121339716017248,11837
no_layernorm,random,6,119,0.07751937984496124,94.00000000000004,1,0.01,40,0.4,100,0.023531256606802345,11937
no_layernorm,random,6,120,0.07692307692307693,96.00000000000006,0,0.0,40,0.4,100,0.019134763055481018,12037
no_layernorm,random,6,121,0.07633587786259542,89.20000000000007,3,0.03,51,0.51,100,0.022185030286200346,12137
no_layernorm,random,6,122,0.07575757575757576,93.70000000000005,1,0.01,43,0.43,100,0.02417137283831835,12237
no_layernorm,random,6,123,0.07518796992481203,95.70000000000007,0,0.0,43,0.43,100,0.030837701833806932,12337
no_layernorm,random,6,124,0.07462686567164178,96.9,0,0.0,31,0.31,100,0.027494372953660785,12437
no_layernorm,random,6,125,0.07407407407407407,95.70000000000003,0,0.0,43,0.43,100,0.027693467480130494,12537
no_layernorm,random,6,126,0.07352941176470588,96.60000000000007,0,0.0,34,0.34,100,0.026393752247095108,12637
no_layernorm,random,6,127,0.07299270072992702,96.90000000000006,0,0.0,31,0.31,100,0.031062417929060757,12737
no_layernorm,random,6,128,0.07246376811594203,96.10000000000005,0,0.0,39,0.39,100,0.020458620411809535,12837
no_layernorm,random,6,129,0.07194244604316546,96.40000000000005,0,0.0,36,0.36,100,0.02607594652567059,12937
no_layernorm,random,6,130,0.07142857142857142,96.70000000000002,0,0.0,33,0.33,100,0.022650413820520042,13037
no_layernorm,random,6,131,0.07092198581560284,94.20000000000006,1,0.01,39,0.39,100,0.021308248909190298,13137
no_layernorm,random,6,132,0.07042253521126761,94.10000000000004,1,0.01,40,0.4,100,0.018202583231031896,13237
no_layernorm,random,6,133,0.06993006993006992,94.30000000000005,1,0.01,38,0.38,100,0.01770127866882831,13337
no_layernorm,random,6,134,0.06944444444444445,91.50000000000003,2,0.02,47,0.47,100,0.027230870444327593,13437
no_layernorm,random,6,135,0.06896551724137931,92.40000000000003,2,0.02,37,0.37,100,0.021248613488860427,13537
no_layernorm,random,6,136,0.0684931506849315,96.50000000000001,0,0.0,35,0.35,100,0.020876707276329398,13637
no_layernorm,random,6,137,0.06802721088435375,95.10000000000004,1,0.01,30,0.3,100,0.022359034484252333,13737
no_layernorm,random,6,138,0.06756756756756756,94.90000000000006,1,0.01,32,0.32,100,0.015755512400064616,13837
no_layernorm,random,6,139,0.06711409395973154,95.30000000000004,1,0.01,28,0.28,100,0.016993598015978932,13937
no_layernorm,random,6,140,0.06666666666666667,94.30000000000007,1,0.01,38,0.38,100,0.016991835832595826,14037
no_layernorm,random,6,141,0.06622516556291391,95.90000000000005,0,0.0,41,0.41,100,0.024642570978030562,14137
no_layernorm,random,6,142,0.06578947368421052,96.30000000000003,0,0.0,37,0.37,100,0.023967098826542497,14237
no_layernorm,random,6,143,0.06535947712418301,96.90000000000003,0,0.0,31,0.31,100,0.015041189284529537,14337
no_layernorm,random,6,144,0.06493506493506493,96.80000000000004,0,0.0,32,0.32,100,0.01588310521095991,14437
no_layernorm,random,6,145,0.06451612903225806,91.10000000000002,3,0.03,31,0.31,100,0.020182676846161485,14537
no_layernorm,random,6,146,0.06410256410256411,92.70000000000005,2,0.02,34,0.34,100,0.018266226314008236,14637
no_layernorm,random,6,147,0.06369426751592357,96.70000000000002,0,0.0,33,0.33,100,0.02311877830885351,14737
no_layernorm,random,6,148,0.06329113924050632,91.20000000000005,2,0.02,49,0.49,100,0.026036078124307097,14837
no_layernorm,random,6,149,0.06289308176100629,96.60000000000004,0,0.0,34,0.34,100,0.023870035470463336,14937
no_layernorm,random,6,150,0.0625,96.70000000000005,0,0.0,33,0.33,100,0.014525244850665331,15037
no_layernorm,random,6,151,0.06211180124223602,92.70000000000005,2,0.02,35,0.35,100,0.017140025445260106,15137
no_layernorm,random,6,152,0.0617283950617284,91.50000000000006,2,0.02,46,0.46,100,0.025712344073690475,15237
no_layernorm,random,6,153,0.06134969325153374,94.60000000000005,1,0.01,35,0.35,100,0.019034946290776133,15337
no_layernorm,random,6,154,0.06097560975609757,93.30000000000004,2,0.02,29,0.29,100,0.020955813387408852,15437
no_layernorm,random,6,155,0.06060606060606061,95.80000000000005,0,0.0,42,0.42,100,0.025475226640701294,15537
no_layernorm,random,6,156,0.06024096385542168,92.20000000000006,2,0.02,40,0.4,100,0.01701922219712287,15637
no_layernorm,random,6,157,0.059880239520958084,93.40000000000003,2,0.02,28,0.28,100,0.01811309579759836,15737
no_layernorm,random,6,158,0.05952380952380952,93.10000000000004,2,0.02,31,0.31,100,0.022125112507492304,15837
no_layernorm,random,6,159,0.0591715976331361,89.9,3,0.03,44,0.44,100,0.014844012074172496,15937
no_layernorm,random,6,160,0.058823529411764705,96.40000000000006,0,0.0,36,0.36,100,0.02437715757638216,16037
no_layernorm,random,6,161,0.05847953216374269,96.10000000000005,0,0.0,39,0.39,100,0.019804275818169115,16137
no_layernorm,random,6,162,0.05813953488372093,96.00000000000003,1,0.01,20,0.2,100,0.02202248825225979,16237
no_layernorm,random,6,163,0.057803468208092484,96.10000000000007,0,0.0,39,0.39,100,0.018548547965474428,16337
no_layernorm,random,6,164,0.0574712643678161,95.90000000000002,0,0.0,41,0.41,100,0.018240750273689627,16437
no_layernorm,random,6,165,0.05714285714285714,93.90000000000006,1,0.01,42,0.42,100,0.021095686634071173,16537
no_layernorm,random,6,166,0.056818181818181816,91.80000000000005,2,0.02,43,0.43,100,0.019262094045989216,16637
no_layernorm,random,6,167,0.05649717514124294,96.70000000000002,0,0.0,33,0.33,100,0.015528974635526539,16737
no_layernorm,random,6,168,0.056179775280898875,95.40000000000003,1,0.01,26,0.26,100,0.020513680861331523,16837
no_layernorm,random,6,169,0.0558659217877095,97.10000000000005,0,0.0,29,0.29,100,0.019995861132629217,16937
no_layernorm,random,6,170,0.05555555555555555,95.80000000000003,0,0.0,42,0.42,100,0.019967391360551118,17037
no_layernorm,random,6,171,0.055248618784530384,95.50000000000003,1,0.01,25,0.25,100,0.015677260258235036,17137
no_layernorm,random,6,172,0.054945054945054944,96.80000000000004,0,0.0,32,0.32,100,0.019288541763089598,17237
no_layernorm,random,6,173,0.0546448087431694,95.20000000000002,1,0.01,28,0.28,100,0.018137206146493553,17337
no_layernorm,random,6,174,0.05434782608695653,94.70000000000009,1,0.01,34,0.34,100,0.02299069915432483,17437
no_layernorm,random,6,175,0.05405405405405406,95.00000000000006,1,0.01,31,0.31,100,0.018879814851097763,17537
no_layernorm,random,6,176,0.05376344086021505,96.10000000000005,0,0.0,39,0.39,100,0.021216640991624444,17637
no_layernorm,random,6,177,0.053475935828877004,93.00000000000004,2,0.02,32,0.32,100,0.01890467437449843,17737
no_layernorm,random,6,178,0.05319148936170213,94.60000000000005,1,0.01,35,0.35,100,0.019195621409453453,17837
no_layernorm,random,6,179,0.052910052910052914,95.60000000000008,0,0.0,44,0.44,100,0.016127101657912136,17937
no_layernorm,random,6,180,0.05263157894736842,94.80000000000005,1,0.01,33,0.33,100,0.022650533942505716,18037
no_layernorm,random,6,181,0.05235602094240837,92.80000000000003,2,0.02,34,0.34,100,0.015759634994901718,18137
no_layernorm,random,6,182,0.052083333333333336,93.30000000000007,2,0.02,28,0.28,100,0.01948401750996709,18237
no_layernorm,random,6,183,0.05181347150259067,97.00000000000006,0,0.0,30,0.3,100,0.018784839690197258,18337
no_layernorm,random,6,184,0.051546391752577324,96.20000000000002,0,0.0,38,0.38,100,0.011281408946961164,18437
no_layernorm,random,6,185,0.05128205128205128,96.20000000000003,0,0.0,38,0.38,100,0.015034339283592999,18537
no_layernorm,random,6,186,0.0510204081632653,94.90000000000002,1,0.01,32,0.32,100,0.013467449648305773,18637
no_layernorm,random,6,187,0.050761421319796954,96.00000000000006,0,0.0,40,0.4,100,0.020982811320573093,18737
no_layernorm,random,6,188,0.050505050505050504,95.00000000000003,1,0.01,31,0.31,100,0.013328520960640163,18837
no_layernorm,random,6,189,0.05025125628140704,95.10000000000008,1,0.01,30,0.3,100,0.01742678531911224,18937
no_layernorm,random,6,190,0.05,97.10000000000002,0,0.0,29,0.29,100,0.013779206033796072,19037
no_layernorm,random,6,191,0.04975124378109452,94.70000000000006,1,0.01,34,0.34,100,0.021404204592108726,19137
no_layernorm,random,6,192,0.04950495049504951,96.70000000000005,0,0.0,33,0.33,100,0.012432788324076682,19237
no_layernorm,random,6,193,0.04926108374384236,96.0,1,0.01,21,0.21,100,0.014186222520656884,19337
no_layernorm,random,6,194,0.04901960784313726,95.20000000000002,1,0.01,29,0.29,100,0.016585726700723172,19437
no_layernorm,random,6,195,0.04878048780487805,92.60000000000005,2,0.02,35,0.35,100,0.02218488890212029,19537
no_layernorm,random,6,196,0.04854368932038835,93.70000000000005,2,0.02,25,0.25,100,0.014712001616135239,19637
no_layernorm,random,6,197,0.04830917874396135,97.20000000000006,0,0.0,28,0.28,100,0.016386954793706537,19737
no_layernorm,random,6,198,0.04807692307692307,96.80000000000004,0,0.0,32,0.32,100,0.015017350488342344,19837
no_layernorm,random,6,199,0.04784688995215311,95.30000000000004,1,0.01,28,0.28,100,0.01276126701850444,19937
no_layernorm,random,7,0,1.0,62.69999999999993,15,0.15,88,0.88,100,0.10033718053553556,37
no_layernorm,random,7,1,0.9090909090909091,56.799999999999926,18,0.18,87,0.87,100,0.03505909956991673,137
no_layernorm,random,7,2,0.8333333333333334,64.89999999999993,14,0.14,83,0.83,100,0.016395577620714905,237
no_layernorm,random,7,3,0.7692307692307692,67.99999999999994,12,0.12,88,0.88,100,0.013388677658513188,337
no_layernorm,random,7,4,0.7142857142857143,66.59999999999997,13,0.13,86,0.86,100,0.01599101975094527,437
no_layernorm,random,7,5,0.6666666666666666,79.70000000000002,6,0.06,88,0.88,100,0.015438922978937626,537
no_layernorm,random,7,6,0.625,74.0,9,0.09,88,0.88,100,0.013851366941817106,637
no_layernorm,random,7,7,0.5882352941176471,86.10000000000005,3,0.03,80,0.8,100,0.012123533328995108,737
no_layernorm,random,7,8,0.5555555555555556,78.3,7,0.07,83,0.83,100,0.013508058823645116,837
no_layernorm,random,7,9,0.5263157894736842,78.30000000000003,7,0.07,84,0.84,100,0.012409648774191737,937
no_layernorm,random,7,10,0.5,73.7,10,0.1,72,0.72,100,0.01355114665813744,1037
no_layernorm,random,7,11,0.47619047619047616,78.90000000000003,7,0.07,77,0.77,100,0.015883145676925777,1137
no_layernorm,random,7,12,0.45454545454545453,75.19999999999997,9,0.09,72,0.72,100,0.015431631463579834,1237
no_layernorm,random,7,13,0.4347826086956522,84.80000000000008,4,0.04,76,0.76,100,0.018448345996439457,1337
no_layernorm,random,7,14,0.4166666666666667,81.80000000000003,6,0.06,67,0.67,100,0.02746258513070643,1437
no_layernorm,random,7,15,0.4,86.20000000000007,3,0.03,80,0.8,100,0.018864816715940834,1537
no_layernorm,random,7,16,0.3846153846153846,81.4,6,0.06,71,0.71,100,0.01672991579864174,1637
no_layernorm,random,7,17,0.37037037037037035,85.60000000000007,4,0.04,67,0.67,100,0.016856899741105734,1737
no_layernorm,random,7,18,0.35714285714285715,76.0,9,0.09,68,0.68,100,0.014993571266531945,1837
no_layernorm,random,7,19,0.3448275862068966,87.20000000000005,3,0.03,70,0.7,100,0.019404725348576905,1937
no_layernorm,random,7,20,0.3333333333333333,88.60000000000004,3,0.03,57,0.57,100,0.022939344076439737,2037
no_layernorm,random,7,21,0.3225806451612903,84.70000000000002,5,0.05,58,0.58,100,0.021252326667308807,2137
no_layernorm,random,7,22,0.3125,89.70000000000006,2,0.02,65,0.65,100,0.02317937585990876,2237
no_layernorm,random,7,23,0.30303030303030304,89.20000000000007,2,0.02,70,0.7,100,0.022413502647541463,2337
no_layernorm,random,7,24,0.29411764705882354,89.50000000000009,2,0.02,67,0.67,100,0.018098454386927188,2437
no_layernorm,random,7,25,0.2857142857142857,91.50000000000006,1,0.01,66,0.66,100,0.02010641130618751,2537
no_layernorm,random,7,26,0.2777777777777778,81.20000000000003,6,0.06,73,0.73,100,0.023419382660649718,2637
no_layernorm,random,7,27,0.27027027027027023,93.00000000000004,1,0.01,51,0.51,100,0.021336450008675456,2737
no_layernorm,random,7,28,0.2631578947368421,87.30000000000007,4,0.04,51,0.51,100,0.016906043454073368,2837
no_layernorm,random,7,29,0.25641025641025644,90.30000000000007,2,0.02,59,0.59,100,0.0193968271673657,2937
no_layernorm,random,7,30,0.25,90.40000000000003,2,0.02,58,0.58,100,0.021944409268908203,3037
no_layernorm,random,7,31,0.24390243902439027,94.40000000000008,0,0.0,56,0.56,100,0.02505733902566135,3137
no_layernorm,random,7,32,0.23809523809523808,84.70000000000002,5,0.05,56,0.56,100,0.02323123316746205,3237
no_layernorm,random,7,33,0.23255813953488372,91.70000000000005,2,0.02,45,0.45,100,0.021588157629594207,3337
no_layernorm,random,7,34,0.22727272727272727,80.30000000000003,7,0.07,63,0.63,100,0.020113590992987155,3437
no_layernorm,random,7,35,0.2222222222222222,91.30000000000001,2,0.02,47,0.47,100,0.024205231033265592,3537
no_layernorm,random,7,36,0.2173913043478261,93.30000000000005,1,0.01,48,0.48,100,0.024783517867326736,3637
no_layernorm,random,7,37,0.2127659574468085,88.20000000000006,3,0.03,61,0.61,100,0.021180140376091002,3737
no_layernorm,random,7,38,0.20833333333333334,91.00000000000006,2,0.02,52,0.52,100,0.022495225765742363,3837
no_layernorm,random,7,39,0.2040816326530612,84.90000000000003,5,0.05,55,0.55,100,0.02595318229869008,3937
no_layernorm,random,7,40,0.2,87.80000000000003,4,0.04,46,0.46,100,0.024486383884213866,4037
no_layernorm,random,7,41,0.19607843137254904,86.80000000000005,4,0.04,56,0.56,100,0.023331186259165405,4137
no_layernorm,random,7,42,0.1923076923076923,90.60000000000002,2,0.02,56,0.56,100,0.025517652900889518,4237
no_layernorm,random,7,43,0.18867924528301888,93.60000000000008,1,0.01,45,0.45,100,0.02007382153067738,4337
no_layernorm,random,7,44,0.18518518518518517,87.00000000000004,4,0.04,54,0.54,100,0.01734410132281482,4437
no_layernorm,random,7,45,0.18181818181818182,89.00000000000006,3,0.03,53,0.53,100,0.020323655465617776,4537
no_layernorm,random,7,46,0.17857142857142858,95.0000000000001,0,0.0,50,0.5,100,0.024218063987791538,4637
no_layernorm,random,7,47,0.17543859649122806,90.70000000000003,2,0.02,55,0.55,100,0.02569988487754017,4737
no_layernorm,random,7,48,0.1724137931034483,87.30000000000005,4,0.04,49,0.49,100,0.023695708778686823,4837
no_layernorm,random,7,49,0.1694915254237288,96.00000000000003,0,0.0,40,0.4,100,0.020974140078760684,4937
no_layernorm,random,7,50,0.16666666666666666,91.50000000000009,2,0.02,47,0.47,100,0.022973241079598666,5037
no_layernorm,random,7,51,0.1639344262295082,93.80000000000005,1,0.01,43,0.43,100,0.02115097568370402,5137
no_layernorm,random,7,52,0.16129032258064516,93.00000000000007,1,0.01,51,0.51,100,0.022086352896876632,5237
no_layernorm,random,7,53,0.15873015873015872,86.70000000000005,4,0.04,56,0.56,100,0.022641367097385227,5337
no_layernorm,random,7,54,0.15625,92.30000000000007,1,0.01,58,0.58,100,0.022303720456548035,5437
no_layernorm,random,7,55,0.15384615384615385,93.50000000000007,1,0.01,46,0.46,100,0.023937409543432295,5537
no_layernorm,random,7,56,0.15151515151515152,89.00000000000003,3,0.03,52,0.52,100,0.021057302439585326,5637
no_layernorm,random,7,57,0.14925373134328357,91.50000000000007,2,0.02,47,0.47,100,0.02468876083381474,5737
no_layernorm,random,7,58,0.14705882352941177,93.70000000000006,1,0.01,44,0.44,100,0.022456033579073845,5837
no_layernorm,random,7,59,0.14492753623188406,91.10000000000002,2,0.02,50,0.5,100,0.030986967398785054,5937
no_layernorm,random,7,60,0.14285714285714285,93.30000000000004,1,0.01,47,0.47,100,0.024220938072539867,6037
no_layernorm,random,7,61,0.14084507042253522,91.00000000000003,2,0.02,51,0.51,100,0.03276644435245544,6137
no_layernorm,random,7,62,0.1388888888888889,94.20000000000005,1,0.01,39,0.39,100,0.030794158587232234,6237
no_layernorm,random,7,63,0.136986301369863,95.00000000000006,0,0.0,50,0.5,100,0.021721952948719262,6337
no_layernorm,random,7,64,0.13513513513513511,94.90000000000008,0,0.0,51,0.51,100,0.024877000250853598,6437
no_layernorm,random,7,65,0.13333333333333333,93.80000000000005,1,0.01,43,0.43,100,0.01921547162812203,6537
no_layernorm,random,7,66,0.13157894736842105,95.80000000000004,0,0.0,42,0.42,100,0.030437389966100455,6637
no_layernorm,random,7,67,0.12987012987012986,95.4,0,0.0,46,0.46,100,0.02038525284267962,6737
no_layernorm,random,7,68,0.12820512820512822,87.10000000000002,4,0.04,53,0.53,100,0.022033003284595908,6837
no_layernorm,random,7,69,0.12658227848101264,95.30000000000004,0,0.0,47,0.47,100,0.019923301604576407,6937
no_layernorm,random,7,70,0.125,94.50000000000006,1,0.01,36,0.36,100,0.02232722073793411,7037
no_layernorm,random,7,71,0.1234567901234568,92.90000000000005,1,0.01,51,0.51,100,0.03302713175769895,7137
no_layernorm,random,7,72,0.12195121951219513,89.20000000000002,3,0.03,51,0.51,100,0.025211443179287016,7237
no_layernorm,random,7,73,0.12048192771084336,92.00000000000003,2,0.02,42,0.42,100,0.024337662379257382,7337
no_layernorm,random,7,74,0.11904761904761904,89.20000000000006,3,0.03,50,0.5,100,0.019458257704973222,7437
no_layernorm,random,7,75,0.11764705882352941,90.2,3,0.03,41,0.41,100,0.02331355428788811,7537
no_layernorm,random,7,76,0.11627906976744186,91.10000000000005,2,0.02,51,0.51,100,0.028595900861546397,7637
no_layernorm,random,7,77,0.1149425287356322,91.50000000000007,2,0.02,47,0.47,100,0.025161887165158988,7737
no_layernorm,random,7,78,0.11363636363636363,92.90000000000005,1,0.01,51,0.51,100,0.02349556822795421,7837
no_layernorm,random,7,79,0.11235955056179775,94.10000000000005,1,0.01,40,0.4,100,0.017984833200462163,7937
no_layernorm,random,7,80,0.1111111111111111,89.50000000000006,3,0.03,48,0.48,100,0.02004415400326252,8037
no_layernorm,random,7,81,0.10989010989010989,95.90000000000006,0,0.0,41,0.41,100,0.01965534348040819,8137
no_layernorm,random,7,82,0.10869565217391305,91.60000000000002,2,0.02,46,0.46,100,0.02068511225748807,8237
no_layernorm,random,7,83,0.1075268817204301,94.00000000000001,1,0.01,41,0.41,100,0.02028042169287801,8337
no_layernorm,random,7,84,0.10638297872340426,92.20000000000005,2,0.02,40,0.4,100,0.022897733710706233,8437
no_layernorm,random,7,85,0.10526315789473684,96.10000000000008,0,0.0,39,0.39,100,0.026523746834136545,8537
no_layernorm,random,7,86,0.10416666666666667,96.80000000000004,0,0.0,32,0.32,100,0.03347948656883091,8637
no_layernorm,random,7,87,0.10309278350515465,91.60000000000004,2,0.02,46,0.46,100,0.018781698625534773,8737
no_layernorm,random,7,88,0.1020408163265306,91.40000000000012,2,0.02,48,0.48,100,0.03707256364636123,8837
no_layernorm,random,7,89,0.10101010101010101,91.70000000000006,2,0.02,45,0.45,100,0.022869556155055763,8937
no_layernorm,random,7,90,0.1,90.40000000000005,3,0.03,39,0.39,100,0.032085023717954755,9037
no_layernorm,random,7,91,0.09900990099009901,92.3000000000001,2,0.02,38,0.38,100,0.028677250295877456,9137
no_layernorm,random,7,92,0.09803921568627452,92.80000000000004,2,0.02,34,0.34,100,0.02383368534501642,9237
no_layernorm,random,7,93,0.0970873786407767,94.10000000000005,1,0.01,40,0.4,100,0.028220940884202718,9337
no_layernorm,random,7,94,0.09615384615384615,93.60000000000007,1,0.01,45,0.45,100,0.03439876851625741,9437
no_layernorm,random,7,95,0.09523809523809523,94.60000000000007,1,0.01,35,0.35,100,0.031529543059878054,9537
no_layernorm,random,7,96,0.09433962264150944,93.90000000000009,1,0.01,42,0.42,100,0.0324365718010813,9637
no_layernorm,random,7,97,0.09345794392523366,96.30000000000007,0,0.0,37,0.37,100,0.028103348072618245,9737
no_layernorm,random,7,98,0.09259259259259259,90.00000000000003,3,0.03,43,0.43,100,0.02489408812019974,9837
no_layernorm,random,7,99,0.09174311926605504,95.30000000000003,0,0.0,47,0.47,100,0.02815097519662231,9937
no_layernorm,random,7,100,0.09090909090909091,93.20000000000003,1,0.01,49,0.49,100,0.021249378151260316,10037
no_layernorm,random,7,101,0.0900900900900901,93.50000000000006,1,0.01,46,0.46,100,0.025295926108956337,10137
no_layernorm,random,7,102,0.08928571428571429,92.10000000000005,2,0.02,41,0.41,100,0.03130937913898379,10237
no_layernorm,random,7,103,0.08849557522123894,96.40000000000003,0,0.0,36,0.36,100,0.021811347883194686,10337
no_layernorm,random,7,104,0.08771929824561403,96.70000000000005,0,0.0,33,0.33,100,0.021602848670445384,10437
no_layernorm,random,7,105,0.08695652173913043,94.80000000000004,1,0.01,33,0.33,100,0.02344999196007848,10537
no_layernorm,random,7,106,0.08620689655172414,92.40000000000005,2,0.02,38,0.38,100,0.02767490343656391,10637
no_layernorm,random,7,107,0.08547008547008547,94.20000000000005,1,0.01,39,0.39,100,0.025718153980560602,10737
no_layernorm,random,7,108,0.0847457627118644,93.70000000000005,1,0.01,44,0.44,100,0.0202181715099141,10837
no_layernorm,random,7,109,0.08403361344537814,96.00000000000004,0,0.0,40,0.4,100,0.030646221614442765,10937
no_layernorm,random,7,110,0.08333333333333333,92.20000000000005,2,0.02,40,0.4,100,0.01659940639976412,11037
no_layernorm,random,7,111,0.08264462809917356,95.90000000000008,0,0.0,41,0.41,100,0.018626463941764086,11137
no_layernorm,random,7,112,0.0819672131147541,92.00000000000004,2,0.02,42,0.42,100,0.02309594051446766,11237
no_layernorm,random,7,113,0.08130081300813008,88.4,4,0.04,38,0.38,100,0.027160167121328415,11337
no_layernorm,random,7,114,0.08064516129032258,93.00000000000003,2,0.02,32,0.32,100,0.024822655776515604,11437
no_layernorm,random,7,115,0.08,95.00000000000006,0,0.0,50,0.5,100,0.02017100599128753,11537
no_layernorm,random,7,116,0.07936507936507936,93.80000000000005,1,0.01,43,0.43,100,0.043728245375677946,11637
no_layernorm,random,7,117,0.07874015748031496,93.10000000000007,1,0.01,50,0.5,100,0.026390307229012252,11737
no_layernorm,random,7,118,0.078125,95.80000000000001,0,0.0,42,0.42,100,0.018927456941455603,11837
no_layernorm,random,7,119,0.07751937984496124,95.90000000000006,0,0.0,41,0.41,100,0.021602564281783997,11937
no_layernorm,random,7,120,0.07692307692307693,92.70000000000002,2,0.02,35,0.35,100,0.02911495964974165,12037
no_layernorm,random,7,121,0.07633587786259542,87.80000000000001,4,0.04,46,0.46,100,0.018543295175768436,12137
no_layernorm,random,7,122,0.07575757575757576,94.70000000000007,1,0.01,34,0.34,100,0.02594531064853072,12237
no_layernorm,random,7,123,0.07518796992481203,92.70000000000005,2,0.02,35,0.35,100,0.03417028901167214,12337
no_layernorm,random,7,124,0.07462686567164178,94.00000000000003,1,0.01,41,0.41,100,0.027650941950269042,12437
no_layernorm,random,7,125,0.07407407407407407,96.20000000000007,0,0.0,38,0.38,100,0.022998952898196878,12537
no_layernorm,random,7,126,0.07352941176470588,92.00000000000007,2,0.02,41,0.41,100,0.022891438929364086,12637
no_layernorm,random,7,127,0.07299270072992702,95.90000000000005,0,0.0,41,0.41,100,0.023183428179472686,12737
no_layernorm,random,7,128,0.07246376811594203,90.80000000000007,2,0.02,54,0.54,100,0.030161191546358167,12837
no_layernorm,random,7,129,0.07194244604316546,91.90000000000006,2,0.02,43,0.43,100,0.03359407245181501,12937
no_layernorm,random,7,130,0.07142857142857142,96.60000000000007,0,0.0,34,0.34,100,0.024104834916070104,13037
no_layernorm,random,7,131,0.07092198581560284,94.90000000000003,1,0.01,32,0.32,100,0.013743749842979014,13137
no_layernorm,random,7,132,0.07042253521126761,97.00000000000003,0,0.0,30,0.3,100,0.023399602368008345,13237
no_layernorm,random,7,133,0.06993006993006992,97.10000000000007,0,0.0,29,0.29,100,0.02329891471657902,13337
no_layernorm,random,7,134,0.06944444444444445,96.90000000000003,0,0.0,31,0.31,100,0.02033588199876249,13437
no_layernorm,random,7,135,0.06896551724137931,96.60000000000002,0,0.0,34,0.34,100,0.01870831217151135,13537
no_layernorm,random,7,136,0.0684931506849315,97.60000000000004,0,0.0,24,0.24,100,0.0199873153725639,13637
no_layernorm,random,7,137,0.06802721088435375,96.50000000000003,0,0.0,35,0.35,100,0.014504726466257126,13737
no_layernorm,random,7,138,0.06756756756756756,96.20000000000006,0,0.0,38,0.38,100,0.01720397944096476,13837
no_layernorm,random,7,139,0.06711409395973154,94.10000000000005,1,0.01,40,0.4,100,0.02201697468291968,13937
no_layernorm,random,7,140,0.06666666666666667,97.40000000000003,0,0.0,26,0.26,100,0.017415156005881727,14037
no_layernorm,random,7,141,0.06622516556291391,96.70000000000002,0,0.0,33,0.33,100,0.016301695657894015,14137
no_layernorm,random,7,142,0.06578947368421052,94.60000000000007,1,0.01,35,0.35,100,0.01547547326888889,14237
no_layernorm,random,7,143,0.06535947712418301,96.20000000000006,0,0.0,38,0.38,100,0.01929210687521845,14337
no_layernorm,random,7,144,0.06493506493506493,95.20000000000005,1,0.01,29,0.29,100,0.02163417312782258,14437
no_layernorm,random,7,145,0.06451612903225806,95.50000000000003,1,0.01,26,0.26,100,0.019881905810907482,14537
no_layernorm,random,7,146,0.06410256410256411,96.80000000000004,0,0.0,32,0.32,100,0.02064530200790614,14637
no_layernorm,random,7,147,0.06369426751592357,96.20000000000006,0,0.0,38,0.38,100,0.015717859687283633,14737
no_layernorm,random,7,148,0.06329113924050632,95.50000000000003,1,0.01,26,0.26,100,0.020995400226674975,14837
no_layernorm,random,7,149,0.06289308176100629,94.90000000000006,1,0.01,32,0.32,100,0.016637762472964824,14937
no_layernorm,random,7,150,0.0625,91.20000000000002,3,0.03,31,0.31,100,0.019768888861872256,15037
no_layernorm,random,7,151,0.06211180124223602,94.00000000000006,1,0.01,41,0.41,100,0.02531075848499313,15137
no_layernorm,random,7,152,0.0617283950617284,96.80000000000004,0,0.0,32,0.32,100,0.0172618890600279,15237
no_layernorm,random,7,153,0.06134969325153374,94.50000000000007,1,0.01,36,0.36,100,0.01904812628868967,15337
no_layernorm,random,7,154,0.06097560975609757,95.30000000000004,1,0.01,28,0.28,100,0.015547822574153542,15437
no_layernorm,random,7,155,0.06060606060606061,97.00000000000003,0,0.0,30,0.3,100,0.01992286344990134,15537
no_layernorm,random,7,156,0.06024096385542168,94.80000000000005,1,0.01,33,0.33,100,0.016784142507240175,15637
no_layernorm,random,7,157,0.059880239520958084,95.10000000000007,0,0.0,49,0.49,100,0.013283040798269212,15737
no_layernorm,random,7,158,0.05952380952380952,93.00000000000006,2,0.02,32,0.32,100,0.02151705277618021,15837
no_layernorm,random,7,159,0.0591715976331361,95.30000000000001,1,0.01,28,0.28,100,0.018065943180117755,15937
no_layernorm,random,7,160,0.058823529411764705,97.3,0,0.0,27,0.27,100,0.01656527723185718,16037
no_layernorm,random,7,161,0.05847953216374269,94.60000000000002,1,0.01,35,0.35,100,0.018829226163215935,16137
no_layernorm,random,7,162,0.05813953488372093,96.20000000000005,0,0.0,38,0.38,100,0.020725736496970057,16237
no_layernorm,random,7,163,0.057803468208092484,94.70000000000002,1,0.01,34,0.34,100,0.020744074769318104,16337
no_layernorm,random,7,164,0.0574712643678161,90.90000000000002,3,0.03,33,0.33,100,0.01789956372231245,16437
no_layernorm,random,7,165,0.05714285714285714,96.40000000000005,0,0.0,36,0.36,100,0.016227641077712178,16537
no_layernorm,random,7,166,0.056818181818181816,97.20000000000002,0,0.0,28,0.28,100,0.019740153993479906,16637
no_layernorm,random,7,167,0.05649717514124294,94.20000000000005,1,0.01,38,0.38,100,0.018372620795853434,16737
no_layernorm,random,7,168,0.056179775280898875,94.10000000000005,1,0.01,40,0.4,100,0.018704461799934506,16837
no_layernorm,random,7,169,0.0558659217877095,92.60000000000005,2,0.02,36,0.36,100,0.023174067428335547,16937
no_layernorm,random,7,170,0.05555555555555555,96.30000000000001,0,0.0,37,0.37,100,0.0174237327137962,17037
no_layernorm,random,7,171,0.055248618784530384,97.30000000000005,0,0.0,27,0.27,100,0.01667683112435043,17137
no_layernorm,random,7,172,0.054945054945054944,96.20000000000003,0,0.0,38,0.38,100,0.028507267842069268,17237
no_layernorm,random,7,173,0.0546448087431694,93.00000000000004,2,0.02,32,0.32,100,0.020899085612036288,17337
no_layernorm,random,7,174,0.05434782608695653,92.20000000000003,2,0.02,40,0.4,100,0.017293384727090598,17437
no_layernorm,random,7,175,0.05405405405405406,97.10000000000004,0,0.0,29,0.29,100,0.017275501573458314,17537
no_layernorm,random,7,176,0.05376344086021505,97.40000000000006,0,0.0,26,0.26,100,0.02537491523195058,17637
no_layernorm,random,7,177,0.053475935828877004,97.50000000000003,0,0.0,25,0.25,100,0.016081762108951805,17737
no_layernorm,random,7,178,0.05319148936170213,94.80000000000007,1,0.01,33,0.33,100,0.02194233387708664,17837
no_layernorm,random,7,179,0.052910052910052914,97.60000000000001,0,0.0,24,0.24,100,0.019414130575023593,17937
no_layernorm,random,7,180,0.05263157894736842,95.10000000000002,1,0.01,30,0.3,100,0.015541310759726912,18037
no_layernorm,random,7,181,0.05235602094240837,95.60000000000002,1,0.01,25,0.25,100,0.0166476325225085,18137
no_layernorm,random,7,182,0.052083333333333336,95.20000000000003,1,0.01,29,0.29,100,0.01936987029388547,18237
no_layernorm,random,7,183,0.05181347150259067,97.30000000000001,0,0.0,27,0.27,100,0.012500753942877054,18337
no_layernorm,random,7,184,0.051546391752577324,96.70000000000005,0,0.0,33,0.33,100,0.022372312881052493,18437
no_layernorm,random,7,185,0.05128205128205128,95.10000000000002,1,0.01,29,0.29,100,0.02677412417717278,18537
no_layernorm,random,7,186,0.0510204081632653,95.70000000000003,1,0.01,23,0.23,100,0.01627121582161635,18637
no_layernorm,random,7,187,0.050761421319796954,97.30000000000004,0,0.0,27,0.27,100,0.026835131999105213,18737
no_layernorm,random,7,188,0.050505050505050504,95.10000000000004,1,0.01,30,0.3,100,0.020164231839589774,18837
no_layernorm,random,7,189,0.05025125628140704,96.7,0,0.0,33,0.33,100,0.0170038398867473,18937
no_layernorm,random,7,190,0.05,97.10000000000002,0,0.0,29,0.29,100,0.016428522982168944,19037
no_layernorm,random,7,191,0.04975124378109452,96.70000000000006,0,0.0,33,0.33,100,0.012258765418082476,19137
no_layernorm,random,7,192,0.04950495049504951,95.50000000000004,1,0.01,26,0.26,100,0.0185042268037796,19237
no_layernorm,random,7,193,0.04926108374384236,94.40000000000005,1,0.01,37,0.37,100,0.02128281448967755,19337
no_layernorm,random,7,194,0.04901960784313726,95.30000000000004,1,0.01,28,0.28,100,0.015998512608930468,19437
no_layernorm,random,7,195,0.04878048780487805,94.70000000000005,1,0.01,34,0.34,100,0.013089298068080098,19537
no_layernorm,random,7,196,0.04854368932038835,95.50000000000001,1,0.01,26,0.26,100,0.013137758797965944,19637
no_layernorm,random,7,197,0.04830917874396135,97.20000000000002,0,0.0,28,0.28,100,0.015098694385960698,19737
no_layernorm,random,7,198,0.04807692307692307,97.4,0,0.0,26,0.26,100,0.015041896421462298,19837
no_layernorm,random,7,199,0.04784688995215311,93.20000000000003,2,0.02,29,0.29,100,0.01637792038731277,19937
no_layernorm,random,8,0,1.0,64.89999999999993,14,0.14,84,0.84,100,0.11247631315947385,37
no_layernorm,random,8,1,0.9090909090909091,78.70000000000003,7,0.07,79,0.79,100,0.02910777335986495,137
no_layernorm,random,8,2,0.8333333333333334,69.89999999999995,11,0.11,92,0.92,100,0.01617612691130489,237
no_layernorm,random,8,3,0.7692307692307692,73.89999999999998,9,0.09,90,0.9,100,0.016534774852916597,337
no_layernorm,random,8,4,0.7142857142857143,72.5,10,0.1,85,0.85,100,0.013827467989176511,437
no_layernorm,random,8,5,0.6666666666666666,72.5,10,0.1,83,0.83,100,0.017332002581097187,537
no_layernorm,random,8,6,0.625,70.39999999999998,11,0.11,85,0.85,100,0.014055569944903255,637
no_layernorm,random,8,7,0.5882352941176471,78.90000000000003,7,0.07,77,0.77,100,0.015452195415273309,737
no_layernorm,random,8,8,0.5555555555555556,76.40000000000002,8,0.08,83,0.83,100,0.01374826735816896,837
no_layernorm,random,8,9,0.5263157894736842,83.40000000000002,5,0.05,71,0.71,100,0.012697993516921998,937
no_layernorm,random,8,10,0.5,88.70000000000009,2,0.02,74,0.74,100,0.013540819701738656,1037
no_layernorm,random,8,11,0.47619047619047616,71.39999999999999,11,0.11,77,0.77,100,0.015603690883144736,1137
no_layernorm,random,8,12,0.45454545454545453,84.80000000000003,4,0.04,75,0.75,100,0.012343913801014423,1237
no_layernorm,random,8,13,0.4347826086956522,83.30000000000003,5,0.05,72,0.72,100,0.01645527150481939,1337
no_layernorm,random,8,14,0.4166666666666667,82.70000000000005,5,0.05,76,0.76,100,0.01586424487642944,1437
no_layernorm,random,8,15,0.4,75.6,9,0.09,72,0.72,100,0.016245743851177396,1537
no_layernorm,random,8,16,0.3846153846153846,87.10000000000005,3,0.03,72,0.72,100,0.024756381465122105,1637
no_layernorm,random,8,17,0.37037037037037035,84.80000000000004,4,0.04,76,0.76,100,0.023955922247841953,1737
no_layernorm,random,8,18,0.35714285714285715,85.70000000000005,4,0.04,67,0.67,100,0.015117177977226675,1837
no_layernorm,random,8,19,0.3448275862068966,88.80000000000004,2,0.02,74,0.74,100,0.016667554918676615,1937
no_layernorm,random,8,20,0.3333333333333333,85.50000000000007,4,0.04,68,0.68,100,0.016035211016424,2037
no_layernorm,random,8,21,0.3225806451612903,90.00000000000006,2,0.02,62,0.62,100,0.015317220794968308,2137
no_layernorm,random,8,22,0.3125,82.30000000000005,6,0.06,61,0.61,100,0.016330033550038935,2237
no_layernorm,random,8,23,0.30303030303030304,80.00000000000006,7,0.07,65,0.65,100,0.027585897631943225,2337
no_layernorm,random,8,24,0.29411764705882354,87.20000000000005,3,0.03,71,0.71,100,0.01952880243770778,2437
no_layernorm,random,8,25,0.2857142857142857,85.60000000000005,4,0.04,68,0.68,100,0.017282898379489778,2537
no_layernorm,random,8,26,0.2777777777777778,84.30000000000004,5,0.05,62,0.62,100,0.014365315856412052,2637
no_layernorm,random,8,27,0.27027027027027023,90.30000000000007,2,0.02,58,0.58,100,0.014418402900919319,2737
no_layernorm,random,8,28,0.2631578947368421,85.30000000000005,5,0.05,51,0.51,100,0.015481731584295631,2837
no_layernorm,random,8,29,0.25641025641025644,90.60000000000005,2,0.02,56,0.56,100,0.020111346193589272,2937
no_layernorm,random,8,30,0.25,92.30000000000004,1,0.01,58,0.58,100,0.017840974810533226,3037
no_layernorm,random,8,31,0.24390243902439027,88.10000000000005,3,0.03,62,0.62,100,0.023491749800741674,3137
no_layernorm,random,8,32,0.23809523809523808,90.50000000000007,2,0.02,57,0.57,100,0.018546894816681744,3237
no_layernorm,random,8,33,0.23255813953488372,84.60000000000005,5,0.05,58,0.58,100,0.018345104418694972,3337
no_layernorm,random,8,34,0.22727272727272727,88.40000000000006,3,0.03,59,0.59,100,0.020855336841195823,3437
no_layernorm,random,8,35,0.2222222222222222,84.60000000000005,5,0.05,57,0.57,100,0.02196979643777013,3537
no_layernorm,random,8,36,0.2173913043478261,91.50000000000006,2,0.02,47,0.47,100,0.018633733228780328,3637
no_layernorm,random,8,37,0.2127659574468085,91.00000000000009,2,0.02,52,0.52,100,0.020836086375638843,3737
no_layernorm,random,8,38,0.20833333333333334,86.60000000000004,4,0.04,57,0.57,100,0.019753282573074103,3837
no_layernorm,random,8,39,0.2040816326530612,91.20000000000002,2,0.02,50,0.5,100,0.026824923320673405,3937
no_layernorm,random,8,40,0.2,95.90000000000006,0,0.0,41,0.41,100,0.020699194646440447,4037
no_layernorm,random,8,41,0.19607843137254904,93.5,1,0.01,46,0.46,100,0.02098578372038901,4137
no_layernorm,random,8,42,0.1923076923076923,89.70000000000003,2,0.02,65,0.65,100,0.026686849514953793,4237
no_layernorm,random,8,43,0.18867924528301888,87.80000000000001,4,0.04,46,0.46,100,0.020102562014944852,4337
no_layernorm,random,8,44,0.18518518518518517,88.10000000000005,3,0.03,62,0.62,100,0.023408416798338293,4437
no_layernorm,random,8,45,0.18181818181818182,91.00000000000007,2,0.02,52,0.52,100,0.02199074275791645,4537
no_layernorm,random,8,46,0.17857142857142858,91.70000000000003,2,0.02,44,0.44,100,0.022127660643309354,4637
no_layernorm,random,8,47,0.17543859649122806,89.30000000000005,3,0.03,50,0.5,100,0.018471033186651765,4737
no_layernorm,random,8,48,0.1724137931034483,94.20000000000003,1,0.01,39,0.39,100,0.02448701821267605,4837
no_layernorm,random,8,49,0.1694915254237288,93.20000000000003,1,0.01,49,0.49,100,0.030148317208513617,4937
no_layernorm,random,8,50,0.16666666666666666,95.00000000000007,0,0.0,50,0.5,100,0.02383456618525088,5037
no_layernorm,random,8,51,0.1639344262295082,90.00000000000003,3,0.03,42,0.42,100,0.029494792800396682,5137
no_layernorm,random,8,52,0.16129032258064516,94.40000000000008,0,0.0,56,0.56,100,0.021890585920773448,5237
no_layernorm,random,8,53,0.15873015873015872,90.40000000000003,3,0.03,38,0.38,100,0.023147667828015982,5337
no_layernorm,random,8,54,0.15625,91.10000000000007,2,0.02,51,0.51,100,0.022238556235097347,5437
no_layernorm,random,8,55,0.15384615384615385,91.30000000000004,2,0.02,49,0.49,100,0.021568206967785955,5537
no_layernorm,random,8,56,0.15151515151515152,93.80000000000007,1,0.01,43,0.43,100,0.025169915445148947,5637
no_layernorm,random,8,57,0.14925373134328357,91.80000000000004,2,0.02,43,0.43,100,0.02920593711081892,5737
no_layernorm,random,8,58,0.14705882352941177,88.20000000000007,4,0.04,41,0.41,100,0.027833466404117643,5837
no_layernorm,random,8,59,0.14492753623188406,84.90000000000006,5,0.05,55,0.55,100,0.019523733938112856,5937
no_layernorm,random,8,60,0.14285714285714285,96.80000000000003,0,0.0,32,0.32,100,0.02294400561135262,6037
no_layernorm,random,8,61,0.14084507042253522,90.90000000000006,2,0.02,53,0.53,100,0.023330783336423338,6137
no_layernorm,random,8,62,0.1388888888888889,91.60000000000005,2,0.02,46,0.46,100,0.02099949592258781,6237
no_layernorm,random,8,63,0.136986301369863,88.90000000000006,3,0.03,54,0.54,100,0.03047146421391517,6337
no_layernorm,random,8,64,0.13513513513513511,88.00000000000001,4,0.04,41,0.41,100,0.022453974303789436,6437
no_layernorm,random,8,65,0.13333333333333333,93.40000000000003,1,0.01,47,0.47,100,0.024522632933221756,6537
no_layernorm,random,8,66,0.13157894736842105,89.30000000000004,3,0.03,50,0.5,100,0.02253558206371963,6637
no_layernorm,random,8,67,0.12987012987012986,89.40000000000003,3,0.03,48,0.48,100,0.021734155481681228,6737
no_layernorm,random,8,68,0.12820512820512822,88.40000000000005,4,0.04,39,0.39,100,0.02179604005534202,6837
no_layernorm,random,8,69,0.12658227848101264,93.90000000000006,1,0.01,42,0.42,100,0.02627657014876604,6937
no_layernorm,random,8,70,0.125,90.90000000000006,2,0.02,52,0.52,100,0.03173640985041857,7037
no_layernorm,random,8,71,0.1234567901234568,91.10000000000005,2,0.02,51,0.51,100,0.022035588845610618,7137
no_layernorm,random,8,72,0.12195121951219513,95.30000000000004,0,0.0,47,0.47,100,0.02053462543524802,7237
no_layernorm,random,8,73,0.12048192771084336,88.0,4,0.04,44,0.44,100,0.03480870256200433,7337
no_layernorm,random,8,74,0.11904761904761904,93.20000000000005,1,0.01,49,0.49,100,0.02359374567400664,7437
no_layernorm,random,8,75,0.11764705882352941,93.60000000000004,1,0.01,44,0.44,100,0.029483867771923543,7537
no_layernorm,random,8,76,0.11627906976744186,87.80000000000004,4,0.04,45,0.45,100,0.022407245128415524,7637
no_layernorm,random,8,77,0.1149425287356322,95.80000000000004,0,0.0,42,0.42,100,0.020232318257912992,7737
no_layernorm,random,8,78,0.11363636363636363,89.60000000000002,3,0.03,47,0.47,100,0.02177235245704651,7837
no_layernorm,random,8,79,0.11235955056179775,87.70000000000002,4,0.04,47,0.47,100,0.024739152770489454,7937
no_layernorm,random,8,80,0.1111111111111111,95.50000000000009,0,0.0,45,0.45,100,0.021156833884306253,8037
no_layernorm,random,8,81,0.10989010989010989,91.90000000000003,2,0.02,42,0.42,100,0.01824804616160691,8137
no_layernorm,random,8,82,0.10869565217391305,87.40000000000005,4,0.04,50,0.5,100,0.03456113907508552,8237
no_layernorm,random,8,83,0.1075268817204301,95.00000000000001,1,0.01,31,0.31,100,0.02833283832296729,8337
no_layernorm,random,8,84,0.10638297872340426,89.90000000000008,3,0.03,44,0.44,100,0.017912729517556725,8437
no_layernorm,random,8,85,0.10526315789473684,94.90000000000003,1,0.01,32,0.32,100,0.019673120807856322,8537
no_layernorm,random,8,86,0.10416666666666667,95.20000000000007,0,0.0,48,0.48,100,0.02009489624295384,8637
no_layernorm,random,8,87,0.10309278350515465,95.60000000000002,0,0.0,44,0.44,100,0.023333200947381557,8737
no_layernorm,random,8,88,0.1020408163265306,88.30000000000004,4,0.04,39,0.39,100,0.021615510936826468,8837
no_layernorm,random,8,89,0.10101010101010101,94.10000000000002,1,0.01,40,0.4,100,0.020464088199660183,8937
no_layernorm,random,8,90,0.1,94.30000000000004,1,0.01,38,0.38,100,0.020811747927218675,9037
no_layernorm,random,8,91,0.09900990099009901,95.70000000000005,0,0.0,43,0.43,100,0.02058642777148634,9137
no_layernorm,random,8,92,0.09803921568627452,90.30000000000003,3,0.03,39,0.39,100,0.03299878139980137,9237
no_layernorm,random,8,93,0.0970873786407767,94.40000000000006,1,0.01,37,0.37,100,0.021664343373849988,9337
no_layernorm,random,8,94,0.09615384615384615,96.80000000000007,0,0.0,32,0.32,100,0.023536655898205937,9437
no_layernorm,random,8,95,0.09523809523809523,93.30000000000007,1,0.01,48,0.48,100,0.01894850200973451,9537
no_layernorm,random,8,96,0.09433962264150944,96.20000000000005,0,0.0,38,0.38,100,0.022766221114434302,9637
no_layernorm,random,8,97,0.09345794392523366,94.70000000000006,1,0.01,34,0.34,100,0.021872932398691772,9737
no_layernorm,random,8,98,0.09259259259259259,92.60000000000002,2,0.02,36,0.36,100,0.030104574910365046,9837
no_layernorm,random,8,99,0.09174311926605504,91.30000000000003,2,0.02,49,0.49,100,0.03993421573191881,9937
no_layernorm,random,8,100,0.09090909090909091,96.00000000000006,0,0.0,40,0.4,100,0.027268088441342115,10037
no_layernorm,random,8,101,0.0900900900900901,91.9,2,0.02,43,0.43,100,0.02315414584707469,10137
no_layernorm,random,8,102,0.08928571428571429,93.40000000000006,1,0.01,47,0.47,100,0.028299491899088026,10237
no_layernorm,random,8,103,0.08849557522123894,93.30000000000008,1,0.01,48,0.48,100,0.024366202731616795,10337
no_layernorm,random,8,104,0.08771929824561403,96.00000000000007,0,0.0,40,0.4,100,0.0173083018977195,10437
no_layernorm,random,8,105,0.08695652173913043,95.90000000000003,0,0.0,41,0.41,100,0.03562814879231155,10537
no_layernorm,random,8,106,0.08620689655172414,91.50000000000007,2,0.02,45,0.45,100,0.02686526147183031,10637
no_layernorm,random,8,107,0.08547008547008547,94.20000000000002,1,0.01,39,0.39,100,0.022899762582965194,10737
no_layernorm,random,8,108,0.0847457627118644,94.50000000000006,1,0.01,36,0.36,100,0.023320476808585226,10837
no_layernorm,random,8,109,0.08403361344537814,94.50000000000006,1,0.01,36,0.36,100,0.01733705757651478,10937
no_layernorm,random,8,110,0.08333333333333333,94.50000000000004,1,0.01,36,0.36,100,0.02401321567595005,11037
no_layernorm,random,8,111,0.08264462809917356,93.30000000000004,1,0.01,47,0.47,100,0.023236229438334702,11137
no_layernorm,random,8,112,0.0819672131147541,96.20000000000006,0,0.0,38,0.38,100,0.017163614640012384,11237
no_layernorm,random,8,113,0.08130081300813008,92.0,2,0.02,42,0.42,100,0.02215690990909934,11337
no_layernorm,random,8,114,0.08064516129032258,96.00000000000007,0,0.0,40,0.4,100,0.025494152470491825,11437
no_layernorm,random,8,115,0.08,96.20000000000005,0,0.0,38,0.38,100,0.01747126058675349,11537
no_layernorm,random,8,116,0.07936507936507936,93.50000000000006,1,0.01,46,0.46,100,0.022202910254709423,11637
no_layernorm,random,8,117,0.07874015748031496,92.00000000000003,2,0.02,42,0.42,100,0.02185390010010451,11737
no_layernorm,random,8,118,0.078125,94.70000000000003,1,0.01,34,0.34,100,0.018372009687591343,11837
no_layernorm,random,8,119,0.07751937984496124,96.20000000000005,0,0.0,38,0.38,100,0.02367359601892531,11937
no_layernorm,random,8,120,0.07692307692307693,94.10000000000002,1,0.01,40,0.4,100,0.01929026437457651,12037
no_layernorm,random,8,121,0.07633587786259542,96.80000000000004,0,0.0,32,0.32,100,0.022718270900659265,12137
no_layernorm,random,8,122,0.07575757575757576,94.30000000000005,1,0.01,38,0.38,100,0.026217729463241995,12237
no_layernorm,random,8,123,0.07518796992481203,94.80000000000001,1,0.01,33,0.33,100,0.015711510507389902,12337
no_layernorm,random,8,124,0.07462686567164178,94.00000000000004,1,0.01,40,0.4,100,0.01632909517735243,12437
no_layernorm,random,8,125,0.07407407407407407,93.20000000000006,1,0.01,49,0.49,100,0.022915449100546537,12537
no_layernorm,random,8,126,0.07352941176470588,96.30000000000003,0,0.0,37,0.37,100,0.03003465658519417,12637
no_layernorm,random,8,127,0.07299270072992702,96.40000000000003,0,0.0,36,0.36,100,0.016166294272989035,12737
no_layernorm,random,8,128,0.07246376811594203,90.10000000000002,3,0.03,42,0.42,100,0.023699121209792794,12837
no_layernorm,random,8,129,0.07194244604316546,94.20000000000003,1,0.01,39,0.39,100,0.020433714119717478,12937
no_layernorm,random,8,130,0.07142857142857142,93.70000000000006,1,0.01,44,0.44,100,0.019473538040183484,13037
no_layernorm,random,8,131,0.07092198581560284,97.10000000000005,0,0.0,29,0.29,100,0.017087145429104566,13137
no_layernorm,random,8,132,0.07042253521126761,94.20000000000005,1,0.01,39,0.39,100,0.021328510884195566,13237
no_layernorm,random,8,133,0.06993006993006992,96.00000000000007,0,0.0,40,0.4,100,0.023420522143132984,13337
no_layernorm,random,8,134,0.06944444444444445,96.40000000000003,0,0.0,36,0.36,100,0.018430369379930197,13437
no_layernorm,random,8,135,0.06896551724137931,92.00000000000001,2,0.02,42,0.42,100,0.022172898405697198,13537
no_layernorm,random,8,136,0.0684931506849315,93.50000000000009,1,0.01,46,0.46,100,0.020687999802175908,13637
no_layernorm,random,8,137,0.06802721088435375,96.30000000000004,0,0.0,37,0.37,100,0.02208947213366628,13737
no_layernorm,random,8,138,0.06756756756756756,94.20000000000005,1,0.01,38,0.38,100,0.020981024645734578,13837
no_layernorm,random,8,139,0.06711409395973154,93.60000000000008,1,0.01,45,0.45,100,0.023296249345876277,13937
no_layernorm,random,8,140,0.06666666666666667,96.90000000000002,0,0.0,31,0.31,100,0.029951515854336322,14037
no_layernorm,random,8,141,0.06622516556291391,92.40000000000003,2,0.02,38,0.38,100,0.024415523135103284,14137
no_layernorm,random,8,142,0.06578947368421052,95.20000000000003,1,0.01,29,0.29,100,0.016157682263292374,14237
no_layernorm,random,8,143,0.06535947712418301,95.90000000000006,0,0.0,41,0.41,100,0.018960593291558324,14337
no_layernorm,random,8,144,0.06493506493506493,96.00000000000003,0,0.0,40,0.4,100,0.015296771135181188,14437
no_layernorm,random,8,145,0.06451612903225806,95.00000000000003,1,0.01,31,0.31,100,0.02050942546222359,14537
no_layernorm,random,8,146,0.06410256410256411,92.70000000000005,2,0.02,35,0.35,100,0.014571850281208753,14637
no_layernorm,random,8,147,0.06369426751592357,97.30000000000005,0,0.0,27,0.27,100,0.023879272213671355,14737
no_layernorm,random,8,148,0.06329113924050632,95.30000000000004,1,0.01,28,0.28,100,0.018555965954437852,14837
no_layernorm,random,8,149,0.06289308176100629,97.50000000000004,0,0.0,25,0.25,100,0.021570882080122828,14937
no_layernorm,random,8,150,0.0625,94.70000000000005,1,0.01,34,0.34,100,0.016348072146065533,15037
no_layernorm,random,8,151,0.06211180124223602,91.80000000000005,2,0.02,44,0.44,100,0.015132079236209392,15137
no_layernorm,random,8,152,0.0617283950617284,96.80000000000001,0,0.0,32,0.32,100,0.01888876679819077,15237
no_layernorm,random,8,153,0.06134969325153374,92.50000000000003,2,0.02,37,0.37,100,0.014486300603020936,15337
no_layernorm,random,8,154,0.06097560975609757,94.80000000000004,1,0.01,33,0.33,100,0.014513748991303145,15437
no_layernorm,random,8,155,0.06060606060606061,95.00000000000003,1,0.01,31,0.31,100,0.015130757130682468,15537
no_layernorm,random,8,156,0.06024096385542168,94.50000000000006,1,0.01,36,0.36,100,0.02788915573153645,15637
no_layernorm,random,8,157,0.059880239520958084,97.30000000000005,0,0.0,27,0.27,100,0.01624565581791103,15737
no_layernorm,random,8,158,0.05952380952380952,97.50000000000004,0,0.0,25,0.25,100,0.017956566284410655,15837
no_layernorm,random,8,159,0.0591715976331361,94.20000000000005,1,0.01,39,0.39,100,0.021736218584701417,15937
no_layernorm,random,8,160,0.058823529411764705,94.80000000000007,1,0.01,33,0.33,100,0.024147361516952515,16037
no_layernorm,random,8,161,0.05847953216374269,97.40000000000003,0,0.0,26,0.26,100,0.014812671015970409,16137
no_layernorm,random,8,162,0.05813953488372093,96.10000000000002,0,0.0,39,0.39,100,0.016509306211955847,16237
no_layernorm,random,8,163,0.057803468208092484,94.60000000000002,1,0.01,35,0.35,100,0.016762412111274896,16337
no_layernorm,random,8,164,0.0574712643678161,96.80000000000003,0,0.0,32,0.32,100,0.02656000452581793,16437
no_layernorm,random,8,165,0.05714285714285714,94.60000000000002,1,0.01,35,0.35,100,0.02630379137583077,16537
no_layernorm,random,8,166,0.056818181818181816,95.20000000000005,1,0.01,28,0.28,100,0.01697534986771643,16637
no_layernorm,random,8,167,0.05649717514124294,96.80000000000004,0,0.0,32,0.32,100,0.02348800330189988,16737
no_layernorm,random,8,168,0.056179775280898875,88.80000000000003,4,0.04,36,0.36,100,0.0163892338052392,16837
no_layernorm,random,8,169,0.0558659217877095,93.80000000000007,1,0.01,43,0.43,100,0.013401961028575897,16937
no_layernorm,random,8,170,0.05555555555555555,97.40000000000003,0,0.0,26,0.26,100,0.012451407792977988,17037
no_layernorm,random,8,171,0.055248618784530384,94.90000000000005,1,0.01,32,0.32,100,0.01590240418445319,17137
no_layernorm,random,8,172,0.054945054945054944,97.10000000000002,0,0.0,29,0.29,100,0.019778683306649326,17237
no_layernorm,random,8,173,0.0546448087431694,96.40000000000003,0,0.0,36,0.36,100,0.016212011906318366,17337
no_layernorm,random,8,174,0.05434782608695653,96.60000000000001,0,0.0,34,0.34,100,0.023072072500362993,17437
no_layernorm,random,8,175,0.05405405405405406,95.20000000000003,1,0.01,29,0.29,100,0.013351558917202055,17537
no_layernorm,random,8,176,0.05376344086021505,97.40000000000003,0,0.0,26,0.26,100,0.016197247542440892,17637
no_layernorm,random,8,177,0.053475935828877004,92.50000000000003,2,0.02,37,0.37,100,0.02269879258237779,17737
no_layernorm,random,8,178,0.05319148936170213,95.80000000000007,0,0.0,42,0.42,100,0.014135822178795934,17837
no_layernorm,random,8,179,0.052910052910052914,91.70000000000003,3,0.03,26,0.26,100,0.018712790787685663,17937
no_layernorm,random,8,180,0.05263157894736842,90.30000000000004,3,0.03,39,0.39,100,0.020039177522994576,18037
no_layernorm,random,8,181,0.05235602094240837,92.50000000000004,2,0.02,37,0.37,100,0.011167891102377325,18137
no_layernorm,random,8,182,0.052083333333333336,94.30000000000007,1,0.01,38,0.38,100,0.015675755068659782,18237
no_layernorm,random,8,183,0.05181347150259067,94.60000000000002,1,0.01,35,0.35,100,0.01586508800741285,18337
no_layernorm,random,8,184,0.051546391752577324,95.90000000000006,0,0.0,41,0.41,100,0.017316767352167518,18437
no_layernorm,random,8,185,0.05128205128205128,97.10000000000002,0,0.0,29,0.29,100,0.018251110271085055,18537
no_layernorm,random,8,186,0.0510204081632653,93.10000000000005,2,0.02,31,0.31,100,0.02054413194768131,18637
no_layernorm,random,8,187,0.050761421319796954,96.50000000000004,0,0.0,35,0.35,100,0.012601998404134064,18737
no_layernorm,random,8,188,0.050505050505050504,96.80000000000004,0,0.0,32,0.32,100,0.015266400563996285,18837
no_layernorm,random,8,189,0.05025125628140704,96.80000000000005,0,0.0,32,0.32,100,0.01798997540958226,18937
no_layernorm,random,8,190,0.05,97.00000000000003,0,0.0,30,0.3,100,0.013755178845021874,19037
no_layernorm,random,8,191,0.04975124378109452,96.60000000000005,0,0.0,34,0.34,100,0.016496515185572207,19137
no_layernorm,random,8,192,0.04950495049504951,92.70000000000003,2,0.02,34,0.34,100,0.018293512396048754,19237
no_layernorm,random,8,193,0.04926108374384236,97.10000000000005,0,0.0,29,0.29,100,0.014150591136422008,19337
no_layernorm,random,8,194,0.04901960784313726,96.80000000000004,0,0.0,32,0.32,100,0.01443642380880192,19437
no_layernorm,random,8,195,0.04878048780487805,97.60000000000004,0,0.0,24,0.24,100,0.014237678849603981,19537
no_layernorm,random,8,196,0.04854368932038835,96.80000000000003,0,0.0,32,0.32,100,0.02194587804377079,19637
no_layernorm,random,8,197,0.04830917874396135,96.70000000000002,0,0.0,33,0.33,100,0.014239130737259985,19737
no_layernorm,random,8,198,0.04807692307692307,97.30000000000004,0,0.0,27,0.27,100,0.01478688906878233,19837
no_layernorm,random,8,199,0.04784688995215311,94.70000000000005,1,0.01,34,0.34,100,0.011770104877650739,19937
no_layernorm,random,9,0,1.0,62.299999999999926,15,0.15,91,0.91,100,0.11635013569045712,37
no_layernorm,random,9,1,0.9090909090909091,66.89999999999995,13,0.13,82,0.82,100,0.025769801838323475,137
no_layernorm,random,9,2,0.8333333333333334,76.00000000000001,8,0.08,87,0.87,100,0.018228734605945648,237
no_layernorm,random,9,3,0.7692307692307692,76.30000000000001,8,0.08,84,0.84,100,0.01555554230697453,337
no_layernorm,random,9,4,0.7142857142857143,76.8,8,0.08,76,0.76,100,0.012163828383199871,437
no_layernorm,random,9,5,0.6666666666666666,79.90000000000002,6,0.06,85,0.85,100,0.014024995239451528,537
no_layernorm,random,9,6,0.625,78.80000000000001,7,0.07,78,0.78,100,0.01267430853098631,637
no_layernorm,random,9,7,0.5882352941176471,80.20000000000003,6,0.06,83,0.83,100,0.013483436168171466,737
no_layernorm,random,9,8,0.5555555555555556,70.6,11,0.11,84,0.84,100,0.013390178903937339,837
no_layernorm,random,9,9,0.5263157894736842,80.9,6,0.06,76,0.76,100,0.012270352048799395,937
no_layernorm,random,9,10,0.5,80.70000000000003,6,0.06,78,0.78,100,0.014733171439729631,1037
no_layernorm,random,9,11,0.47619047619047616,88.00000000000007,3,0.03,63,0.63,100,0.03723957971204072,1137
no_layernorm,random,9,12,0.45454545454545453,89.50000000000006,2,0.02,67,0.67,100,0.027018888602033258,1237
no_layernorm,random,9,13,0.4347826086956522,83.50000000000003,5,0.05,69,0.69,100,0.016675649462267756,1337
no_layernorm,random,9,14,0.4166666666666667,77.80000000000001,8,0.08,70,0.7,100,0.011603297740221024,1437
no_layernorm,random,9,15,0.4,78.90000000000003,7,0.07,77,0.77,100,0.014477503937669098,1537
no_layernorm,random,9,16,0.3846153846153846,86.20000000000006,4,0.04,60,0.6,100,0.015604640659876167,1637
no_layernorm,random,9,17,0.37037037037037035,90.10000000000005,2,0.02,60,0.6,100,0.017129604988731444,1737
no_layernorm,random,9,18,0.35714285714285715,81.60000000000002,6,0.06,69,0.69,100,0.017601307118311524,1837
no_layernorm,random,9,19,0.3448275862068966,80.10000000000002,7,0.07,65,0.65,100,0.018926857076585292,1937
no_layernorm,random,9,20,0.3333333333333333,92.00000000000003,1,0.01,61,0.61,100,0.017816719557158647,2037
no_layernorm,random,9,21,0.3225806451612903,93.70000000000007,0,0.0,63,0.63,100,0.014667081334628164,2137
no_layernorm,random,9,22,0.3125,84.80000000000001,5,0.05,57,0.57,100,0.020000198665075006,2237
no_layernorm,random,9,23,0.30303030303030304,85.90000000000003,4,0.04,65,0.65,100,0.016853457232937217,2337
no_layernorm,random,9,24,0.29411764705882354,78.40000000000002,8,0.08,63,0.63,100,0.02001045717857778,2437
no_layernorm,random,9,25,0.2857142857142857,91.90000000000006,1,0.01,62,0.62,100,0.0185781460814178,2537
no_layernorm,random,9,26,0.2777777777777778,82.70000000000005,6,0.06,58,0.58,100,0.025668437890708447,2637
no_layernorm,random,9,27,0.27027027027027023,86.60000000000002,4,0.04,57,0.57,100,0.02895407237112522,2737
no_layernorm,random,9,28,0.2631578947368421,89.30000000000003,3,0.03,49,0.49,100,0.03166042554192245,2837
no_layernorm,random,9,29,0.25641025641025644,86.60000000000002,4,0.04,58,0.58,100,0.030045009246096016,2937
no_layernorm,random,9,30,0.25,90.10000000000005,2,0.02,61,0.61,100,0.02932164281606674,3037
no_layernorm,random,9,31,0.24390243902439027,81.60000000000004,7,0.07,51,0.51,100,0.04268865099176764,3137
no_layernorm,random,9,32,0.23809523809523808,87.50000000000006,3,0.03,68,0.68,100,0.043936419831588865,3237
no_layernorm,random,9,33,0.23255813953488372,86.00000000000009,4,0.04,63,0.63,100,0.04943004122935236,3337
no_layernorm,random,9,34,0.22727272727272727,95.10000000000005,0,0.0,49,0.49,100,0.046902413601055744,3437
no_layernorm,random,9,35,0.2222222222222222,82.50000000000006,6,0.06,60,0.6,100,0.060284871687181295,3537
no_layernorm,random,9,36,0.2173913043478261,93.10000000000002,1,0.01,49,0.49,100,0.049420479824766515,3637
no_layernorm,random,9,37,0.2127659574468085,92.90000000000008,1,0.01,52,0.52,100,0.0610189341660589,3737
no_layernorm,random,9,38,0.20833333333333334,87.70000000000007,3,0.03,66,0.66,100,0.0653265929594636,3837
no_layernorm,random,9,39,0.2040816326530612,85.50000000000003,5,0.05,48,0.48,100,0.03207815876230598,3937
no_layernorm,random,9,40,0.2,94.40000000000008,0,0.0,56,0.56,100,0.09463529822882265,4037
no_layernorm,random,9,41,0.19607843137254904,88.90000000000005,3,0.03,54,0.54,100,0.09022828503511846,4137
no_layernorm,random,9,42,0.1923076923076923,89.00000000000006,3,0.03,53,0.53,100,0.0823187710205093,4237
no_layernorm,random,9,43,0.18867924528301888,87.70000000000007,3,0.03,65,0.65,100,0.026777544589713216,4337
no_layernorm,random,9,44,0.18518518518518517,88.00000000000006,3,0.03,63,0.63,100,0.025424013552255927,4437
no_layernorm,random,9,45,0.18181818181818182,88.00000000000003,3,0.03,63,0.63,100,0.023544507650658488,4537
no_layernorm,random,9,46,0.17857142857142858,87.10000000000005,4,0.04,52,0.52,100,0.030162047557532788,4637
no_layernorm,random,9,47,0.17543859649122806,94.10000000000005,1,0.01,40,0.4,100,0.019627349306829273,4737
no_layernorm,random,9,48,0.1724137931034483,91.20000000000005,2,0.02,48,0.48,100,0.030810107393190265,4837
no_layernorm,random,9,49,0.1694915254237288,92.00000000000004,2,0.02,42,0.42,100,0.025159141179174185,4937
no_layernorm,random,9,50,0.16666666666666666,95.60000000000011,0,0.0,44,0.44,100,0.023931007781066,5037
no_layernorm,random,9,51,0.1639344262295082,89.30000000000003,3,0.03,50,0.5,100,0.029268518472090364,5137
no_layernorm,random,9,52,0.16129032258064516,94.50000000000003,1,0.01,35,0.35,100,0.01850110468454659,5237
no_layernorm,random,9,53,0.15873015873015872,94.00000000000006,1,0.01,40,0.4,100,0.020411178767681122,5337
no_layernorm,random,9,54,0.15625,95.50000000000006,0,0.0,45,0.45,100,0.02170821900013834,5437
no_layernorm,random,9,55,0.15384615384615385,93.20000000000002,1,0.01,49,0.49,100,0.023618152625858785,5537
no_layernorm,random,9,56,0.15151515151515152,91.50000000000004,2,0.02,47,0.47,100,0.03287354675121605,5637
no_layernorm,random,9,57,0.14925373134328357,91.50000000000004,2,0.02,47,0.47,100,0.02751402394846082,5737
no_layernorm,random,9,58,0.14705882352941177,87.40000000000002,4,0.04,50,0.5,100,0.019315731688402595,5837
no_layernorm,random,9,59,0.14492753623188406,90.70000000000003,2,0.02,55,0.55,100,0.02172832517884672,5937
no_layernorm,random,9,60,0.14285714285714285,91.10000000000005,2,0.02,50,0.5,100,0.026603421992622316,6037
no_layernorm,random,9,61,0.14084507042253522,91.60000000000005,2,0.02,46,0.46,100,0.033834534650668505,6137
no_layernorm,random,9,62,0.1388888888888889,91.50000000000003,2,0.02,47,0.47,100,0.02868391078431159,6237
no_layernorm,random,9,63,0.136986301369863,95.00000000000004,0,0.0,50,0.5,100,0.02252444241195917,6337
no_layernorm,random,9,64,0.13513513513513511,95.10000000000005,1,0.01,30,0.3,100,0.02839101125486195,6437
no_layernorm,random,9,65,0.13333333333333333,87.00000000000004,4,0.04,53,0.53,100,0.029301011520437896,6537
no_layernorm,random,9,66,0.13157894736842105,94.00000000000004,1,0.01,40,0.4,100,0.029628010727465154,6637
no_layernorm,random,9,67,0.12987012987012986,93.10000000000004,1,0.01,50,0.5,100,0.03495971268974245,6737
no_layernorm,random,9,68,0.12820512820512822,91.20000000000006,2,0.02,50,0.5,100,0.029054261334240435,6837
no_layernorm,random,9,69,0.12658227848101264,92.70000000000003,1,0.01,54,0.54,100,0.023207708122208716,6937
no_layernorm,random,9,70,0.125,93.90000000000006,1,0.01,42,0.42,100,0.02467064341530204,7037
no_layernorm,random,9,71,0.1234567901234568,88.60000000000002,3,0.03,56,0.56,100,0.024180728169158103,7137
no_layernorm,random,9,72,0.12195121951219513,94.80000000000004,0,0.0,52,0.52,100,0.024348863395862282,7237
no_layernorm,random,9,73,0.12048192771084336,91.70000000000005,2,0.02,45,0.45,100,0.020111482315696774,7337
no_layernorm,random,9,74,0.11904761904761904,83.80000000000003,6,0.06,47,0.47,100,0.018891702010296284,7437
no_layernorm,random,9,75,0.11764705882352941,95.20000000000006,0,0.0,48,0.48,100,0.019286007792688905,7537
no_layernorm,random,9,76,0.11627906976744186,91.80000000000005,2,0.02,44,0.44,100,0.02054436968639493,7637
no_layernorm,random,9,77,0.1149425287356322,93.70000000000003,1,0.01,44,0.44,100,0.024696392486803234,7737
no_layernorm,random,9,78,0.11363636363636363,95.30000000000005,0,0.0,47,0.47,100,0.01926692504901439,7837
no_layernorm,random,9,79,0.11235955056179775,96.20000000000007,0,0.0,38,0.38,100,0.028510882570408284,7937
no_layernorm,random,9,80,0.1111111111111111,89.40000000000003,3,0.03,49,0.49,100,0.02209842776414007,8037
no_layernorm,random,9,81,0.10989010989010989,90.60000000000002,2,0.02,56,0.56,100,0.02112784709315747,8137
no_layernorm,random,9,82,0.10869565217391305,93.80000000000004,1,0.01,43,0.43,100,0.025302556995302438,8237
no_layernorm,random,9,83,0.1075268817204301,89.40000000000003,3,0.03,49,0.49,100,0.030927513535134496,8337
no_layernorm,random,9,84,0.10638297872340426,94.70000000000002,1,0.01,34,0.34,100,0.023027667431160807,8437
no_layernorm,random,9,85,0.10526315789473684,94.10000000000005,1,0.01,40,0.4,100,0.021294505805708467,8537
no_layernorm,random,9,86,0.10416666666666667,92.20000000000002,2,0.02,40,0.4,100,0.01873078797478229,8637
no_layernorm,random,9,87,0.10309278350515465,95.20000000000002,0,0.0,48,0.48,100,0.030905858790501953,8737
no_layernorm,random,9,88,0.1020408163265306,96.40000000000003,0,0.0,36,0.36,100,0.02221219977363944,8837
no_layernorm,random,9,89,0.10101010101010101,93.70000000000005,1,0.01,44,0.44,100,0.022024373509921133,8937
no_layernorm,random,9,90,0.1,93.70000000000007,1,0.01,43,0.43,100,0.025767500512301922,9037
no_layernorm,random,9,91,0.09900990099009901,91.50000000000006,2,0.02,47,0.47,100,0.027702904739417136,9137
no_layernorm,random,9,92,0.09803921568627452,94.70000000000002,1,0.01,34,0.34,100,0.02350719565525651,9237
no_layernorm,random,9,93,0.0970873786407767,90.10000000000002,3,0.03,42,0.42,100,0.028465440492145718,9337
no_layernorm,random,9,94,0.09615384615384615,94.60000000000007,1,0.01,35,0.35,100,0.022927537877112627,9437
no_layernorm,random,9,95,0.09523809523809523,96.30000000000004,0,0.0,37,0.37,100,0.020631700195372103,9537
no_layernorm,random,9,96,0.09433962264150944,95.30000000000004,0,0.0,47,0.47,100,0.024454592424444855,9637
no_layernorm,random,9,97,0.09345794392523366,96.60000000000005,0,0.0,34,0.34,100,0.0224219291517511,9737
no_layernorm,random,9,98,0.09259259259259259,94.40000000000003,1,0.01,36,0.36,100,0.025971103077754378,9837
no_layernorm,random,9,99,0.09174311926605504,96.00000000000004,0,0.0,40,0.4,100,0.026519568501971662,9937
no_layernorm,random,9,100,0.09090909090909091,97.20000000000005,0,0.0,28,0.28,100,0.021509027490392327,10037
no_layernorm,random,9,101,0.0900900900900901,90.40000000000006,3,0.03,39,0.39,100,0.020473795887082816,10137
no_layernorm,random,9,102,0.08928571428571429,94.80000000000004,1,0.01,33,0.33,100,0.026700097676366566,10237
no_layernorm,random,9,103,0.08849557522123894,94.70000000000002,1,0.01,34,0.34,100,0.02495421460364014,10337
no_layernorm,random,9,104,0.08771929824561403,94.50000000000004,1,0.01,36,0.36,100,0.019580257730558513,10437
no_layernorm,random,9,105,0.08695652173913043,94.50000000000003,1,0.01,35,0.35,100,0.03413078581448645,10537
no_layernorm,random,9,106,0.08620689655172414,91.90000000000006,2,0.02,42,0.42,100,0.02224510310217738,10637
no_layernorm,random,9,107,0.08547008547008547,94.20000000000005,1,0.01,39,0.39,100,0.028506794227287174,10737
no_layernorm,random,9,108,0.0847457627118644,92.70000000000005,1,0.01,54,0.54,100,0.025874523809179664,10837
no_layernorm,random,9,109,0.08403361344537814,96.90000000000005,0,0.0,31,0.31,100,0.02581976741552353,10937
no_layernorm,random,9,110,0.08333333333333333,96.40000000000006,0,0.0,36,0.36,100,0.034495634054765106,11037
no_layernorm,random,9,111,0.08264462809917356,94.7,1,0.01,34,0.34,100,0.01995179903227836,11137
no_layernorm,random,9,112,0.0819672131147541,97.10000000000008,0,0.0,29,0.29,100,0.021908911317586897,11237
no_layernorm,random,9,113,0.08130081300813008,94.40000000000006,1,0.01,37,0.37,100,0.020627737711183727,11337
no_layernorm,random,9,114,0.08064516129032258,93.30000000000001,2,0.02,28,0.28,100,0.024869919563643636,11437
no_layernorm,random,9,115,0.08,94.20000000000005,1,0.01,39,0.39,100,0.026798187349922956,11537
no_layernorm,random,9,116,0.07936507936507936,96.60000000000007,0,0.0,34,0.34,100,0.026295760381035507,11637
no_layernorm,random,9,117,0.07874015748031496,97.40000000000003,0,0.0,26,0.26,100,0.02585433988366276,11737
no_layernorm,random,9,118,0.078125,92.40000000000002,2,0.02,37,0.37,100,0.030088926814496517,11837
no_layernorm,random,9,119,0.07751937984496124,95.80000000000003,0,0.0,42,0.42,100,0.020355617422610522,11937
no_layernorm,random,9,120,0.07692307692307693,94.10000000000005,1,0.01,40,0.4,100,0.0268783146655187,12037
no_layernorm,random,9,121,0.07633587786259542,96.80000000000007,0,0.0,32,0.32,100,0.020872181090526284,12137
no_layernorm,random,9,122,0.07575757575757576,96.30000000000005,0,0.0,37,0.37,100,0.018283264534547924,12237
no_layernorm,random,9,123,0.07518796992481203,93.00000000000004,1,0.01,51,0.51,100,0.0164849206013605,12337
no_layernorm,random,9,124,0.07462686567164178,93.20000000000005,2,0.02,30,0.3,100,0.026539287702180444,12437
no_layernorm,random,9,125,0.07407407407407407,95.80000000000007,0,0.0,42,0.42,100,0.013524773996323347,12537
no_layernorm,random,9,126,0.07352941176470588,95.00000000000004,0,0.0,50,0.5,100,0.018798808134160936,12637
no_layernorm,random,9,127,0.07299270072992702,97.50000000000003,0,0.0,25,0.25,100,0.024178518243134023,12737
no_layernorm,random,9,128,0.07246376811594203,95.60000000000004,1,0.01,25,0.25,100,0.023724554842337965,12837
no_layernorm,random,9,129,0.07194244604316546,96.70000000000005,0,0.0,33,0.33,100,0.02486461746506393,12937
no_layernorm,random,9,130,0.07142857142857142,94.70000000000005,1,0.01,34,0.34,100,0.04091729443054646,13037
no_layernorm,random,9,131,0.07092198581560284,90.20000000000002,3,0.03,41,0.41,100,0.024000713117420674,13137
no_layernorm,random,9,132,0.07042253521126761,89.70000000000002,3,0.03,46,0.46,100,0.023009435329586266,13237
no_layernorm,random,9,133,0.06993006993006992,94.10000000000007,1,0.01,40,0.4,100,0.02117289023473859,13337
no_layernorm,random,9,134,0.06944444444444445,91.80000000000007,2,0.02,44,0.44,100,0.029006208903156222,13437
no_layernorm,random,9,135,0.06896551724137931,92.40000000000006,2,0.02,37,0.37,100,0.02356263743247837,13537
no_layernorm,random,9,136,0.0684931506849315,94.40000000000003,1,0.01,37,0.37,100,0.020950597831979393,13637
no_layernorm,random,9,137,0.06802721088435375,96.30000000000004,0,0.0,37,0.37,100,0.022022116952575742,13737
no_layernorm,random,9,138,0.06756756756756756,94.20000000000005,1,0.01,39,0.39,100,0.023092648927122355,13837
no_layernorm,random,9,139,0.06711409395973154,94.40000000000003,1,0.01,37,0.37,100,0.03000638758763671,13937
no_layernorm,random,9,140,0.06666666666666667,92.10000000000005,2,0.02,41,0.41,100,0.020088233845308424,14037
no_layernorm,random,9,141,0.06622516556291391,94.20000000000005,1,0.01,39,0.39,100,0.02228779120836407,14137
no_layernorm,random,9,142,0.06578947368421052,97.40000000000006,0,0.0,26,0.26,100,0.022373596518300475,14237
no_layernorm,random,9,143,0.06535947712418301,97.10000000000004,0,0.0,29,0.29,100,0.01777984572108835,14337
no_layernorm,random,9,144,0.06493506493506493,93.10000000000002,2,0.02,31,0.31,100,0.0165375768719241,14437
no_layernorm,random,9,145,0.06451612903225806,94.90000000000005,1,0.01,31,0.31,100,0.025876753199845552,14537
no_layernorm,random,9,146,0.06410256410256411,93.80000000000008,1,0.01,43,0.43,100,0.01795247265137732,14637
no_layernorm,random,9,147,0.06369426751592357,95.10000000000008,0,0.0,49,0.49,100,0.017307085178326815,14737
no_layernorm,random,9,148,0.06329113924050632,96.10000000000002,0,0.0,39,0.39,100,0.02116517915390432,14837
no_layernorm,random,9,149,0.06289308176100629,96.10000000000002,0,0.0,39,0.39,100,0.01703135100658983,14937
no_layernorm,random,9,150,0.0625,93.30000000000003,2,0.02,29,0.29,100,0.02009381662122905,15037
no_layernorm,random,9,151,0.06211180124223602,91.80000000000001,2,0.02,44,0.44,100,0.01615670966450125,15137
no_layernorm,random,9,152,0.0617283950617284,95.2,1,0.01,28,0.28,100,0.017790521886199714,15237
no_layernorm,random,9,153,0.06134969325153374,93.80000000000003,1,0.01,43,0.43,100,0.023434995128773152,15337
no_layernorm,random,9,154,0.06097560975609757,98.30000000000003,0,0.0,17,0.17,100,0.017638333984650673,15437
no_layernorm,random,9,155,0.06060606060606061,96.9,0,0.0,31,0.31,100,0.017621745336800814,15537
no_layernorm,random,9,156,0.06024096385542168,93.00000000000003,2,0.02,32,0.32,100,0.0225581301888451,15637
no_layernorm,random,9,157,0.059880239520958084,95.60000000000004,1,0.01,25,0.25,100,0.027046349870506674,15737
no_layernorm,random,9,158,0.05952380952380952,96.70000000000002,0,0.0,33,0.33,100,0.015218818462453782,15837
no_layernorm,random,9,159,0.0591715976331361,95.30000000000003,1,0.01,28,0.28,100,0.018006904050707817,15937
no_layernorm,random,9,160,0.058823529411764705,96.90000000000003,0,0.0,31,0.31,100,0.023440472641959788,16037
no_layernorm,random,9,161,0.05847953216374269,92.40000000000006,2,0.02,38,0.38,100,0.023612429713830353,16137
no_layernorm,random,9,162,0.05813953488372093,94.40000000000003,1,0.01,37,0.37,100,0.015716704770457,16237
no_layernorm,random,9,163,0.057803468208092484,96.70000000000006,0,0.0,33,0.33,100,0.02734136363491416,16337
no_layernorm,random,9,164,0.0574712643678161,93.20000000000002,2,0.02,30,0.3,100,0.02576691007707268,16437
no_layernorm,random,9,165,0.05714285714285714,96.70000000000005,0,0.0,33,0.33,100,0.015060818982310592,16537
no_layernorm,random,9,166,0.056818181818181816,92.10000000000002,2,0.02,41,0.41,100,0.0173264802666381,16637
no_layernorm,random,9,167,0.05649717514124294,97.80000000000003,0,0.0,22,0.22,100,0.016435441905632616,16737
no_layernorm,random,9,168,0.056179775280898875,94.70000000000002,1,0.01,34,0.34,100,0.020714932288974523,16837
no_layernorm,random,9,169,0.0558659217877095,94.80000000000005,1,0.01,33,0.33,100,0.025144292707554996,16937
no_layernorm,random,9,170,0.05555555555555555,95.80000000000001,1,0.01,23,0.23,100,0.015898972991853954,17037
no_layernorm,random,9,171,0.055248618784530384,91.60000000000005,2,0.02,46,0.46,100,0.03197674284223467,17137
no_layernorm,random,9,172,0.054945054945054944,96.20000000000005,0,0.0,38,0.38,100,0.021477658995427192,17237
no_layernorm,random,9,173,0.0546448087431694,93.70000000000003,1,0.01,44,0.44,100,0.0160639608791098,17337
no_layernorm,random,9,174,0.05434782608695653,92.20000000000006,2,0.02,40,0.4,100,0.020279118348844348,17437
no_layernorm,random,9,175,0.05405405405405406,93.90000000000006,1,0.01,42,0.42,100,0.018073005862534047,17537
no_layernorm,random,9,176,0.05376344086021505,96.50000000000004,0,0.0,35,0.35,100,0.017464978015050293,17637
no_layernorm,random,9,177,0.053475935828877004,94.70000000000003,1,0.01,34,0.34,100,0.018752286597155034,17737
no_layernorm,random,9,178,0.05319148936170213,97.10000000000005,0,0.0,29,0.29,100,0.013475033498834818,17837
no_layernorm,random,9,179,0.052910052910052914,97.30000000000001,0,0.0,27,0.27,100,0.02504762654658407,17937
no_layernorm,random,9,180,0.05263157894736842,96.90000000000002,0,0.0,31,0.31,100,0.012174952160567045,18037
no_layernorm,random,9,181,0.05235602094240837,94.80000000000004,1,0.01,33,0.33,100,0.016825311980210245,18137
no_layernorm,random,9,182,0.052083333333333336,96.20000000000007,0,0.0,38,0.38,100,0.015082145957276225,18237
no_layernorm,random,9,183,0.05181347150259067,97.40000000000002,0,0.0,26,0.26,100,0.021257076826877892,18337
no_layernorm,random,9,184,0.051546391752577324,94.90000000000006,1,0.01,32,0.32,100,0.014709961330518127,18437
no_layernorm,random,9,185,0.05128205128205128,92.10000000000002,2,0.02,41,0.41,100,0.016917002229019998,18537
no_layernorm,random,9,186,0.0510204081632653,94.90000000000003,1,0.01,31,0.31,100,0.01709294207394123,18637
no_layernorm,random,9,187,0.050761421319796954,95.80000000000003,1,0.01,23,0.23,100,0.013477299837395549,18737
no_layernorm,random,9,188,0.050505050505050504,97.30000000000007,0,0.0,27,0.27,100,0.012045459935907275,18837
no_layernorm,random,9,189,0.05025125628140704,93.8,2,0.02,22,0.22,100,0.018679839787073434,18937
no_layernorm,random,9,190,0.05,93.50000000000004,2,0.02,27,0.27,100,0.02147197149693966,19037
no_layernorm,random,9,191,0.04975124378109452,90.80000000000003,3,0.03,33,0.33,100,0.026918123941868544,19137
no_layernorm,random,9,192,0.04950495049504951,95.50000000000007,1,0.01,26,0.26,100,0.015790227118413894,19237
no_layernorm,random,9,193,0.04926108374384236,95.00000000000003,1,0.01,31,0.31,100,0.020190730774775147,19337
no_layernorm,random,9,194,0.04901960784313726,97.40000000000003,0,0.0,26,0.26,100,0.0159720190288499,19437
no_layernorm,random,9,195,0.04878048780487805,97.40000000000003,0,0.0,26,0.26,100,0.016537368237040936,19537
no_layernorm,random,9,196,0.04854368932038835,97.70000000000005,0,0.0,23,0.23,100,0.018157647375483067,19637
no_layernorm,random,9,197,0.04830917874396135,97.20000000000002,0,0.0,28,0.28,100,0.013731138561852277,19737
no_layernorm,random,9,198,0.04807692307692307,90.19999999999999,3,0.03,41,0.41,100,0.017028837776742876,19837
no_layernorm,random,9,199,0.04784688995215311,97.50000000000003,0,0.0,25,0.25,100,0.020078864241950215,19937
no_layernorm,random,10,0,1.0,66.09999999999994,13,0.13,90,0.9,100,0.11630176702463949,37
no_layernorm,random,10,1,0.9090909090909091,74.89999999999999,9,0.09,79,0.79,100,0.021419508601538836,137
no_layernorm,random,10,2,0.8333333333333334,72.39999999999998,10,0.1,84,0.84,100,0.014876261800527573,237
no_layernorm,random,10,3,0.7692307692307692,70.29999999999998,11,0.11,86,0.86,100,0.014484608531929552,337
no_layernorm,random,10,4,0.7142857142857143,76.30000000000001,8,0.08,85,0.85,100,0.01365518840495497,437
no_layernorm,random,10,5,0.6666666666666666,84.10000000000005,4,0.04,83,0.83,100,0.012561026201583446,537
no_layernorm,random,10,6,0.625,70.89999999999998,11,0.11,80,0.8,100,0.011004541460424662,637
no_layernorm,random,10,7,0.5882352941176471,80.4,6,0.06,82,0.82,100,0.011138725820928811,737
no_layernorm,random,10,8,0.5555555555555556,80.40000000000003,6,0.06,82,0.82,100,0.010806872984394431,837
no_layernorm,random,10,9,0.5263157894736842,87.10000000000004,3,0.03,72,0.72,100,0.012653059777803718,937
no_layernorm,random,10,10,0.5,77.39999999999998,8,0.08,73,0.73,100,0.01343413241673261,1037
no_layernorm,random,10,11,0.47619047619047616,75.0,9,0.09,77,0.77,100,0.014028111728839577,1137
no_layernorm,random,10,12,0.45454545454545453,82.90000000000003,5,0.05,76,0.76,100,0.019852451346814633,1237
no_layernorm,random,10,13,0.4347826086956522,78.60000000000002,7,0.07,81,0.81,100,0.015186872389167548,1337
no_layernorm,random,10,14,0.4166666666666667,81.50000000000003,6,0.06,71,0.71,100,0.01677048552315682,1437
no_layernorm,random,10,15,0.4,80.60000000000005,7,0.07,60,0.6,100,0.018526335903443394,1537
no_layernorm,random,10,16,0.3846153846153846,83.80000000000001,5,0.05,67,0.67,100,0.015569671909324824,1637
no_layernorm,random,10,17,0.37037037037037035,82.90000000000003,5,0.05,75,0.75,100,0.01396804669406265,1737
no_layernorm,random,10,18,0.35714285714285715,92.60000000000005,1,0.01,55,0.55,100,0.01652636278420687,1837
no_layernorm,random,10,19,0.3448275862068966,92.00000000000003,1,0.01,61,0.61,100,0.015806738962419332,1937
no_layernorm,random,10,20,0.3333333333333333,82.10000000000002,6,0.06,63,0.63,100,0.01626252958085388,2037
no_layernorm,random,10,21,0.3225806451612903,90.70000000000005,2,0.02,55,0.55,100,0.015321072209626436,2137
no_layernorm,random,10,22,0.3125,86.20000000000006,4,0.04,62,0.62,100,0.01764352065511048,2237
no_layernorm,random,10,23,0.30303030303030304,82.40000000000003,6,0.06,61,0.61,100,0.01968398910947144,2337
no_layernorm,random,10,24,0.29411764705882354,87.50000000000006,3,0.03,68,0.68,100,0.01870765567757189,2437
no_layernorm,random,10,25,0.2857142857142857,87.60000000000005,4,0.04,46,0.46,100,0.01866217462811619,2537
no_layernorm,random,10,26,0.2777777777777778,92.00000000000009,1,0.01,60,0.6,100,0.022221058676950633,2637
no_layernorm,random,10,27,0.27027027027027023,89.00000000000001,3,0.03,52,0.52,100,0.019642748450860382,2737
no_layernorm,random,10,28,0.2631578947368421,86.10000000000002,4,0.04,63,0.63,100,0.01669322091154754,2837
no_layernorm,random,10,29,0.25641025641025644,90.30000000000007,2,0.02,59,0.59,100,0.018495028470642865,2937
no_layernorm,random,10,30,0.25,90.50000000000007,2,0.02,56,0.56,100,0.01941321050748229,3037
no_layernorm,random,10,31,0.24390243902439027,91.20000000000002,2,0.02,50,0.5,100,0.0189877116587013,3137
no_layernorm,random,10,32,0.23809523809523808,87.70000000000007,3,0.03,66,0.66,100,0.0206228013522923,3237
no_layernorm,random,10,33,0.23255813953488372,91.90000000000006,1,0.01,62,0.62,100,0.019871966717764734,3337
no_layernorm,random,10,34,0.22727272727272727,90.50000000000006,2,0.02,56,0.56,100,0.02575757817365229,3437
no_layernorm,random,10,35,0.2222222222222222,88.70000000000006,3,0.03,55,0.55,100,0.022936107562854885,3537
no_layernorm,random,10,36,0.2173913043478261,88.80000000000003,3,0.03,55,0.55,100,0.026135693714022638,3637
no_layernorm,random,10,37,0.2127659574468085,92.60000000000007,1,0.01,55,0.55,100,0.023554915972054006,3737
no_layernorm,random,10,38,0.20833333333333334,88.40000000000006,3,0.03,59,0.59,100,0.0239626849303022,3837
no_layernorm,random,10,39,0.2040816326530612,95.30000000000004,0,0.0,47,0.47,100,0.019855008074082435,3937
no_layernorm,random,10,40,0.2,86.80000000000004,4,0.04,56,0.56,100,0.01929090540157631,4037
no_layernorm,random,10,41,0.19607843137254904,83.20000000000005,6,0.06,54,0.54,100,0.024777019396424294,4137
no_layernorm,random,10,42,0.1923076923076923,90.90000000000002,2,0.02,53,0.53,100,0.02087081176228821,4237
no_layernorm,random,10,43,0.18867924528301888,90.80000000000007,2,0.02,54,0.54,100,0.019577610632404686,4337
no_layernorm,random,10,44,0.18518518518518517,90.40000000000005,2,0.02,58,0.58,100,0.020182041679508985,4437
no_layernorm,random,10,45,0.18181818181818182,90.7000000000001,2,0.02,55,0.55,100,0.021275325403548775,4537
no_layernorm,random,10,46,0.17857142857142858,87.10000000000005,4,0.04,53,0.53,100,0.024653733456507326,4637
no_layernorm,random,10,47,0.17543859649122806,93.10000000000005,1,0.01,50,0.5,100,0.021011426341719926,4737
no_layernorm,random,10,48,0.1724137931034483,95.30000000000003,0,0.0,47,0.47,100,0.023457265249453484,4837
no_layernorm,random,10,49,0.1694915254237288,93.3000000000001,1,0.01,48,0.48,100,0.0191601190995425,4937
no_layernorm,random,10,50,0.16666666666666666,91.80000000000005,2,0.02,42,0.42,100,0.018534115897491574,5037
no_layernorm,random,10,51,0.1639344262295082,95.10000000000005,0,0.0,49,0.49,100,0.03263045571744442,5137
no_layernorm,random,10,52,0.16129032258064516,93.10000000000005,1,0.01,49,0.49,100,0.027779708793386818,5237
no_layernorm,random,10,53,0.15873015873015872,85.40000000000005,5,0.05,51,0.51,100,0.030605979077517987,5337
no_layernorm,random,10,54,0.15625,86.60000000000005,4,0.04,56,0.56,100,0.025600896505638956,5437
no_layernorm,random,10,55,0.15384615384615385,89.30000000000004,3,0.03,50,0.5,100,0.028052557557821274,5537
no_layernorm,random,10,56,0.15151515151515152,90.80000000000004,2,0.02,54,0.54,100,0.023926818389445544,5637
no_layernorm,random,10,57,0.14925373134328357,89.30000000000001,3,0.03,50,0.5,100,0.025272680302150546,5737
no_layernorm,random,10,58,0.14705882352941177,93.00000000000004,1,0.01,51,0.51,100,0.025836946107447148,5837
no_layernorm,random,10,59,0.14492753623188406,86.80000000000003,4,0.04,55,0.55,100,0.02529787167906761,5937
no_layernorm,random,10,60,0.14285714285714285,90.90000000000005,2,0.02,53,0.53,100,0.028250014102086426,6037
no_layernorm,random,10,61,0.14084507042253522,87.40000000000006,4,0.04,49,0.49,100,0.022022220850922168,6137
no_layernorm,random,10,62,0.1388888888888889,93.40000000000005,1,0.01,47,0.47,100,0.025080301398411393,6237
no_layernorm,random,10,63,0.136986301369863,92.40000000000006,1,0.01,57,0.57,100,0.02609187132678926,6337
no_layernorm,random,10,64,0.13513513513513511,96.40000000000003,0,0.0,36,0.36,100,0.02285254075191915,6437
no_layernorm,random,10,65,0.13333333333333333,96.10000000000005,0,0.0,39,0.39,100,0.025216237395070493,6537
no_layernorm,random,10,66,0.13157894736842105,91.40000000000003,2,0.02,48,0.48,100,0.02360677855554968,6637
no_layernorm,random,10,67,0.12987012987012986,95.80000000000005,0,0.0,42,0.42,100,0.03308573393151164,6737
no_layernorm,random,10,68,0.12820512820512822,92.10000000000005,1,0.01,60,0.6,100,0.022966739465482534,6837
no_layernorm,random,10,69,0.12658227848101264,94.20000000000003,1,0.01,39,0.39,100,0.02296549726743251,6937
no_layernorm,random,10,70,0.125,92.70000000000005,1,0.01,54,0.54,100,0.03291219334118068,7037
no_layernorm,random,10,71,0.1234567901234568,93.80000000000007,1,0.01,42,0.42,100,0.03362297836691141,7137
no_layernorm,random,10,72,0.12195121951219513,91.30000000000008,2,0.02,48,0.48,100,0.030028667491860686,7237
no_layernorm,random,10,73,0.12048192771084336,93.50000000000003,1,0.01,46,0.46,100,0.021839449871331452,7337
no_layernorm,random,10,74,0.11904761904761904,87.7,4,0.04,45,0.45,100,0.02138128699734807,7437
no_layernorm,random,10,75,0.11764705882352941,95.40000000000009,0,0.0,46,0.46,100,0.0298668294865638,7537
no_layernorm,random,10,76,0.11627906976744186,90.60000000000008,2,0.02,56,0.56,100,0.026535544991493226,7637
no_layernorm,random,10,77,0.1149425287356322,87.40000000000003,4,0.04,50,0.5,100,0.03461565683595836,7737
no_layernorm,random,10,78,0.11363636363636363,91.60000000000005,2,0.02,46,0.46,100,0.029906596029177307,7837
no_layernorm,random,10,79,0.11235955056179775,91.40000000000005,2,0.02,48,0.48,100,0.029712163326330483,7937
no_layernorm,random,10,80,0.1111111111111111,92.30000000000003,2,0.02,39,0.39,100,0.020261441357433796,8037
no_layernorm,random,10,81,0.10989010989010989,91.00000000000004,2,0.02,52,0.52,100,0.029352190271019936,8137
no_layernorm,random,10,82,0.10869565217391305,91.60000000000005,2,0.02,45,0.45,100,0.024920712509192526,8237
no_layernorm,random,10,83,0.1075268817204301,95.00000000000006,1,0.01,30,0.3,100,0.025142047666013242,8337
no_layernorm,random,10,84,0.10638297872340426,93.60000000000008,1,0.01,44,0.44,100,0.02542825906537473,8437
no_layernorm,random,10,85,0.10526315789473684,88.70000000000006,3,0.03,55,0.55,100,0.022389811230823398,8537
no_layernorm,random,10,86,0.10416666666666667,93.80000000000007,1,0.01,42,0.42,100,0.02455159099306911,8637
no_layernorm,random,10,87,0.10309278350515465,93.60000000000005,1,0.01,45,0.45,100,0.022453878382220863,8737
no_layernorm,random,10,88,0.1020408163265306,93.10000000000004,1,0.01,50,0.5,100,0.03463042454794049,8837
no_layernorm,random,10,89,0.10101010101010101,91.80000000000004,2,0.02,44,0.44,100,0.02122098716441542,8937
no_layernorm,random,10,90,0.1,92.10000000000008,2,0.02,41,0.41,100,0.01734453740064055,9037
no_layernorm,random,10,91,0.09900990099009901,97.00000000000003,0,0.0,30,0.3,100,0.018813298856839536,9137
no_layernorm,random,10,92,0.09803921568627452,94.00000000000009,1,0.01,41,0.41,100,0.02042992533184588,9237
no_layernorm,random,10,93,0.0970873786407767,95.20000000000005,0,0.0,48,0.48,100,0.02523969783913344,9337
no_layernorm,random,10,94,0.09615384615384615,96.50000000000004,0,0.0,35,0.35,100,0.024625127352774143,9437
no_layernorm,random,10,95,0.09523809523809523,94.00000000000006,1,0.01,41,0.41,100,0.029157333597540854,9537
no_layernorm,random,10,96,0.09433962264150944,96.70000000000005,0,0.0,33,0.33,100,0.028217351105995478,9637
no_layernorm,random,10,97,0.09345794392523366,94.40000000000003,1,0.01,36,0.36,100,0.024988883817568423,9737
no_layernorm,random,10,98,0.09259259259259259,92.20000000000005,2,0.02,40,0.4,100,0.020998241156339647,9837
no_layernorm,random,10,99,0.09174311926605504,91.70000000000005,2,0.02,45,0.45,100,0.022852095910347998,9937
no_layernorm,random,10,100,0.09090909090909091,95.90000000000003,0,0.0,41,0.41,100,0.029271540772169827,10037
no_layernorm,random,10,101,0.0900900900900901,94.20000000000003,1,0.01,39,0.39,100,0.02325381079223007,10137
no_layernorm,random,10,102,0.08928571428571429,93.80000000000007,1,0.01,43,0.43,100,0.026890133256092668,10237
no_layernorm,random,10,103,0.08849557522123894,89.80000000000004,3,0.03,45,0.45,100,0.04597661854233593,10337
no_layernorm,random,10,104,0.08771929824561403,96.20000000000005,0,0.0,38,0.38,100,0.02517042212653905,10437
no_layernorm,random,10,105,0.08695652173913043,93.70000000000003,1,0.01,43,0.43,100,0.02503280802629888,10537
no_layernorm,random,10,106,0.08620689655172414,89.70000000000007,3,0.03,45,0.45,100,0.02151066282764077,10637
no_layernorm,random,10,107,0.08547008547008547,96.90000000000003,0,0.0,31,0.31,100,0.024651883356273174,10737
no_layernorm,random,10,108,0.0847457627118644,96.00000000000003,0,0.0,40,0.4,100,0.027561007351614535,10837
no_layernorm,random,10,109,0.08403361344537814,96.00000000000006,0,0.0,40,0.4,100,0.018627560557797553,10937
no_layernorm,random,10,110,0.08333333333333333,94.50000000000003,1,0.01,36,0.36,100,0.021404490382410588,11037
no_layernorm,random,10,111,0.08264462809917356,93.2,2,0.02,30,0.3,100,0.020834119454957545,11137
no_layernorm,random,10,112,0.0819672131147541,93.30000000000003,1,0.01,48,0.48,100,0.02030812006443739,11237
no_layernorm,random,10,113,0.08130081300813008,94.00000000000004,1,0.01,41,0.41,100,0.02120677078142762,11337
no_layernorm,random,10,114,0.08064516129032258,90.30000000000004,3,0.03,40,0.4,100,0.025950972181744872,11437
no_layernorm,random,10,115,0.08,97.30000000000004,0,0.0,27,0.27,100,0.02023195328190923,11537
no_layernorm,random,10,116,0.07936507936507936,95.90000000000005,0,0.0,41,0.41,100,0.02488513192627579,11637
no_layernorm,random,10,117,0.07874015748031496,92.10000000000001,2,0.02,41,0.41,100,0.025588249550201,11737
no_layernorm,random,10,118,0.078125,94.20000000000003,1,0.01,39,0.39,100,0.018254563086666165,11837
no_layernorm,random,10,119,0.07751937984496124,97.30000000000001,0,0.0,27,0.27,100,0.017373533844947817,11937
no_layernorm,random,10,120,0.07692307692307693,91.60000000000005,2,0.02,46,0.46,100,0.02783937328495085,12037
no_layernorm,random,10,121,0.07633587786259542,96.50000000000006,0,0.0,35,0.35,100,0.020849504601210357,12137
no_layernorm,random,10,122,0.07575757575757576,96.80000000000004,0,0.0,32,0.32,100,0.024489722372964026,12237
no_layernorm,random,10,123,0.07518796992481203,91.00000000000001,3,0.03,33,0.33,100,0.014844839815050364,12337
no_layernorm,random,10,124,0.07462686567164178,96.90000000000003,0,0.0,31,0.31,100,0.023128805928863586,12437
no_layernorm,random,10,125,0.07407407407407407,96.00000000000006,0,0.0,40,0.4,100,0.022718075662851334,12537
no_layernorm,random,10,126,0.07352941176470588,93.90000000000006,1,0.01,42,0.42,100,0.019738558183889837,12637
no_layernorm,random,10,127,0.07299270072992702,92.50000000000006,2,0.02,36,0.36,100,0.019143292335793375,12737
no_layernorm,random,10,128,0.07246376811594203,92.70000000000006,2,0.02,34,0.34,100,0.02109171448741108,12837
no_layernorm,random,10,129,0.07194244604316546,94.70000000000002,1,0.01,33,0.33,100,0.016966950865462422,12937
no_layernorm,random,10,130,0.07142857142857142,94.40000000000006,1,0.01,37,0.37,100,0.017950103711336853,13037
no_layernorm,random,10,131,0.07092198581560284,96.20000000000003,0,0.0,38,0.38,100,0.020475882538594305,13137
no_layernorm,random,10,132,0.07042253521126761,92.30000000000004,2,0.02,39,0.39,100,0.02837204766459763,13237
no_layernorm,random,10,133,0.06993006993006992,96.70000000000002,0,0.0,33,0.33,100,0.024193401169031858,13337
no_layernorm,random,10,134,0.06944444444444445,96.40000000000003,0,0.0,36,0.36,100,0.017146442956291138,13437
no_layernorm,random,10,135,0.06896551724137931,93.60000000000005,1,0.01,45,0.45,100,0.01595794131048024,13537
no_layernorm,random,10,136,0.0684931506849315,95.20000000000005,1,0.01,29,0.29,100,0.019757396234199406,13637
no_layernorm,random,10,137,0.06802721088435375,97.20000000000005,0,0.0,28,0.28,100,0.017256297152489424,13737
no_layernorm,random,10,138,0.06756756756756756,93.00000000000001,2,0.02,31,0.31,100,0.019785292590968312,13837
no_layernorm,random,10,139,0.06711409395973154,95.00000000000006,1,0.01,30,0.3,100,0.018982181833125653,13937
no_layernorm,random,10,140,0.06666666666666667,92.20000000000002,2,0.02,40,0.4,100,0.02010307654738426,14037
no_layernorm,random,10,141,0.06622516556291391,96.20000000000005,0,0.0,38,0.38,100,0.01726702678017318,14137
no_layernorm,random,10,142,0.06578947368421052,94.20000000000007,1,0.01,39,0.39,100,0.01861264030681923,14237
no_layernorm,random,10,143,0.06535947712418301,94.40000000000008,1,0.01,37,0.37,100,0.0289735812228173,14337
no_layernorm,random,10,144,0.06493506493506493,92.50000000000004,2,0.02,37,0.37,100,0.02236434751190245,14437
no_layernorm,random,10,145,0.06451612903225806,94.00000000000004,1,0.01,41,0.41,100,0.02404646682087332,14537
no_layernorm,random,10,146,0.06410256410256411,97.50000000000004,0,0.0,25,0.25,100,0.021130451154895126,14637
no_layernorm,random,10,147,0.06369426751592357,95.80000000000004,1,0.01,23,0.23,100,0.016768260025419295,14737
no_layernorm,random,10,148,0.06329113924050632,94.80000000000004,1,0.01,33,0.33,100,0.02342734263744205,14837
no_layernorm,random,10,149,0.06289308176100629,94.20000000000005,1,0.01,39,0.39,100,0.01861353613436222,14937
no_layernorm,random,10,150,0.0625,93.30000000000004,2,0.02,29,0.29,100,0.019660988235846163,15037
no_layernorm,random,10,151,0.06211180124223602,97.30000000000007,0,0.0,27,0.27,100,0.02279138523619622,15137
no_layernorm,random,10,152,0.0617283950617284,96.70000000000005,0,0.0,33,0.33,100,0.021230825083330275,15237
no_layernorm,random,10,153,0.06134969325153374,95.50000000000006,0,0.0,45,0.45,100,0.022880721166729928,15337
no_layernorm,random,10,154,0.06097560975609757,94.80000000000005,1,0.01,33,0.33,100,0.025487360891420393,15437
no_layernorm,random,10,155,0.06060606060606061,94.30000000000004,1,0.01,38,0.38,100,0.021486804350279273,15537
no_layernorm,random,10,156,0.06024096385542168,95.90000000000005,0,0.0,41,0.41,100,0.01845074879936874,15637
no_layernorm,random,10,157,0.059880239520958084,94.40000000000006,1,0.01,37,0.37,100,0.02525607159361243,15737
no_layernorm,random,10,158,0.05952380952380952,94.70000000000005,1,0.01,34,0.34,100,0.030180351501330735,15837
no_layernorm,random,10,159,0.0591715976331361,96.60000000000005,0,0.0,34,0.34,100,0.01656366926850751,15937
no_layernorm,random,10,160,0.058823529411764705,94.39999999999998,1,0.01,37,0.37,100,0.023690843200311066,16037
no_layernorm,random,10,161,0.05847953216374269,96.00000000000004,0,0.0,40,0.4,100,0.02311796841211617,16137
no_layernorm,random,10,162,0.05813953488372093,94.40000000000003,1,0.01,37,0.37,100,0.018805125798098742,16237
no_layernorm,random,10,163,0.057803468208092484,92.00000000000004,2,0.02,42,0.42,100,0.018769457847811283,16337
no_layernorm,random,10,164,0.0574712643678161,94.40000000000006,1,0.01,37,0.37,100,0.01785885764285922,16437
no_layernorm,random,10,165,0.05714285714285714,96.70000000000005,0,0.0,33,0.33,100,0.018857240485958757,16537
no_layernorm,random,10,166,0.056818181818181816,96.10000000000004,0,0.0,39,0.39,100,0.021800158033147454,16637
no_layernorm,random,10,167,0.05649717514124294,93.70000000000006,1,0.01,44,0.44,100,0.029083937702234833,16737
no_layernorm,random,10,168,0.056179775280898875,97.50000000000006,0,0.0,25,0.25,100,0.016221535713411867,16837
no_layernorm,random,10,169,0.0558659217877095,94.50000000000004,1,0.01,36,0.36,100,0.014639948033727706,16937
no_layernorm,random,10,170,0.05555555555555555,97.10000000000007,0,0.0,29,0.29,100,0.016803730055689813,17037
no_layernorm,random,10,171,0.055248618784530384,96.00000000000006,0,0.0,40,0.4,100,0.016249358598142864,17137
no_layernorm,random,10,172,0.054945054945054944,97.19999999999999,0,0.0,28,0.28,100,0.01888840732630342,17237
no_layernorm,random,10,173,0.0546448087431694,92.20000000000002,2,0.02,40,0.4,100,0.020657931428868324,17337
no_layernorm,random,10,174,0.05434782608695653,92.50000000000003,2,0.02,36,0.36,100,0.013685067393817007,17437
no_layernorm,random,10,175,0.05405405405405406,97.30000000000004,0,0.0,27,0.27,100,0.021177054615691304,17537
no_layernorm,random,10,176,0.05376344086021505,94.10000000000004,1,0.01,40,0.4,100,0.015307264886796474,17637
no_layernorm,random,10,177,0.053475935828877004,95.10000000000004,1,0.01,30,0.3,100,0.024871102110482754,17737
no_layernorm,random,10,178,0.05319148936170213,97.30000000000001,0,0.0,27,0.27,100,0.02349059483036399,17837
no_layernorm,random,10,179,0.052910052910052914,96.90000000000002,0,0.0,31,0.31,100,0.012416057121008635,17937
no_layernorm,random,10,180,0.05263157894736842,93.90000000000003,1,0.01,42,0.42,100,0.018716918770223856,18037
no_layernorm,random,10,181,0.05235602094240837,96.90000000000006,0,0.0,31,0.31,100,0.01603085594717413,18137
no_layernorm,random,10,182,0.052083333333333336,96.30000000000003,0,0.0,37,0.37,100,0.019207336464896797,18237
no_layernorm,random,10,183,0.05181347150259067,92.80000000000004,2,0.02,33,0.33,100,0.01611196861602366,18337
no_layernorm,random,10,184,0.051546391752577324,94.40000000000005,1,0.01,37,0.37,100,0.021757171233184637,18437
no_layernorm,random,10,185,0.05128205128205128,93.90000000000002,1,0.01,42,0.42,100,0.015148589862510562,18537
no_layernorm,random,10,186,0.0510204081632653,92.90000000000003,2,0.02,33,0.33,100,0.019232471636496485,18637
no_layernorm,random,10,187,0.050761421319796954,95.50000000000001,1,0.01,26,0.26,100,0.01468567450530827,18737
no_layernorm,random,10,188,0.050505050505050504,97.90000000000003,0,0.0,21,0.21,100,0.013819775045849383,18837
no_layernorm,random,10,189,0.05025125628140704,97.00000000000003,0,0.0,30,0.3,100,0.015013870871625841,18937
no_layernorm,random,10,190,0.05,97.20000000000003,0,0.0,28,0.28,100,0.020302314083091914,19037
no_layernorm,random,10,191,0.04975124378109452,96.30000000000005,0,0.0,37,0.37,100,0.015388998407870532,19137
no_layernorm,random,10,192,0.04950495049504951,97.30000000000004,0,0.0,27,0.27,100,0.025573626956902445,19237
no_layernorm,random,10,193,0.04926108374384236,92.40000000000005,2,0.02,38,0.38,100,0.013405166435986757,19337
no_layernorm,random,10,194,0.04901960784313726,94.30000000000004,1,0.01,38,0.38,100,0.01803731872700155,19437
no_layernorm,random,10,195,0.04878048780487805,95.10000000000005,1,0.01,29,0.29,100,0.014124188439454883,19537
no_layernorm,random,10,196,0.04854368932038835,97.40000000000002,0,0.0,26,0.26,100,0.016751763732172548,19637
no_layernorm,random,10,197,0.04830917874396135,95.00000000000003,1,0.01,31,0.31,100,0.011265489407815039,19737
no_layernorm,random,10,198,0.04807692307692307,97.20000000000005,0,0.0,28,0.28,100,0.009797146385535598,19837
no_layernorm,random,10,199,0.04784688995215311,97.70000000000002,0,0.0,23,0.23,100,0.013748423806391656,19937
